date,BTC_Price,Log_Return,Regime_MA,Regime_MSM,Regime_Combined
2020-01-02 00:00:00+00:00,6965.71,-0.033199534310396885,0,0,1
2020-01-03 00:00:00+00:00,7344.96,0.05301482343029991,0,0,1
2020-01-04 00:00:00+00:00,7354.11,0.0012449768838231309,0,0,1
2020-01-05 00:00:00+00:00,7358.75,0.000630740747051131,0,0,1
2020-01-06 00:00:00+00:00,7758.0,0.05283448765744147,0,0,1
2020-01-07 00:00:00+00:00,8145.28,0.04871404936371501,0,0,1
2020-01-08 00:00:00+00:00,8055.98,-0.011023945589959614,0,0,1
2020-01-09 00:00:00+00:00,7817.76,-0.03001660428030768,0,0,1
2020-01-10 00:00:00+00:00,8197.02,0.04737260507373657,0,0,1
2020-01-11 00:00:00+00:00,8020.01,-0.02183100482452105,0,0,1
2020-01-12 00:00:00+00:00,8184.98,0.02036109856547728,0,0,1
2020-01-13 00:00:00+00:00,8110.34,-0.009160976526190662,0,0,1
2020-01-14 00:00:00+00:00,8810.01,0.08274878422149841,0,0,1
2020-01-15 00:00:00+00:00,8821.41,0.001293146166175448,0,0,1
2020-01-16 00:00:00+00:00,8720.01,-0.011561336478177777,0,0,1
2020-01-17 00:00:00+00:00,8913.28,0.021921914733313886,0,0,1
2020-01-18 00:00:00+00:00,8915.96,0.0003006297542892932,0,0,1
2020-01-19 00:00:00+00:00,8701.7,-0.024324520325978746,0,0,1
2020-01-20 00:00:00+00:00,8642.35,-0.0068438722969167065,0,0,1
2020-01-21 00:00:00+00:00,8736.03,0.010781316488657582,0,0,1
2020-01-22 00:00:00+00:00,8682.36,-0.006162471944631271,0,0,1
2020-01-23 00:00:00+00:00,8404.52,-0.03252372475192156,0,0,1
2020-01-24 00:00:00+00:00,8439.0,0.004094161809795407,0,0,1
2020-01-25 00:00:00+00:00,8340.58,-0.01173105985876297,0,0,1
2020-01-26 00:00:00+00:00,8615.0,0.0323721116628264,0,0,1
2020-01-27 00:00:00+00:00,8907.57,0.03339660703325178,0,0,1
2020-01-28 00:00:00+00:00,9374.21,0.05106082462602789,0,0,1
2020-01-29 00:00:00+00:00,9301.53,-0.007783398882224428,0,0,1
2020-01-30 00:00:00+00:00,9513.21,0.022502456278908796,0,0,1
2020-01-31 00:00:00+00:00,9352.89,-0.01699597258492471,0,0,1
2020-02-01 00:00:00+00:00,9384.61,0.003385727050131138,0,0,1
2020-02-02 00:00:00+00:00,9331.51,-0.005674268221518584,0,0,1
2020-02-03 00:00:00+00:00,9292.24,-0.004217202035113095,0,0,1
2020-02-04 00:00:00+00:00,9197.02,-0.01030012470407638,0,0,1
2020-02-05 00:00:00+00:00,9612.04,0.044136960790043735,0,0,1
2020-02-06 00:00:00+00:00,9772.0,0.016504674065094656,0,0,1
2020-02-07 00:00:00+00:00,9813.73,0.00426127217580927,0,0,1
2020-02-08 00:00:00+00:00,9895.05,0.008252206527558531,0,0,1
2020-02-09 00:00:00+00:00,10151.75,0.025611472320488028,0,0,1
2020-02-10 00:00:00+00:00,9851.83,-0.02998887968955256,0,0,1
2020-02-11 00:00:00+00:00,10223.08,0.03699068450599928,0,1,1
2020-02-12 00:00:00+00:00,10326.46,0.010061623972999353,0,1,1
2020-02-13 00:00:00+00:00,10229.63,-0.009421122032285924,0,1,1
2020-02-14 00:00:00+00:00,10344.36,0.011153032471666205,0,1,1
2020-02-15 00:00:00+00:00,9904.72,-0.043430032448461935,0,1,1
2020-02-16 00:00:00+00:00,9917.27,0.0012662706092510477,0,1,1
2020-02-17 00:00:00+00:00,9706.0,-0.021533430825940978,0,1,1
2020-02-18 00:00:00+00:00,10164.71,0.04617766642322519,0,1,1
2020-02-19 00:00:00+00:00,9593.79,-0.05780590324636327,0,1,1
2020-02-20 00:00:00+00:00,9596.42,0.00027409809652581926,0,1,1
2020-02-21 00:00:00+00:00,9677.05,0.008366990519610176,0,1,1
2020-02-22 00:00:00+00:00,9650.86,-0.002710072225020686,0,1,1
2020-02-23 00:00:00+00:00,9936.4,0.029157751478757078,0,1,1
2020-02-24 00:00:00+00:00,9656.13,-0.02861183519342414,0,1,1
2020-02-25 00:00:00+00:00,9315.84,-0.03587676971484084,0,1,1
2020-02-26 00:00:00+00:00,8785.25,-0.05864199828916444,0,1,1
2020-02-27 00:00:00+00:00,8823.21,0.004311570552474216,0,1,1
2020-02-28 00:00:00+00:00,8692.91,-0.014877998499183857,0,1,1
2020-02-29 00:00:00+00:00,8523.61,-0.019667790863484216,0,1,1
2020-03-01 00:00:00+00:00,8531.88,0.0009697757904506052,0,1,1
2020-03-02 00:00:00+00:00,8915.24,0.043952436059954136,0,1,1
2020-03-03 00:00:00+00:00,8760.07,-0.017558276088587222,0,1,1
2020-03-04 00:00:00+00:00,8750.87,-0.0010507717856942027,0,1,1
2020-03-05 00:00:00+00:00,9054.68,0.0341286271212737,0,1,1
2020-03-06 00:00:00+00:00,9131.88,0.008489836857210005,0,1,1
2020-03-07 00:00:00+00:00,8886.66,-0.027220312082118024,0,1,1
2020-03-08 00:00:00+00:00,8033.31,-0.10095462863465858,0,1,1
2020-03-09 00:00:00+00:00,7929.87,-0.012960005190206313,0,1,1
2020-03-10 00:00:00+00:00,7894.56,-0.00446272739082808,0,1,1
2020-03-11 00:00:00+00:00,7934.52,0.0050489459763729885,0,1,1
2020-03-12 00:00:00+00:00,4800.0,-0.5026069427414592,0,1,1
2020-03-13 00:00:00+00:00,5578.6,0.15032193094234547,0,1,1
2020-03-14 00:00:00+00:00,5172.06,-0.07566678708579554,0,1,1
2020-03-15 00:00:00+00:00,5361.3,0.03593542121832906,0,1,1
2020-03-16 00:00:00+00:00,5028.97,-0.06399129121736558,0,1,1
2020-03-17 00:00:00+00:00,5312.64,0.054873695073120565,0,1,1
2020-03-18 00:00:00+00:00,5393.04,0.015020346505170423,0,1,1
2020-03-19 00:00:00+00:00,6162.37,0.13335221046196347,0,1,1
2020-03-20 00:00:00+00:00,6208.36,0.007435327078688863,0,1,1
2020-03-21 00:00:00+00:00,6186.98,-0.0034496869311265673,0,1,1
2020-03-22 00:00:00+00:00,5816.19,-0.06180167576087353,0,1,1
2020-03-23 00:00:00+00:00,6467.31,0.1061148487906949,0,0,0
2020-03-24 00:00:00+00:00,6744.72,0.041999719577783305,0,0,0
2020-03-25 00:00:00+00:00,6677.43,-0.01002679358492966,0,0,0
2020-03-26 00:00:00+00:00,6737.36,0.008934973816594624,0,0,0
2020-03-27 00:00:00+00:00,6359.11,-0.057779726345443316,0,0,0
2020-03-28 00:00:00+00:00,6236.65,-0.019445251206402104,0,0,0
2020-03-29 00:00:00+00:00,5881.42,-0.058644949893034606,0,0,0
2020-03-30 00:00:00+00:00,6394.38,0.08362125023444582,0,0,0
2020-03-31 00:00:00+00:00,6410.44,0.002508431734471707,0,0,0
2020-04-01 00:00:00+00:00,6642.92,0.03562371453633789,0,0,0
2020-04-02 00:00:00+00:00,6794.09,0.02250149077446257,0,0,0
2020-04-03 00:00:00+00:00,6734.1,-0.008868945989810946,0,0,0
2020-04-04 00:00:00+00:00,6856.99,0.018084399293975692,0,0,0
2020-04-05 00:00:00+00:00,6772.78,-0.012356932145710244,0,0,0
2020-04-06 00:00:00+00:00,7329.9,0.07905023544895948,0,0,0
2020-04-07 00:00:00+00:00,7197.32,-0.018253138732796458,0,0,0
2020-04-08 00:00:00+00:00,7361.28,0.02252509615524215,0,0,0
2020-04-09 00:00:00+00:00,7283.54,-0.010616822906183088,0,0,0
2020-04-10 00:00:00+00:00,6858.92,-0.060067012815594734,0,0,0
2020-04-11 00:00:00+00:00,6876.83,0.002607795009356709,0,0,0
2020-04-12 00:00:00+00:00,6903.79,0.003912746218315506,0,0,0
2020-04-13 00:00:00+00:00,6837.91,-0.009588406781744151,0,0,0
2020-04-14 00:00:00+00:00,6868.7,0.004492730411147657,0,0,0
2020-04-15 00:00:00+00:00,6621.24,-0.03669219621182481,0,0,0
2020-04-16 00:00:00+00:00,7101.94,0.07008532257417706,0,0,1
2020-04-17 00:00:00+00:00,7027.55,-0.01052984748182655,0,0,1
2020-04-18 00:00:00+00:00,7248.6,0.030970208092469646,0,0,1
2020-04-19 00:00:00+00:00,7120.74,-0.017796694163898973,0,0,1
2020-04-20 00:00:00+00:00,6826.83,-0.04215121560930678,0,0,0
2020-04-21 00:00:00+00:00,6841.37,0.0021275669780452776,0,0,1
2020-04-22 00:00:00+00:00,7125.14,0.0406413711082043,0,0,1
2020-04-23 00:00:00+00:00,7482.39,0.048922884583249386,0,0,1
2020-04-24 00:00:00+00:00,7505.0,0.003017205417696101,0,0,1
2020-04-25 00:00:00+00:00,7538.67,0.004476308802495665,0,0,1
2020-04-26 00:00:00+00:00,7693.1,0.02027804933449806,0,0,1
2020-04-27 00:00:00+00:00,7774.62,0.010540759050406048,0,0,1
2020-04-28 00:00:00+00:00,7738.98,-0.004594686301061086,0,0,1
2020-04-29 00:00:00+00:00,8778.57,0.12604362825102328,0,0,1
2020-04-30 00:00:00+00:00,8620.0,-0.018228439547185536,0,0,1
2020-05-01 00:00:00+00:00,8826.96,0.023725589801303106,0,0,1
2020-05-02 00:00:00+00:00,8972.05,0.016303515058974757,0,0,1
2020-05-03 00:00:00+00:00,8894.16,-0.008719307953238976,0,0,1
2020-05-04 00:00:00+00:00,8871.96,-0.002499140111014321,0,0,1
2020-05-05 00:00:00+00:00,9021.83,0.01675145450840847,0,0,1
2020-05-06 00:00:00+00:00,9142.92,0.013332613300691144,0,1,1
2020-05-07 00:00:00+00:00,9986.4,0.08824435807397825,0,1,1
2020-05-08 00:00:00+00:00,9800.01,-0.018840761270535238,0,1,1
2020-05-09 00:00:00+00:00,9539.4,-0.026952815683587594,0,1,1
2020-05-10 00:00:00+00:00,8722.77,-0.08949374237266458,0,1,1
2020-05-11 00:00:00+00:00,8561.52,-0.018659103544510936,0,1,1
2020-05-12 00:00:00+00:00,8810.79,0.028699362273097852,0,1,1
2020-05-13 00:00:00+00:00,9309.37,0.05504431306987792,0,1,1
2020-05-14 00:00:00+00:00,9791.98,0.050542263457842476,0,1,1
2020-05-15 00:00:00+00:00,9316.42,-0.049785248551448925,0,1,1
2020-05-16 00:00:00+00:00,9381.27,0.006936713576645949,0,1,1
2020-05-17 00:00:00+00:00,9680.04,0.03135088520193182,0,1,1
2020-05-18 00:00:00+00:00,9733.93,0.005551686585784176,0,1,1
2020-05-19 00:00:00+00:00,9775.53,0.004264604253293181,0,1,1
2020-05-20 00:00:00+00:00,9511.43,-0.02738809106362215,0,1,1
2020-05-21 00:00:00+00:00,9068.65,-0.04767082257525894,0,1,1
2020-05-22 00:00:00+00:00,9170.0,0.011113875556824242,0,1,1
2020-05-23 00:00:00+00:00,9179.15,0.0009973214844743207,0,1,1
2020-05-24 00:00:00+00:00,8720.34,-0.05127637976639384,0,1,1
2020-05-25 00:00:00+00:00,8900.35,0.02043237382109617,0,1,1
2020-05-26 00:00:00+00:00,8841.18,-0.006670249903320307,0,1,1
2020-05-27 00:00:00+00:00,9204.07,0.040225425628930105,0,1,1
2020-05-28 00:00:00+00:00,9575.89,0.0396027036055747,0,1,1
2020-05-29 00:00:00+00:00,9427.07,-0.015663143272285802,0,1,1
2020-05-30 00:00:00+00:00,9697.72,0.028305468467552164,0,1,1
2020-05-31 00:00:00+00:00,9448.27,-0.026059150370553428,0,1,1
2020-06-01 00:00:00+00:00,10200.77,0.07663155167361478,0,1,1
2020-06-02 00:00:00+00:00,9518.04,-0.06927426238341051,0,1,1
2020-06-03 00:00:00+00:00,9666.24,0.015450457159570928,0,1,1
2020-06-04 00:00:00+00:00,9789.06,0.01262603317612486,0,1,1
2020-06-05 00:00:00+00:00,9621.16,-0.017300596060589795,0,1,1
2020-06-06 00:00:00+00:00,9666.3,0.004680770035723853,0,1,1
2020-06-07 00:00:00+00:00,9746.99,0.008312909833360433,0,1,1
2020-06-08 00:00:00+00:00,9782.01,0.0035864650046320786,0,1,1
2020-06-09 00:00:00+00:00,9772.43,-0.000979828700433323,0,1,1
2020-06-10 00:00:00+00:00,9885.0,0.011453300920539622,0,1,1
2020-06-11 00:00:00+00:00,9280.4,-0.06311380730512214,0,1,1
2020-06-12 00:00:00+00:00,9465.13,0.019709870061973344,0,1,1
2020-06-13 00:00:00+00:00,9473.34,0.0008670183509335627,0,1,1
2020-06-14 00:00:00+00:00,9342.1,-0.013950471361775322,0,1,1
2020-06-15 00:00:00+00:00,9426.02,0.008942883921489994,0,1,1
2020-06-16 00:00:00+00:00,9525.59,0.010507911061560557,0,1,1
2020-06-17 00:00:00+00:00,9465.14,-0.006366285463241823,0,1,1
2020-06-18 00:00:00+00:00,9386.32,-0.008362265766844552,0,1,1
2020-06-19 00:00:00+00:00,9310.23,-0.008139514519042584,0,1,1
2020-06-20 00:00:00+00:00,9358.95,0.005219309107220791,0,1,1
2020-06-21 00:00:00+00:00,9294.69,-0.006889835356610858,0,1,1
2020-06-22 00:00:00+00:00,9685.69,0.04120626916014081,0,1,1
2020-06-23 00:00:00+00:00,9624.89,-0.006297086976149205,0,1,1
2020-06-24 00:00:00+00:00,9296.49,-0.03471554197335148,0,1,1
2020-06-25 00:00:00+00:00,9249.49,-0.0050684946945599284,0,1,1
2020-06-26 00:00:00+00:00,9162.21,-0.009480998907668087,0,1,1
2020-06-27 00:00:00+00:00,9012.0,-0.016530393391535187,0,1,1
2020-06-28 00:00:00+00:00,9116.35,0.011512482108878288,0,1,1
2020-06-29 00:00:00+00:00,9192.56,0.008324956553215883,0,1,1
2020-06-30 00:00:00+00:00,9138.55,-0.0058927316772564384,0,1,1
2020-07-01 00:00:00+00:00,9232.0,0.01017398021090804,0,1,1
2020-07-02 00:00:00+00:00,9086.54,-0.01588151210121853,0,1,1
2020-07-03 00:00:00+00:00,9058.26,-0.0031171490343047835,0,1,1
2020-07-04 00:00:00+00:00,9135.46,0.008486495706433785,0,1,1
2020-07-05 00:00:00+00:00,9069.41,-0.007256331939539371,0,1,1
2020-07-06 00:00:00+00:00,9344.2,0.029848617569280738,0,1,1
2020-07-07 00:00:00+00:00,9257.39,-0.009333678488988535,0,1,1
2020-07-08 00:00:00+00:00,9436.06,0.01911636867434222,0,1,1
2020-07-09 00:00:00+00:00,9232.43,-0.021816234347635674,0,1,1
2020-07-10 00:00:00+00:00,9288.34,0.006037564295295626,0,1,1
2020-07-11 00:00:00+00:00,9234.03,-0.005864277156991474,0,1,1
2020-07-12 00:00:00+00:00,9302.75,0.00741448243121315,0,1,1
2020-07-13 00:00:00+00:00,9242.62,-0.006484660129130597,0,1,1
2020-07-14 00:00:00+00:00,9255.85,0.0014303888111533642,0,1,1
2020-07-15 00:00:00+00:00,9197.6,-0.006313203598260291,0,1,1
2020-07-16 00:00:00+00:00,9133.72,-0.006969520861188566,0,1,1
2020-07-17 00:00:00+00:00,9154.32,0.0022528394199239758,0,1,1
2020-07-18 00:00:00+00:00,9170.28,0.0017419211372258878,0,1,1
2020-07-19 00:00:00+00:00,9208.99,0.004212360691051645,1,1,1
2020-07-20 00:00:00+00:00,9160.78,-0.005248852945236642,1,1,1
2020-07-21 00:00:00+00:00,9390.0,0.02471396532100174,1,1,1
2020-07-22 00:00:00+00:00,9518.16,0.013556259591711564,1,1,1
2020-07-23 00:00:00+00:00,9603.27,0.008902112662382592,1,1,1
2020-07-24 00:00:00+00:00,9537.8,-0.006840814574633343,1,1,1
2020-07-25 00:00:00+00:00,9700.42,0.01690633264140375,1,1,1
2020-07-26 00:00:00+00:00,9931.54,0.023546368090711377,1,1,1
2020-07-27 00:00:00+00:00,11029.96,0.10489965515383327,1,0,1
2020-07-28 00:00:00+00:00,10906.27,-0.011277353573673094,1,0,1
2020-07-29 00:00:00+00:00,11100.53,0.017655001714241426,1,0,1
2020-07-30 00:00:00+00:00,11099.61,-8.288236024881114e-05,1,0,1
2020-07-31 00:00:00+00:00,11335.46,0.02102589283746785,1,0,1
2020-08-01 00:00:00+00:00,11801.17,0.04026281369533566,1,0,1
2020-08-02 00:00:00+00:00,11071.35,-0.06383798859409126,1,0,1
2020-08-03 00:00:00+00:00,11219.81,0.013320275400209495,1,0,1
2020-08-04 00:00:00+00:00,11191.97,-0.002484409031295822,1,0,1
2020-08-05 00:00:00+00:00,11744.91,0.04822339837274129,1,0,1
2020-08-06 00:00:00+00:00,11762.46,0.0014931490218287942,1,0,1
2020-08-07 00:00:00+00:00,11594.23,-0.01440554370016026,1,0,1
2020-08-08 00:00:00+00:00,11761.41,0.014316272674542746,1,0,1
2020-08-09 00:00:00+00:00,11681.68,-0.006802030569309808,1,0,1
2020-08-10 00:00:00+00:00,11892.92,0.01792146240338923,1,0,1
2020-08-11 00:00:00+00:00,11392.08,-0.04302488795968553,1,0,1
2020-08-12 00:00:00+00:00,11564.33,0.01500698346852347,1,0,1
2020-08-13 00:00:00+00:00,11780.0,0.01847781763804461,1,0,1
2020-08-14 00:00:00+00:00,11760.54,-0.001653318439828755,1,0,1
2020-08-15 00:00:00+00:00,11852.4,0.007780518936332989,1,0,1
2020-08-16 00:00:00+00:00,11911.0,0.004931964178818936,1,0,1
2020-08-17 00:00:00+00:00,12281.13,0.03060159513066791,1,0,1
2020-08-18 00:00:00+00:00,11945.01,-0.027750320081645123,1,0,1
2020-08-19 00:00:00+00:00,11754.59,-0.01606981533902176,1,0,1
2020-08-20 00:00:00+00:00,11853.55,0.008383598166900236,1,0,1
2020-08-21 00:00:00+00:00,11531.34,-0.02755885468727366,1,0,1
2020-08-22 00:00:00+00:00,11662.96,0.011349461965321588,1,0,1
2020-08-23 00:00:00+00:00,11648.13,-0.001272355947377651,1,0,1
2020-08-24 00:00:00+00:00,11748.2,0.008554385259456227,1,0,1
2020-08-25 00:00:00+00:00,11318.42,-0.03726855030411857,1,0,1
2020-08-26 00:00:00+00:00,11461.43,0.01255599829022591,1,0,1
2020-08-27 00:00:00+00:00,11330.38,-0.011499871598155137,1,0,1
2020-08-28 00:00:00+00:00,11526.91,0.017196688078947187,1,0,1
2020-08-29 00:00:00+00:00,11465.84,-0.005312121743530515,1,0,1
2020-08-30 00:00:00+00:00,11711.16,0.02117005324622385,1,0,1
2020-08-31 00:00:00+00:00,11649.51,-0.005278114294061569,1,0,1
2020-09-01 00:00:00+00:00,11921.97,0.023118797396930114,1,0,1
2020-09-02 00:00:00+00:00,11388.54,-0.04577532981158565,1,0,1
2020-09-03 00:00:00+00:00,10140.85,-0.11603576554688845,1,0,0
2020-09-04 00:00:00+00:00,10446.25,0.02967124125373026,1,0,0
2020-09-05 00:00:00+00:00,10166.69,-0.027126372308919018,1,1,1
2020-09-06 00:00:00+00:00,10256.2,0.008765710743617944,1,1,1
2020-09-07 00:00:00+00:00,10373.44,0.011366292597355596,1,1,1
2020-09-08 00:00:00+00:00,10126.65,-0.0240781306870189,1,1,1
2020-09-09 00:00:00+00:00,10219.2,0.009097741146643187,1,1,1
2020-09-10 00:00:00+00:00,10336.87,0.011448811499434249,1,1,1
2020-09-11 00:00:00+00:00,10387.89,0.004923589278497632,1,1,1
2020-09-12 00:00:00+00:00,10440.92,0.00509199657416824,1,1,1
2020-09-13 00:00:00+00:00,10332.83,-0.010406496224025646,1,1,1
2020-09-14 00:00:00+00:00,10671.77,0.03227573226362602,1,1,1
2020-09-15 00:00:00+00:00,10785.31,0.010583085836546963,1,1,1
2020-09-16 00:00:00+00:00,10954.01,0.015520576216204314,1,1,1
2020-09-17 00:00:00+00:00,10939.99,-0.0012807163530045075,1,1,1
2020-09-18 00:00:00+00:00,10933.39,-0.0006034732812486935,1,1,1
2020-09-19 00:00:00+00:00,11080.65,0.013378934222998818,1,1,1
2020-09-20 00:00:00+00:00,10920.28,-0.014578732844710519,1,1,1
2020-09-21 00:00:00+00:00,10417.22,-0.047161404910191086,1,1,1
2020-09-22 00:00:00+00:00,10529.61,0.010731082319475616,1,1,1
2020-09-23 00:00:00+00:00,10241.46,-0.027747100849892316,1,1,1
2020-09-24 00:00:00+00:00,10736.32,0.047188198471375946,1,1,1
2020-09-25 00:00:00+00:00,10686.67,-0.00463521561603508,1,1,1
2020-09-26 00:00:00+00:00,10728.6,0.0039159023986676655,1,1,1
2020-09-27 00:00:00+00:00,10774.25,0.004245955171710726,1,1,1
2020-09-28 00:00:00+00:00,10696.12,-0.007277969114733297,1,1,1
2020-09-29 00:00:00+00:00,10840.48,0.013406216589902006,1,1,1
2020-09-30 00:00:00+00:00,10776.59,-0.005911086565506154,1,1,1
2020-10-01 00:00:00+00:00,10619.13,-0.014719097354311225,1,1,1
2020-10-02 00:00:00+00:00,10570.4,-0.004599449436267366,1,1,1
2020-10-03 00:00:00+00:00,10542.06,-0.0026846721814158783,1,1,1
2020-10-04 00:00:00+00:00,10666.63,0.011747206689254342,1,1,1
2020-10-05 00:00:00+00:00,10792.21,0.011704400948838524,1,1,1
2020-10-06 00:00:00+00:00,10599.66,-0.018002652442652742,1,1,1
2020-10-07 00:00:00+00:00,10666.39,0.006275751163339584,1,1,1
2020-10-08 00:00:00+00:00,10925.57,0.0240082372384519,1,1,1
2020-10-09 00:00:00+00:00,11050.64,0.011382431304897278,1,1,1
2020-10-10 00:00:00+00:00,11293.22,0.02171420080767896,1,1,1
2020-10-11 00:00:00+00:00,11369.02,0.006689566668831729,1,1,1
2020-10-12 00:00:00+00:00,11528.25,0.013908432475919988,1,1,1
2020-10-13 00:00:00+00:00,11420.56,-0.009385304987830363,1,1,1
2020-10-14 00:00:00+00:00,11417.89,-0.00023381621889088832,1,1,1
2020-10-15 00:00:00+00:00,11505.12,0.007610730096360131,1,1,1
2020-10-16 00:00:00+00:00,11319.32,-0.016281153381309317,1,1,1
2020-10-17 00:00:00+00:00,11360.2,0.003605018472487021,1,1,1
2020-10-18 00:00:00+00:00,11503.14,0.012504022806047878,1,1,1
2020-10-19 00:00:00+00:00,11751.47,0.021358297570117018,1,1,1
2020-10-20 00:00:00+00:00,11909.99,0.013399204588298025,1,1,1
2020-10-21 00:00:00+00:00,12780.96,0.07057901976281855,1,1,1
2020-10-22 00:00:00+00:00,12968.52,0.014568318834834563,1,1,1
2020-10-23 00:00:00+00:00,12923.07,-0.0035107961066538486,1,1,1
2020-10-24 00:00:00+00:00,13111.73,0.014493163177937982,1,1,1
2020-10-25 00:00:00+00:00,13028.83,-0.006342655085969485,1,1,1
2020-10-26 00:00:00+00:00,13052.19,0.0017913414618498272,1,1,1
2020-10-27 00:00:00+00:00,13636.17,0.04376988541595295,1,1,1
2020-10-28 00:00:00+00:00,13266.4,-0.027491298279312352,1,1,1
2020-10-29 00:00:00+00:00,13455.7,0.01416828517726635,1,1,1
2020-10-30 00:00:00+00:00,13560.1,0.007728849021307219,1,1,1
2020-10-31 00:00:00+00:00,13791.0,0.016884548375875077,1,1,1
2020-11-01 00:00:00+00:00,13761.5,-0.0021413673004317957,1,1,1
2020-11-02 00:00:00+00:00,13549.37,-0.015534786411904644,1,1,1
2020-11-03 00:00:00+00:00,14023.53,0.03439658130142223,1,1,1
2020-11-04 00:00:00+00:00,14144.01,0.00855457982732576,1,1,1
2020-11-05 00:00:00+00:00,15590.02,0.09733975303388694,1,0,1
2020-11-06 00:00:00+00:00,15579.92,-0.0006480603012701369,1,0,1
2020-11-07 00:00:00+00:00,14818.3,-0.050120002204518566,1,0,1
2020-11-08 00:00:00+00:00,15475.1,0.04336937714861154,1,0,1
2020-11-09 00:00:00+00:00,15328.41,-0.009524311280312406,1,0,1
2020-11-10 00:00:00+00:00,15297.21,-0.0020375104761155144,1,0,1
2020-11-11 00:00:00+00:00,15684.24,0.024985927702935035,1,0,1
2020-11-12 00:00:00+00:00,16291.86,0.03800921004285134,1,0,1
2020-11-13 00:00:00+00:00,16320.7,0.0017686441983009846,1,0,1
2020-11-14 00:00:00+00:00,16070.45,-0.015452058926512477,1,0,1
2020-11-15 00:00:00+00:00,15957.0,-0.007084577418178802,1,0,1
2020-11-16 00:00:00+00:00,16713.57,0.04632335988450774,1,0,1
2020-11-17 00:00:00+00:00,17659.38,0.055046122658961215,1,0,1
2020-11-18 00:00:00+00:00,17776.12,0.006588896577796588,1,0,1
2020-11-19 00:00:00+00:00,17802.82,0.00150088816654907,1,0,1
2020-11-20 00:00:00+00:00,18655.67,0.04679324961628493,1,0,1
2020-11-21 00:00:00+00:00,18703.8,0.0025765904402387323,1,0,1
2020-11-22 00:00:00+00:00,18414.43,-0.0155921153820781,1,0,1
2020-11-23 00:00:00+00:00,18368.0,-0.002524576253394546,1,0,1
2020-11-24 00:00:00+00:00,19160.01,0.04221527432609045,1,0,1
2020-11-25 00:00:00+00:00,18719.11,-0.023280367279034576,1,0,1
2020-11-26 00:00:00+00:00,17149.47,-0.08757765783988204,1,0,1
2020-11-27 00:00:00+00:00,17139.52,-0.000580361234278455,1,0,1
2020-11-28 00:00:00+00:00,17719.85,0.03329857201976857,1,0,1
2020-11-29 00:00:00+00:00,18184.99,0.02591104840521473,1,0,1
2020-11-30 00:00:00+00:00,19695.87,0.07981244056034183,1,0,1
2020-12-01 00:00:00+00:00,18764.96,-0.0484176681386951,1,0,1
2020-12-02 00:00:00+00:00,19204.09,0.023131976224671752,1,0,1
2020-12-03 00:00:00+00:00,19421.9,0.011278018177224554,1,0,1
2020-12-04 00:00:00+00:00,18650.52,-0.04052726761991646,1,0,1
2020-12-05 00:00:00+00:00,19147.66,0.02630648721030668,1,0,1
2020-12-06 00:00:00+00:00,19359.4,0.01099757468367193,1,0,1
2020-12-07 00:00:00+00:00,19166.9,-0.009993256658502918,1,0,1
2020-12-08 00:00:00+00:00,18324.11,-0.044967153911558415,1,0,1
2020-12-09 00:00:00+00:00,18541.28,0.011781918605685223,1,0,1
2020-12-10 00:00:00+00:00,18254.63,-0.015580851185682042,1,0,1
2020-12-11 00:00:00+00:00,18036.53,-0.01201960068239654,1,0,1
2020-12-12 00:00:00+00:00,18808.69,0.041919851281025024,1,0,1
2020-12-13 00:00:00+00:00,19174.99,0.019287828659587614,1,0,1
2020-12-14 00:00:00+00:00,19273.14,0.005105590997883581,1,0,1
2020-12-15 00:00:00+00:00,19426.43,0.007922093279086292,1,1,1
2020-12-16 00:00:00+00:00,21335.52,0.09373877942102818,1,1,1
2020-12-17 00:00:00+00:00,22797.16,0.06626267735967427,1,1,1
2020-12-18 00:00:00+00:00,23107.39,0.013516512987803837,1,1,1
2020-12-19 00:00:00+00:00,23821.61,0.030440672117046565,1,1,1
2020-12-20 00:00:00+00:00,23455.52,-0.015487290255670515,1,1,1
2020-12-21 00:00:00+00:00,22719.71,-0.03187303196066846,1,1,1
2020-12-22 00:00:00+00:00,23810.79,0.046906009597780754,1,1,1
2020-12-23 00:00:00+00:00,23232.76,-0.02457548767882941,1,1,1
2020-12-24 00:00:00+00:00,23729.2,0.02114300567337218,1,1,1
2020-12-25 00:00:00+00:00,24712.47,0.04060161725614667,1,1,1
2020-12-26 00:00:00+00:00,26493.39,0.06958729338063542,1,1,1
2020-12-27 00:00:00+00:00,26281.66,-0.008023910388927925,1,1,1
2020-12-28 00:00:00+00:00,27079.41,0.02990230298266988,1,1,1
2020-12-29 00:00:00+00:00,27385.0,0.011221757725855123,1,1,1
2020-12-30 00:00:00+00:00,28875.54,0.05299945173010715,1,1,1
2020-12-31 00:00:00+00:00,28923.63,0.0016640381201618827,1,1,1
2021-01-01 00:00:00+00:00,29331.69,0.014009593427538712,1,1,1
2021-01-02 00:00:00+00:00,32178.33,0.09262474311680098,1,1,1
2021-01-03 00:00:00+00:00,33000.05,0.025215831986554423,1,1,1
2021-01-04 00:00:00+00:00,31988.71,-0.031126048570094073,1,1,1
2021-01-05 00:00:00+00:00,33949.53,0.059491981974053296,1,1,1
2021-01-06 00:00:00+00:00,36769.36,0.07978987964728743,1,1,1
2021-01-07 00:00:00+00:00,39432.28,0.06991988054158309,1,1,1
2021-01-08 00:00:00+00:00,40582.81,0.028759807724559636,1,1,1
2021-01-09 00:00:00+00:00,40088.22,-0.012262052365310671,1,1,1
2021-01-10 00:00:00+00:00,38150.02,-0.04955624359220215,1,1,1
2021-01-11 00:00:00+00:00,35404.47,-0.07468819862209011,1,1,1
2021-01-12 00:00:00+00:00,34051.24,-0.03897163438842312,1,1,1
2021-01-13 00:00:00+00:00,37371.38,0.09303872186648503,1,1,1
2021-01-14 00:00:00+00:00,39144.5,0.04635475642223115,1,1,1
2021-01-15 00:00:00+00:00,36742.22,-0.06333342468810564,1,1,1
2021-01-16 00:00:00+00:00,35994.98,-0.020547018278436267,1,1,1
2021-01-17 00:00:00+00:00,35828.61,-0.004632748030488363,1,1,1
2021-01-18 00:00:00+00:00,36631.27,0.02215551096647076,1,1,1
2021-01-19 00:00:00+00:00,35891.49,-0.020402027184059653,1,1,1
2021-01-20 00:00:00+00:00,35468.23,-0.011862853824953393,1,1,1
2021-01-21 00:00:00+00:00,30850.13,-0.13949640193442464,1,1,1
2021-01-22 00:00:00+00:00,32945.17,0.06570370018688361,1,1,1
2021-01-23 00:00:00+00:00,32078.0,-0.02667422755262735,1,1,1
2021-01-24 00:00:00+00:00,32259.9,0.005654535963060998,1,1,1
2021-01-25 00:00:00+00:00,32254.2,-0.00017670555784965065,1,1,1
2021-01-26 00:00:00+00:00,32467.77,0.006599637655448867,1,1,1
2021-01-27 00:00:00+00:00,30366.15,-0.06691940379282074,1,1,1
2021-01-28 00:00:00+00:00,33364.86,0.09417474914995402,1,0,1
2021-01-29 00:00:00+00:00,34252.2,0.026247545889008964,1,0,1
2021-01-30 00:00:00+00:00,34262.88,0.00031175618817061364,1,0,1
2021-01-31 00:00:00+00:00,33092.98,-0.03474137711240443,1,0,1
2021-02-01 00:00:00+00:00,33526.37,0.013011118061134976,1,0,1
2021-02-02 00:00:00+00:00,35466.24,0.056248964732994594,1,0,1
2021-02-03 00:00:00+00:00,37618.87,0.05892452811562625,1,0,1
2021-02-04 00:00:00+00:00,36936.66,-0.018301232416527882,1,0,1
2021-02-05 00:00:00+00:00,38290.24,0.03599047963365647,1,0,1
2021-02-06 00:00:00+00:00,39186.94,0.023148494595260992,1,0,1
2021-02-07 00:00:00+00:00,38795.69,-0.010034370035014157,1,0,1
2021-02-08 00:00:00+00:00,46374.87,0.1784485597042829,1,0,1
2021-02-09 00:00:00+00:00,46420.42,0.0009817309404045217,1,0,1
2021-02-10 00:00:00+00:00,44807.58,-0.03536212709216373,1,0,1
2021-02-11 00:00:00+00:00,47969.51,0.06818827920686066,1,0,1
2021-02-12 00:00:00+00:00,47287.6,-0.01431749606359439,1,0,1
2021-02-13 00:00:00+00:00,47153.69,-0.0028358377938660748,1,0,1
2021-02-14 00:00:00+00:00,48577.79,0.029754163680420775,1,0,1
2021-02-15 00:00:00+00:00,47911.1,-0.013819220219635515,1,0,1
2021-02-16 00:00:00+00:00,49133.45,0.025192855227892837,1,0,1
2021-02-17 00:00:00+00:00,52119.71,0.05900312258279128,1,0,1
2021-02-18 00:00:00+00:00,51552.6,-0.010940542497739106,1,0,1
2021-02-19 00:00:00+00:00,55906.0,0.0810690632665145,1,0,1
2021-02-20 00:00:00+00:00,55841.19,-0.001159939811759115,1,0,1
2021-02-21 00:00:00+00:00,57408.57,0.027681826201509746,1,0,1
2021-02-22 00:00:00+00:00,54087.67,-0.05958734671550698,1,0,1
2021-02-23 00:00:00+00:00,48891.0,-0.10101291813933688,1,0,1
2021-02-24 00:00:00+00:00,49676.2,0.015932614704777116,1,0,1
2021-02-25 00:00:00+00:00,47073.73,-0.053810849213675946,1,0,1
2021-02-26 00:00:00+00:00,46276.87,-0.017072827721116277,1,0,1
2021-02-27 00:00:00+00:00,46106.43,-0.0036898485630648403,1,0,1
2021-02-28 00:00:00+00:00,45135.66,-0.02127979822740345,1,0,1
2021-03-01 00:00:00+00:00,49587.03,0.09405668615894246,1,0,1
2021-03-02 00:00:00+00:00,48440.65,-0.023389970343295822,1,0,1
2021-03-03 00:00:00+00:00,50349.37,0.03864676941605752,1,0,1
2021-03-04 00:00:00+00:00,48374.09,-0.04002176686968146,1,0,1
2021-03-05 00:00:00+00:00,48751.71,0.007775933948251446,1,0,1
2021-03-06 00:00:00+00:00,48882.2,0.002673048282055846,1,0,1
2021-03-07 00:00:00+00:00,50971.75,0.04185823565066163,1,0,1
2021-03-08 00:00:00+00:00,52375.17,0.02716106637595351,1,0,1
2021-03-09 00:00:00+00:00,54884.5,0.04679835308017754,1,0,1
2021-03-10 00:00:00+00:00,55851.59,0.017467017083068827,1,0,1
2021-03-11 00:00:00+00:00,57773.16,0.03382631374464177,1,0,1
2021-03-12 00:00:00+00:00,57221.72,-0.009590761378339105,1,0,1
2021-03-13 00:00:00+00:00,61188.39,0.06702391904951818,1,0,1
2021-03-14 00:00:00+00:00,58968.31,-0.03695728467773086,1,0,1
2021-03-15 00:00:00+00:00,55605.2,-0.05872345889857389,1,0,1
2021-03-16 00:00:00+00:00,56900.75,0.023031800001562738,1,0,1
2021-03-17 00:00:00+00:00,58912.97,0.03475274808665303,1,0,1
2021-03-18 00:00:00+00:00,57648.16,-0.02170294068462528,1,0,1
2021-03-19 00:00:00+00:00,58030.01,0.006601961060385554,1,0,1
2021-03-20 00:00:00+00:00,58102.28,0.001244615245755456,1,0,1
2021-03-21 00:00:00+00:00,57351.56,-0.013004861172545526,1,0,1
2021-03-22 00:00:00+00:00,54083.25,-0.05867551851751849,1,0,1
2021-03-23 00:00:00+00:00,54340.89,0.004752456139708097,1,0,1
2021-03-24 00:00:00+00:00,52303.65,-0.038210823911918046,1,0,1
2021-03-25 00:00:00+00:00,51293.78,-0.019496661048352345,1,0,1
2021-03-26 00:00:00+00:00,55025.59,0.07022885249165932,1,0,1
2021-03-27 00:00:00+00:00,55817.14,0.014282640925523643,1,0,1
2021-03-28 00:00:00+00:00,55777.63,-0.0007080977298643483,1,0,1
2021-03-29 00:00:00+00:00,57635.47,0.0327652838371849,1,0,1
2021-03-30 00:00:00+00:00,58746.57,0.019094591554397786,1,0,1
2021-03-31 00:00:00+00:00,58740.55,-0.00010247931867370034,1,1,1
2021-04-01 00:00:00+00:00,58720.44,-0.00034241155632151754,1,1,1
2021-04-02 00:00:00+00:00,58950.01,0.003901919152452414,1,1,1
2021-04-03 00:00:00+00:00,57051.94,-0.03272771563018565,1,1,1
2021-04-04 00:00:00+00:00,58202.01,0.019957809235045493,1,1,1
2021-04-05 00:00:00+00:00,59129.99,0.015818350490323988,1,1,1
2021-04-06 00:00:00+00:00,57991.15,-0.019447828016770405,1,1,1
2021-04-07 00:00:00+00:00,55953.45,-0.035770317641772804,1,1,1
2021-04-08 00:00:00+00:00,58077.52,0.03725857482507307,1,1,1
2021-04-09 00:00:00+00:00,58142.54,0.001118911946587532,1,1,1
2021-04-10 00:00:00+00:00,59769.13,0.027591725106052453,1,1,1
2021-04-11 00:00:00+00:00,60002.43,0.003895754468994307,1,1,1
2021-04-12 00:00:00+00:00,59860.0,-0.0023765589774449635,1,1,1
2021-04-13 00:00:00+00:00,63575.0,0.060211808883630515,1,1,1
2021-04-14 00:00:00+00:00,62959.53,-0.009728172284078391,1,1,1
2021-04-15 00:00:00+00:00,63159.98,0.0031787337071748686,1,1,1
2021-04-16 00:00:00+00:00,61334.8,-0.02932349103283781,1,1,1
2021-04-17 00:00:00+00:00,60006.66,-0.021891825636385424,1,1,1
2021-04-18 00:00:00+00:00,56150.01,-0.06642869678323018,1,1,1
2021-04-19 00:00:00+00:00,55633.14,-0.00924779241999631,1,1,1
2021-04-20 00:00:00+00:00,56425.0,0.014133255844769198,1,1,1
2021-04-21 00:00:00+00:00,53787.63,-0.0478688076233732,1,1,1
2021-04-22 00:00:00+00:00,51690.96,-0.03976060378705051,1,1,1
2021-04-23 00:00:00+00:00,51125.14,-0.011006558547651292,1,1,1
2021-04-24 00:00:00+00:00,50047.84,-0.02129700475873513,1,1,1
2021-04-25 00:00:00+00:00,49066.77,-0.019797324384079943,1,1,1
2021-04-26 00:00:00+00:00,54001.39,0.09582776337101846,1,1,1
2021-04-27 00:00:00+00:00,55011.97,0.018541010943021647,1,1,1
2021-04-28 00:00:00+00:00,54846.22,-0.003017528793609669,1,1,1
2021-04-29 00:00:00+00:00,53555.0,-0.023824105906546798,1,1,1
2021-04-30 00:00:00+00:00,57694.27,0.07444869860711945,1,1,1
2021-05-01 00:00:00+00:00,57800.37,0.001837315218213768,1,1,1
2021-05-02 00:00:00+00:00,56578.21,-0.02137124828966742,1,1,1
2021-05-03 00:00:00+00:00,57169.39,0.01039468653491475,1,1,1
2021-05-04 00:00:00+00:00,53200.01,-0.07196003096966748,1,1,1
2021-05-05 00:00:00+00:00,57436.11,0.07661461528794215,1,1,1
2021-05-06 00:00:00+00:00,56393.68,-0.018316104117848727,1,1,1
2021-05-07 00:00:00+00:00,57314.75,0.016200912209963583,1,1,1
2021-05-08 00:00:00+00:00,58862.05,0.02663856290765698,1,1,1
2021-05-09 00:00:00+00:00,58240.84,-0.010609743743877945,1,1,1
2021-05-10 00:00:00+00:00,55816.14,-0.04252375198618774,1,1,1
2021-05-11 00:00:00+00:00,56670.02,0.01518224822672772,1,1,1
2021-05-12 00:00:00+00:00,49631.32,-0.13262323703978,1,0,0
2021-05-13 00:00:00+00:00,49670.97,0.0007985717571492955,1,0,0
2021-05-14 00:00:00+00:00,49841.45,0.0034263093346637553,1,0,0
2021-05-15 00:00:00+00:00,46762.99,-0.06375488905286,1,0,0
2021-05-16 00:00:00+00:00,46431.5,-0.007113969892819319,1,0,0
2021-05-17 00:00:00+00:00,43538.04,-0.06434306949225864,1,0,0
2021-05-18 00:00:00+00:00,42849.78,-0.0159345278743997,1,0,0
2021-05-19 00:00:00+00:00,36690.09,-0.15519381949293082,1,0,0
2021-05-20 00:00:00+00:00,40526.64,0.0994528443006428,1,0,0
2021-05-21 00:00:00+00:00,37252.01,-0.084253632547951,1,0,0
2021-05-22 00:00:00+00:00,37449.73,0.005293597223083863,1,0,0
2021-05-23 00:00:00+00:00,34655.25,-0.07755027101425602,1,0,0
2021-05-24 00:00:00+00:00,38796.29,0.11287539419061506,1,0,0
2021-05-25 00:00:00+00:00,38324.72,-0.012229504705664857,1,0,0
2021-05-26 00:00:00+00:00,39241.91,0.02365018953907607,1,0,0
2021-05-27 00:00:00+00:00,38529.98,-0.018308668772305418,1,0,0
2021-05-28 00:00:00+00:00,35663.49,-0.07730916315521141,1,0,0
2021-05-29 00:00:00+00:00,34605.15,-0.030124961488519942,1,0,0
2021-05-30 00:00:00+00:00,35641.27,0.02950172116854018,1,0,0
2021-05-31 00:00:00+00:00,37253.81,0.04424998538763259,1,0,0
2021-06-01 00:00:00+00:00,36693.09,-0.015165767520091036,1,0,0
2021-06-02 00:00:00+00:00,37568.68,0.02358227059865497,1,0,0
2021-06-03 00:00:00+00:00,39246.79,0.04369893289158691,1,0,0
2021-06-04 00:00:00+00:00,36829.0,-0.06358407913456297,1,0,0
2021-06-05 00:00:00+00:00,35513.2,-0.03638111995464031,1,0,0
2021-06-06 00:00:00+00:00,35796.31,0.007940357113332096,1,0,0
2021-06-07 00:00:00+00:00,33552.79,-0.06472479604498639,1,0,0
2021-06-08 00:00:00+00:00,33380.81,-0.005138835456786614,1,0,0
2021-06-09 00:00:00+00:00,37388.05,0.11336995068009252,1,0,0
2021-06-10 00:00:00+00:00,36675.72,-0.019236178908744933,1,0,0
2021-06-11 00:00:00+00:00,37331.98,0.01773537623175507,1,0,0
2021-06-12 00:00:00+00:00,35546.11,-0.04901960505525715,1,0,0
2021-06-13 00:00:00+00:00,39020.57,0.09325821606697823,1,0,0
2021-06-14 00:00:00+00:00,40516.29,0.03761517248338315,1,0,0
2021-06-15 00:00:00+00:00,40144.04,-0.009230129428558456,1,0,0
2021-06-16 00:00:00+00:00,38349.01,-0.04574527341953061,1,0,0
2021-06-17 00:00:00+00:00,38092.97,-0.006698961944875928,1,0,0
2021-06-18 00:00:00+00:00,35819.84,-0.06152782082782359,1,0,0
2021-06-19 00:00:00+00:00,35483.72,-0.00942793009744289,0,0,0
2021-06-20 00:00:00+00:00,35600.16,0.0032761324830971688,0,0,0
2021-06-21 00:00:00+00:00,31608.93,-0.11891045662276035,0,0,0
2021-06-22 00:00:00+00:00,32509.56,0.028094524319938106,0,0,0
2021-06-23 00:00:00+00:00,33678.07,0.0353126837670968,0,0,0
2021-06-24 00:00:00+00:00,34663.09,0.028828548379449724,0,0,0
2021-06-25 00:00:00+00:00,31584.45,-0.09301052120369376,0,0,0
2021-06-26 00:00:00+00:00,32283.65,0.021895999249812816,0,0,0
2021-06-27 00:00:00+00:00,34700.34,0.07218857505595316,0,0,0
2021-06-28 00:00:00+00:00,34494.89,-0.005938288050668354,0,0,0
2021-06-29 00:00:00+00:00,35911.73,0.04025278594807432,0,0,0
2021-06-30 00:00:00+00:00,35045.0,-0.024431033120821895,0,0,0
2021-07-01 00:00:00+00:00,33504.69,-0.04494752092035272,0,0,0
2021-07-02 00:00:00+00:00,33786.55,0.008377365268202767,0,0,0
2021-07-03 00:00:00+00:00,34669.13,0.025786871340954098,0,0,0
2021-07-04 00:00:00+00:00,35286.51,0.017651072284598005,0,0,0
2021-07-05 00:00:00+00:00,33690.14,-0.04629552498009569,0,0,0
2021-07-06 00:00:00+00:00,34220.01,0.01560534774517823,0,0,0
2021-07-07 00:00:00+00:00,33862.12,-0.010513575195606917,0,0,0
2021-07-08 00:00:00+00:00,32875.71,-0.029562898272273284,0,0,0
2021-07-09 00:00:00+00:00,33815.81,0.028194357383748637,0,0,0
2021-07-10 00:00:00+00:00,33502.87,-0.009297337803434783,0,0,0
2021-07-11 00:00:00+00:00,34258.99,0.022317905214544593,0,0,0
2021-07-12 00:00:00+00:00,33086.63,-0.034819738727865,0,0,0
2021-07-13 00:00:00+00:00,32729.77,-0.01084421199366593,0,0,0
2021-07-14 00:00:00+00:00,32820.02,0.002753633750060858,0,0,0
2021-07-15 00:00:00+00:00,31880.0,-0.029059841124266395,0,0,0
2021-07-16 00:00:00+00:00,31383.87,-0.015684787261425026,0,0,0
2021-07-17 00:00:00+00:00,31520.07,0.004330419138805793,0,0,0
2021-07-18 00:00:00+00:00,31778.56,0.008167362765899914,0,0,0
2021-07-19 00:00:00+00:00,30839.65,-0.029990648832101084,0,0,0
2021-07-20 00:00:00+00:00,29790.35,-0.03461668416799106,0,0,0
2021-07-21 00:00:00+00:00,32144.51,0.07605715848404894,0,0,0
2021-07-22 00:00:00+00:00,32287.83,0.0044487049941116285,0,1,1
2021-07-23 00:00:00+00:00,33634.09,0.040849756917323884,0,1,1
2021-07-24 00:00:00+00:00,34258.14,0.01838406474345351,0,1,1
2021-07-25 00:00:00+00:00,35381.02,0.03225131745929758,0,1,1
2021-07-26 00:00:00+00:00,37237.6,0.05114348533727734,0,1,1
2021-07-27 00:00:00+00:00,39457.87,0.05791451692422995,0,1,1
2021-07-28 00:00:00+00:00,40019.56,0.014134814167452743,0,1,1
2021-07-29 00:00:00+00:00,40016.48,-7.696532715802908e-05,0,1,1
2021-07-30 00:00:00+00:00,42206.37,0.05327978825254109,0,1,1
2021-07-31 00:00:00+00:00,41461.83,-0.017797912555153794,0,1,1
2021-08-01 00:00:00+00:00,39845.44,-0.03976527538307319,0,1,1
2021-08-02 00:00:00+00:00,39147.82,-0.017663231962589804,0,1,1
2021-08-03 00:00:00+00:00,38207.05,-0.024324684058787516,0,1,1
2021-08-04 00:00:00+00:00,39723.18,0.03891484283709042,0,1,1
2021-08-05 00:00:00+00:00,40862.46,0.028276896761954197,0,1,1
2021-08-06 00:00:00+00:00,42836.87,0.04718738719477047,0,1,1
2021-08-07 00:00:00+00:00,44572.54,0.03971879398871793,0,1,1
2021-08-08 00:00:00+00:00,43794.37,-0.01761270403291667,0,1,1
2021-08-09 00:00:00+00:00,46253.4,0.05462970446216788,0,1,1
2021-08-10 00:00:00+00:00,45584.99,-0.01455647910352678,0,1,1
2021-08-11 00:00:00+00:00,45511.0,-0.0016244406865866849,0,1,1
2021-08-12 00:00:00+00:00,44399.0,-0.02473710831782772,0,1,1
2021-08-13 00:00:00+00:00,47800.0,0.07380869283538957,0,1,1
2021-08-14 00:00:00+00:00,47068.51,-0.015421439567330678,0,1,1
2021-08-15 00:00:00+00:00,46973.82,-0.002013774690601655,0,1,1
2021-08-16 00:00:00+00:00,45901.29,-0.023097203992741226,0,1,1
2021-08-17 00:00:00+00:00,44695.95,-0.02661032775885209,0,1,1
2021-08-18 00:00:00+00:00,44705.29,0.00020894564849409231,0,1,1
2021-08-19 00:00:00+00:00,46760.62,0.0449495565754806,0,1,1
2021-08-20 00:00:00+00:00,49322.47,0.05333836243326847,0,1,1
2021-08-21 00:00:00+00:00,48821.87,-0.010201389940111036,0,1,1
2021-08-22 00:00:00+00:00,49239.22,0.008512092205915797,0,1,1
2021-08-23 00:00:00+00:00,49488.85,0.005056931265299252,0,1,1
2021-08-24 00:00:00+00:00,47674.01,-0.03736100600577641,0,1,1
2021-08-25 00:00:00+00:00,48973.32,0.026889274355853948,0,1,1
2021-08-26 00:00:00+00:00,46843.87,-0.044455503018913885,0,1,1
2021-08-27 00:00:00+00:00,49069.9,0.04642565518730656,0,1,1
2021-08-28 00:00:00+00:00,48895.35,-0.0035635122599486395,0,1,1
2021-08-29 00:00:00+00:00,48767.83,-0.002611425769036323,0,1,1
2021-08-30 00:00:00+00:00,46982.91,-0.03728695560163383,0,1,1
2021-08-31 00:00:00+00:00,47100.89,0.0025079782457921107,0,1,1
2021-09-01 00:00:00+00:00,48810.52,0.03565396658703159,0,1,1
2021-09-02 00:00:00+00:00,49246.64,0.008895278543618722,0,1,1
2021-09-03 00:00:00+00:00,49999.14,0.015164663339698799,0,1,1
2021-09-04 00:00:00+00:00,49915.64,-0.0016714247769793876,0,1,1
2021-09-05 00:00:00+00:00,51756.88,0.036222989665486205,0,1,1
2021-09-06 00:00:00+00:00,52663.9,0.017372841164721087,0,1,1
2021-09-07 00:00:00+00:00,46863.73,-0.11668618261666851,0,0,1
2021-09-08 00:00:00+00:00,46048.31,-0.017552965928858206,0,0,1
2021-09-09 00:00:00+00:00,46395.14,0.007503649579212201,0,0,1
2021-09-10 00:00:00+00:00,44850.91,-0.03385083421309653,0,0,0
2021-09-11 00:00:00+00:00,45173.69,0.007170959564001218,0,0,1
2021-09-12 00:00:00+00:00,46025.24,0.018675103944809108,0,0,1
2021-09-13 00:00:00+00:00,44940.73,-0.023845431156868973,0,0,0
2021-09-14 00:00:00+00:00,47111.52,0.047173046597374216,0,0,1
2021-09-15 00:00:00+00:00,48121.41,0.021209635319469546,1,0,1
2021-09-16 00:00:00+00:00,47737.82,-0.00800323656818104,1,0,1
2021-09-17 00:00:00+00:00,47299.98,-0.009214083189828333,1,0,1
2021-09-18 00:00:00+00:00,48292.74,0.02077136613693967,1,0,1
2021-09-19 00:00:00+00:00,47241.75,-0.0220032032815168,1,0,1
2021-09-20 00:00:00+00:00,43015.62,-0.09371472997414354,1,0,0
2021-09-21 00:00:00+00:00,40734.38,-0.054490852225822076,1,0,0
2021-09-22 00:00:00+00:00,43543.61,0.06669051131367976,1,0,0
2021-09-23 00:00:00+00:00,44865.26,0.029900811262542855,1,0,0
2021-09-24 00:00:00+00:00,42810.57,-0.04687874118217047,1,0,0
2021-09-25 00:00:00+00:00,42670.64,-0.00327393879868255,1,0,0
2021-09-26 00:00:00+00:00,43160.9,0.011423896898211428,1,0,0
2021-09-27 00:00:00+00:00,42147.35,-0.023763181042317418,1,0,0
2021-09-28 00:00:00+00:00,41026.54,-0.026952637413386934,1,0,0
2021-09-29 00:00:00+00:00,41524.28,0.012059142038448096,1,0,0
2021-09-30 00:00:00+00:00,43824.1,0.053905577976211407,1,0,0
2021-10-01 00:00:00+00:00,48141.61,0.09396298154418624,1,0,1
2021-10-02 00:00:00+00:00,47634.9,-0.01058119005719298,1,0,1
2021-10-03 00:00:00+00:00,48200.01,0.01179354266560912,1,0,1
2021-10-04 00:00:00+00:00,49224.94,0.02104117710619458,1,0,1
2021-10-05 00:00:00+00:00,51471.99,0.04463737058465869,1,0,1
2021-10-06 00:00:00+00:00,55315.0,0.07200634327060802,1,0,1
2021-10-07 00:00:00+00:00,53785.22,-0.02804541125150523,1,0,1
2021-10-08 00:00:00+00:00,53951.43,0.00308548914159256,1,0,1
2021-10-09 00:00:00+00:00,54949.72,0.018334387918285084,1,0,1
2021-10-10 00:00:00+00:00,54659.0,-0.005304699876692706,1,0,1
2021-10-11 00:00:00+00:00,57471.35,0.05017267734198954,1,0,1
2021-10-12 00:00:00+00:00,55996.93,-0.02598969495671528,1,0,1
2021-10-13 00:00:00+00:00,57367.0,0.024172357303921338,1,0,1
2021-10-14 00:00:00+00:00,57347.94,-0.00033230196825961595,1,0,1
2021-10-15 00:00:00+00:00,61672.42,0.07269990621610015,1,0,1
2021-10-16 00:00:00+00:00,60875.57,-0.013004884546981205,1,0,1
2021-10-17 00:00:00+00:00,61528.33,0.010665774343540647,1,0,1
2021-10-18 00:00:00+00:00,62009.84,0.007795362977312687,1,0,1
2021-10-19 00:00:00+00:00,64280.59,0.035964637291379095,1,0,1
2021-10-20 00:00:00+00:00,66001.41,0.0264183860137485,1,0,1
2021-10-21 00:00:00+00:00,62193.15,-0.05943124037142096,1,0,1
2021-10-22 00:00:00+00:00,60688.22,-0.024495255024330125,1,0,1
2021-10-23 00:00:00+00:00,61286.75,0.009814059457965237,1,1,1
2021-10-24 00:00:00+00:00,60852.22,-0.007115367573461971,1,1,1
2021-10-25 00:00:00+00:00,63078.78,0.03593611946449075,1,1,1
2021-10-26 00:00:00+00:00,60328.81,-0.044574653976376374,1,1,1
2021-10-27 00:00:00+00:00,58413.44,-0.03226376706842764,1,1,1
2021-10-28 00:00:00+00:00,60575.89,0.03635095878154798,1,1,1
2021-10-29 00:00:00+00:00,62253.71,0.027321172837900806,1,1,1
2021-10-30 00:00:00+00:00,61859.19,-0.006357458874696461,1,1,1
2021-10-31 00:00:00+00:00,61299.8,-0.009084092793678443,1,1,1
2021-11-01 00:00:00+00:00,60911.11,-0.006360992003154558,1,1,1
2021-11-02 00:00:00+00:00,63219.99,0.03720496031871912,1,1,1
2021-11-03 00:00:00+00:00,62896.48,-0.005130348313391929,1,1,1
2021-11-04 00:00:00+00:00,61395.01,-0.024161638804099172,1,1,1
2021-11-05 00:00:00+00:00,60937.12,-0.007486048650989339,1,1,1
2021-11-06 00:00:00+00:00,61470.61,0.008716661568431403,1,1,1
2021-11-07 00:00:00+00:00,63273.59,0.02890884809094554,1,1,1
2021-11-08 00:00:00+00:00,67525.83,0.06504216884637133,1,1,1
2021-11-09 00:00:00+00:00,66947.66,-0.008599071276880508,1,1,1
2021-11-10 00:00:00+00:00,64882.43,-0.03133425720348249,1,1,1
2021-11-11 00:00:00+00:00,64774.26,-0.0016685606442103456,1,1,1
2021-11-12 00:00:00+00:00,64122.23,-0.010117196545531833,1,1,1
2021-11-13 00:00:00+00:00,64380.0,0.004011920193832118,1,1,1
2021-11-14 00:00:00+00:00,65519.1,0.01753867731607232,1,1,1
2021-11-15 00:00:00+00:00,63606.74,-0.029622263612827583,1,1,1
2021-11-16 00:00:00+00:00,60058.87,-0.057394191714532264,1,1,1
2021-11-17 00:00:00+00:00,60344.87,0.004750691928607092,1,1,1
2021-11-18 00:00:00+00:00,56891.62,-0.058927885424531284,1,1,1
2021-11-19 00:00:00+00:00,58052.24,0.020195240460608506,1,1,1
2021-11-20 00:00:00+00:00,59707.51,0.028114513307780045,1,1,1
2021-11-21 00:00:00+00:00,58622.02,-0.018347414213866074,1,1,1
2021-11-22 00:00:00+00:00,56247.18,-0.0413544874234942,1,1,1
2021-11-23 00:00:00+00:00,57541.27,0.022746522987712518,1,1,1
2021-11-24 00:00:00+00:00,57138.29,-0.007027959623695437,1,1,1
2021-11-25 00:00:00+00:00,58960.36,0.0313908838384089,1,1,1
2021-11-26 00:00:00+00:00,53726.53,-0.09295843321180253,1,1,1
2021-11-27 00:00:00+00:00,54721.03,0.0183411757514558,1,1,1
2021-11-28 00:00:00+00:00,57274.88,0.04561403694585218,1,1,1
2021-11-29 00:00:00+00:00,57776.25,0.008715658399547181,1,1,1
2021-11-30 00:00:00+00:00,56950.56,-0.014394268550105557,1,1,1
2021-12-01 00:00:00+00:00,57184.07,0.004091840063051094,1,1,1
2021-12-02 00:00:00+00:00,56480.34,-0.012382750098007033,1,1,1
2021-12-03 00:00:00+00:00,53601.05,-0.05232395555977342,1,1,1
2021-12-04 00:00:00+00:00,49152.47,-0.08664155778315352,1,0,0
2021-12-05 00:00:00+00:00,49396.33,0.004949030282182365,1,0,0
2021-12-06 00:00:00+00:00,50441.92,0.020946445463868552,1,0,0
2021-12-07 00:00:00+00:00,50588.95,0.0029105975984963822,1,0,0
2021-12-08 00:00:00+00:00,50471.19,-0.002330494560926045,1,0,0
2021-12-09 00:00:00+00:00,47545.59,-0.05971363822672122,1,0,0
2021-12-10 00:00:00+00:00,47140.54,-0.008555687528783013,1,0,0
2021-12-11 00:00:00+00:00,49389.99,0.0466144194002914,1,0,0
2021-12-12 00:00:00+00:00,50053.9,0.013352652721007085,1,0,0
2021-12-13 00:00:00+00:00,46702.75,-0.06929737535263912,1,0,0
2021-12-14 00:00:00+00:00,48343.28,0.034524176232671906,1,0,0
2021-12-15 00:00:00+00:00,48864.98,0.010733758816394861,1,0,0
2021-12-16 00:00:00+00:00,47632.38,-0.025548202428183887,1,0,0
2021-12-17 00:00:00+00:00,46131.2,-0.03202327139996514,1,0,0
2021-12-18 00:00:00+00:00,46834.48,0.015130173120065147,1,0,0
2021-12-19 00:00:00+00:00,46681.23,-0.0032775271061218484,1,0,0
2021-12-20 00:00:00+00:00,46914.16,0.00497739217481098,1,0,0
2021-12-21 00:00:00+00:00,48889.88,0.041250873237454126,1,0,0
2021-12-22 00:00:00+00:00,48588.16,-0.0061905422711137255,1,0,0
2021-12-23 00:00:00+00:00,50838.81,0.04528015945422746,1,0,0
2021-12-24 00:00:00+00:00,50820.0,-0.0003700613889668522,1,0,0
2021-12-25 00:00:00+00:00,50399.66,-0.008305548869195585,1,0,0
2021-12-26 00:00:00+00:00,50775.49,0.007429328815574095,1,0,0
2021-12-27 00:00:00+00:00,50701.44,-0.0014594452777345129,1,0,0
2021-12-28 00:00:00+00:00,47543.74,-0.06430418312979821,1,0,0
2021-12-29 00:00:00+00:00,46464.66,-0.02295810578396181,1,0,0
2021-12-30 00:00:00+00:00,47120.87,0.01402397902343454,1,0,0
2021-12-31 00:00:00+00:00,46216.93,-0.019369821492674983,1,0,0
2022-01-01 00:00:00+00:00,47722.65,0.03205994678177879,1,0,0
2022-01-02 00:00:00+00:00,47286.18,-0.009188052743592882,1,0,0
2022-01-03 00:00:00+00:00,46446.1,-0.01792557472959721,1,0,0
2022-01-04 00:00:00+00:00,45832.01,-0.013309745191831738,1,0,0
2022-01-05 00:00:00+00:00,43451.13,-0.0533458970167032,1,0,0
2022-01-06 00:00:00+00:00,43082.31,-0.00852438625717462,1,0,0
2022-01-07 00:00:00+00:00,41566.48,-0.03581839879060997,1,0,0
2022-01-08 00:00:00+00:00,41679.74,0.0027210861918856148,1,0,0
2022-01-09 00:00:00+00:00,41864.62,0.00442591939892638,1,0,0
2022-01-10 00:00:00+00:00,41822.49,-0.0010068457032168852,1,0,0
2022-01-11 00:00:00+00:00,42729.29,0.02145040043967803,1,0,0
2022-01-12 00:00:00+00:00,43902.66,0.027090276943410884,1,0,0
2022-01-13 00:00:00+00:00,42560.11,-0.03105748088409937,1,1,1
2022-01-14 00:00:00+00:00,43059.96,0.011676133382902501,0,1,1
2022-01-15 00:00:00+00:00,43084.29,0.0005648665034966843,0,1,1
2022-01-16 00:00:00+00:00,43071.66,-0.0002931892710942959,0,1,1
2022-01-17 00:00:00+00:00,42201.62,-0.020406631301085873,0,1,1
2022-01-18 00:00:00+00:00,42352.12,0.0035598699462948903,0,1,1
2022-01-19 00:00:00+00:00,41660.01,-0.016476803005825883,0,1,1
2022-01-20 00:00:00+00:00,40680.91,-0.023782735226194826,0,1,1
2022-01-21 00:00:00+00:00,36445.31,-0.109946159879111,0,1,1
2022-01-22 00:00:00+00:00,35071.42,-0.038426226985850784,0,1,1
2022-01-23 00:00:00+00:00,36244.55,0.032902471390134344,0,1,1
2022-01-24 00:00:00+00:00,36660.35,0.011406764386201865,0,1,1
2022-01-25 00:00:00+00:00,36958.32,0.008095001638556682,0,1,1
2022-01-26 00:00:00+00:00,36809.34,-0.004039173875103207,0,1,1
2022-01-27 00:00:00+00:00,37160.1,0.009483987687842301,0,1,1
2022-01-28 00:00:00+00:00,37716.56,0.014863650295472364,0,1,1
2022-01-29 00:00:00+00:00,38166.84,0.011867820497437117,0,1,1
2022-01-30 00:00:00+00:00,37881.76,-0.007497346048860223,0,1,1
2022-01-31 00:00:00+00:00,38466.9,0.015328401493649993,0,1,1
2022-02-01 00:00:00+00:00,38694.59,0.005901665736712944,0,1,1
2022-02-02 00:00:00+00:00,36896.36,-0.04758689578779582,0,1,1
2022-02-03 00:00:00+00:00,37311.61,0.01119163707773322,0,1,1
2022-02-04 00:00:00+00:00,41574.25,0.108176446956934,0,1,1
2022-02-05 00:00:00+00:00,41382.59,-0.004620724246786973,0,1,1
2022-02-06 00:00:00+00:00,42380.87,0.02383682019847353,0,1,1
2022-02-07 00:00:00+00:00,43839.99,0.033849333356895696,0,1,1
2022-02-08 00:00:00+00:00,44042.99,0.004619787837026135,0,1,1
2022-02-09 00:00:00+00:00,44372.72,0.007458663819307352,0,1,1
2022-02-10 00:00:00+00:00,43495.44,-0.019968761180241705,0,1,1
2022-02-11 00:00:00+00:00,42373.73,-0.02612751026362113,0,1,1
2022-02-12 00:00:00+00:00,42217.87,-0.0036850036261710803,0,1,1
2022-02-13 00:00:00+00:00,42053.66,-0.003897169253580327,0,1,1
2022-02-14 00:00:00+00:00,42535.94,0.011402943760908854,0,1,1
2022-02-15 00:00:00+00:00,44544.86,0.046147405647282806,0,1,1
2022-02-16 00:00:00+00:00,43873.56,-0.015184910543850608,0,1,1
2022-02-17 00:00:00+00:00,40515.7,-0.07962230741964704,0,1,1
2022-02-18 00:00:00+00:00,39974.44,-0.013449303448535153,0,1,1
2022-02-19 00:00:00+00:00,40079.17,0.0026164981129269994,0,1,1
2022-02-20 00:00:00+00:00,38386.89,-0.04314075292804988,0,1,1
2022-02-21 00:00:00+00:00,37008.16,-0.03657756618202442,0,1,1
2022-02-22 00:00:00+00:00,38230.33,0.032490750766217165,0,1,1
2022-02-23 00:00:00+00:00,37250.01,-0.025976966353583753,0,1,1
2022-02-24 00:00:00+00:00,38327.21,0.028507874523143458,0,1,1
2022-02-25 00:00:00+00:00,39219.17,0.02300557006710982,0,1,1
2022-02-26 00:00:00+00:00,39116.72,-0.0026156608014754846,0,1,1
2022-02-27 00:00:00+00:00,37699.07,-0.03691457135600522,0,1,1
2022-02-28 00:00:00+00:00,43160.0,0.1352787146752529,0,0,1
2022-03-01 00:00:00+00:00,44421.2,0.028802692569624658,0,0,1
2022-03-02 00:00:00+00:00,43892.98,-0.01196243454904842,0,0,1
2022-03-03 00:00:00+00:00,42454.0,-0.033333261588257904,0,0,1
2022-03-04 00:00:00+00:00,39148.66,-0.0810549423019875,0,0,0
2022-03-05 00:00:00+00:00,39397.96,0.006347843793420254,0,0,0
2022-03-06 00:00:00+00:00,38420.81,-0.025114798426121913,0,0,0
2022-03-07 00:00:00+00:00,37988.0,-0.011328919506856962,0,0,0
2022-03-08 00:00:00+00:00,38730.63,0.019360439473765596,0,0,0
2022-03-09 00:00:00+00:00,41941.71,0.07965003732031377,0,0,1
2022-03-10 00:00:00+00:00,39422.0,-0.06195676107004793,0,0,0
2022-03-11 00:00:00+00:00,38729.57,-0.017720645144228633,0,0,0
2022-03-12 00:00:00+00:00,38807.36,0.002006528401358036,0,0,0
2022-03-13 00:00:00+00:00,37777.34,-0.026900467390317852,0,0,0
2022-03-14 00:00:00+00:00,39671.37,0.04892031687140569,0,0,0
2022-03-15 00:00:00+00:00,39280.33,-0.009905884169983963,0,0,0
2022-03-16 00:00:00+00:00,41114.0,0.045624811430510115,0,0,1
2022-03-17 00:00:00+00:00,40917.9,-0.004781075985047464,0,0,1
2022-03-18 00:00:00+00:00,41757.51,0.02031169524144141,0,0,1
2022-03-19 00:00:00+00:00,42201.13,0.010567682574771557,0,0,1
2022-03-20 00:00:00+00:00,41262.11,-0.022502352481311442,0,0,1
2022-03-21 00:00:00+00:00,41002.25,-0.006317702205992036,0,0,1
2022-03-22 00:00:00+00:00,42364.13,0.03267507037255884,0,0,1
2022-03-23 00:00:00+00:00,42882.76,0.012167866742905374,0,0,1
2022-03-24 00:00:00+00:00,43991.46,0.02552564380828476,0,0,1
2022-03-25 00:00:00+00:00,44313.16,0.007286174227543661,0,0,1
2022-03-26 00:00:00+00:00,44511.27,0.004460717136023095,0,0,1
2022-03-27 00:00:00+00:00,46827.76,0.05073377393082759,0,0,1
2022-03-28 00:00:00+00:00,47122.21,0.006268250306015814,0,0,1
2022-03-29 00:00:00+00:00,47434.8,0.006611696768465159,0,0,1
2022-03-30 00:00:00+00:00,47067.99,-0.007762984396878372,0,0,1
2022-03-31 00:00:00+00:00,45510.34,-0.03365359925692603,0,0,1
2022-04-01 00:00:00+00:00,46283.49,0.01684575714059203,0,0,1
2022-04-02 00:00:00+00:00,45811.0,-0.010261073071446306,0,0,1
2022-04-03 00:00:00+00:00,46407.35,0.012933614904539842,0,0,1
2022-04-04 00:00:00+00:00,46580.51,0.0037243614415168034,0,0,1
2022-04-05 00:00:00+00:00,45497.55,-0.023523734948063195,0,0,1
2022-04-06 00:00:00+00:00,43170.47,-0.052501781655002897,0,0,1
2022-04-07 00:00:00+00:00,43444.19,0.006320429156202368,0,0,1
2022-04-08 00:00:00+00:00,42252.01,-0.027825199218427053,0,0,1
2022-04-09 00:00:00+00:00,42753.97,0.011810129932037259,0,1,1
2022-04-10 00:00:00+00:00,42158.85,-0.014017429746878484,0,1,1
2022-04-11 00:00:00+00:00,39530.45,-0.06437336581826365,0,1,1
2022-04-12 00:00:00+00:00,40074.94,0.013679940298762482,0,1,1
2022-04-13 00:00:00+00:00,41147.79,0.02641901842530263,0,1,1
2022-04-14 00:00:00+00:00,39942.38,-0.029732304130666604,0,1,1
2022-04-15 00:00:00+00:00,40551.9,0.015144719601020222,0,1,1
2022-04-16 00:00:00+00:00,40378.71,-0.004279969331170057,0,1,1
2022-04-17 00:00:00+00:00,39678.12,-0.017502763604226226,0,1,1
2022-04-18 00:00:00+00:00,40801.13,0.027909874843025737,0,1,1
2022-04-19 00:00:00+00:00,41493.18,0.01681929927737526,0,1,1
2022-04-20 00:00:00+00:00,41358.19,-0.0032586092287824916,0,1,1
2022-04-21 00:00:00+00:00,40480.01,-0.02146219513885801,0,1,1
2022-04-22 00:00:00+00:00,39709.18,-0.019225876795201283,0,1,1
2022-04-23 00:00:00+00:00,39441.6,-0.006761298356655494,0,1,1
2022-04-24 00:00:00+00:00,39450.13,0.0002162457340772487,0,1,1
2022-04-25 00:00:00+00:00,40426.08,0.02443777865032932,0,1,1
2022-04-26 00:00:00+00:00,38112.65,-0.05892887322404605,0,1,1
2022-04-27 00:00:00+00:00,39235.72,0.02904130834995406,0,1,1
2022-04-28 00:00:00+00:00,39742.07,0.012822767969639432,0,1,1
2022-04-29 00:00:00+00:00,38596.11,-0.02925883015250115,0,1,1
2022-04-30 00:00:00+00:00,37630.8,-0.025328630177714796,0,1,1
2022-05-01 00:00:00+00:00,38468.35,0.02201296126766681,0,1,1
2022-05-02 00:00:00+00:00,38525.16,0.0014757090645608362,0,1,1
2022-05-03 00:00:00+00:00,37728.95,-0.02088383006942929,0,1,1
2022-05-04 00:00:00+00:00,39690.0,0.05067156251954114,0,1,1
2022-05-05 00:00:00+00:00,36552.97,-0.08233682535055205,0,1,1
2022-05-06 00:00:00+00:00,36013.77,-0.014861076122788424,0,1,1
2022-05-07 00:00:00+00:00,35472.39,-0.015146717920837932,0,1,1
2022-05-08 00:00:00+00:00,34038.4,-0.04126534832558704,0,1,1
2022-05-09 00:00:00+00:00,30076.31,-0.12375148039084222,0,1,1
2022-05-10 00:00:00+00:00,31017.1,0.03080084662153245,0,1,1
2022-05-11 00:00:00+00:00,29103.94,-0.0636651051045502,0,1,1
2022-05-12 00:00:00+00:00,29029.75,-0.00255239398280821,0,1,1
2022-05-13 00:00:00+00:00,29287.05,0.008824272580558484,0,1,1
2022-05-14 00:00:00+00:00,30086.74,0.02693910433173367,0,1,1
2022-05-15 00:00:00+00:00,31328.89,0.040456131904645545,0,1,1
2022-05-16 00:00:00+00:00,29874.01,-0.04755180340819563,0,1,1
2022-05-17 00:00:00+00:00,30444.93,0.018930606202495235,0,1,1
2022-05-18 00:00:00+00:00,28715.32,-0.05848869957421896,0,1,1
2022-05-19 00:00:00+00:00,30319.23,0.05435138641776955,0,1,1
2022-05-20 00:00:00+00:00,29201.01,-0.03757886695618367,0,1,1
2022-05-21 00:00:00+00:00,29445.06,0.008322856374715153,0,1,1
2022-05-22 00:00:00+00:00,30293.94,0.028421538420796314,0,1,1
2022-05-23 00:00:00+00:00,29109.15,-0.039895134769211214,0,1,1
2022-05-24 00:00:00+00:00,29654.58,0.018564024573910418,0,1,1
2022-05-25 00:00:00+00:00,29542.15,-0.003798525195082192,0,1,1
2022-05-26 00:00:00+00:00,29201.35,-0.011603116040031471,0,1,1
2022-05-27 00:00:00+00:00,28629.8,-0.0197668076759755,0,1,1
2022-05-28 00:00:00+00:00,29031.33,0.013927458255286653,0,1,1
2022-05-29 00:00:00+00:00,29468.1,0.014932730664861931,0,1,1
2022-05-30 00:00:00+00:00,31734.22,0.07408727158891816,0,1,1
2022-05-31 00:00:00+00:00,31801.04,0.002103399738536469,0,1,1
2022-06-01 00:00:00+00:00,29805.83,-0.06479498169315473,0,1,1
2022-06-02 00:00:00+00:00,30452.62,0.021468021186670065,0,1,1
2022-06-03 00:00:00+00:00,29700.21,-0.025017916656657774,0,1,1
2022-06-04 00:00:00+00:00,29864.04,0.005500964525962497,0,1,1
2022-06-05 00:00:00+00:00,29919.21,0.001845667997686214,0,1,1
2022-06-06 00:00:00+00:00,31373.1,0.047450088834951915,0,1,1
2022-06-07 00:00:00+00:00,31125.33,-0.007928880711022794,0,1,1
2022-06-08 00:00:00+00:00,30204.77,-0.030022098209930834,0,1,1
2022-06-09 00:00:00+00:00,30109.93,-0.00314484124646771,0,1,1
2022-06-10 00:00:00+00:00,29091.88,-0.0343959202434377,0,1,1
2022-06-11 00:00:00+00:00,28424.7,-0.023200611947273582,0,1,1
2022-06-12 00:00:00+00:00,26574.53,-0.06730524721449922,0,1,1
2022-06-13 00:00:00+00:00,22487.41,-0.16699764123151092,0,0,0
2022-06-14 00:00:00+00:00,22136.41,-0.01573183286725236,0,0,0
2022-06-15 00:00:00+00:00,22583.72,0.020005528538409763,0,0,0
2022-06-16 00:00:00+00:00,20401.31,-0.10163017824163617,0,0,0
2022-06-17 00:00:00+00:00,20468.81,0.0033031496542327322,0,0,0
2022-06-18 00:00:00+00:00,18970.79,-0.0760018363469714,0,0,0
2022-06-19 00:00:00+00:00,20574.0,0.08112771492687064,0,0,0
2022-06-20 00:00:00+00:00,20573.89,-5.346568195921985e-06,0,0,0
2022-06-21 00:00:00+00:00,20723.52,0.007246490991842595,0,0,0
2022-06-22 00:00:00+00:00,19987.99,-0.03613769395083157,0,0,0
2022-06-23 00:00:00+00:00,21110.13,0.05462142687846785,0,0,0
2022-06-24 00:00:00+00:00,21237.69,0.0060244133369918825,0,0,0
2022-06-25 00:00:00+00:00,21491.19,0.011865650317023644,0,0,0
2022-06-26 00:00:00+00:00,21038.07,-0.02130943009010775,0,0,0
2022-06-27 00:00:00+00:00,20742.56,-0.014146025460121855,0,0,0
2022-06-28 00:00:00+00:00,20281.29,-0.022488841996465433,0,0,0
2022-06-29 00:00:00+00:00,20123.01,-0.007834849739538354,0,0,0
2022-06-30 00:00:00+00:00,19942.21,-0.009025345538186133,0,0,0
2022-07-01 00:00:00+00:00,19279.8,-0.03378067520510561,0,0,0
2022-07-02 00:00:00+00:00,19252.81,-0.001400891578015631,0,0,0
2022-07-03 00:00:00+00:00,19315.83,0.003267942871976135,0,0,0
2022-07-04 00:00:00+00:00,20236.71,0.04657331482099153,0,0,0
2022-07-05 00:00:00+00:00,20175.83,-0.0030129284649952903,0,0,0
2022-07-06 00:00:00+00:00,20564.51,0.019081421173606727,0,0,0
2022-07-07 00:00:00+00:00,21624.98,0.05028235345384914,0,0,0
2022-07-08 00:00:00+00:00,21594.75,-0.0013988983702488548,0,0,0
2022-07-09 00:00:00+00:00,21591.83,-0.00013522719346830976,0,0,0
2022-07-10 00:00:00+00:00,20862.47,-0.03436315139820555,0,0,0
2022-07-11 00:00:00+00:00,19963.61,-0.04404073474684607,0,0,0
2022-07-12 00:00:00+00:00,19328.75,-0.032317491445751946,0,0,0
2022-07-13 00:00:00+00:00,20234.87,0.045813728987704215,0,0,0
2022-07-14 00:00:00+00:00,20588.84,0.017341827629275455,0,0,0
2022-07-15 00:00:00+00:00,20830.04,0.011646994153803221,0,0,0
2022-07-16 00:00:00+00:00,21195.6,0.01739743738897494,0,0,0
2022-07-17 00:00:00+00:00,20798.16,-0.018929091711402925,0,0,0
2022-07-18 00:00:00+00:00,22432.58,0.07564984518217717,0,0,0
2022-07-19 00:00:00+00:00,23396.62,0.04207720104807247,0,0,1
2022-07-20 00:00:00+00:00,23223.3,-0.007435482451242203,0,0,1
2022-07-21 00:00:00+00:00,23152.19,-0.003066708544995841,0,0,1
2022-07-22 00:00:00+00:00,22684.83,-0.02039295734074819,0,0,1
2022-07-23 00:00:00+00:00,22451.07,-0.010358144626696868,0,1,1
2022-07-24 00:00:00+00:00,22579.68,0.005712112265188854,0,1,1
2022-07-25 00:00:00+00:00,21310.9,-0.05783170787580325,0,1,1
2022-07-26 00:00:00+00:00,21254.67,-0.002642042980227913,0,1,1
2022-07-27 00:00:00+00:00,22952.45,0.07684804868982513,0,1,1
2022-07-28 00:00:00+00:00,23842.93,0.03806305270838894,0,1,1
2022-07-29 00:00:00+00:00,23773.75,-0.0029057065160629104,0,1,1
2022-07-30 00:00:00+00:00,23643.51,-0.0054933721401181045,0,1,1
2022-07-31 00:00:00+00:00,23293.32,-0.014922034485878831,0,1,1
2022-08-01 00:00:00+00:00,23268.01,-0.001087168364516185,0,1,1
2022-08-02 00:00:00+00:00,22987.79,-0.012116250420426194,0,1,1
2022-08-03 00:00:00+00:00,22818.37,-0.007397292091435454,0,1,1
2022-08-04 00:00:00+00:00,22622.98,-0.008599709479179367,0,1,1
2022-08-05 00:00:00+00:00,23312.42,0.030020061930577643,0,1,1
2022-08-06 00:00:00+00:00,22954.21,-0.01548490381388308,0,1,1
2022-08-07 00:00:00+00:00,23174.39,0.009546427689530375,0,1,1
2022-08-08 00:00:00+00:00,23810.0,0.02705787086036656,0,1,1
2022-08-09 00:00:00+00:00,23149.95,-0.028113039796074532,0,1,1
2022-08-10 00:00:00+00:00,23954.05,0.03414479115449657,0,1,1
2022-08-11 00:00:00+00:00,23934.39,-0.0008210750278983731,0,1,1
2022-08-12 00:00:00+00:00,24403.68,0.01941760376984897,0,1,1
2022-08-13 00:00:00+00:00,24441.38,0.0015436569219570487,0,1,1
2022-08-14 00:00:00+00:00,24305.24,-0.005585632561017508,0,1,1
2022-08-15 00:00:00+00:00,24094.82,-0.008695085325241067,0,1,1
2022-08-16 00:00:00+00:00,23854.74,-0.01001393990872997,0,1,1
2022-08-17 00:00:00+00:00,23342.66,-0.021700351923622782,0,1,1
2022-08-18 00:00:00+00:00,23191.2,-0.0065096914314182845,0,1,1
2022-08-19 00:00:00+00:00,20834.39,-0.10716790958304105,0,1,1
2022-08-20 00:00:00+00:00,21140.07,0.014565304906857087,0,1,1
2022-08-21 00:00:00+00:00,21515.61,0.017608426506096567,0,1,1
2022-08-22 00:00:00+00:00,21399.83,-0.005395740129964921,0,1,1
2022-08-23 00:00:00+00:00,21529.12,0.00602345926973469,0,1,1
2022-08-24 00:00:00+00:00,21368.08,-0.007508217623966096,0,1,1
2022-08-25 00:00:00+00:00,21559.04,0.008896998430986994,0,1,1
2022-08-26 00:00:00+00:00,20241.05,-0.06308249760374372,0,1,1
2022-08-27 00:00:00+00:00,20037.6,-0.010102211978267828,0,1,1
2022-08-28 00:00:00+00:00,19555.61,-0.024348306776797283,0,1,1
2022-08-29 00:00:00+00:00,20285.73,0.03665548140456874,0,1,1
2022-08-30 00:00:00+00:00,19811.66,-0.023647029931174457,0,1,1
2022-08-31 00:00:00+00:00,20050.02,0.011959497995954903,0,1,1
2022-09-01 00:00:00+00:00,20131.46,0.004053614327647557,0,1,1
2022-09-02 00:00:00+00:00,19951.86,-0.008961393513317224,0,1,1
2022-09-03 00:00:00+00:00,19831.9,-0.006030619708257377,0,1,1
2022-09-04 00:00:00+00:00,20000.3,0.008455521077103931,0,1,1
2022-09-05 00:00:00+00:00,19796.84,-0.010224944437388826,0,1,1
2022-09-06 00:00:00+00:00,18790.61,-0.052165052029039496,0,1,1
2022-09-07 00:00:00+00:00,19292.84,0.02637676564806005,0,1,1
2022-09-08 00:00:00+00:00,19319.77,0.0013948813284810479,0,1,1
2022-09-09 00:00:00+00:00,21360.11,0.10039623993986292,0,0,0
2022-09-10 00:00:00+00:00,21648.34,0.013403613252505489,0,0,0
2022-09-11 00:00:00+00:00,21826.87,0.008213002469083833,0,0,0
2022-09-12 00:00:00+00:00,22395.74,0.02572898259027063,0,0,1
2022-09-13 00:00:00+00:00,20173.57,-0.10449743036114226,0,0,0
2022-09-14 00:00:00+00:00,20226.71,0.002630676354029713,0,0,0
2022-09-15 00:00:00+00:00,19701.88,-0.026289945533484776,0,0,0
2022-09-16 00:00:00+00:00,19803.3,0.00513452781707948,0,0,0
2022-09-17 00:00:00+00:00,20113.62,0.0155486070502051,0,0,0
2022-09-18 00:00:00+00:00,19416.18,-0.03529045844411419,0,0,0
2022-09-19 00:00:00+00:00,19537.02,0.006204388221696427,0,0,0
2022-09-20 00:00:00+00:00,18875.0,-0.03447283217250921,0,0,0
2022-09-21 00:00:00+00:00,18461.36,-0.022158395968022992,0,0,0
2022-09-22 00:00:00+00:00,19401.63,0.049677183991239306,0,0,0
2022-09-23 00:00:00+00:00,19289.91,-0.005774921881411174,0,0,0
2022-09-24 00:00:00+00:00,18920.5,-0.019336170941039267,0,0,0
2022-09-25 00:00:00+00:00,18807.38,-0.0059966443373075,0,0,0
2022-09-26 00:00:00+00:00,19227.82,0.02210884264131569,0,0,0
2022-09-27 00:00:00+00:00,19079.13,-0.00776312114359553,0,0,0
2022-09-28 00:00:00+00:00,19412.82,0.01733860506675769,0,0,0
2022-09-29 00:00:00+00:00,19591.51,0.009162636565833372,0,0,0
2022-09-30 00:00:00+00:00,19422.61,-0.008658457767896248,0,0,0
2022-10-01 00:00:00+00:00,19310.95,-0.00576555882359139,0,0,0
2022-10-02 00:00:00+00:00,19056.8,-0.013248299277497894,0,0,0
2022-10-03 00:00:00+00:00,19629.08,0.029588146889959064,0,0,0
2022-10-04 00:00:00+00:00,20337.82,0.0354700667521785,0,0,1
2022-10-05 00:00:00+00:00,20158.26,-0.008868076947532767,0,0,0
2022-10-06 00:00:00+00:00,19960.67,-0.009850292500254246,0,0,0
2022-10-07 00:00:00+00:00,19530.09,-0.02180748428132239,0,0,0
2022-10-08 00:00:00+00:00,19417.96,-0.005757942171450429,0,0,0
2022-10-09 00:00:00+00:00,19439.02,0.001083975237505919,0,0,0
2022-10-10 00:00:00+00:00,19131.87,-0.015926855342589977,0,0,0
2022-10-11 00:00:00+00:00,19060.0,-0.003763632670309744,0,0,0
2022-10-12 00:00:00+00:00,19155.53,0.00499954855969873,0,0,0
2022-10-13 00:00:00+00:00,19375.13,0.011398838108565434,0,0,0
2022-10-14 00:00:00+00:00,19176.93,-0.010282290815579725,0,0,0
2022-10-15 00:00:00+00:00,19069.39,-0.0056235623928088925,0,0,0
2022-10-16 00:00:00+00:00,19262.98,0.010100687533673864,0,0,0
2022-10-17 00:00:00+00:00,19549.86,0.014783006060808625,0,0,0
2022-10-18 00:00:00+00:00,19327.44,-0.011442277457683746,0,0,0
2022-10-19 00:00:00+00:00,19123.97,-0.010583325769578811,0,1,1
2022-10-20 00:00:00+00:00,19041.92,-0.004299657437842867,0,1,1
2022-10-21 00:00:00+00:00,19164.37,0.006409961253210738,0,1,1
2022-10-22 00:00:00+00:00,19204.35,0.0020839900038091583,0,1,1
2022-10-23 00:00:00+00:00,19570.4,0.018881404774908718,0,1,1
2022-10-24 00:00:00+00:00,19329.72,-0.012374412787988572,0,1,1
2022-10-25 00:00:00+00:00,20080.07,0.03808397301398036,0,1,1
2022-10-26 00:00:00+00:00,20771.59,0.033858406805051616,0,1,1
2022-10-27 00:00:00+00:00,20295.11,-0.023206217347907374,0,1,1
2022-10-28 00:00:00+00:00,20591.84,0.014514910485440964,0,1,1
2022-10-29 00:00:00+00:00,20809.67,0.01052290170330112,0,1,1
2022-10-30 00:00:00+00:00,20627.48,-0.008793615102669194,0,1,1
2022-10-31 00:00:00+00:00,20490.74,-0.006651090639639452,0,1,1
2022-11-01 00:00:00+00:00,20483.62,-0.00034753441282134187,0,1,1
2022-11-02 00:00:00+00:00,20151.84,-0.016329943003790245,0,1,1
2022-11-03 00:00:00+00:00,20207.82,0.002774058844848819,0,1,1
2022-11-04 00:00:00+00:00,21148.52,0.04550026847944526,0,1,1
2022-11-05 00:00:00+00:00,21299.37,0.007107568128679593,0,1,1
2022-11-06 00:00:00+00:00,20905.58,-0.018661385830795497,0,1,1
2022-11-07 00:00:00+00:00,20591.13,-0.015155708438383623,0,1,1
2022-11-08 00:00:00+00:00,18547.23,-0.10453994878635704,0,1,1
2022-11-09 00:00:00+00:00,15922.81,-0.15256777937932994,0,1,1
2022-11-10 00:00:00+00:00,17601.15,0.10021156844027021,0,1,1
2022-11-11 00:00:00+00:00,17070.31,-0.030623543661599414,0,1,1
2022-11-12 00:00:00+00:00,16812.08,-0.015243021519595541,0,1,1
2022-11-13 00:00:00+00:00,16329.85,-0.02910295424526251,0,1,1
2022-11-14 00:00:00+00:00,16619.46,0.017579576532614275,0,1,1
2022-11-15 00:00:00+00:00,16900.57,0.01677305124617919,0,1,1
2022-11-16 00:00:00+00:00,16662.76,-0.014171059886846265,0,1,1
2022-11-17 00:00:00+00:00,16692.56,0.0017868218880000477,0,1,1
2022-11-18 00:00:00+00:00,16700.45,0.00047255399539148176,0,1,1
2022-11-19 00:00:00+00:00,16700.68,1.377198915139681e-05,0,1,1
2022-11-20 00:00:00+00:00,16280.23,-0.025497948917879515,0,1,1
2022-11-21 00:00:00+00:00,15781.29,-0.031126427112839597,0,1,1
2022-11-22 00:00:00+00:00,16226.94,0.02784776288354211,0,1,1
2022-11-23 00:00:00+00:00,16603.11,0.02291720320295262,0,1,1
2022-11-24 00:00:00+00:00,16598.95,-0.00025058686248794284,0,1,1
2022-11-25 00:00:00+00:00,16522.14,-0.004638140695062483,0,1,1
2022-11-26 00:00:00+00:00,16458.57,-0.003854985458206651,0,1,1
2022-11-27 00:00:00+00:00,16428.78,-0.0018116393171025897,0,1,1
2022-11-28 00:00:00+00:00,16212.91,-0.013226836427965193,0,1,1
2022-11-29 00:00:00+00:00,16442.53,0.014063432280211978,0,1,1
2022-11-30 00:00:00+00:00,17163.64,0.042921922045645745,0,1,1
2022-12-01 00:00:00+00:00,16977.37,-0.010911911994265286,0,1,1
2022-12-02 00:00:00+00:00,17092.74,0.006772531170246441,0,1,1
2022-12-03 00:00:00+00:00,16885.2,-0.012216313353321956,0,1,1
2022-12-04 00:00:00+00:00,17105.7,0.012974242698661298,0,1,1
2022-12-05 00:00:00+00:00,16966.35,-0.008179770631694087,0,1,1
2022-12-06 00:00:00+00:00,17088.96,0.007200670308000258,0,1,1
2022-12-07 00:00:00+00:00,16836.64,-0.014875177009226765,0,1,1
2022-12-08 00:00:00+00:00,17224.1,0.022752101931693153,0,1,1
2022-12-09 00:00:00+00:00,17128.56,-0.005562320142259912,0,1,1
2022-12-10 00:00:00+00:00,17127.49,-6.247071687181942e-05,0,1,1
2022-12-11 00:00:00+00:00,17085.05,-0.0024809629316508166,0,1,1
2022-12-12 00:00:00+00:00,17209.83,0.007276920090016073,0,1,1
2022-12-13 00:00:00+00:00,17774.7,0.032295365713004065,0,1,1
2022-12-14 00:00:00+00:00,17803.15,0.0015993100237424041,0,1,1
2022-12-15 00:00:00+00:00,17356.34,-0.025417550422032496,0,1,1
2022-12-16 00:00:00+00:00,16632.12,-0.042622091974556034,0,1,1
2022-12-17 00:00:00+00:00,16776.52,0.008644524244231441,0,1,1
2022-12-18 00:00:00+00:00,16738.21,-0.0022861599473239873,0,1,1
2022-12-19 00:00:00+00:00,16438.88,-0.018044869047170384,0,1,1
2022-12-20 00:00:00+00:00,16895.56,0.027401604731458414,0,1,1
2022-12-21 00:00:00+00:00,16824.67,-0.004204603849787203,0,1,1
2022-12-22 00:00:00+00:00,16821.43,-0.00019259290140687945,0,1,1
2022-12-23 00:00:00+00:00,16778.5,-0.002555363857047274,0,1,1
2022-12-24 00:00:00+00:00,16836.12,0.003428273556819251,0,1,1
2022-12-25 00:00:00+00:00,16832.11,-0.00023820676162420736,0,1,1
2022-12-26 00:00:00+00:00,16919.39,0.005171929813683699,0,1,1
2022-12-27 00:00:00+00:00,16706.36,-0.01267081627317635,0,1,1
2022-12-28 00:00:00+00:00,16547.31,-0.00956593439752758,0,1,1
2022-12-29 00:00:00+00:00,16633.47,0.005193379640446887,0,1,1
2022-12-30 00:00:00+00:00,16607.48,-0.0015637342071172207,0,1,1
2022-12-31 00:00:00+00:00,16542.4,-0.003926414431065476,0,1,1
2023-01-01 00:00:00+00:00,16616.75,0.004484440922006132,0,1,1
2023-01-02 00:00:00+00:00,16672.87,0.00337162473850112,0,1,1
2023-01-03 00:00:00+00:00,16675.18,0.00013853883532594145,0,1,1
2023-01-04 00:00:00+00:00,16850.36,0.010450635209181243,0,1,1
2023-01-05 00:00:00+00:00,16831.85,-0.0010990966366733739,0,1,1
2023-01-06 00:00:00+00:00,16950.65,0.007033256255153627,0,1,1
2023-01-07 00:00:00+00:00,16943.57,-0.0004177703515806188,0,1,1
2023-01-08 00:00:00+00:00,17127.83,0.010816215147354305,0,1,1
2023-01-09 00:00:00+00:00,17178.26,0.0029400048985379155,0,1,1
2023-01-10 00:00:00+00:00,17440.66,0.015159630933365425,0,1,1
2023-01-11 00:00:00+00:00,17943.26,0.02841029515457346,0,1,1
2023-01-12 00:00:00+00:00,18846.62,0.04911903051513352,0,1,1
2023-01-13 00:00:00+00:00,19930.01,0.055893048509553726,0,1,1
2023-01-14 00:00:00+00:00,20954.92,0.050146827684418194,0,1,1
2023-01-15 00:00:00+00:00,20871.5,-0.003988871656173911,0,1,1
2023-01-16 00:00:00+00:00,21185.65,0.014939473685250641,0,1,1
2023-01-17 00:00:00+00:00,21134.81,-0.0024026215431750143,0,1,1
2023-01-18 00:00:00+00:00,20677.47,-0.021876742420547574,0,1,1
2023-01-19 00:00:00+00:00,21071.59,0.018880985981668756,0,1,1
2023-01-20 00:00:00+00:00,22667.21,0.0729936990967774,0,1,1
2023-01-21 00:00:00+00:00,22783.55,0.0051193975233281225,0,1,1
2023-01-22 00:00:00+00:00,22707.88,-0.0033267835189935463,0,1,1
2023-01-23 00:00:00+00:00,22916.45,0.009142992475145141,0,1,1
2023-01-24 00:00:00+00:00,22632.89,-0.012450835212587299,0,1,1
2023-01-25 00:00:00+00:00,23060.94,0.018736119160646474,0,1,1
2023-01-26 00:00:00+00:00,23009.65,-0.0022265840828143047,0,1,1
2023-01-27 00:00:00+00:00,23074.16,0.0027996835390564157,0,1,1
2023-01-28 00:00:00+00:00,23022.6,-0.002237034511835935,0,1,1
2023-01-29 00:00:00+00:00,23742.3,0.03078192520585222,0,1,1
2023-01-30 00:00:00+00:00,22826.15,-0.0393514588233174,0,1,1
2023-01-31 00:00:00+00:00,23125.13,0.013013096440887308,0,1,1
2023-02-01 00:00:00+00:00,23732.66,0.025932253556535844,0,1,1
2023-02-02 00:00:00+00:00,23488.94,-0.010322486493569127,0,1,1
2023-02-03 00:00:00+00:00,23431.9,-0.002431330219096245,0,1,1
2023-02-04 00:00:00+00:00,23326.84,-0.004493712909870792,0,1,1
2023-02-05 00:00:00+00:00,22932.91,-0.017031632139821246,0,1,1
2023-02-06 00:00:00+00:00,22762.52,-0.007457673107036351,0,1,1
2023-02-07 00:00:00+00:00,23240.46,0.020779401555923737,1,1,1
2023-02-08 00:00:00+00:00,22963.0,-0.01201050031064175,1,1,1
2023-02-09 00:00:00+00:00,21796.35,-0.052141700352517424,1,1,1
2023-02-10 00:00:00+00:00,21625.19,-0.007883685677702989,1,1,1
2023-02-11 00:00:00+00:00,21862.55,0.010916288456747329,1,1,1
2023-02-12 00:00:00+00:00,21783.54,-0.0036204886304742638,1,1,1
2023-02-13 00:00:00+00:00,21773.97,-0.00043941906477148134,1,1,1
2023-02-14 00:00:00+00:00,22199.84,0.01936986197704005,1,1,1
2023-02-15 00:00:00+00:00,24324.05,0.09138049119365944,1,0,1
2023-02-16 00:00:00+00:00,23517.72,-0.033711393282664585,1,0,1
2023-02-17 00:00:00+00:00,24569.97,0.043770785975072134,1,0,1
2023-02-18 00:00:00+00:00,24631.95,0.002519415209186526,1,0,1
2023-02-19 00:00:00+00:00,24271.76,-0.014730846119734737,1,0,1
2023-02-20 00:00:00+00:00,24842.2,0.023230285350592204,1,0,1
2023-02-21 00:00:00+00:00,24452.16,-0.015825264394064464,1,0,1
2023-02-22 00:00:00+00:00,24182.21,-0.011101316717520895,1,0,1
2023-02-23 00:00:00+00:00,23940.2,-0.01005818454576867,1,0,1
2023-02-24 00:00:00+00:00,23185.29,-0.032041028461487375,1,0,1
2023-02-25 00:00:00+00:00,23157.07,-0.0012178923770018468,1,0,1
2023-02-26 00:00:00+00:00,23554.85,0.01703161058168721,1,0,1
2023-02-27 00:00:00+00:00,23492.09,-0.0026679753126395687,1,0,1
2023-02-28 00:00:00+00:00,23141.57,-0.015033201397948169,1,0,1
2023-03-01 00:00:00+00:00,23628.97,0.020842934243896633,1,0,1
2023-03-02 00:00:00+00:00,23465.32,-0.006949915104728103,1,0,1
2023-03-03 00:00:00+00:00,22354.34,-0.048503100831987105,1,0,0
2023-03-04 00:00:00+00:00,22346.57,-0.00034764393289772876,1,0,0
2023-03-05 00:00:00+00:00,22430.24,0.003737206709584325,1,0,0
2023-03-06 00:00:00+00:00,22410.0,-0.000902760617454153,1,0,0
2023-03-07 00:00:00+00:00,22197.96,-0.009506895048812334,1,0,0
2023-03-08 00:00:00+00:00,21705.44,-0.022437472391169118,1,0,0
2023-03-09 00:00:00+00:00,20362.22,-0.06388169730657518,1,0,0
2023-03-10 00:00:00+00:00,20150.69,-0.010442692083692516,1,0,0
2023-03-11 00:00:00+00:00,20455.73,0.015024507857790617,1,0,0
2023-03-12 00:00:00+00:00,21997.11,0.07264804225261712,1,0,0
2023-03-13 00:00:00+00:00,24113.48,0.0918599391330703,1,0,1
2023-03-14 00:00:00+00:00,24670.41,0.022833529552860565,1,0,1
2023-03-15 00:00:00+00:00,24285.66,-0.015718497080592527,1,0,1
2023-03-16 00:00:00+00:00,24998.78,0.028940970979109415,1,0,1
2023-03-17 00:00:00+00:00,27395.13,0.0915382366931726,1,0,1
2023-03-18 00:00:00+00:00,26907.49,-0.017960573857961144,1,0,1
2023-03-19 00:00:00+00:00,27972.87,0.03883042537639571,1,0,1
2023-03-20 00:00:00+00:00,27717.01,-0.009188807742989342,1,0,1
2023-03-21 00:00:00+00:00,28105.47,0.013917915171174959,1,0,1
2023-03-22 00:00:00+00:00,27250.97,-0.030875102511240874,1,0,1
2023-03-23 00:00:00+00:00,28295.41,0.037610483876124916,1,0,1
2023-03-24 00:00:00+00:00,27454.47,-0.030170604453767236,1,0,1
2023-03-25 00:00:00+00:00,27462.95,0.00030882732901125104,1,0,1
2023-03-26 00:00:00+00:00,27968.05,0.01822496367160109,1,0,1
2023-03-27 00:00:00+00:00,27124.91,-0.030610293346195108,1,0,1
2023-03-28 00:00:00+00:00,27261.07,0.005007183266062188,1,0,1
2023-03-29 00:00:00+00:00,28348.6,0.039117969089514086,1,0,1
2023-03-30 00:00:00+00:00,28028.53,-0.011354726247076305,1,0,1
2023-03-31 00:00:00+00:00,28465.36,0.01546498944228887,1,0,1
2023-04-01 00:00:00+00:00,28452.73,-0.00044379564413691034,1,0,1
2023-04-02 00:00:00+00:00,28171.87,-0.009920151427765776,1,1,1
2023-04-03 00:00:00+00:00,27800.0,-0.01328794166506373,1,1,1
2023-04-04 00:00:00+00:00,28165.47,0.01306073888880465,1,1,1
2023-04-05 00:00:00+00:00,28170.01,0.00016117729039769833,1,1,1
2023-04-06 00:00:00+00:00,28033.82,-0.0048462984303144436,1,1,1
2023-04-07 00:00:00+00:00,27906.33,-0.004558093631494347,1,1,1
2023-04-08 00:00:00+00:00,27938.38,0.0011478259451552448,1,1,1
2023-04-09 00:00:00+00:00,28323.76,0.013699657615021985,1,1,1
2023-04-10 00:00:00+00:00,29637.34,0.04533402443678367,1,1,1
2023-04-11 00:00:00+00:00,30200.42,0.018820778757940998,1,1,1
2023-04-12 00:00:00+00:00,29888.07,-0.010396427448109471,1,1,1
2023-04-13 00:00:00+00:00,30373.84,0.01612230751029388,1,1,1
2023-04-14 00:00:00+00:00,30466.93,0.003060121449609667,1,1,1
2023-04-15 00:00:00+00:00,30295.09,-0.005656179900882534,1,1,1
2023-04-16 00:00:00+00:00,30304.65,0.00031551290745832457,1,1,1
2023-04-17 00:00:00+00:00,29430.27,-0.029277429572032238,1,1,1
2023-04-18 00:00:00+00:00,30380.01,0.031761089816271876,1,1,1
2023-04-19 00:00:00+00:00,28797.1,-0.053510138704066394,1,1,1
2023-04-20 00:00:00+00:00,28243.65,-0.01940603406257386,1,1,1
2023-04-21 00:00:00+00:00,27262.84,-0.03534405077145466,1,1,1
2023-04-22 00:00:00+00:00,27816.85,0.02011734939753183,1,1,1
2023-04-23 00:00:00+00:00,27590.6,-0.008166817188415205,1,1,1
2023-04-24 00:00:00+00:00,27510.93,-0.002891754748673293,1,1,1
2023-04-25 00:00:00+00:00,28300.79,0.028306339200071688,1,1,1
2023-04-26 00:00:00+00:00,28415.29,0.004037661120266265,1,1,1
2023-04-27 00:00:00+00:00,29472.77,0.0365394056503652,1,1,1
2023-04-28 00:00:00+00:00,29311.7,-0.005480032501360423,1,1,1
2023-04-29 00:00:00+00:00,29230.45,-0.0027757795765594477,1,1,1
2023-04-30 00:00:00+00:00,29233.21,9.441762633578723e-05,1,1,1
2023-05-01 00:00:00+00:00,28068.26,-0.040665991207925405,1,1,1
2023-05-02 00:00:00+00:00,28669.86,0.021206996165195773,1,1,1
2023-05-03 00:00:00+00:00,29026.16,0.012351095602062214,1,1,1
2023-05-04 00:00:00+00:00,28838.16,-0.006497982228264741,1,1,1
2023-05-05 00:00:00+00:00,29505.61,0.02288090465334252,1,1,1
2023-05-06 00:00:00+00:00,28848.2,-0.02253281543081646,1,1,1
2023-05-07 00:00:00+00:00,28430.1,-0.01459915625864984,1,1,1
2023-05-08 00:00:00+00:00,27668.79,-0.027143379896367045,1,1,1
2023-05-09 00:00:00+00:00,27628.27,-0.0014655392981985705,1,1,1
2023-05-10 00:00:00+00:00,27598.75,-0.0010690420309266652,1,1,1
2023-05-11 00:00:00+00:00,26968.62,-0.0230965139643067,1,1,1
2023-05-12 00:00:00+00:00,26795.01,-0.00645829172740886,1,1,1
2023-05-13 00:00:00+00:00,26775.28,-0.0007366023552270455,1,1,1
2023-05-14 00:00:00+00:00,26917.62,0.005302016968638717,1,1,1
2023-05-15 00:00:00+00:00,27162.14,0.0090430011641092,1,1,1
2023-05-16 00:00:00+00:00,27033.84,-0.004734677357132959,1,1,1
2023-05-17 00:00:00+00:00,27405.61,0.013658322391184448,1,1,1
2023-05-18 00:00:00+00:00,26821.28,-0.021552134669642054,1,1,1
2023-05-19 00:00:00+00:00,26880.26,0.002196585934586688,1,1,1
2023-05-20 00:00:00+00:00,27102.43,0.008231203535191795,1,1,1
2023-05-21 00:00:00+00:00,26747.78,-0.013171912518513606,1,1,1
2023-05-22 00:00:00+00:00,26849.27,0.0037871532594394926,1,1,1
2023-05-23 00:00:00+00:00,27219.61,0.01369903691712277,1,1,1
2023-05-24 00:00:00+00:00,26329.01,-0.03326629631528951,1,1,1
2023-05-25 00:00:00+00:00,26473.79,0.005483813844004058,1,1,1
2023-05-26 00:00:00+00:00,26705.92,0.008730076726596555,1,1,1
2023-05-27 00:00:00+00:00,26854.27,0.005539576292267746,1,1,1
2023-05-28 00:00:00+00:00,28065.0,0.04409840842612671,1,1,1
2023-05-29 00:00:00+00:00,27736.4,-0.011777618425209708,1,1,1
2023-05-30 00:00:00+00:00,27694.4,-0.0015154032789555,1,1,1
2023-05-31 00:00:00+00:00,27210.35,-0.017632811059524262,1,1,1
2023-06-01 00:00:00+00:00,26817.93,-0.014526721963616974,1,1,1
2023-06-02 00:00:00+00:00,27242.59,0.015710863858149307,1,1,1
2023-06-03 00:00:00+00:00,27069.22,-0.0063842684993772065,1,1,1
2023-06-04 00:00:00+00:00,27115.21,0.0016975360281114345,1,1,1
2023-06-05 00:00:00+00:00,25728.2,-0.05250715845555731,1,1,1
2023-06-06 00:00:00+00:00,27230.08,0.05673457801927024,1,1,1
2023-06-07 00:00:00+00:00,26339.34,-0.03325860556385626,1,1,1
2023-06-08 00:00:00+00:00,26498.61,0.00602863973269374,1,1,1
2023-06-09 00:00:00+00:00,26477.81,-0.0007852550651334101,1,1,1
2023-06-10 00:00:00+00:00,25841.21,-0.024336519277700846,1,1,1
2023-06-11 00:00:00+00:00,25925.55,0.003258464490493794,1,1,1
2023-06-12 00:00:00+00:00,25905.19,-0.0007856342026842933,1,1,1
2023-06-13 00:00:00+00:00,25934.25,0.0011211542039807445,1,1,1
2023-06-14 00:00:00+00:00,25128.6,-0.03155784923802867,1,1,1
2023-06-15 00:00:00+00:00,25598.49,0.018526725673652867,1,1,1
2023-06-16 00:00:00+00:00,26345.0,0.028745138290379006,1,1,1
2023-06-17 00:00:00+00:00,26516.99,0.006507155969033793,1,1,1
2023-06-18 00:00:00+00:00,26339.97,-0.006698102267960423,1,1,1
2023-06-19 00:00:00+00:00,26844.35,0.0189678131440085,1,1,1
2023-06-20 00:00:00+00:00,28307.99,0.05308872645011515,1,1,1
2023-06-21 00:00:00+00:00,29993.89,0.057849597296170514,1,1,1
2023-06-22 00:00:00+00:00,29884.92,-0.0036396889082070654,1,1,1
2023-06-23 00:00:00+00:00,30688.5,0.026533986237444202,1,1,1
2023-06-24 00:00:00+00:00,30527.43,-0.005262367873937984,1,1,1
2023-06-25 00:00:00+00:00,30462.66,-0.002123952410926466,1,1,1
2023-06-26 00:00:00+00:00,30267.99,-0.00641095284669021,1,1,1
2023-06-27 00:00:00+00:00,30692.44,0.013925651745678577,1,1,1
2023-06-28 00:00:00+00:00,30077.41,-0.020241978544881276,1,1,1
2023-06-29 00:00:00+00:00,30447.31,0.012223257058951633,1,1,1
2023-06-30 00:00:00+00:00,30472.0,0.0008105804662547625,1,1,1
2023-07-01 00:00:00+00:00,30585.9,0.0037308892745919983,1,1,1
2023-07-02 00:00:00+00:00,30617.03,0.001017271646457164,1,1,1
2023-07-03 00:00:00+00:00,31156.2,0.01745687224902878,1,1,1
2023-07-04 00:00:00+00:00,30766.51,-0.012586501609656327,1,1,1
2023-07-05 00:00:00+00:00,30504.81,-0.008542384639438915,1,1,1
2023-07-06 00:00:00+00:00,29895.43,-0.02017875019166179,1,1,1
2023-07-07 00:00:00+00:00,30344.7,0.014916247025860701,1,1,1
2023-07-08 00:00:00+00:00,30284.63,-0.0019815498424806542,1,1,1
2023-07-09 00:00:00+00:00,30160.71,-0.004100239112277894,1,1,1
2023-07-10 00:00:00+00:00,30411.57,0.008283044133908972,1,1,1
2023-07-11 00:00:00+00:00,30622.1,0.006898842392956891,1,1,1
2023-07-12 00:00:00+00:00,30380.0,-0.007937473335964864,1,1,1
2023-07-13 00:00:00+00:00,31454.23,0.034748976139702924,1,1,1
2023-07-14 00:00:00+00:00,30312.01,-0.03698946968873567,1,1,1
2023-07-15 00:00:00+00:00,30289.52,-0.0007422255191403193,1,1,1
2023-07-16 00:00:00+00:00,30231.99,-0.0019011428276580337,1,1,1
2023-07-17 00:00:00+00:00,30138.0,-0.0031138012758330853,1,1,1
2023-07-18 00:00:00+00:00,29859.13,-0.00929617827722886,1,1,1
2023-07-19 00:00:00+00:00,29909.21,0.0016758040032582482,1,1,1
2023-07-20 00:00:00+00:00,29800.0,-0.00365806621063334,1,1,1
2023-07-21 00:00:00+00:00,29901.72,0.0034076103143899864,1,1,1
2023-07-22 00:00:00+00:00,29794.0,-0.0036089728683473903,1,1,1
2023-07-23 00:00:00+00:00,30083.75,0.009678127907075769,1,1,1
2023-07-24 00:00:00+00:00,29176.5,-0.030621568131757492,1,1,1
2023-07-25 00:00:00+00:00,29228.91,0.0017946972401168204,1,1,1
2023-07-26 00:00:00+00:00,29351.96,0.004201036310069169,1,1,1
2023-07-27 00:00:00+00:00,29222.78,-0.004410782171051959,1,1,1
2023-07-28 00:00:00+00:00,29314.14,0.0031214513568593983,1,1,1
2023-07-29 00:00:00+00:00,29352.9,0.0013213554199944793,1,1,1
2023-07-30 00:00:00+00:00,29281.09,-0.002449433712539638,1,1,1
2023-07-31 00:00:00+00:00,29232.25,-0.0016693633056041337,1,1,1
2023-08-01 00:00:00+00:00,29705.99,0.016076157104390566,1,1,1
2023-08-02 00:00:00+00:00,29186.01,-0.017659224099430867,1,1,1
2023-08-03 00:00:00+00:00,29193.64,0.0002613924558795061,1,1,1
2023-08-04 00:00:00+00:00,29113.99,-0.002732062666357572,1,1,1
2023-08-05 00:00:00+00:00,29072.13,-0.0014388313646510047,1,1,1
2023-08-06 00:00:00+00:00,29088.42,0.0005601735343276643,1,1,1
2023-08-07 00:00:00+00:00,29211.06,0.004207247848642796,1,1,1
2023-08-08 00:00:00+00:00,29770.42,0.01896787840738051,1,1,1
2023-08-09 00:00:00+00:00,29581.99,-0.006349552885029144,1,1,1
2023-08-10 00:00:00+00:00,29455.75,-0.004276592986209428,1,1,1
2023-08-11 00:00:00+00:00,29426.03,-0.0010094804377126705,1,1,1
2023-08-12 00:00:00+00:00,29430.17,0.0001406818655240356,1,1,1
2023-08-13 00:00:00+00:00,29303.84,-0.004301773191170979,1,1,1
2023-08-14 00:00:00+00:00,29430.93,0.0043275966976988696,1,1,1
2023-08-15 00:00:00+00:00,29200.0,-0.0078774528796102,1,1,1
2023-08-16 00:00:00+00:00,28730.51,-0.016209084961303622,1,1,1
2023-08-17 00:00:00+00:00,26623.41,-0.07616872037641167,1,0,0
2023-08-18 00:00:00+00:00,26054.0,-0.021619596661148415,1,0,0
2023-08-19 00:00:00+00:00,26100.01,0.0017643901949644589,1,0,0
2023-08-20 00:00:00+00:00,26189.99,0.003441579224086804,1,0,0
2023-08-21 00:00:00+00:00,26126.92,-0.0024110762869472635,1,0,0
2023-08-22 00:00:00+00:00,26056.0,-0.0027181324335439115,1,0,0
2023-08-23 00:00:00+00:00,26432.72,0.01435456870308414,1,0,0
2023-08-24 00:00:00+00:00,26180.05,-0.009604966342235453,1,0,0
2023-08-25 00:00:00+00:00,26060.01,-0.004595714908301547,1,0,0
2023-08-26 00:00:00+00:00,26017.37,-0.0016375635459644805,1,0,0
2023-08-27 00:00:00+00:00,26101.77,0.00323873624067934,1,0,0
2023-08-28 00:00:00+00:00,26120.0,0.000698176287035663,1,0,0
2023-08-29 00:00:00+00:00,27716.34,0.059320826564098275,1,0,0
2023-08-30 00:00:00+00:00,27299.99,-0.0151357950818478,1,0,0
2023-08-31 00:00:00+00:00,25940.78,-0.05107008806335594,1,0,0
2023-09-01 00:00:00+00:00,25805.05,-0.005246038619321044,1,0,0
2023-09-02 00:00:00+00:00,25869.51,0.0024948459526167835,1,0,0
2023-09-03 00:00:00+00:00,25971.21,0.003923561650647033,1,0,0
2023-09-04 00:00:00+00:00,25826.02,-0.005606105973525642,1,0,0
2023-09-05 00:00:00+00:00,25792.1,-0.0013142673496244822,1,0,0
2023-09-06 00:00:00+00:00,25759.95,-0.0012472832474370724,1,0,0
2023-09-07 00:00:00+00:00,26255.0,0.019035486849342184,1,0,0
2023-09-08 00:00:00+00:00,25910.5,-0.01320815513349337,1,0,0
2023-09-09 00:00:00+00:00,25901.61,-0.0003431630206622342,1,0,0
2023-09-10 00:00:00+00:00,25841.61,-0.0023191454606873935,1,0,0
2023-09-11 00:00:00+00:00,25162.52,-0.02663039767580389,1,0,0
2023-09-12 00:00:00+00:00,25840.1,0.02657196307677719,0,0,0
2023-09-13 00:00:00+00:00,26222.0,0.014671204201257093,0,0,0
2023-09-14 00:00:00+00:00,26522.73,0.011403348118842957,0,0,0
2023-09-15 00:00:00+00:00,26600.0,0.0029091145916004006,0,0,0
2023-09-16 00:00:00+00:00,26559.67,-0.0015173159554027868,0,0,0
2023-09-17 00:00:00+00:00,26527.51,-0.0012115920994153866,0,0,0
2023-09-18 00:00:00+00:00,26762.51,0.008819719840065637,0,0,0
2023-09-19 00:00:00+00:00,27210.26,0.01659208048714994,0,0,1
2023-09-20 00:00:00+00:00,27125.0,-0.003138296199427117,0,0,0
2023-09-21 00:00:00+00:00,26568.08,-0.020745316649489014,0,0,0
2023-09-22 00:00:00+00:00,26580.14,0.0004538251782273123,0,0,0
2023-09-23 00:00:00+00:00,26575.96,-0.0001572726369548166,0,0,0
2023-09-24 00:00:00+00:00,26248.38,-0.01240277490489352,0,0,0
2023-09-25 00:00:00+00:00,26304.81,0.002147539347757194,0,0,0
2023-09-26 00:00:00+00:00,26221.67,-0.0031656440496646743,0,1,1
2023-09-27 00:00:00+00:00,26372.99,0.005754212215801185,0,1,1
2023-09-28 00:00:00+00:00,27021.39,0.024288394222757907,0,1,1
2023-09-29 00:00:00+00:00,26906.96,-0.0042437853832940535,0,1,1
2023-09-30 00:00:00+00:00,26962.56,0.002064247824862265,0,1,1
2023-10-01 00:00:00+00:00,27992.57,0.03748988079317705,0,1,1
2023-10-02 00:00:00+00:00,27494.51,-0.017952769440012815,0,1,1
2023-10-03 00:00:00+00:00,27426.46,-0.0024781075361443865,0,1,1
2023-10-04 00:00:00+00:00,27778.57,0.012756619276586195,0,1,1
2023-10-05 00:00:00+00:00,27410.39,-0.013342721522066095,0,1,1
2023-10-06 00:00:00+00:00,27931.09,0.018818266735082634,0,1,1
2023-10-07 00:00:00+00:00,27956.67,0.0009154062279922295,0,1,1
2023-10-08 00:00:00+00:00,27917.05,-0.0014181982742726472,0,1,1
2023-10-09 00:00:00+00:00,27590.12,-0.011779875664382407,0,1,1
2023-10-10 00:00:00+00:00,27390.12,-0.007275373195296091,0,1,1
2023-10-11 00:00:00+00:00,26875.52,-0.01896652932854734,0,1,1
2023-10-12 00:00:00+00:00,26759.63,-0.004321426540286491,0,1,1
2023-10-13 00:00:00+00:00,26862.0,0.0038182399293200187,0,1,1
2023-10-14 00:00:00+00:00,26852.48,-0.0003544668067039467,0,1,1
2023-10-15 00:00:00+00:00,27154.15,0.011171707530674917,0,1,1
2023-10-16 00:00:00+00:00,28500.78,0.04840156611029453,0,1,1
2023-10-17 00:00:00+00:00,28395.91,-0.0036863346095197267,0,1,1
2023-10-18 00:00:00+00:00,28320.0,-0.0026768518861103275,0,1,1
2023-10-19 00:00:00+00:00,28713.71,0.01380644022600064,0,1,1
2023-10-20 00:00:00+00:00,29669.04,0.03272936881268124,0,1,1
2023-10-21 00:00:00+00:00,29909.8,0.008082108028452294,0,1,1
2023-10-22 00:00:00+00:00,29992.46,0.002759830846653565,0,1,1
2023-10-23 00:00:00+00:00,33069.99,0.09768020786547688,0,1,1
2023-10-24 00:00:00+00:00,33922.73,0.02545906657086265,0,1,1
2023-10-25 00:00:00+00:00,34496.05,0.016759533553249224,0,1,1
2023-10-26 00:00:00+00:00,34151.66,-0.01003363081588025,0,1,1
2023-10-27 00:00:00+00:00,33892.02,-0.00763160546721126,0,1,1
2023-10-28 00:00:00+00:00,34081.0,0.005560455807826632,0,1,1
2023-10-29 00:00:00+00:00,34525.89,0.012969433130901344,0,1,1
2023-10-30 00:00:00+00:00,34474.73,-0.0014828854979810758,1,1,1
2023-10-31 00:00:00+00:00,34639.77,0.004775852062776867,1,1,1
2023-11-01 00:00:00+00:00,35421.43,0.022314560261213128,1,1,1
2023-11-02 00:00:00+00:00,34941.59,-0.013639193957310053,1,1,1
2023-11-03 00:00:00+00:00,34716.78,-0.0064546666973641625,1,1,1
2023-11-04 00:00:00+00:00,35062.07,0.00989677583723088,1,1,1
2023-11-05 00:00:00+00:00,35011.88,-0.0014324869251003767,1,1,1
2023-11-06 00:00:00+00:00,35046.09,0.0009766198683485855,1,1,1
2023-11-07 00:00:00+00:00,35399.12,0.010022908737337355,1,1,1
2023-11-08 00:00:00+00:00,35624.72,0.0063528178351219345,1,1,1
2023-11-09 00:00:00+00:00,36701.09,0.029766675983155067,1,1,1
2023-11-10 00:00:00+00:00,37301.63,0.01623057053490802,1,1,1
2023-11-11 00:00:00+00:00,37130.0,-0.004611757237879132,1,1,1
2023-11-12 00:00:00+00:00,37064.13,-0.0017756126342137468,1,1,1
2023-11-13 00:00:00+00:00,36462.93,-0.016353527492521336,1,1,1
2023-11-14 00:00:00+00:00,35551.19,-0.0253224983929354,1,1,1
2023-11-15 00:00:00+00:00,37858.2,0.06287397140001015,1,1,1
2023-11-16 00:00:00+00:00,36163.51,-0.04579700167213188,1,1,1
2023-11-17 00:00:00+00:00,36613.92,0.012377896572665345,1,1,1
2023-11-18 00:00:00+00:00,36568.1,-0.001252220312786142,1,1,1
2023-11-19 00:00:00+00:00,37359.86,0.021420590373204398,1,1,1
2023-11-20 00:00:00+00:00,37448.78,0.0023772666332884944,1,1,1
2023-11-21 00:00:00+00:00,35741.65,-0.046657457238005864,1,1,1
2023-11-22 00:00:00+00:00,37408.34,0.045576998787717926,1,1,1
2023-11-23 00:00:00+00:00,37294.28,-0.003053710529443689,1,1,1
2023-11-24 00:00:00+00:00,37713.57,0.011180012954367782,1,1,1
2023-11-25 00:00:00+00:00,37780.67,0.0017776195288349984,1,1,1
2023-11-26 00:00:00+00:00,37447.43,-0.008859513391713852,1,1,1
2023-11-27 00:00:00+00:00,37242.7,-0.005482130309367848,1,1,1
2023-11-28 00:00:00+00:00,37818.87,0.01535223194675372,1,1,1
2023-11-29 00:00:00+00:00,37854.64,0.0009453771250752638,1,1,1
2023-11-30 00:00:00+00:00,37723.96,-0.0034581251896556686,1,1,1
2023-12-01 00:00:00+00:00,38682.52,0.025092382063089787,1,1,1
2023-12-02 00:00:00+00:00,39450.35,0.019655100831166433,1,1,1
2023-12-03 00:00:00+00:00,39972.26,0.013142794289187723,1,1,1
2023-12-04 00:00:00+00:00,41991.1,0.049271977534901416,1,1,1
2023-12-05 00:00:00+00:00,44073.32,0.04839691964470645,1,1,1
2023-12-06 00:00:00+00:00,43762.69,-0.007072982823143485,1,1,1
2023-12-07 00:00:00+00:00,43273.14,-0.011249508685349425,1,1,1
2023-12-08 00:00:00+00:00,44170.99,0.020536119557329653,1,1,1
2023-12-09 00:00:00+00:00,43713.6,-0.010408972260493799,1,1,1
2023-12-10 00:00:00+00:00,43789.51,0.0017350244818206502,1,1,1
2023-12-11 00:00:00+00:00,41253.4,-0.059660757354924286,1,1,1
2023-12-12 00:00:00+00:00,41492.39,0.005776503301278852,1,1,1
2023-12-13 00:00:00+00:00,42869.03,0.032639616880829996,1,1,1
2023-12-14 00:00:00+00:00,43022.26,0.0035680023564587876,1,1,1
2023-12-15 00:00:00+00:00,41940.3,-0.025470477640977214,1,1,1
2023-12-16 00:00:00+00:00,42278.03,0.008020387258140575,1,1,1
2023-12-17 00:00:00+00:00,41374.65,-0.021599191335207872,1,1,1
2023-12-18 00:00:00+00:00,42657.8,0.030541766708551847,1,1,1
2023-12-19 00:00:00+00:00,42275.99,-0.008990828549252048,1,1,1
2023-12-20 00:00:00+00:00,43668.93,0.03241755264462973,1,1,1
2023-12-21 00:00:00+00:00,43861.8,0.004406916568444891,1,1,1
2023-12-22 00:00:00+00:00,43969.04,0.0024419680670525194,1,1,1
2023-12-23 00:00:00+00:00,43702.16,-0.006088221088727501,1,1,1
2023-12-24 00:00:00+00:00,42991.5,-0.016395107062850675,1,1,1
2023-12-25 00:00:00+00:00,43576.13,0.013507101635684676,1,1,1
2023-12-26 00:00:00+00:00,42508.93,-0.02479535186467053,1,1,1
2023-12-27 00:00:00+00:00,43428.85,0.02140979529821103,1,1,1
2023-12-28 00:00:00+00:00,42563.76,-0.02012077980823538,1,1,1
2023-12-29 00:00:00+00:00,42066.95,-0.011740790238734814,1,1,1
2023-12-30 00:00:00+00:00,42140.28,0.0017416561151908701,1,1,1
2023-12-31 00:00:00+00:00,42283.58,0.0033947781497301243,1,1,1
2024-01-01 00:00:00+00:00,44179.55,0.04386318131378095,1,1,1
2024-01-02 00:00:00+00:00,44946.91,0.01722000317113513,1,1,1
2024-01-03 00:00:00+00:00,42845.23,-0.04788769521256018,1,1,1
2024-01-04 00:00:00+00:00,44151.1,0.03002352150755492,1,1,1
2024-01-05 00:00:00+00:00,44145.11,-0.0001356796630157846,1,1,1
2024-01-06 00:00:00+00:00,43968.32,-0.004012787545087865,1,1,1
2024-01-07 00:00:00+00:00,43929.02,-0.000894225072540774,1,1,1
2024-01-08 00:00:00+00:00,46951.04,0.06653020711240704,1,1,1
2024-01-09 00:00:00+00:00,46110.0,-0.018075510415030107,1,1,1
2024-01-10 00:00:00+00:00,46653.99,0.01172860796383382,1,1,1
2024-01-11 00:00:00+00:00,46339.16,-0.006771062230729273,1,1,1
2024-01-12 00:00:00+00:00,42782.73,-0.0798528754667809,1,0,1
2024-01-13 00:00:00+00:00,42847.99,0.0015242196406752171,1,0,1
2024-01-14 00:00:00+00:00,41732.35,-0.02638212870563945,1,0,0
2024-01-15 00:00:00+00:00,42511.1,0.01848861088034885,1,0,0
2024-01-16 00:00:00+00:00,43137.95,0.014637901828299413,1,0,1
2024-01-17 00:00:00+00:00,42776.1,-0.008423584725432613,1,0,0
2024-01-18 00:00:00+00:00,41327.5,-0.03445139745815894,1,0,0
2024-01-19 00:00:00+00:00,41659.03,0.007990013891329613,1,0,0
2024-01-20 00:00:00+00:00,41696.04,0.0008880084302503328,1,0,0
2024-01-21 00:00:00+00:00,41580.33,-0.002778941360300473,1,0,0
2024-01-22 00:00:00+00:00,39568.02,-0.049606002668420156,1,0,0
2024-01-23 00:00:00+00:00,39897.6,0.008294955472882228,1,0,0
2024-01-24 00:00:00+00:00,40084.88,0.004683034141144241,1,0,0
2024-01-25 00:00:00+00:00,39961.09,-0.003092975166303934,1,0,0
2024-01-26 00:00:00+00:00,41823.51,0.04555239092628425,1,0,0
2024-01-27 00:00:00+00:00,42120.63,0.00707902280697713,1,0,0
2024-01-28 00:00:00+00:00,42031.06,-0.002128775638974226,1,0,0
2024-01-29 00:00:00+00:00,43302.7,0.029806119942710457,1,0,1
2024-01-30 00:00:00+00:00,42941.1,-0.008385579459892248,1,0,1
2024-01-31 00:00:00+00:00,42580.0,-0.008444749797383772,1,0,0
2024-02-01 00:00:00+00:00,43082.94,0.011742435619609937,1,0,1
2024-02-02 00:00:00+00:00,43200.0,0.0027134001651212595,1,0,1
2024-02-03 00:00:00+00:00,43011.09,-0.004382505832045197,1,0,1
2024-02-04 00:00:00+00:00,42582.88,-0.010005694851545816,1,0,0
2024-02-05 00:00:00+00:00,42708.7,0.002950351987088814,1,0,0
2024-02-06 00:00:00+00:00,43098.95,0.009095988310426472,1,0,1
2024-02-07 00:00:00+00:00,44349.6,0.028605054685199374,1,0,1
2024-02-08 00:00:00+00:00,45288.65,0.02095275967005496,1,0,1
2024-02-09 00:00:00+00:00,47132.77,0.039912063594217916,1,0,1
2024-02-10 00:00:00+00:00,47751.09,0.013033381077871586,1,0,1
2024-02-11 00:00:00+00:00,48299.99,0.01142945972783506,1,0,1
2024-02-12 00:00:00+00:00,49917.27,0.03293568144658824,1,0,1
2024-02-13 00:00:00+00:00,49699.59,-0.004370351494182536,1,0,1
2024-02-14 00:00:00+00:00,51795.17,0.041300218103198914,1,0,1
2024-02-15 00:00:00+00:00,51880.0,0.0016364577734705157,1,0,1
2024-02-16 00:00:00+00:00,52124.11,0.004694246184426713,1,0,1
2024-02-17 00:00:00+00:00,51642.64,-0.009279917800631372,1,0,1
2024-02-18 00:00:00+00:00,52137.67,0.009540032294676114,1,0,1
2024-02-19 00:00:00+00:00,51774.73,-0.00698552773070659,1,0,1
2024-02-20 00:00:00+00:00,52258.82,0.009306488030900633,1,0,1
2024-02-21 00:00:00+00:00,51849.39,-0.007865510526459354,1,1,1
2024-02-22 00:00:00+00:00,51288.42,-0.01087817419895304,1,1,1
2024-02-23 00:00:00+00:00,50744.15,-0.010668655359765033,1,1,1
2024-02-24 00:00:00+00:00,51568.22,0.016109250933854777,1,1,1
2024-02-25 00:00:00+00:00,51728.85,0.0031100616788884284,1,1,1
2024-02-26 00:00:00+00:00,54476.47,0.051753212367562834,1,1,1
2024-02-27 00:00:00+00:00,57037.34,0.045937275755513214,1,1,1
2024-02-28 00:00:00+00:00,62432.1,0.09037342510456357,1,1,1
2024-02-29 00:00:00+00:00,61130.98,-0.021060790861507746,1,1,1
2024-03-01 00:00:00+00:00,62387.9,0.02035257099534111,1,1,1
2024-03-02 00:00:00+00:00,61987.28,-0.006442143609634661,1,1,1
2024-03-03 00:00:00+00:00,63113.97,0.018012936948412033,1,1,1
2024-03-04 00:00:00+00:00,68245.71,0.07817243529189463,1,1,1
2024-03-05 00:00:00+00:00,63724.01,-0.06855316030923639,1,1,1
2024-03-06 00:00:00+00:00,66074.04,0.03621451680304252,1,1,1
2024-03-07 00:00:00+00:00,66823.17,0.011273945248864211,1,1,1
2024-03-08 00:00:00+00:00,68124.19,0.019282486315176334,1,1,1
2024-03-09 00:00:00+00:00,68313.27,0.0027716745979517753,1,1,1
2024-03-10 00:00:00+00:00,68955.88,0.009362842188647231,1,1,1
2024-03-11 00:00:00+00:00,72078.1,0.044283373561153284,1,1,1
2024-03-12 00:00:00+00:00,71452.01,-0.008724217811494954,1,1,1
2024-03-13 00:00:00+00:00,73072.41,0.022424831790492365,1,1,1
2024-03-14 00:00:00+00:00,71388.94,-0.02330791194500903,1,1,1
2024-03-15 00:00:00+00:00,69499.85,-0.02681836109117046,1,1,1
2024-03-16 00:00:00+00:00,65300.63,-0.062322910279710986,1,1,1
2024-03-17 00:00:00+00:00,68393.48,0.046275814432356635,1,1,1
2024-03-18 00:00:00+00:00,67609.99,-0.01152174525222046,1,1,1
2024-03-19 00:00:00+00:00,61937.4,-0.08763155563733493,1,1,1
2024-03-20 00:00:00+00:00,67840.51,0.09103531158594273,1,1,1
2024-03-21 00:00:00+00:00,65501.27,-0.03508997737785613,1,1,1
2024-03-22 00:00:00+00:00,63796.64,-0.026369007379098856,1,1,1
2024-03-23 00:00:00+00:00,63990.01,0.003026453038660462,1,1,1
2024-03-24 00:00:00+00:00,67209.99,0.04909491976870599,1,1,1
2024-03-25 00:00:00+00:00,69880.01,0.038957731173826136,1,1,1
2024-03-26 00:00:00+00:00,69988.0,0.0015441704140665396,1,1,1
2024-03-27 00:00:00+00:00,69469.99,-0.007428938024621631,1,1,1
2024-03-28 00:00:00+00:00,70780.6,0.01869009109453202,1,1,1
2024-03-29 00:00:00+00:00,69850.54,-0.01322713532737063,1,1,1
2024-03-30 00:00:00+00:00,69582.18,-0.0038493164497219014,1,1,1
2024-03-31 00:00:00+00:00,71280.01,0.024107423379159526,1,1,1
2024-04-01 00:00:00+00:00,69649.8,-0.02313609473301786,1,1,1
2024-04-02 00:00:00+00:00,65463.99,-0.06197960825197718,1,1,1
2024-04-03 00:00:00+00:00,65963.28,0.007598003093028574,1,1,1
2024-04-04 00:00:00+00:00,68487.79,0.03755725764251874,1,1,1
2024-04-05 00:00:00+00:00,67820.62,-0.009789202703133824,1,1,1
2024-04-06 00:00:00+00:00,68896.0,0.015731842680183246,1,1,1
2024-04-07 00:00:00+00:00,69360.39,0.006717834111896003,1,1,1
2024-04-08 00:00:00+00:00,71620.0,0.03205840927643814,1,1,1
2024-04-09 00:00:00+00:00,69146.0,-0.03515415339654028,1,1,1
2024-04-10 00:00:00+00:00,70631.08,0.02125006308303191,1,1,1
2024-04-11 00:00:00+00:00,70006.23,-0.00888603616768445,1,1,1
2024-04-12 00:00:00+00:00,67116.52,-0.04215402471169341,1,1,1
2024-04-13 00:00:00+00:00,63924.51,-0.04872735746222276,1,1,1
2024-04-14 00:00:00+00:00,65661.84,0.026815078915186055,1,1,1
2024-04-15 00:00:00+00:00,63419.99,-0.03473882339914055,1,1,1
2024-04-16 00:00:00+00:00,63793.39,0.005870468536476564,1,1,1
2024-04-17 00:00:00+00:00,61277.37,-0.040238973210926274,1,1,1
2024-04-18 00:00:00+00:00,63470.08,0.035158006998813135,1,1,1
2024-04-19 00:00:00+00:00,63818.01,0.005466825160537417,1,1,1
2024-04-20 00:00:00+00:00,64940.59,0.01743741302682119,1,1,1
2024-04-21 00:00:00+00:00,64941.15,8.623229100669178e-06,1,1,1
2024-04-22 00:00:00+00:00,66819.32,0.028510785110948657,1,1,1
2024-04-23 00:00:00+00:00,66414.0,-0.006084382651452649,1,1,1
2024-04-24 00:00:00+00:00,64289.59,-0.03251015685090299,1,1,1
2024-04-25 00:00:00+00:00,64498.34,0.0032417662557915235,1,1,1
2024-04-26 00:00:00+00:00,63770.01,-0.011356469895713836,1,1,1
2024-04-27 00:00:00+00:00,63461.98,-0.004842030716018614,1,1,1
2024-04-28 00:00:00+00:00,63118.62,-0.005425173243951366,1,1,1
2024-04-29 00:00:00+00:00,63866.0,0.01177132522006203,1,1,1
2024-04-30 00:00:00+00:00,60672.0,-0.051304831768252054,1,1,1
2024-05-01 00:00:00+00:00,58364.97,-0.03876642553474422,1,1,1
2024-05-02 00:00:00+00:00,59060.61,0.011848323644138173,1,1,1
2024-05-03 00:00:00+00:00,62882.01,0.06269590851696512,1,1,1
2024-05-04 00:00:00+00:00,63892.04,0.01593467072506892,1,1,1
2024-05-05 00:00:00+00:00,64012.0,0.0018757817997593531,1,1,1
2024-05-06 00:00:00+00:00,63165.19,-0.013317207511333138,1,1,1
2024-05-07 00:00:00+00:00,62312.08,-0.013598050793730939,1,1,1
2024-05-08 00:00:00+00:00,61193.03,-0.018122013335120257,1,1,1
2024-05-09 00:00:00+00:00,63074.01,0.030275504659909153,1,1,1
2024-05-10 00:00:00+00:00,60799.99,-0.03671917430504504,1,1,1
2024-05-11 00:00:00+00:00,60825.99,0.0004275402409262431,1,1,1
2024-05-12 00:00:00+00:00,61483.99,0.01075965097938284,1,1,1
2024-05-13 00:00:00+00:00,62940.08,0.023406346968515828,1,1,1
2024-05-14 00:00:00+00:00,61577.49,-0.021886781008613777,1,1,1
2024-05-15 00:00:00+00:00,66206.5,0.07248226375544757,1,1,1
2024-05-16 00:00:00+00:00,65235.21,-0.014779291590717515,1,1,1
2024-05-17 00:00:00+00:00,67024.0,0.027051410361314365,1,1,1
2024-05-18 00:00:00+00:00,66915.2,-0.0016246180943355483,1,1,1
2024-05-19 00:00:00+00:00,66274.01,-0.00962833180615985,1,1,1
2024-05-20 00:00:00+00:00,71446.62,0.07515278314448008,1,1,1
2024-05-21 00:00:00+00:00,70148.34,-0.018338454758227797,1,1,1
2024-05-22 00:00:00+00:00,69166.62,-0.014093766386815483,1,1,1
2024-05-23 00:00:00+00:00,67969.65,-0.017457094288918538,1,1,1
2024-05-24 00:00:00+00:00,68549.99,0.008501978114690344,1,1,1
2024-05-25 00:00:00+00:00,69290.57,0.01074556177134258,1,1,1
2024-05-26 00:00:00+00:00,68507.67,-0.011363112097898122,1,1,1
2024-05-27 00:00:00+00:00,69436.43,0.013465947937329524,1,1,1
2024-05-28 00:00:00+00:00,68398.39,-0.0150623714003808,1,1,1
2024-05-29 00:00:00+00:00,67652.42,-0.010966160005080427,1,1,1
2024-05-30 00:00:00+00:00,68352.17,0.010290184685345129,1,1,1
2024-05-31 00:00:00+00:00,67540.01,-0.011953148002230988,1,1,1
2024-06-01 00:00:00+00:00,67766.85,0.003352974306247208,1,1,1
2024-06-02 00:00:00+00:00,67765.63,-1.800306465331948e-05,1,1,1
2024-06-03 00:00:00+00:00,68809.9,0.015292495676779325,1,1,1
2024-06-04 00:00:00+00:00,70537.84,0.02480167347858517,1,1,1
2024-06-05 00:00:00+00:00,71108.0,0.008050544645661345,1,1,1
2024-06-06 00:00:00+00:00,70799.06,-0.004354124285061161,1,1,1
2024-06-07 00:00:00+00:00,69355.6,-0.020598830454873523,1,1,1
2024-06-08 00:00:00+00:00,69310.46,-0.00065106056369522,1,1,1
2024-06-09 00:00:00+00:00,69648.14,0.004860162159083764,1,1,1
2024-06-10 00:00:00+00:00,69540.0,-0.0015538683361776106,1,1,1
2024-06-11 00:00:00+00:00,67314.24,-0.032530322415029955,1,1,1
2024-06-12 00:00:00+00:00,68263.99,0.014010590579490376,1,1,1
2024-06-13 00:00:00+00:00,66773.01,-0.02208343776467173,1,1,1
2024-06-14 00:00:00+00:00,66043.99,-0.010977921824138023,1,1,1
2024-06-15 00:00:00+00:00,66228.25,0.0027860739213107213,1,1,1
2024-06-16 00:00:00+00:00,66676.87,0.006751007092293841,1,1,1
2024-06-17 00:00:00+00:00,66504.33,-0.002591057844952401,1,1,1
2024-06-18 00:00:00+00:00,65175.32,-0.020186188658431685,1,1,1
2024-06-19 00:00:00+00:00,64974.37,-0.0030879852219766885,1,1,1
2024-06-20 00:00:00+00:00,64869.99,-0.001607771373120505,1,1,1
2024-06-21 00:00:00+00:00,64143.56,-0.011261416759841722,1,1,1
2024-06-22 00:00:00+00:00,64262.01,0.001844936066219504,1,1,1
2024-06-23 00:00:00+00:00,63210.01,-0.016505957689856198,1,1,1
2024-06-24 00:00:00+00:00,60293.3,-0.04724168823827901,1,1,1
2024-06-25 00:00:00+00:00,61806.01,0.024779622477455705,1,1,1
2024-06-26 00:00:00+00:00,60864.99,-0.015342476362678105,1,1,1
2024-06-27 00:00:00+00:00,61706.47,0.013730655086801458,1,1,1
2024-06-28 00:00:00+00:00,60427.84,-0.020938861751513153,1,1,1
2024-06-29 00:00:00+00:00,60986.68,0.009205553774616642,1,1,1
2024-06-30 00:00:00+00:00,62772.01,0.028853793809744524,1,1,1
2024-07-01 00:00:00+00:00,62899.99,0.0020367312407112426,1,1,1
2024-07-02 00:00:00+00:00,62135.47,-0.012229003319739846,1,1,1
2024-07-03 00:00:00+00:00,60208.58,-0.0315021343281225,1,1,1
2024-07-04 00:00:00+00:00,57050.01,-0.05388661548310068,1,1,1
2024-07-05 00:00:00+00:00,56628.79,-0.007410738462197537,1,1,1
2024-07-06 00:00:00+00:00,58230.13,0.027885405242016163,1,1,1
2024-07-07 00:00:00+00:00,55857.81,-0.04159356377998373,1,1,1
2024-07-08 00:00:00+00:00,56714.62,0.015222671228313616,1,1,1
2024-07-09 00:00:00+00:00,58050.0,0.023272682322844962,1,1,1
2024-07-10 00:00:00+00:00,57725.85,-0.0055996280225802065,1,1,1
2024-07-11 00:00:00+00:00,57339.89,-0.006708538049520128,1,1,1
2024-07-12 00:00:00+00:00,57889.1,0.009532569171711086,1,1,1
2024-07-13 00:00:00+00:00,59204.02,0.022460333746386348,1,1,1
2024-07-14 00:00:00+00:00,60797.91,0.02656596839138983,1,1,1
2024-07-15 00:00:00+00:00,64724.14,0.06257882518464983,1,1,1
2024-07-16 00:00:00+00:00,65043.99,0.004929571655444641,1,1,1
2024-07-17 00:00:00+00:00,64087.99,-0.014806827344029673,1,1,1
2024-07-18 00:00:00+00:00,63987.92,-0.0015626673332034774,1,1,1
2024-07-19 00:00:00+00:00,66660.0,0.040910757335444886,1,1,1
2024-07-20 00:00:00+00:00,67139.96,0.00717432290208512,1,1,1
2024-07-21 00:00:00+00:00,68165.34,0.015156828740989328,1,1,1
2024-07-22 00:00:00+00:00,67532.01,-0.009334516829783621,1,1,1
2024-07-23 00:00:00+00:00,65936.01,-0.023916981434216472,1,1,1
2024-07-24 00:00:00+00:00,65376.0,-0.008529507623456263,1,1,1
2024-07-25 00:00:00+00:00,65799.95,0.006463859817351855,1,1,1
2024-07-26 00:00:00+00:00,67907.99,0.03153462223775808,1,1,1
2024-07-27 00:00:00+00:00,67896.5,-0.00016921384598440523,1,1,1
2024-07-28 00:00:00+00:00,68249.88,0.005191188977428364,1,1,1
2024-07-29 00:00:00+00:00,66784.69,-0.02170181316434392,1,1,1
2024-07-30 00:00:00+00:00,66188.0,-0.008974685027823451,1,1,1
2024-07-31 00:00:00+00:00,64628.0,-0.02385142421501373,1,1,1
2024-08-01 00:00:00+00:00,65354.02,0.011171199683345215,1,1,1
2024-08-02 00:00:00+00:00,61498.33,-0.06080893312569105,1,1,1
2024-08-03 00:00:00+00:00,60697.99,-0.013099436128860992,1,1,1
2024-08-04 00:00:00+00:00,58161.0,-0.04269555681819708,1,1,1
2024-08-05 00:00:00+00:00,54018.81,-0.07388270778154322,1,0,0
2024-08-06 00:00:00+00:00,56022.01,0.03641232998749407,1,0,0
2024-08-07 00:00:00+00:00,55134.16,-0.015975161468007117,1,0,0
2024-08-08 00:00:00+00:00,61685.99,0.11228735091416127,1,0,0
2024-08-09 00:00:00+00:00,60837.99,-0.013842409307287744,1,0,0
2024-08-10 00:00:00+00:00,60923.51,0.001404713543484379,0,0,0
2024-08-11 00:00:00+00:00,58712.59,-0.036964958668207114,0,0,0
2024-08-12 00:00:00+00:00,59346.64,0.010741321896940523,0,0,0
2024-08-13 00:00:00+00:00,60587.15,0.020687318243458014,0,0,0
2024-08-14 00:00:00+00:00,58683.39,-0.031926101818424826,0,0,0
2024-08-15 00:00:00+00:00,57541.06,-0.019657942646201854,0,0,0
2024-08-16 00:00:00+00:00,58874.6,0.022910978337253942,0,0,0
2024-08-17 00:00:00+00:00,59491.99,0.010431923382209742,0,0,0
2024-08-18 00:00:00+00:00,58427.35,-0.018057579517003593,0,0,0
2024-08-19 00:00:00+00:00,59438.5,0.017158062435947308,0,0,0
2024-08-20 00:00:00+00:00,59013.8,-0.007170849698593443,0,0,0
2024-08-21 00:00:00+00:00,61156.03,0.03565715238614722,0,0,0
2024-08-22 00:00:00+00:00,60375.84,-0.012839442327577983,0,0,0
2024-08-23 00:00:00+00:00,64037.24,0.05887576421662603,0,0,1
2024-08-24 00:00:00+00:00,64157.01,0.0018685710918962383,0,0,1
2024-08-25 00:00:00+00:00,64220.0,0.0009813284334161388,0,0,1
2024-08-26 00:00:00+00:00,62834.0,-0.021818360418123024,0,0,1
2024-08-27 00:00:00+00:00,59415.0,-0.05594960850125526,0,0,0
2024-08-28 00:00:00+00:00,59034.9,-0.006417925294743356,0,0,0
2024-08-29 00:00:00+00:00,59359.01,0.005475126375226921,0,0,0
2024-08-30 00:00:00+00:00,59123.99,-0.003967156608714223,0,0,0
2024-08-31 00:00:00+00:00,58973.99,-0.00254026496747557,0,0,0
2024-09-01 00:00:00+00:00,57301.86,-0.028763415319443375,0,0,0
2024-09-02 00:00:00+00:00,59132.13,0.03144134758080365,0,0,0
2024-09-03 00:00:00+00:00,57487.73,-0.028202897779850595,0,0,0
2024-09-04 00:00:00+00:00,57970.9,0.008369626775024829,0,0,0
2024-09-05 00:00:00+00:00,56180.0,-0.03138033882672037,0,0,0
2024-09-06 00:00:00+00:00,53962.97,-0.040262751080288636,0,0,0
2024-09-07 00:00:00+00:00,54160.86,0.0036604367595428834,0,0,0
2024-09-08 00:00:00+00:00,54869.95,0.01300733247035669,0,0,0
2024-09-09 00:00:00+00:00,57042.0,0.03882199877924005,0,0,0
2024-09-10 00:00:00+00:00,57635.99,0.010359360363052208,0,0,0
2024-09-11 00:00:00+00:00,57338.0,-0.005183618786241656,0,0,0
2024-09-12 00:00:00+00:00,58132.32,0.013758211280425158,0,0,0
2024-09-13 00:00:00+00:00,60498.0,0.039888515176949337,0,0,1
2024-09-14 00:00:00+00:00,59993.03,-0.008381917831569096,0,1,1
2024-09-15 00:00:00+00:00,59132.0,-0.014456155768720775,0,1,1
2024-09-16 00:00:00+00:00,58213.99,-0.01564652918074257,0,1,1
2024-09-17 00:00:00+00:00,60313.99,0.035438379599161005,0,1,1
2024-09-18 00:00:00+00:00,61759.99,0.023691660342147144,0,1,1
2024-09-19 00:00:00+00:00,62947.99,0.01905308607791393,0,1,1
2024-09-20 00:00:00+00:00,63201.05,0.004012085061529829,0,1,1
2024-09-21 00:00:00+00:00,63348.96,0.0023375749611005414,0,1,1
2024-09-22 00:00:00+00:00,63578.76,0.0036209624041565595,0,1,1
2024-09-23 00:00:00+00:00,63339.99,-0.0037625690717466927,0,1,1
2024-09-24 00:00:00+00:00,64262.7,0.01446248637939056,0,1,1
2024-09-25 00:00:00+00:00,63152.01,-0.017434692343162504,0,1,1
2024-09-26 00:00:00+00:00,65173.99,0.03151578569135097,0,1,1
2024-09-27 00:00:00+00:00,65769.95,0.009102584128001627,0,1,1
2024-09-28 00:00:00+00:00,65858.0,0.0013378619530761801,0,1,1
2024-09-29 00:00:00+00:00,65602.01,-0.003894573316477157,0,1,1
2024-09-30 00:00:00+00:00,63327.59,-0.03528524055475455,0,1,1
2024-10-01 00:00:00+00:00,60805.78,-0.04063624492665931,0,1,1
2024-10-02 00:00:00+00:00,60649.28,-0.002577086316775542,0,1,1
2024-10-03 00:00:00+00:00,60752.71,0.001703926352847916,0,1,1
2024-10-04 00:00:00+00:00,62086.0,0.02170883041003728,0,1,1
2024-10-05 00:00:00+00:00,62058.0,-0.00045108906551724495,0,1,1
2024-10-06 00:00:00+00:00,62819.91,0.012202629820996201,0,1,1
2024-10-07 00:00:00+00:00,62224.0,-0.009531284031326389,0,1,1
2024-10-08 00:00:00+00:00,62160.49,-0.0010211885021863328,0,1,1
2024-10-09 00:00:00+00:00,60636.02,-0.024830482976427176,0,1,1
2024-10-10 00:00:00+00:00,60326.39,-0.005119452832531935,0,1,1
2024-10-11 00:00:00+00:00,62540.0,0.03603669892744918,0,1,1
2024-10-12 00:00:00+00:00,63206.22,0.010596362001929363,0,1,1
2024-10-13 00:00:00+00:00,62870.02,-0.0053332935199566596,0,1,1
2024-10-14 00:00:00+00:00,66083.99,0.04985708823410627,0,1,1
2024-10-15 00:00:00+00:00,67074.14,0.014872066015212413,0,1,1
2024-10-16 00:00:00+00:00,67620.01,0.008105370403983361,0,1,1
2024-10-17 00:00:00+00:00,67421.78,-0.0029358340463448997,0,1,1
2024-10-18 00:00:00+00:00,68428.0,0.014813986471420449,0,1,1
2024-10-19 00:00:00+00:00,68378.0,-0.0007309621248523259,0,1,1
2024-10-20 00:00:00+00:00,69031.99,0.00951888488044817,0,1,1
2024-10-21 00:00:00+00:00,67377.5,-0.02425888605349007,0,1,1
2024-10-22 00:00:00+00:00,67426.0,0.0007195659176902162,0,1,1
2024-10-23 00:00:00+00:00,66668.65,-0.01129587277243706,0,1,1
2024-10-24 00:00:00+00:00,68198.28,0.02268451715263484,0,1,1
2024-10-25 00:00:00+00:00,66698.33,-0.022239429463163648,0,1,1
2024-10-26 00:00:00+00:00,67092.76,0.005896224370562871,0,1,1
2024-10-27 00:00:00+00:00,68021.7,0.013750632418520554,0,1,1
2024-10-28 00:00:00+00:00,69962.21,0.02812846721520796,1,1,1
2024-10-29 00:00:00+00:00,72736.42,0.03888698282937757,1,1,1
2024-10-30 00:00:00+00:00,72344.74,-0.005399473668343945,1,1,1
2024-10-31 00:00:00+00:00,70292.01,-0.02878461169591104,1,1,1
2024-11-01 00:00:00+00:00,69496.01,-0.011388795745506882,1,1,1
2024-11-02 00:00:00+00:00,69374.74,-0.0017465165389545408,1,1,1
2024-11-03 00:00:00+00:00,68775.99,-0.008668122839253566,1,1,1
2024-11-04 00:00:00+00:00,67850.01,-0.013555167807772158,1,1,1
2024-11-05 00:00:00+00:00,69372.01,0.02218393837390412,1,1,1
2024-11-06 00:00:00+00:00,75571.99,0.08560223984821512,1,0,1
2024-11-07 00:00:00+00:00,75857.89,0.0037760095920657505,1,0,1
2024-11-08 00:00:00+00:00,76509.78,0.00855685431952021,1,0,1
2024-11-09 00:00:00+00:00,76677.46,0.0021892171563324633,1,0,1
2024-11-10 00:00:00+00:00,80370.01,0.04703330369431591,1,0,1
2024-11-11 00:00:00+00:00,88647.99,0.09803226217915882,1,0,1
2024-11-12 00:00:00+00:00,87952.01,-0.007882034011635572,1,0,1
2024-11-13 00:00:00+00:00,90375.2,0.027178568661184198,1,0,1
2024-11-14 00:00:00+00:00,87325.59,-0.03432634643790914,1,0,1
2024-11-15 00:00:00+00:00,91032.07,0.041568314974823425,1,0,1
2024-11-16 00:00:00+00:00,90586.92,-0.004902030249246929,1,0,1
2024-11-17 00:00:00+00:00,89855.99,-0.008101554091419313,1,0,1
2024-11-18 00:00:00+00:00,90464.08,0.006744588166355547,1,0,1
2024-11-19 00:00:00+00:00,92310.79,0.02020817024435305,1,0,1
2024-11-20 00:00:00+00:00,94286.56,0.021177619537080205,1,0,1
2024-11-21 00:00:00+00:00,98317.12,0.04185951709945262,1,0,1
2024-11-22 00:00:00+00:00,98892.0,0.005830172847894076,1,0,1
2024-11-23 00:00:00+00:00,97672.4,-0.012409323871574746,1,0,1
2024-11-24 00:00:00+00:00,97900.04,0.002327936418892903,1,0,1
2024-11-25 00:00:00+00:00,93010.01,-0.051239836346874276,1,0,1
2024-11-26 00:00:00+00:00,91965.16,-0.011297312096130885,1,0,1
2024-11-27 00:00:00+00:00,95863.11,0.04151142667791282,1,0,1
2024-11-28 00:00:00+00:00,95643.98,-0.002288480239917697,1,0,1
2024-11-29 00:00:00+00:00,97460.0,0.01880928130380514,1,0,1
2024-11-30 00:00:00+00:00,96407.99,-0.010852955416106586,1,0,1
2024-12-01 00:00:00+00:00,97185.18,0.008029148706736931,1,0,1
2024-12-02 00:00:00+00:00,95840.62,-0.013931627244584067,1,0,1
2024-12-03 00:00:00+00:00,95849.69,9.463180488125695e-05,1,0,1
2024-12-04 00:00:00+00:00,98587.32,0.028161417666881416,1,0,1
2024-12-05 00:00:00+00:00,96945.63,-0.01679234704122157,1,0,1
2024-12-06 00:00:00+00:00,99740.84,0.028424916087496886,1,0,1
2024-12-07 00:00:00+00:00,99831.99,0.0009134510578209996,1,0,1
2024-12-08 00:00:00+00:00,101109.59,0.012716305068205409,1,0,1
2024-12-09 00:00:00+00:00,97276.47,-0.03864784755258232,1,0,1
2024-12-10 00:00:00+00:00,96593.0,-0.007050855728157901,1,0,1
2024-12-11 00:00:00+00:00,101125.0,0.04585110055392514,1,0,1
2024-12-12 00:00:00+00:00,100004.29,-0.011144290310743151,1,0,1
2024-12-13 00:00:00+00:00,101424.25,0.014099129370686553,1,0,1
2024-12-14 00:00:00+00:00,101420.0,-4.190407172619906e-05,1,0,1
2024-12-15 00:00:00+00:00,104463.99,0.02957210835064263,1,0,1
2024-12-16 00:00:00+00:00,106058.66,0.015149918553743596,1,1,1
2024-12-17 00:00:00+00:00,106133.74,0.0007076596818099129,1,1,1
2024-12-18 00:00:00+00:00,100204.01,-0.057491789143001994,1,1,1
2024-12-19 00:00:00+00:00,97461.86,-0.02774708582409932,1,1,1
2024-12-20 00:00:00+00:00,97805.44,0.003519077229743537,1,1,1
2024-12-21 00:00:00+00:00,97291.99,-0.005263536125710258,1,1,1
2024-12-22 00:00:00+00:00,95186.27,-0.02188095438284901,1,1,1
2024-12-23 00:00:00+00:00,94881.47,-0.0032072803231183965,1,1,1
2024-12-24 00:00:00+00:00,98663.58,0.039087452998785556,1,1,1
2024-12-25 00:00:00+00:00,99429.6,0.007733974670366026,1,1,1
2024-12-26 00:00:00+00:00,95791.6,-0.03727485759295436,1,1,1
2024-12-27 00:00:00+00:00,94299.03,-0.01570409519397809,1,1,1
2024-12-28 00:00:00+00:00,95300.0,0.010558907393903796,1,1,1
2024-12-29 00:00:00+00:00,93738.2,-0.016524020398176582,1,1,1
2024-12-30 00:00:00+00:00,92792.05,-0.010144822242994745,1,1,1
2024-12-31 00:00:00+00:00,93576.0,0.008412972329420844,1,1,1
2025-01-01 00:00:00+00:00,94591.79,0.010796745473918477,1,1,1
2025-01-02 00:00:00+00:00,96984.79,0.02498347626229524,1,1,1
2025-01-03 00:00:00+00:00,98174.18,0.012189085912690157,1,1,1
2025-01-04 00:00:00+00:00,98220.5,0.00047170321374159335,1,1,1
2025-01-05 00:00:00+00:00,98363.61,0.001455967374787927,1,1,1
2025-01-06 00:00:00+00:00,102235.6,0.03860903512357024,1,1,1
2025-01-07 00:00:00+00:00,96954.61,-0.05303702286757633,1,1,1
2025-01-08 00:00:00+00:00,95060.61,-0.019728242676769096,1,1,1
2025-01-09 00:00:00+00:00,92552.49,-0.026738745131460816,1,1,1
2025-01-10 00:00:00+00:00,94726.11,0.02321373193383758,1,1,1
2025-01-11 00:00:00+00:00,94599.99,-0.0013323046178590012,1,1,1
2025-01-12 00:00:00+00:00,94545.06,-0.0005808240981644022,1,1,1
2025-01-13 00:00:00+00:00,94536.1,-9.477411717486941e-05,1,1,1
2025-01-14 00:00:00+00:00,96560.86,0.021191710994825055,1,1,1
2025-01-15 00:00:00+00:00,100497.35,0.03995787586321273,1,1,1
2025-01-16 00:00:00+00:00,99987.3,-0.005088181069371945,1,1,1
2025-01-17 00:00:00+00:00,104077.48,0.040092443843718385,1,1,1
2025-01-18 00:00:00+00:00,104556.23,0.004589391046213007,1,1,1
2025-01-19 00:00:00+00:00,101331.57,-0.0313270015419219,1,1,1
2025-01-20 00:00:00+00:00,102260.01,0.009120676170877553,1,1,1
2025-01-21 00:00:00+00:00,106143.82,0.03727627951194209,1,1,1
2025-01-22 00:00:00+00:00,103706.66,-0.023228630058235156,1,1,1
2025-01-23 00:00:00+00:00,103910.34,0.001962075026061362,1,1,1
2025-01-24 00:00:00+00:00,104870.5,0.009197843721146091,1,1,1
2025-01-25 00:00:00+00:00,104746.85,-0.0011797688916675218,1,1,1
2025-01-26 00:00:00+00:00,102620.0,-0.02051364123722352,1,1,1
2025-01-27 00:00:00+00:00,102082.83,-0.005248302947392055,1,1,1
2025-01-28 00:00:00+00:00,101335.52,-0.00734755111376838,1,1,1
2025-01-29 00:00:00+00:00,103733.24,0.023385612440133215,1,1,1
2025-01-30 00:00:00+00:00,104722.94,0.009495592181071395,1,1,1
2025-01-31 00:00:00+00:00,102429.56,-0.022142853251164527,1,1,1
2025-02-01 00:00:00+00:00,100635.65,-0.017668774175154188,1,1,1
2025-02-02 00:00:00+00:00,97700.59,-0.029598970722466058,1,1,1
2025-02-03 00:00:00+00:00,101328.52,0.03646031368487303,1,1,1
2025-02-04 00:00:00+00:00,97763.13,-0.03582039951426249,1,1,1
2025-02-05 00:00:00+00:00,96612.43,-0.011840104206887518,1,1,1
2025-02-06 00:00:00+00:00,96554.35,-0.0006013456532248081,1,1,1
2025-02-07 00:00:00+00:00,96506.8,-0.0004925900520273397,1,1,1
2025-02-08 00:00:00+00:00,96444.74,-0.0006432703479849328,1,1,1
2025-02-09 00:00:00+00:00,96462.75,0.00018672162550374357,1,1,1
2025-02-10 00:00:00+00:00,97430.82,0.009985664239646478,1,1,1
2025-02-11 00:00:00+00:00,95778.2,-0.017107486030289196,1,1,1
2025-02-12 00:00:00+00:00,97869.99,0.021604863590941464,1,1,1
2025-02-13 00:00:00+00:00,96608.14,-0.012976962582638805,1,1,1
2025-02-14 00:00:00+00:00,97500.48,0.009194298389878524,1,1,1
2025-02-15 00:00:00+00:00,97569.66,0.0007092833675137415,1,1,1
2025-02-16 00:00:00+00:00,96118.12,-0.014988732643856638,1,1,1
2025-02-17 00:00:00+00:00,95780.0,-0.0035239568777999416,1,1,1
2025-02-18 00:00:00+00:00,95671.74,-0.001130937870179614,1,1,1
2025-02-19 00:00:00+00:00,96644.37,0.010114995490717066,1,1,1
2025-02-20 00:00:00+00:00,98305.0,0.017036938024453396,1,1,1
2025-02-21 00:00:00+00:00,96181.98,-0.021832868521335577,1,1,1
2025-02-22 00:00:00+00:00,96551.01,0.0038294476827775473,1,1,1
2025-02-23 00:00:00+00:00,96258.0,-0.0030393831239023624,1,1,1
2025-02-24 00:00:00+00:00,91552.88,-0.05011535775172125,1,1,1
2025-02-25 00:00:00+00:00,88680.4,-0.03187783350742482,1,1,1
2025-02-26 00:00:00+00:00,84250.09,-0.05124925785668909,1,1,1
2025-02-27 00:00:00+00:00,84708.58,0.005427257747781736,1,1,1
2025-02-28 00:00:00+00:00,84349.94,-0.004242797559089215,1,1,1
2025-03-01 00:00:00+00:00,86064.53,0.020123266049919198,1,1,1
2025-03-02 00:00:00+00:00,94270.0,0.09106564168828868,1,0,0
2025-03-03 00:00:00+00:00,86220.61,-0.08925376118948612,1,0,0
2025-03-04 00:00:00+00:00,87281.98,0.01223478265846054,1,0,0
2025-03-05 00:00:00+00:00,90606.01,0.03737651951263447,1,0,0
2025-03-06 00:00:00+00:00,89931.89,-0.007467940338037054,1,0,0
2025-03-07 00:00:00+00:00,86801.75,-0.035425823298239754,1,0,0
2025-03-08 00:00:00+00:00,86222.45,-0.006696198157303769,1,0,0
2025-03-09 00:00:00+00:00,80734.37,-0.06576620160006473,1,0,0
2025-03-10 00:00:00+00:00,78595.86,-0.026845356703792466,1,0,0
2025-03-11 00:00:00+00:00,82932.99,0.053713906024732805,1,0,0
2025-03-12 00:00:00+00:00,83680.12,0.008968502033038601,1,0,0
2025-03-13 00:00:00+00:00,81115.78,-0.03112391755655611,1,0,0
2025-03-14 00:00:00+00:00,83983.2,0.034739262047201416,1,0,0
2025-03-15 00:00:00+00:00,84338.44,0.004220972745167093,1,0,0
2025-03-16 00:00:00+00:00,82574.53,-0.021136472120496245,1,0,0
2025-03-17 00:00:00+00:00,84010.03,0.017234917011719673,1,0,0
2025-03-18 00:00:00+00:00,82715.03,-0.015534869726955195,1,0,0
2025-03-19 00:00:00+00:00,86845.94,0.04873441757894435,1,0,0
2025-03-20 00:00:00+00:00,84223.39,-0.030663070683642123,1,0,0
2025-03-21 00:00:00+00:00,84088.79,-0.0015994092488549737,1,0,0
2025-03-22 00:00:00+00:00,83840.59,-0.00295600663481781,1,0,0
2025-03-23 00:00:00+00:00,86082.5,0.026388880980959678,1,0,0
2025-03-24 00:00:00+00:00,87498.16,0.01631162582836565,1,0,0
2025-03-25 00:00:00+00:00,87392.87,-0.0012040641846587025,1,0,0
2025-03-26 00:00:00+00:00,86909.17,-0.005550150091920325,1,0,0
2025-03-27 00:00:00+00:00,87232.01,0.0037078004164337397,1,0,0
2025-03-28 00:00:00+00:00,84424.38,-0.0327151282624945,1,0,0
2025-03-29 00:00:00+00:00,82648.54,-0.02125906318917359,1,0,0
2025-03-30 00:00:00+00:00,82389.99,-0.003133210305684936,1,0,0
2025-03-31 00:00:00+00:00,82550.01,0.0019403425512951966,1,0,0
2025-04-01 00:00:00+00:00,85158.34,0.031108055610873073,1,0,0
2025-04-02 00:00:00+00:00,82516.29,-0.031516618721199686,1,0,0
2025-04-03 00:00:00+00:00,83213.09,0.008408938788086611,1,0,0
2025-04-04 00:00:00+00:00,83889.87,0.008100200026060092,1,0,0
2025-04-05 00:00:00+00:00,83537.99,-0.004203368759459135,1,0,0
2025-04-06 00:00:00+00:00,78430.0,-0.06309499122461922,1,0,0
2025-04-07 00:00:00+00:00,79163.24,0.00930554243469642,0,0,0
2025-04-08 00:00:00+00:00,76322.42,-0.036545314426559464,0,0,0
2025-04-09 00:00:00+00:00,82615.22,0.0792271898213657,0,0,0
2025-04-10 00:00:00+00:00,79607.3,-0.03708812786599812,0,0,0
2025-04-11 00:00:00+00:00,83423.84,0.04682832264786211,0,1,1
2025-04-12 00:00:00+00:00,85276.9,0.02196948907660708,0,1,1
2025-04-13 00:00:00+00:00,83760.0,-0.01794804235026729,0,1,1
2025-04-14 00:00:00+00:00,84591.58,0.009879167909975919,0,1,1
2025-04-15 00:00:00+00:00,83643.99,-0.01126515660201265,0,1,1
2025-04-16 00:00:00+00:00,84030.38,0.0046088222541115645,0,1,1
2025-04-17 00:00:00+00:00,84947.91,0.010859844983458261,0,1,1
2025-04-18 00:00:00+00:00,84474.69,-0.005586282238964962,0,1,1
2025-04-19 00:00:00+00:00,85077.01,0.0071048834511910006,0,1,1
2025-04-20 00:00:00+00:00,85179.24,0.001200895852997235,0,1,1
2025-04-21 00:00:00+00:00,87516.23,0.027066519704468342,0,1,1
2025-04-22 00:00:00+00:00,93442.99,0.06552725583428472,0,1,1
2025-04-23 00:00:00+00:00,93691.08,0.0026514695623879032,0,1,1
2025-04-24 00:00:00+00:00,93980.47,0.0030840074520417163,0,1,1
2025-04-25 00:00:00+00:00,94638.68,0.006979277255771385,0,1,1
2025-04-26 00:00:00+00:00,94628.0,-0.00011285663183106742,0,1,1
2025-04-27 00:00:00+00:00,93749.3,-0.009329217194183042,0,1,1
2025-04-28 00:00:00+00:00,95011.18,0.013370370730845774,0,1,1
2025-04-29 00:00:00+00:00,94256.82,-0.007971384433910092,0,1,1
2025-04-30 00:00:00+00:00,94172.0,-0.0009002869702098006,0,1,1
2025-05-01 00:00:00+00:00,96489.91,0.024315545810009744,0,1,1
2025-05-02 00:00:00+00:00,96887.14,0.004108352658419524,0,1,1
2025-05-03 00:00:00+00:00,95856.42,-0.01069534904680462,0,1,1
2025-05-04 00:00:00+00:00,94277.62,-0.016607613109211234,0,1,1
2025-05-05 00:00:00+00:00,94733.68,0.004825752587870044,0,1,1
2025-05-06 00:00:00+00:00,96834.02,0.021928792437757434,0,1,1
2025-05-07 00:00:00+00:00,97030.5,0.0020269832486365163,0,1,1
2025-05-08 00:00:00+00:00,103261.6,0.06224021212940302,0,1,1
2025-05-09 00:00:00+00:00,102971.99,-0.002808564699583071,0,1,1
2025-05-10 00:00:00+00:00,104809.53,0.017687693367897713,0,1,1
2025-05-11 00:00:00+00:00,104118.0,-0.0066198315306769204,0,1,1
2025-05-12 00:00:00+00:00,102791.32,-0.012823957677924932,0,1,1
2025-05-13 00:00:00+00:00,104103.72,0.012686796194268246,0,1,1
2025-05-14 00:00:00+00:00,103507.82,-0.005740544445962826,0,1,1
2025-05-15 00:00:00+00:00,103763.71,0.0024691295519930546,0,1,1
2025-05-16 00:00:00+00:00,103463.9,-0.0028935353660749547,0,1,1
2025-05-17 00:00:00+00:00,103126.65,-0.0032649150658740724,0,1,1
2025-05-18 00:00:00+00:00,106454.26,0.03175756480007516,0,1,1
2025-05-19 00:00:00+00:00,105573.74,-0.00830574322175089,0,1,1
2025-05-20 00:00:00+00:00,106849.99,0.012016222070838009,0,1,1
2025-05-21 00:00:00+00:00,109643.99,0.025812774424210004,0,1,1
2025-05-22 00:00:00+00:00,111696.21,0.018544112729196732,1,1,1
2025-05-23 00:00:00+00:00,107318.3,-0.03998359037453153,1,1,1
2025-05-24 00:00:00+00:00,107761.91,0.004125071563271793,1,1,1
2025-05-25 00:00:00+00:00,109004.19,0.011462065339148519,1,1,1
2025-05-26 00:00:00+00:00,109434.79,0.003942524889582682,1,1,1
2025-05-27 00:00:00+00:00,108938.17,-0.004548373170012511,1,1,1
2025-05-28 00:00:00+00:00,107781.78,-0.0106718460844975,1,1,1
2025-05-29 00:00:00+00:00,105589.75,-0.02054732532520838,1,1,1
2025-05-30 00:00:00+00:00,103985.48,-0.015310028157546413,1,1,1
2025-05-31 00:00:00+00:00,104591.88,0.00581464554481119,1,1,1
2025-06-01 00:00:00+00:00,105642.93,0.00999890319604234,1,1,1
2025-06-02 00:00:00+00:00,105857.99,0.002033656157331761,1,1,1
2025-06-03 00:00:00+00:00,105376.89,-0.004555126803574655,1,1,1
2025-06-04 00:00:00+00:00,104696.86,-0.00647422512636591,1,1,1
2025-06-05 00:00:00+00:00,101508.68,-0.030924814911036578,1,1,1
2025-06-06 00:00:00+00:00,104288.44,0.027016209665029333,1,1,1
2025-06-07 00:00:00+00:00,105552.15,0.012044621848145592,1,1,1
2025-06-08 00:00:00+00:00,105734.0,0.0017213626629398297,1,1,1
2025-06-09 00:00:00+00:00,110263.02,0.0419420963494116,1,1,1
2025-06-10 00:00:00+00:00,110274.39,0.00010311175786527098,1,1,1
2025-06-11 00:00:00+00:00,108645.12,-0.01488492352072924,1,1,1
2025-06-12 00:00:00+00:00,105671.73,-0.027749388787279217,1,1,1
2025-06-13 00:00:00+00:00,106066.59,0.0037297023772628075,1,1,1
2025-06-14 00:00:00+00:00,105414.64,-0.0061655785271072,1,1,1
2025-06-15 00:00:00+00:00,105594.01,0.0017001202861056666,1,1,1
2025-06-16 00:00:00+00:00,106794.53,0.011305061807508105,1,1,1
2025-06-17 00:00:00+00:00,104551.17,-0.02123009135616664,1,1,1
2025-06-18 00:00:00+00:00,104886.78,0.0032048660451346727,1,1,1
2025-06-19 00:00:00+00:00,104658.59,-0.0021779540173212956,1,1,1
2025-06-20 00:00:00+00:00,103297.99,-0.013085610610985732,1,1,1
2025-06-21 00:00:00+00:00,102120.01,-0.011469227749354669,1,1,1
2025-06-22 00:00:00+00:00,100963.87,-0.011385960226360707,1,1,1
2025-06-23 00:00:00+00:00,105333.93,0.0423728593887924,1,1,1
2025-06-24 00:00:00+00:00,106083.0,0.007086217120930923,1,1,1
2025-06-25 00:00:00+00:00,107340.58,0.011784963544526447,1,1,1
2025-06-26 00:00:00+00:00,106947.06,-0.003672824455672302,1,1,1
2025-06-27 00:00:00+00:00,107047.59,0.0009395562683027059,1,1,1
2025-06-28 00:00:00+00:00,107296.79,0.0023252311283283957,1,1,1
2025-06-29 00:00:00+00:00,108356.93,0.00983195226177919,1,1,1
2025-06-30 00:00:00+00:00,107146.5,-0.011233628430860393,1,1,1
2025-07-01 00:00:00+00:00,105681.14,-0.01377060945880646,1,1,1
2025-07-02 00:00:00+00:00,108849.6,0.029540665453745153,1,1,1
2025-07-03 00:00:00+00:00,109584.78,0.006731383365643195,1,1,1
2025-07-04 00:00:00+00:00,107984.24,-0.014713205707567904,1,1,1
2025-07-05 00:00:00+00:00,108198.12,0.001978700480306492,1,1,1
2025-07-06 00:00:00+00:00,109203.84,0.009252236497324772,1,1,1
2025-07-07 00:00:00+00:00,108262.94,-0.008653329682976453,1,1,1
2025-07-08 00:00:00+00:00,108922.98,0.0060781291164992805,1,1,1
2025-07-09 00:00:00+00:00,111233.99,0.02099497361671242,1,1,1
2025-07-10 00:00:00+00:00,116010.0,0.042040393709379065,1,1,1
2025-07-11 00:00:00+00:00,117527.66,0.012997315848983379,1,1,1
2025-07-12 00:00:00+00:00,117420.0,-0.0009164595002588142,1,1,1
2025-07-13 00:00:00+00:00,119086.64,0.014094044790011754,1,1,1
2025-07-14 00:00:00+00:00,119841.18,0.006316070756330813,1,1,1
2025-07-15 00:00:00+00:00,117758.09,-0.01753493076270058,1,1,1
2025-07-16 00:00:00+00:00,118630.43,0.0073805949622627876,1,1,1
2025-07-17 00:00:00+00:00,119177.56,0.004601451493544703,1,1,1
2025-07-18 00:00:00+00:00,117924.84,-0.01056700950065718,1,1,1
2025-07-19 00:00:00+00:00,117840.0,-0.0007197002204572691,1,1,1
2025-07-20 00:00:00+00:00,117265.12,-0.004890417918115617,1,1,1
2025-07-21 00:00:00+00:00,117380.36,0.0009822478512299445,1,1,1
2025-07-22 00:00:00+00:00,119954.42,0.021692235206271098,1,1,1
2025-07-23 00:00:00+00:00,118755.99,-0.01004095354590667,1,1,1
2025-07-24 00:00:00+00:00,118340.99,-0.0035006808084234644,1,1,1
2025-07-25 00:00:00+00:00,117614.31,-0.006159491204291899,1,1,1
2025-07-26 00:00:00+00:00,117919.99,0.002595631902628258,1,1,1
2025-07-27 00:00:00+00:00,119415.55,0.012603083346820849,1,1,1
2025-07-28 00:00:00+00:00,118062.32,-0.011396806340220294,1,1,1
2025-07-29 00:00:00+00:00,117950.76,-0.0009453714032179849,1,1,1
2025-07-30 00:00:00+00:00,117840.3,-0.0009369312651676298,1,1,1
2025-07-31 00:00:00+00:00,115764.08,-0.01777599093867902,1,1,1
2025-08-01 00:00:00+00:00,113297.93,-0.02153342924967691,1,1,1
2025-08-02 00:00:00+00:00,112546.35,-0.006655760991846373,1,1,1
2025-08-03 00:00:00+00:00,114208.8,0.014663215250676506,1,1,1
2025-08-04 00:00:00+00:00,115055.03,0.007382183600908784,1,1,1
2025-08-05 00:00:00+00:00,114129.75,-0.008074576568790104,1,1,1
2025-08-06 00:00:00+00:00,114992.27,0.00752894963418136,1,1,1
2025-08-07 00:00:00+00:00,117472.01,0.021335183728332856,1,1,1
2025-08-08 00:00:00+00:00,116674.74,-0.00681002901994848,1,1,1
2025-08-09 00:00:00+00:00,116462.25,-0.0018228772606176664,1,1,1
2025-08-10 00:00:00+00:00,119294.01,0.024023932127064194,1,1,1
2025-08-11 00:00:00+00:00,118686.0,-0.005109768025592827,1,1,1
2025-08-12 00:00:00+00:00,120134.08,0.01212710210107966,1,1,1
2025-08-13 00:00:00+00:00,123306.43,0.02606410567702287,1,1,1
2025-08-14 00:00:00+00:00,118295.09,-0.04149029256629387,1,1,1
2025-08-15 00:00:00+00:00,117342.05,-0.008089091530436165,1,1,1
2025-08-16 00:00:00+00:00,117380.66,0.00032898393468814104,1,1,1
2025-08-17 00:00:00+00:00,117405.01,0.00020742322210116917,1,1,1
2025-08-18 00:00:00+00:00,116227.05,-0.010083975477294543,1,1,1
2025-08-19 00:00:00+00:00,112872.94,-0.02928284432910472,1,1,1
2025-08-20 00:00:00+00:00,114271.24,0.012312159298069381,1,1,1
2025-08-21 00:00:00+00:00,112500.0,-0.01562169894735077,1,1,1
2025-08-22 00:00:00+00:00,116935.99,0.03867346942564925,1,1,1
2025-08-23 00:00:00+00:00,115438.05,-0.012892668639070098,1,1,1
2025-08-24 00:00:00+00:00,113493.59,-0.016987662875338143,1,1,1
2025-08-25 00:00:00+00:00,110111.98,-0.03024851157390859,1,1,1
2025-08-26 00:00:00+00:00,111763.22,0.014884678291290745,1,1,1
2025-08-27 00:00:00+00:00,111262.01,-0.004494655997296272,1,1,1
2025-08-28 00:00:00+00:00,112566.9,0.011659841291183425,1,1,1
2025-08-29 00:00:00+00:00,108377.4,-0.037928131382763526,1,1,1
2025-08-30 00:00:00+00:00,108816.33,0.004041834886721533,1,1,1
2025-08-31 00:00:00+00:00,108246.35,-0.005251767001620112,1,1,1
2025-09-01 00:00:00+00:00,109237.42,0.009114030534832748,1,1,1
2025-09-02 00:00:00+00:00,111240.01,0.018166440657325495,1,1,1
2025-09-03 00:00:00+00:00,111705.71,0.004177704576073605,1,1,1
2025-09-04 00:00:00+00:00,110730.87,-0.008765161209067217,1,1,1
2025-09-05 00:00:00+00:00,110659.99,-0.0006403155254173387,1,1,1
2025-09-06 00:00:00+00:00,110187.97,-0.00427462149747006,1,1,1
2025-09-07 00:00:00+00:00,111137.34,0.008579008182539868,1,1,1
2025-09-08 00:00:00+00:00,112065.23,0.008314378685943164,1,1,1
2025-09-09 00:00:00+00:00,111546.39,-0.004640554288638579,1,1,1
2025-09-10 00:00:00+00:00,113960.0,0.02140695144426305,1,1,1
2025-09-11 00:00:00+00:00,115482.69,0.013273138970620393,1,1,1
2025-09-12 00:00:00+00:00,116029.42,0.004723131039401508,1,1,1
2025-09-13 00:00:00+00:00,115918.29,-0.0009582332889029288,1,1,1
2025-09-14 00:00:00+00:00,115268.01,-0.005625607702316823,1,1,1
2025-09-15 00:00:00+00:00,115349.71,0.0007085318805328954,1,1,1
2025-09-16 00:00:00+00:00,116788.96,0.01240007484979025,1,1,1
2025-09-17 00:00:00+00:00,116447.59,-0.00292724484014056,1,1,1
2025-09-18 00:00:00+00:00,117073.53,0.005360898398273296,1,1,1
2025-09-19 00:00:00+00:00,115632.38,-0.01238617811420754,1,1,1
2025-09-20 00:00:00+00:00,115685.63,0.0004604051447670285,1,1,1
2025-09-21 00:00:00+00:00,115232.29,-0.003926421842189095,1,1,1
2025-09-22 00:00:00+00:00,112650.99,-0.02265554900340918,1,1,1
2025-09-23 00:00:00+00:00,111998.8,-0.005806298169945148,1,1,1
2025-09-24 00:00:00+00:00,113307.0,0.011612792050812145,1,1,1
2025-09-25 00:00:00+00:00,108994.49,-0.03880361851008345,1,1,1
2025-09-26 00:00:00+00:00,109643.46,0.0059364982695478945,1,1,1
2025-09-27 00:00:00+00:00,109635.85,-6.94091932618392e-05,1,1,1
2025-09-28 00:00:00+00:00,112163.95,0.022797220643522374,1,1,1
2025-09-29 00:00:00+00:00,114311.96,0.01896956203457031,1,1,1
2025-09-30 00:00:00+00:00,114048.93,-0.0023036354107678868,1,1,1
