date,ADA_USDT,ATOM_USDT,AVAX_USDT,BCH_USDT,BNB_USDT,BTC_USDT,DOGE_USDT,DOT_USDT,EOS_USDT,ETC_USDT,ETH_USDT,LINK_USDT,LTC_USDT,NEO_USDT,SOL_USDT,TRX_USDT,UNI_USDT,XLM_USDT,XRP_USDT,XTZ_USDT
2020-09-22 00:00:00+00:00,0.08146,4.21,5.3193,220.08,24.0468,10529.61,0.0026432,4.1625,2.5718,4.9453,344.21,8.7401,44.47,20.205,2.9082,0.02499,3.9105,0.07167,0.23302,2.1072
2020-09-23 00:00:00+00:00,0.07663,3.839,3.535,207.97,22.8331,10241.46,0.0025444,4.0077,2.4423,4.8357,320.72,7.6364,42.96,19.685,2.8548,0.02486,4.38,0.0674,0.22164,1.9532
2020-09-24 00:00:00+00:00,0.08254,4.483,4.6411,216.22,24.5745,10736.32,0.0026297,4.3782,2.5337,4.9688,348.97,9.87,44.92,21.813,3.1433,0.02625,5.164,0.07043,0.23276,2.1552
2020-09-25 00:00:00+00:00,0.09693,4.791,4.7134,216.52,24.6924,10686.67,0.0027015,4.4139,2.5445,4.9772,351.92,10.7279,46.02,21.311,3.1937,0.02714,4.9145,0.07467,0.24154,2.21
2020-09-26 00:00:00+00:00,0.09547,4.607,4.52,221.32,26.1998,10728.6,0.0026972,4.3308,2.5655,5.3621,353.92,10.3169,46.03,21.004,3.1287,0.02718,4.8684,0.07385,0.24153,2.1701
2020-09-27 00:00:00+00:00,0.1013,4.727,4.6484,229.33,26.251,10774.25,0.0026954,4.2962,2.5897,5.444,357.49,10.7939,46.05,21.147,3.1578,0.02659,4.8458,0.07335,0.24334,2.1769
2020-09-28 00:00:00+00:00,0.1003,4.826,4.2021,225.75,26.9855,10696.12,0.0026504,4.4501,2.5626,5.411,353.96,10.283,45.23,20.11,2.9599,0.02625,4.2503,0.07323,0.24107,2.2449
2020-09-29 00:00:00+00:00,0.1011,5.309,4.1394,229.06,28.8946,10840.48,0.0026727,4.4969,2.5995,5.4137,359.79,10.135,45.69,19.691,2.9505,0.0263,4.3826,0.07407,0.24285,2.2305
2020-09-30 00:00:00+00:00,0.10136,5.372,4.3293,227.96,29.2656,10776.59,0.002635,4.3458,2.5777,5.3972,359.83,9.8694,46.24,19.078,2.8967,0.02621,4.1554,0.07484,0.24171,2.2004
2020-10-01 00:00:00+00:00,0.09804,5.135,4.15,228.12,27.4673,10619.13,0.0026246,4.3468,2.5446,5.3287,352.85,9.6394,46.25,18.786,2.8669,0.02581,4.2397,0.07314,0.23819,2.1922
2020-10-02 00:00:00+00:00,0.09286,4.906,3.9115,219.66,27.3369,10570.4,0.0025902,4.1282,2.4787,5.1802,345.6,9.2167,44.88,18.089,2.6232,0.0259,3.8904,0.07096,0.23386,2.0867
2020-10-03 00:00:00+00:00,0.09328,5.01,4.0168,218.53,28.1867,10542.06,0.0025955,4.0607,2.4786,5.1341,345.95,9.269,45.51,17.806,2.5439,0.02719,3.9041,0.071,0.23273,2.1143
2020-10-04 00:00:00+00:00,0.09686,5.314,3.964,220.89,28.9668,10666.63,0.002633,4.177,2.5176,5.1535,352.37,9.3922,46.69,18.125,2.5202,0.02644,3.7262,0.0729,0.24794,2.1113
2020-10-05 00:00:00+00:00,0.09738,5.366,3.9813,221.75,28.6158,10792.21,0.0026182,4.1621,2.5257,5.0997,353.62,9.6176,46.34,17.664,2.6522,0.02643,3.319,0.07331,0.2503,2.1429
2020-10-06 00:00:00+00:00,0.09289,4.736,3.5424,219.63,27.6812,10599.66,0.002597,3.7465,2.6959,5.2388,340.75,8.7689,45.99,16.569,2.174,0.02556,2.7143,0.07237,0.24545,2.0612
2020-10-07 00:00:00+00:00,0.09374,4.873,3.442,222.98,27.6898,10666.39,0.0025895,3.8517,2.6436,5.1736,341.58,8.9799,46.55,16.764,2.3005,0.02551,2.9621,0.07233,0.2487,2.0674
2020-10-08 00:00:00+00:00,0.09632,5.034,3.9147,233.95,27.7424,10925.57,0.0026098,4.1163,2.6066,5.1745,350.95,9.5594,47.21,17.019,2.3638,0.02572,3.3499,0.07311,0.25141,2.1121
2020-10-09 00:00:00+00:00,0.10129,5.155,4.2491,237.13,28.4076,11050.64,0.0026556,4.2541,2.6406,5.2674,365.02,10.3959,47.78,17.39,2.5314,0.02627,3.3834,0.07502,0.25293,2.1955
2020-10-10 00:00:00+00:00,0.10493,5.534,4.023,237.26,28.4414,11293.22,0.0026621,4.2606,2.6415,5.2712,370.52,10.5198,48.88,17.534,2.3999,0.02644,3.2989,0.0773,0.25402,2.2085
2020-10-11 00:00:00+00:00,0.10648,6.072,4.096,238.97,28.5271,11369.02,0.0026701,4.245,2.6576,5.428,374.16,10.8515,50.48,17.787,2.4227,0.02656,3.3626,0.07713,0.25544,2.2512
2020-10-12 00:00:00+00:00,0.10945,5.97,4.41,239.66,30.6503,11528.25,0.002667,4.3075,2.6428,5.4483,386.51,11.4259,50.58,17.983,2.5836,0.02709,3.4599,0.07761,0.25603,2.3424
2020-10-13 00:00:00+00:00,0.10925,6.012,4.4806,253.46,30.7256,11420.56,0.0026385,4.2473,2.6383,5.3502,381.04,11.0016,49.89,17.591,2.4062,0.0268,3.3546,0.07635,0.2565,2.4013
2020-10-14 00:00:00+00:00,0.10703,5.727,4.1596,259.07,30.838,11417.89,0.002639,4.1829,2.6065,5.3812,378.69,10.8896,49.79,16.959,2.3107,0.02676,3.1123,0.07398,0.24906,2.2747
2020-10-15 00:00:00+00:00,0.10666,5.769,4.1269,262.26,31.3256,11505.12,0.0025953,4.099,2.5985,5.3321,377.64,10.7483,49.53,17.24,2.2682,0.02652,3.0793,0.07408,0.24596,2.2386
2020-10-16 00:00:00+00:00,0.10414,5.403,4.0433,250.3,30.0516,11319.32,0.002604,3.9106,2.5362,5.1737,365.5,10.5877,47.6,17.021,2.1398,0.02572,3.0426,0.07909,0.24011,2.166
2020-10-17 00:00:00+00:00,0.10598,5.466,4.1946,244.66,30.2414,11360.2,0.0025834,3.9663,2.5217,5.1938,368.32,10.6267,46.93,17.191,2.2053,0.02574,3.0566,0.08152,0.24057,2.1873
2020-10-18 00:00:00+00:00,0.10735,5.762,4.1195,249.32,30.6593,11503.14,0.0025874,4.1068,2.5459,5.2282,378.11,10.9409,47.54,17.428,2.215,0.02594,3.2811,0.07942,0.24221,2.227
2020-10-19 00:00:00+00:00,0.10859,5.502,4.05,249.87,29.9107,11751.47,0.0025921,3.986,2.5819,5.2086,379.3,10.9147,47.99,17.569,2.0592,0.02589,3.1703,0.0852,0.24558,2.1881
2020-10-20 00:00:00+00:00,0.10238,5.024,3.804,240.74,28.8227,11909.99,0.0025944,3.9034,2.5264,5.0807,368.52,9.8589,46.88,16.948,1.885,0.02592,2.8582,0.08075,0.24322,2.0531
2020-10-21 00:00:00+00:00,0.10589,5.241,3.9585,258.49,29.7329,12780.96,0.002623,4.1352,2.6055,5.3379,390.38,10.7863,52.98,18.332,1.8887,0.02667,2.9371,0.08358,0.25088,2.1246
2020-10-22 00:00:00+00:00,0.11077,5.444,4.3385,267.97,30.6396,12968.52,0.002646,4.2683,2.6693,5.612,413.98,11.9539,54.35,18.653,1.9582,0.02708,3.0432,0.08552,0.25709,2.1922
2020-10-23 00:00:00+00:00,0.10805,5.364,4.2568,270.42,30.6377,12923.07,0.0026423,4.2633,2.6395,5.482,409.11,12.1586,55.42,18.136,1.959,0.02669,3.011,0.08368,0.25471,2.2177
2020-10-24 00:00:00+00:00,0.10797,5.543,4.1821,275.8,30.6639,13111.73,0.0026365,4.3536,2.6597,5.529,412.14,12.7001,59.23,18.312,1.9142,0.02706,2.9399,0.08561,0.2562,2.2196
2020-10-25 00:00:00+00:00,0.10639,5.292,4.1479,271.11,30.128,13028.83,0.0026528,4.331,2.7074,5.5585,405.86,12.1481,58.84,17.865,1.7926,0.02699,2.7726,0.08304,0.25313,2.1649
2020-10-26 00:00:00+00:00,0.10306,5.145,4.148,259.36,31.0467,13052.19,0.002665,4.7031,2.6291,5.435,392.52,11.7096,56.82,17.084,1.6799,0.02675,2.7114,0.08104,0.2481,2.0902
2020-10-27 00:00:00+00:00,0.10256,5.138,4.1217,264.11,31.4826,13636.17,0.0026702,4.6721,2.6739,5.4582,403.45,11.9224,57.91,17.007,1.711,0.02701,2.8096,0.08183,0.25273,2.0836
2020-10-28 00:00:00+00:00,0.09869,4.803,4.0596,268.06,30.3338,13266.4,0.0025801,4.357,2.6524,5.2714,388.23,11.4403,55.77,15.87,1.518,0.02688,2.6611,0.07832,0.2454,1.9991
2020-10-29 00:00:00+00:00,0.09531,4.633,3.7758,267.42,29.8702,13455.7,0.0025733,4.0605,2.6387,5.4065,387.13,11.2772,54.87,15.276,1.4327,0.02655,2.5391,0.0775,0.24239,1.9341
2020-10-30 00:00:00+00:00,0.0933,4.62,3.7224,261.9,28.4909,13560.1,0.0025833,4.0845,2.5068,5.2584,382.49,11.09,54.01,14.788,1.4381,0.0256,2.4134,0.07669,0.23905,1.9025
2020-10-31 00:00:00+00:00,0.093,4.616,3.6456,262.01,28.5058,13791.0,0.0025666,4.1854,2.528,5.2734,386.46,11.2277,55.72,14.702,1.5497,0.02576,2.2662,0.07775,0.23968,1.977
2020-11-01 00:00:00+00:00,0.09827,4.743,3.6814,268.03,28.5318,13761.5,0.0025745,4.2211,2.5185,5.2434,396.67,11.5722,55.6,14.941,1.608,0.02574,2.3765,0.07861,0.23999,1.9955
2020-11-02 00:00:00+00:00,0.09221,4.603,3.617,257.28,27.7983,13549.37,0.0025162,4.0316,2.433,4.9961,383.02,10.7814,53.8,15.215,1.4738,0.02445,2.254,0.07557,0.23523,1.8945
2020-11-03 00:00:00+00:00,0.09357,4.48,3.323,244.22,26.8638,14023.53,0.0025141,4.0362,2.3655,4.8866,387.88,10.3911,53.96,14.676,1.4118,0.02442,2.138,0.07542,0.2396,1.8698
2020-11-04 00:00:00+00:00,0.0955,4.387,3.1718,241.14,26.96,14144.01,0.002546,4.0969,2.3506,4.8774,402.49,10.4713,54.67,14.049,1.3912,0.0242,1.9281,0.07456,0.23758,1.8759
2020-11-05 00:00:00+00:00,0.09752,4.504,3.3348,249.53,27.6875,15590.02,0.0026347,4.2229,2.4464,5.0979,416.69,10.9794,58.95,14.401,1.4007,0.02493,2.1901,0.08039,0.24561,1.883
2020-11-06 00:00:00+00:00,0.1091,4.88,3.5913,257.79,29.0435,15579.92,0.002757,4.5826,2.5349,5.3597,455.91,12.1687,63.2,15.712,1.9,0.02616,2.5657,0.08388,0.25863,2.0889
2020-11-07 00:00:00+00:00,0.10128,4.619,3.4126,253.91,27.7651,14818.3,0.00267,4.2341,2.4971,5.0771,435.21,11.7638,58.9,14.813,2.0215,0.02486,2.4755,0.07952,0.2491,2.0186
2020-11-08 00:00:00+00:00,0.10655,4.809,3.4754,270.8,28.4101,15475.1,0.002707,4.3736,2.5361,5.1801,454.3,12.71,61.02,15.45,2.1558,0.02535,2.8653,0.0815,0.25374,2.0869
2020-11-09 00:00:00+00:00,0.10561,5.155,3.4125,264.27,28.0941,15328.41,0.002672,4.3463,2.4975,5.0283,444.32,12.5107,59.23,15.378,2.0299,0.02479,2.6822,0.0797,0.25059,2.116
2020-11-10 00:00:00+00:00,0.1059,5.084,3.5713,257.19,28.2188,15297.21,0.002761,4.4231,2.498,5.1324,450.34,13.0017,57.93,15.585,2.2661,0.02483,3.0759,0.07967,0.2538,2.1522
2020-11-11 00:00:00+00:00,0.10599,5.033,3.4842,256.86,28.016,15684.24,0.002758,4.4461,2.4982,5.0917,463.09,12.753,59.27,15.391,2.0,0.02498,2.9308,0.08039,0.25581,2.1254
2020-11-12 00:00:00+00:00,0.1046,5.03,3.4243,259.99,27.6874,16291.86,0.0027788,4.4042,2.4632,5.0448,462.39,12.4038,60.72,15.456,1.9089,0.0249,2.9582,0.08069,0.2549,2.0734
2020-11-13 00:00:00+00:00,0.10629,5.213,3.6745,259.22,28.1974,16320.7,0.0028114,4.5425,2.5982,5.1344,476.43,12.8687,65.96,16.007,2.0141,0.0254,3.8614,0.08249,0.2659,2.1513
2020-11-14 00:00:00+00:00,0.10411,5.045,3.4894,255.12,27.9311,16070.45,0.0027689,4.4637,2.5359,5.0333,460.89,12.5574,63.85,15.684,1.9182,0.02513,3.8165,0.08094,0.26824,2.098
2020-11-15 00:00:00+00:00,0.10046,4.979,3.5453,240.43,27.6786,15957.0,0.0027718,4.3664,2.4961,5.0241,448.08,12.1192,62.28,15.317,2.0407,0.02533,3.8458,0.08009,0.26954,2.0149
2020-11-16 00:00:00+00:00,0.10387,5.084,3.7,249.6,27.9451,16713.57,0.00289,4.4983,2.583,5.395,460.55,12.6223,73.84,15.72,2.2626,0.02549,3.5634,0.0825,0.28813,2.0825
2020-11-17 00:00:00+00:00,0.10947,5.285,3.8355,255.39,28.5552,17659.38,0.0029398,4.8569,2.7162,5.7751,482.15,13.3944,76.32,16.15,2.1998,0.02649,3.8104,0.0865,0.30247,2.1435
2020-11-18 00:00:00+00:00,0.10658,5.105,3.7445,246.23,28.0931,17776.12,0.0029085,4.6797,2.6371,6.0431,478.41,13.5598,73.42,15.718,2.1153,0.02678,3.4607,0.08365,0.29335,2.0834
2020-11-19 00:00:00+00:00,0.1059,5.097,3.6399,245.88,28.1387,17802.82,0.0029068,4.7567,2.6363,5.9188,471.25,13.6187,81.53,16.095,2.085,0.02581,3.7417,0.08401,0.30358,2.0771
2020-11-20 00:00:00+00:00,0.11828,5.268,3.715,260.01,28.9715,18655.67,0.002987,5.23,2.7798,6.0635,510.12,14.0933,82.53,16.444,2.1033,0.02629,3.8552,0.08853,0.32991,2.1069
2020-11-21 00:00:00+00:00,0.13334,5.922,4.0281,305.06,30.5161,18703.8,0.0035132,5.7824,3.2306,6.5853,552.35,15.4511,87.14,18.32,2.3822,0.03057,3.8366,0.109,0.46283,2.3936
2020-11-22 00:00:00+00:00,0.14599,5.481,3.8892,288.91,30.0226,18414.43,0.0033415,5.524,3.0633,6.0316,560.03,14.5098,82.87,17.18,2.1514,0.02875,3.6763,0.10426,0.44611,2.2809
2020-11-23 00:00:00+00:00,0.15445,5.811,4.0747,323.22,30.995,18368.0,0.0036845,5.9093,3.3789,6.5685,608.58,15.2746,89.03,19.093,2.2786,0.03174,4.1842,0.13231,0.61579,2.6211
2020-11-24 00:00:00+00:00,0.16721,5.966,4.26,348.06,33.9407,19160.01,0.0042592,5.7334,3.5987,7.2767,604.97,15.6703,89.25,20.499,2.2823,0.03523,4.0627,0.19571,0.694,2.6727
2020-11-25 00:00:00+00:00,0.15473,5.904,4.0453,312.99,31.2953,18719.11,0.0037081,5.3018,3.4247,6.95,569.5,14.2016,81.75,19.711,2.2661,0.03304,3.6773,0.19295,0.63022,2.5995
2020-11-26 00:00:00+00:00,0.13843,5.33,3.5447,271.44,28.2356,17149.47,0.0032492,4.809,2.9522,6.1404,519.83,12.603,71.0,17.192,1.9111,0.02942,3.43,0.16835,0.53654,2.2456
2020-11-27 00:00:00+00:00,0.14178,5.368,3.5942,265.45,28.4606,17139.52,0.0032752,4.8151,2.8734,6.2115,518.68,12.4989,69.15,17.12,1.861,0.02938,3.3067,0.20699,0.5623,2.2521
2020-11-28 00:00:00+00:00,0.16489,5.43,3.6271,275.97,29.1766,17719.85,0.0033945,4.8939,2.9982,6.3268,537.52,13.0853,72.7,17.533,1.8868,0.03047,3.4616,0.20021,0.62579,2.3199
2020-11-29 00:00:00+00:00,0.16663,5.429,3.7013,285.04,30.1045,18184.99,0.0034365,5.192,3.0311,6.3926,576.3,13.38,78.91,17.684,1.9153,0.03072,3.5514,0.19423,0.60543,2.3586
2020-11-30 00:00:00+00:00,0.17204,5.571,3.7024,317.49,31.4935,19695.87,0.003561,5.3767,3.2615,6.7458,616.66,14.2677,87.65,18.577,1.9665,0.03236,3.7824,0.20295,0.66417,2.4914
2020-12-01 00:00:00+00:00,0.15562,5.256,3.5543,287.61,30.1996,18764.96,0.0033211,5.0806,2.9942,6.1466,585.26,13.3461,85.08,17.53,1.9738,0.03024,3.55,0.18382,0.61088,2.3221
2020-12-02 00:00:00+00:00,0.15845,5.51,3.74,294.15,30.2875,19204.09,0.0033624,5.4645,3.0565,6.2376,596.89,13.9799,88.9,18.026,2.1209,0.03118,3.9484,0.18514,0.62972,2.3885
2020-12-03 00:00:00+00:00,0.16398,5.5,3.8123,292.1,30.7065,19421.9,0.003429,5.3997,3.0803,6.587,615.85,13.9749,89.0,18.853,2.0967,0.03166,3.8829,0.18436,0.63046,2.405
2020-12-04 00:00:00+00:00,0.14781,5.049,3.5348,279.56,29.0231,18650.52,0.003283,5.0,2.8456,5.9515,567.24,12.68,79.52,17.298,1.8535,0.02947,3.516,0.16154,0.55367,2.2767
2020-12-05 00:00:00+00:00,0.15993,5.261,3.6382,289.57,29.728,19147.66,0.0033917,5.1806,3.0079,6.1922,596.8,13.1748,83.14,17.975,1.9795,0.03056,3.6834,0.1717,0.58517,2.3237
2020-12-06 00:00:00+00:00,0.15873,5.213,3.6055,286.24,29.5026,19359.4,0.0033857,5.1268,2.9969,6.1708,601.54,13.5057,83.55,17.89,1.8505,0.03091,3.6482,0.17593,0.62107,2.3237
2020-12-07 00:00:00+00:00,0.15401,5.1,3.3895,283.86,29.37,19166.9,0.003336,5.0569,2.9491,6.1525,591.28,13.0704,83.37,17.442,1.8272,0.03029,3.7574,0.16804,0.60818,2.2746
2020-12-08 00:00:00+00:00,0.1412,4.738,3.1172,267.7,27.6705,18324.11,0.0031723,4.7399,2.803,5.7707,554.94,12.1356,76.76,16.456,1.6631,0.0279,3.2982,0.15263,0.5589,2.1536
2020-12-09 00:00:00+00:00,0.14796,4.804,3.2652,268.7,28.1452,18541.28,0.0031562,4.8728,2.8085,6.0625,573.09,12.6212,77.41,16.899,1.6592,0.0287,3.3511,0.17206,0.58265,2.1743
2020-12-10 00:00:00+00:00,0.14188,4.655,3.1499,265.75,27.6926,18254.63,0.0031043,4.8003,2.7401,5.8918,558.99,11.9172,74.7,16.238,1.5683,0.02811,3.239,0.16073,0.57267,2.1055
2020-12-11 00:00:00+00:00,0.13926,4.707,3.2375,259.24,27.3419,18036.53,0.0030732,4.612,2.6938,5.7895,544.43,11.6335,72.2,15.898,1.4389,0.02778,2.9623,0.15077,0.54945,2.0791
2020-12-12 00:00:00+00:00,0.14438,5.06,3.3332,267.89,28.1603,18808.69,0.0031609,4.7385,2.7672,5.971,568.04,12.2259,76.67,16.463,1.4912,0.02855,3.1225,0.15888,0.50658,2.1357
2020-12-13 00:00:00+00:00,0.15406,5.195,3.3405,276.02,29.1571,19174.99,0.00326,4.8957,2.8507,6.1209,590.7,12.9392,82.28,17.261,1.5701,0.02921,3.344,0.1761,0.51365,2.232
2020-12-14 00:00:00+00:00,0.15877,5.227,3.1433,276.94,30.0338,19273.14,0.003226,4.8969,2.847,6.0388,586.29,12.8502,82.35,17.398,1.5946,0.0291,3.4803,0.1702,0.4974,2.2243
2020-12-15 00:00:00+00:00,0.15381,5.291,3.3014,288.85,29.5053,19426.43,0.0032078,5.2391,2.8615,6.0499,588.64,12.6818,81.32,17.103,1.7586,0.02918,3.3292,0.1661,0.46793,2.2307
2020-12-16 00:00:00+00:00,0.16814,5.494,3.3409,312.07,30.5577,21335.52,0.0034183,5.3647,3.102,6.4654,637.18,13.4852,92.94,17.952,1.7829,0.03145,3.5357,0.19321,0.56941,2.3669
2020-12-17 00:00:00+00:00,0.16336,5.354,3.2079,310.73,30.2255,22797.16,0.003722,5.3455,3.0416,6.4786,642.7,13.444,101.01,17.773,1.68,0.03072,3.6914,0.18612,0.5769,2.2964
2020-12-18 00:00:00+00:00,0.16502,5.329,3.4081,313.33,30.9882,23107.39,0.0038675,5.3549,3.0594,6.3915,653.85,13.5001,109.34,17.918,1.7014,0.03109,3.7652,0.18525,0.58337,2.325
2020-12-19 00:00:00+00:00,0.16433,5.289,3.4651,318.13,33.3167,23821.61,0.0039291,5.3358,3.0535,6.4149,658.03,13.4747,119.85,17.835,1.6707,0.03124,3.9621,0.18139,0.57666,2.3237
2020-12-20 00:00:00+00:00,0.16201,5.036,3.304,349.21,34.3148,23455.52,0.0046381,5.1868,3.1361,6.4949,638.18,13.0604,114.58,17.541,1.5635,0.03122,3.7617,0.17666,0.55586,2.2674
2020-12-21 00:00:00+00:00,0.15278,5.031,3.0892,313.41,32.05,22719.71,0.0047784,4.8702,2.9288,6.1075,607.58,12.3049,104.45,16.514,1.5331,0.02926,3.5094,0.16519,0.51445,2.1801
2020-12-22 00:00:00+00:00,0.15646,4.943,3.0761,322.69,33.5151,23810.79,0.0045159,5.155,2.898,6.1198,636.45,12.7842,114.32,16.516,1.49,0.02885,3.7331,0.16212,0.44642,2.1824
2020-12-23 00:00:00+00:00,0.13635,4.395,2.9465,275.48,31.1843,23232.76,0.0037449,4.7149,2.3148,5.099,585.56,10.9736,102.45,13.456,1.198,0.0248,3.3111,0.12661,0.2605,1.819
2020-12-24 00:00:00+00:00,0.15304,4.959,3.1006,296.99,32.4895,23729.2,0.0045731,5.1116,2.6682,5.6031,612.31,11.5724,111.13,15.269,1.3612,0.02769,3.5227,0.15818,0.33863,2.06
2020-12-25 00:00:00+00:00,0.15761,4.909,2.9517,319.14,33.1996,24712.47,0.0045549,5.2099,2.6661,5.7568,626.82,11.5543,127.78,15.173,1.4464,0.02854,3.5038,0.15238,0.31768,2.0286
2020-12-26 00:00:00+00:00,0.15839,4.81,2.9178,323.6,33.6361,26493.39,0.0045131,5.1924,2.6128,5.8379,637.44,10.9809,129.61,14.984,1.3258,0.0278,3.4171,0.14673,0.29481,1.9793
2020-12-27 00:00:00+00:00,0.15467,4.842,2.9026,338.1,33.674,26281.66,0.004547,5.1455,2.7167,5.8101,685.11,12.1541,127.88,15.112,1.3037,0.02889,3.5965,0.14527,0.28407,2.004
2020-12-28 00:00:00+00:00,0.17627,5.391,2.9577,360.77,35.951,27079.41,0.0046015,6.5982,2.7638,5.9188,730.41,12.6081,129.83,15.63,1.5172,0.02959,3.7311,0.14448,0.24845,2.1213
2020-12-29 00:00:00+00:00,0.19067,5.622,2.9248,352.92,39.0667,27385.0,0.0045012,7.5402,2.6391,5.719,732.0,11.7786,128.8,15.054,1.6704,0.02767,3.6695,0.13831,0.22142,2.0429
2020-12-30 00:00:00+00:00,0.18389,5.424,2.9162,358.69,38.1558,28875.54,0.0046251,7.2282,2.6123,5.6799,752.17,11.2435,130.05,14.722,1.535,0.02695,4.1531,0.13175,0.21138,1.989
2020-12-31 00:00:00+00:00,0.18134,6.465,3.1859,342.15,37.3588,28923.63,0.0046709,9.2619,2.5911,5.6562,736.42,11.2364,124.21,14.256,1.5073,0.02677,5.1501,0.12762,0.21959,2.0107
2021-01-01 00:00:00+00:00,0.17509,5.861,3.6497,341.83,37.7762,29331.69,0.00568,8.2776,2.6378,5.6938,728.91,11.8477,126.24,14.461,1.8421,0.02685,4.7353,0.13207,0.23746,2.0075
2021-01-02 00:00:00+00:00,0.17742,5.42,3.4956,354.55,38.2331,32178.33,0.0105264,9.2037,2.6321,5.7763,774.56,12.2215,136.96,14.426,1.7999,0.02721,4.8564,0.12751,0.22064,1.9992
2021-01-03 00:00:00+00:00,0.20615,5.829,3.4691,423.61,41.2575,33000.05,0.0098209,10.1307,2.7985,6.5678,978.28,13.6814,161.24,16.024,2.1779,0.02949,5.5155,0.13653,0.2254,2.1345
2021-01-04 00:00:00+00:00,0.22528,6.044,3.5999,405.49,41.1333,31988.71,0.0097613,9.5126,2.8191,7.0374,1041.43,13.5935,155.34,16.372,2.4909,0.03095,5.4238,0.16404,0.23565,2.3284
2021-01-05 00:00:00+00:00,0.25873,6.196,4.2501,418.09,41.8219,33949.53,0.00997,9.7084,2.8862,7.271,1099.56,14.5162,158.43,16.868,2.1636,0.02852,6.2518,0.19291,0.22573,2.377
2021-01-06 00:00:00+00:00,0.33309,6.682,4.5788,453.44,42.2417,36769.36,0.01042,10.0679,3.3711,7.5723,1208.42,17.2322,168.92,19.535,1.9414,0.03046,6.4157,0.33938,0.24854,2.6476
2021-01-07 00:00:00+00:00,0.29928,6.264,4.4707,448.0,43.5728,39432.28,0.0097439,9.6439,3.1943,7.2142,1224.87,15.9628,169.35,20.889,2.3635,0.03095,6.2545,0.31124,0.32389,2.5294
2021-01-08 00:00:00+00:00,0.30389,5.931,5.7,436.98,42.356,40582.81,0.00974,9.2998,3.1094,6.9565,1216.93,15.2381,172.19,19.724,3.2214,0.0304,5.8807,0.297,0.32032,2.4547
2021-01-09 00:00:00+00:00,0.33062,6.54,7.1877,574.88,43.8479,40088.22,0.0101789,9.7354,3.6145,7.763,1276.0,17.5501,177.26,21.338,3.3829,0.03382,6.22,0.31054,0.32419,2.6357
2021-01-10 00:00:00+00:00,0.30153,6.409,6.5416,599.98,42.4031,38150.02,0.00982,9.2911,3.0552,8.8346,1254.25,16.206,170.07,24.921,3.449,0.03275,5.9802,0.2845,0.31491,2.7621
2021-01-11 00:00:00+00:00,0.2757,5.726,6.4713,476.78,38.1674,35404.47,0.0088326,8.2691,2.6663,7.2221,1087.01,14.6393,138.87,23.658,3.1016,0.02897,5.2448,0.27119,0.28743,2.3282
2021-01-12 00:00:00+00:00,0.28888,5.711,7.72,451.88,38.2541,34051.24,0.0080807,8.3078,2.5969,7.0544,1050.16,13.9655,133.42,22.148,3.6354,0.02865,5.5878,0.27993,0.29254,2.298
2021-01-13 00:00:00+00:00,0.3123,6.242,8.4695,496.06,40.1114,37371.38,0.0086738,10.9486,2.767,7.595,1129.89,15.9356,147.38,23.229,3.5242,0.03079,6.3311,0.30356,0.30582,2.4999
2021-01-14 00:00:00+00:00,0.31201,6.476,9.3177,527.0,41.8723,39144.5,0.0093907,14.4867,2.8089,7.788,1231.62,17.9804,152.5,23.104,3.2921,0.03014,6.9593,0.3035,0.29642,2.5528
2021-01-15 00:00:00+00:00,0.30188,7.896,9.3794,490.7,40.8668,36742.22,0.0093525,13.1679,2.7566,7.567,1168.53,20.7375,143.65,23.493,3.2475,0.02972,7.3762,0.28374,0.27991,2.7118
2021-01-16 00:00:00+00:00,0.35071,9.03,12.8421,489.74,43.142,35994.98,0.0092374,17.9893,2.777,7.7799,1227.83,20.1054,143.52,23.58,3.4247,0.03008,8.3908,0.29075,0.27924,2.854
2021-01-17 00:00:00+00:00,0.38081,8.544,13.1746,479.37,45.8675,35828.61,0.0090987,17.0832,2.764,7.684,1232.45,23.2819,142.8,23.841,3.8268,0.0302,8.689,0.3038,0.27746,2.9714
2021-01-18 00:00:00+00:00,0.37123,9.539,12.7035,508.95,45.3412,36631.27,0.0091782,16.5898,2.8144,7.7078,1258.45,22.0336,151.96,27.055,3.7868,0.03164,9.1904,0.30544,0.28528,3.0331
2021-01-19 00:00:00+00:00,0.3672,8.891,11.7367,507.04,42.5241,35891.49,0.0090428,16.3933,2.7895,7.8177,1365.36,20.5557,151.86,26.273,3.6287,0.03063,8.5767,0.29748,0.29396,2.8745
2021-01-20 00:00:00+00:00,0.37532,8.909,12.3768,496.95,42.6069,35468.23,0.0090487,17.9808,2.7756,7.9,1376.99,21.8482,149.69,26.072,3.7166,0.03046,8.9646,0.29358,0.29539,2.9099
2021-01-21 00:00:00+00:00,0.30785,7.177,11.3225,418.68,38.6343,30850.13,0.0081581,15.9818,2.5451,7.1346,1110.96,18.4119,129.72,22.096,2.9899,0.02762,7.5873,0.2514,0.26802,2.4605
2021-01-22 00:00:00+00:00,0.34867,7.985,12.7097,439.79,40.8936,32945.17,0.0085075,17.1207,2.6208,7.4292,1232.62,21.5519,137.66,23.469,3.3352,0.02857,8.6834,0.26941,0.27217,2.9089
2021-01-23 00:00:00+00:00,0.34583,8.329,12.8669,431.36,40.9109,32078.0,0.0085779,18.7446,2.7028,7.4488,1233.6,24.8046,137.67,24.425,3.5079,0.02925,9.3428,0.26977,0.27167,3.1639
2021-01-24 00:00:00+00:00,0.35345,8.24,12.4801,439.52,41.8263,32259.9,0.0087135,17.9745,2.7135,7.6294,1392.51,24.7935,141.01,24.401,3.6278,0.02999,12.0505,0.27138,0.27339,3.0449
2021-01-25 00:00:00+00:00,0.34308,7.738,12.1816,432.28,41.8347,32254.2,0.0083509,17.207,2.6481,7.4976,1317.88,23.3418,137.07,23.313,3.7038,0.02949,11.3177,0.26102,0.26757,2.9188
2021-01-26 00:00:00+00:00,0.3433,7.732,12.2088,427.46,41.8396,32467.77,0.0082472,17.1013,2.6278,7.4342,1365.97,23.0981,134.67,23.158,4.041,0.02949,13.9086,0.26144,0.26834,2.9074
2021-01-27 00:00:00+00:00,0.31144,6.953,11.158,377.17,40.8826,30366.15,0.0074124,15.43,2.5001,6.8713,1239.03,20.9586,122.44,21.033,3.675,0.02823,14.7493,0.23779,0.25039,2.7931
2021-01-28 00:00:00+00:00,0.34409,8.041,11.9615,404.75,42.5254,33364.86,0.0364995,16.8643,2.709,7.6533,1329.69,23.0145,133.27,22.245,3.81,0.02955,14.1003,0.29306,0.26407,2.9977
2021-01-29 00:00:00+00:00,0.34752,7.975,11.6158,407.03,42.8618,34252.2,0.0459059,16.7968,2.7232,7.6132,1379.5,22.748,134.65,22.549,3.8293,0.03335,15.6418,0.29322,0.2829,2.9116
2021-01-30 00:00:00+00:00,0.364,8.048,12.0433,417.02,44.7849,34262.88,0.02826,16.5349,2.9319,7.5859,1378.05,23.6399,133.36,22.864,4.228,0.03216,19.5376,0.32791,0.44372,2.8991
2021-01-31 00:00:00+00:00,0.34475,8.145,13.4704,399.3,44.3292,33092.98,0.037,16.1128,2.9297,7.4155,1312.55,22.5613,129.36,22.276,4.2525,0.03154,17.7246,0.30704,0.49507,2.8444
2021-02-01 00:00:00+00:00,0.40876,9.29,13.2153,414.48,51.4781,33526.37,0.0348173,16.4385,3.055,7.5241,1374.17,22.8757,132.0,23.119,4.6148,0.03295,20.4502,0.32323,0.37106,2.9248
2021-02-02 00:00:00+00:00,0.42498,8.893,13.4703,430.31,51.0071,35466.24,0.0313489,17.1765,2.9979,7.7835,1511.87,23.6582,141.98,23.74,5.2331,0.03317,18.9517,0.33932,0.37254,2.9092
2021-02-03 00:00:00+00:00,0.44189,9.303,14.84,446.1,52.12,37618.87,0.0372597,20.8538,3.0665,7.9413,1664.49,25.087,155.93,24.662,5.7311,0.03452,19.7114,0.3467,0.39721,3.0494
2021-02-04 00:00:00+00:00,0.43934,9.152,15.2697,420.91,55.9599,36936.66,0.0529081,19.6677,3.0226,7.6584,1595.67,24.492,145.07,23.75,6.4085,0.0331,20.1299,0.32569,0.44545,2.965
2021-02-05 00:00:00+00:00,0.53917,12.19,17.8973,447.72,67.7005,38290.24,0.0467193,20.84,3.3128,8.5174,1719.19,26.3034,155.05,26.07,6.7005,0.03624,21.145,0.35155,0.45219,3.4735
2021-02-06 00:00:00+00:00,0.63444,12.087,18.1216,457.78,72.8356,39186.94,0.0576559,20.3734,3.2092,8.7691,1676.35,25.0231,155.57,24.834,6.1225,0.03507,19.2499,0.37739,0.44307,3.1731
2021-02-07 00:00:00+00:00,0.66109,13.841,23.705,444.8,68.3542,38795.69,0.0779247,19.7345,3.44,8.2787,1611.62,24.7254,150.76,24.526,6.6976,0.03597,18.6592,0.3854,0.41849,3.305
2021-02-08 00:00:00+00:00,0.67638,14.169,30.056,483.99,79.8374,46374.87,0.0787,22.9853,3.5937,8.6941,1750.15,25.4115,167.28,27.38,7.855,0.04042,19.3198,0.3966,0.45099,3.4067
2021-02-09 00:00:00+00:00,0.70562,15.057,31.9194,514.42,107.3469,46420.42,0.0700121,23.0846,4.1631,9.578,1769.13,27.6034,181.49,31.065,7.8005,0.04608,19.5175,0.40022,0.47636,3.7607
2021-02-10 00:00:00+00:00,0.93966,14.965,54.6861,494.85,128.9711,44807.58,0.0725527,23.5821,4.126,10.3754,1740.78,26.8121,181.56,33.39,9.09,0.04629,20.6802,0.41495,0.50429,3.8469
2021-02-11 00:00:00+00:00,0.92796,17.652,46.9673,530.4,124.085,47969.51,0.069583,25.0224,4.5833,11.7205,1785.62,27.8475,183.62,36.297,9.2004,0.05681,21.4536,0.45604,0.52806,4.1123
2021-02-12 00:00:00+00:00,0.92426,21.076,48.2978,576.43,136.6139,47287.6,0.0697675,28.6555,4.7489,11.9265,1840.26,30.6265,196.69,37.572,9.2,0.05515,22.6236,0.52853,0.609,5.0153
2021-02-13 00:00:00+00:00,0.91299,20.248,44.0832,668.3,133.3496,47153.69,0.0662405,27.9364,5.5562,16.6377,1814.96,34.1941,225.76,42.415,8.7441,0.05995,21.7738,0.56456,0.63309,5.3684
2021-02-14 00:00:00+00:00,0.84364,19.084,39.1711,720.44,135.8623,48577.79,0.0626783,26.8724,5.0667,16.072,1800.42,33.1565,213.49,43.942,8.7158,0.05519,20.8245,0.51591,0.59211,4.8626
2021-02-15 00:00:00+00:00,0.86143,22.489,38.309,715.52,130.303,47911.1,0.0565,27.8021,4.7148,14.6826,1779.25,32.5899,207.83,41.575,8.8516,0.05079,20.0675,0.49474,0.54976,4.5406
2021-02-16 00:00:00+00:00,0.87,25.067,36.5402,705.39,130.183,49133.45,0.053476,30.0832,4.6447,14.3907,1781.99,31.9632,210.26,40.945,8.3002,0.05202,20.4846,0.48534,0.51995,4.5448
2021-02-17 00:00:00+00:00,0.89206,23.83,37.3003,716.45,165.3233,52119.71,0.0495187,31.9862,4.8441,15.3015,1849.88,32.2324,237.49,42.551,8.2357,0.05256,21.5175,0.49737,0.53467,4.606
2021-02-18 00:00:00+00:00,0.91442,23.092,40.9656,703.7,195.6,51552.6,0.0587991,31.11,4.8146,14.9458,1939.61,32.4801,226.59,43.783,8.9771,0.05492,21.1733,0.49656,0.53204,4.8436
2021-02-19 00:00:00+00:00,0.92581,22.898,38.7274,718.98,333.111,55906.0,0.055033,34.824,5.2267,15.3876,1955.0,34.6846,236.5,47.847,11.4912,0.06073,20.0756,0.51278,0.56465,4.9707
2021-02-20 00:00:00+00:00,1.11568,21.648,35.9985,678.29,253.0,55841.19,0.0541708,38.942,4.839,15.0833,1913.0,33.9387,226.65,43.866,9.9869,0.05773,28.7533,0.48613,0.51167,4.6368
2021-02-21 00:00:00+00:00,1.09894,21.569,36.1855,706.28,295.2597,57408.57,0.0560183,39.5863,5.1008,15.669,1933.53,34.0915,227.13,54.9,11.0753,0.05935,28.7763,0.49601,0.54468,4.6759
2021-02-22 00:00:00+00:00,1.09703,21.152,32.1502,628.98,267.5147,54087.67,0.0535557,37.6143,4.6877,13.9359,1777.58,31.4542,208.32,46.879,14.4191,0.05425,27.6835,0.46363,0.56646,4.2752
2021-02-23 00:00:00+00:00,0.96197,20.08,27.5924,515.84,231.3646,48891.0,0.0476562,34.5325,3.8521,11.3651,1577.89,25.9249,177.34,38.65,15.2244,0.04501,24.8086,0.38652,0.47579,3.5519
2021-02-24 00:00:00+00:00,1.04902,19.42,29.7396,526.99,254.5056,49676.2,0.0567911,33.6396,3.8892,11.8729,1623.39,28.0851,181.43,40.619,17.1691,0.048,25.2509,0.40538,0.4686,3.5324
2021-02-25 00:00:00+00:00,1.07691,17.686,26.7,499.67,234.9146,47073.73,0.0499138,31.2341,3.6711,11.039,1481.75,24.7144,179.36,38.541,13.8442,0.0452,23.4781,0.38022,0.43601,3.3369
2021-02-26 00:00:00+00:00,1.24303,18.86,25.9695,484.46,221.717,46276.87,0.0504768,31.4362,3.5477,10.7153,1444.59,25.1862,170.25,37.68,13.5962,0.04517,23.1082,0.4003,0.42788,3.4692
2021-02-27 00:00:00+00:00,1.31402,19.121,25.7616,483.35,225.3853,46106.43,0.0500725,33.4575,3.6715,11.0991,1458.13,26.1896,171.76,37.28,13.1916,0.04652,23.5338,0.43792,0.43589,3.6344
2021-02-28 00:00:00+00:00,1.31203,17.649,23.9566,460.12,210.2138,45135.66,0.0481582,33.8,3.4765,10.3656,1419.18,24.7016,165.22,35.261,13.0887,0.04562,22.2098,0.40587,0.41565,3.4257
2021-03-01 00:00:00+00:00,1.29627,18.701,27.5107,501.61,254.9637,49587.03,0.0505933,35.6273,3.7049,11.0783,1569.86,27.7116,175.89,38.12,14.9855,0.04784,25.7058,0.43069,0.44537,3.6336
2021-03-02 00:00:00+00:00,1.2228,18.851,27.1101,517.62,239.6841,48440.65,0.050364,36.1393,3.671,10.9081,1486.78,28.4769,179.08,37.733,13.9438,0.04687,25.5253,0.41856,0.4357,3.6898
2021-03-03 00:00:00+00:00,1.21311,21.431,27.22,520.82,240.5701,50349.37,0.0504146,37.0985,3.8258,11.2516,1567.69,29.85,187.64,39.6,14.0742,0.04883,25.3565,0.42052,0.44846,3.8434
2021-03-04 00:00:00+00:00,1.11239,18.855,25.7781,505.31,229.6369,48374.09,0.0499865,35.2166,3.7483,11.0004,1539.23,27.6943,180.67,37.827,13.0508,0.05142,28.2681,0.41182,0.48096,3.6632
2021-03-05 00:00:00+00:00,1.15908,18.671,24.2414,497.22,225.4714,48751.71,0.0495285,33.6194,3.6904,10.9437,1528.31,27.8343,180.23,37.408,12.5382,0.05019,28.2866,0.40483,0.45457,3.7621
2021-03-06 00:00:00+00:00,1.129,18.91,24.911,500.38,226.3814,48882.2,0.0509588,33.3596,3.7207,11.1134,1650.35,28.1479,182.85,38.079,13.0421,0.05015,28.5148,0.40142,0.46285,3.872
2021-03-07 00:00:00+00:00,1.13042,19.458,26.6863,516.56,240.11,50971.75,0.0519871,35.095,3.831,11.5466,1726.16,28.5932,190.75,39.279,13.8174,0.05173,34.2651,0.41265,0.46558,4.1949
2021-03-08 00:00:00+00:00,1.11848,19.392,25.6179,529.15,240.5509,52375.17,0.0629738,34.9737,3.8981,11.7082,1833.18,31.8469,191.85,40.113,13.6028,0.05307,33.2344,0.41821,0.47412,4.4
2021-03-09 00:00:00+00:00,1.1972,21.107,34.314,545.32,293.2052,54884.5,0.0579117,38.1882,4.1673,12.3956,1870.51,31.4914,203.81,42.587,14.839,0.0532,32.8722,0.43186,0.4849,4.4664
2021-03-10 00:00:00+00:00,1.13261,19.61,29.5858,546.27,278.4499,55851.59,0.0558692,37.5494,3.991,11.958,1795.12,29.9036,200.29,40.867,14.2048,0.05142,30.8877,0.40889,0.46155,4.1439
2021-03-11 00:00:00+00:00,1.1243,19.333,30.8005,549.85,290.0301,57773.16,0.0559286,36.9026,3.9532,12.2593,1825.78,30.1166,201.36,41.937,16.031,0.05151,30.9944,0.40564,0.45187,4.122
2021-03-12 00:00:00+00:00,1.03207,18.552,27.9561,538.44,263.2201,57221.72,0.0552731,35.9551,3.7828,11.9365,1766.1,28.3553,220.84,39.895,14.5597,0.04997,30.9198,0.38657,0.43934,3.9691
2021-03-13 00:00:00+00:00,1.1,19.363,30.8799,593.99,276.2822,61188.39,0.0627892,37.1418,4.2816,13.7733,1922.35,29.7384,226.06,42.044,15.3033,0.05291,32.4439,0.40661,0.45787,4.1651
2021-03-14 00:00:00+00:00,1.05243,18.444,28.8423,552.02,263.238,58968.31,0.058221,36.4427,3.9256,12.7214,1848.1,28.5469,213.94,39.616,14.4605,0.05105,30.6509,0.38831,0.43905,3.9248
2021-03-15 00:00:00+00:00,1.03103,19.838,28.9472,523.2,254.5144,55605.2,0.0569691,34.2963,3.8169,12.156,1793.48,27.5091,200.59,38.597,14.1577,0.05069,29.7983,0.38429,0.43574,3.8324
2021-03-16 00:00:00+00:00,1.24924,21.008,33.036,528.5,258.5352,56900.75,0.0586507,35.3987,4.0661,12.4297,1805.12,27.9099,201.6,40.793,13.6392,0.05237,30.0247,0.39563,0.46024,4.0391
2021-03-17 00:00:00+00:00,1.377,20.896,32.6789,541.57,269.7896,58912.97,0.057892,36.1036,4.0867,12.5671,1823.58,31.0579,205.98,46.428,14.2018,0.05483,31.2878,0.40268,0.4698,4.4122
2021-03-18 00:00:00+00:00,1.22925,22.106,33.2132,528.17,261.4816,57648.16,0.0573485,35.3399,4.1434,12.169,1776.08,29.3949,199.7,43.643,14.204,0.05329,29.9785,0.39439,0.46893,4.2594
2021-03-19 00:00:00+00:00,1.29474,22.19,37.3166,532.37,262.935,58030.01,0.0582472,38.1735,4.1375,12.2569,1809.1,29.777,199.96,44.023,14.1552,0.05862,33.262,0.39486,0.46651,4.2258
2021-03-20 00:00:00+00:00,1.20046,20.915,34.2022,536.05,264.3023,58102.28,0.0588186,37.2279,4.3278,12.3108,1806.1,29.6465,200.17,43.08,14.1894,0.0609,32.0399,0.41577,0.52613,4.36
2021-03-21 00:00:00+00:00,1.18561,20.52,32.8117,523.59,264.6513,57351.56,0.0574781,36.6851,4.1536,11.9811,1782.98,29.2097,195.31,42.421,14.3372,0.06337,32.9395,0.40347,0.51651,4.1708
2021-03-22 00:00:00+00:00,1.1015,19.179,29.17,509.07,254.7976,54083.25,0.054888,35.2338,4.0777,11.6556,1680.97,27.2431,185.67,40.695,14.7964,0.05927,32.7958,0.39238,0.5441,4.0532
2021-03-23 00:00:00+00:00,1.11639,18.724,28.4704,510.76,255.4646,54340.89,0.0533532,34.2174,4.0899,12.2413,1668.08,26.7813,185.83,41.081,14.1552,0.05852,30.9878,0.39518,0.5498,4.1292
2021-03-24 00:00:00+00:00,1.06902,17.424,25.8387,474.22,248.5236,52303.65,0.0514996,30.2209,3.6938,11.292,1581.84,24.8684,176.05,39.529,13.5973,0.05568,27.2243,0.36153,0.48021,3.9853
2021-03-25 00:00:00+00:00,1.0956,17.1,25.825,472.8,233.9466,51293.78,0.051266,29.8059,3.6745,11.0876,1585.74,25.535,171.53,38.632,12.9787,0.05528,26.5,0.36112,0.51058,3.9174
2021-03-26 00:00:00+00:00,1.2142,18.94,28.2527,505.81,255.2105,55025.59,0.053931,33.1782,4.1849,11.7593,1698.84,27.3927,183.45,41.652,14.7664,0.06464,28.88,0.3846,0.56357,4.19
2021-03-27 00:00:00+00:00,1.17678,18.704,27.6225,500.58,269.2234,55817.14,0.054436,32.5884,4.0912,11.7927,1712.63,26.8766,184.06,41.106,16.4589,0.0636,28.1897,0.38185,0.54752,4.103
2021-03-28 00:00:00+00:00,1.18983,19.331,28.7167,497.04,268.4263,55777.63,0.0536656,32.2331,4.1106,11.8644,1687.01,26.6588,184.24,44.763,18.0645,0.06362,27.8685,0.39755,0.54552,4.2299
2021-03-29 00:00:00+00:00,1.20239,20.273,29.5,518.36,275.2991,57635.47,0.054124,34.3403,4.2785,12.6381,1816.74,28.0357,193.73,45.499,18.9504,0.06475,29.0155,0.40446,0.56538,4.5936
2021-03-30 00:00:00+00:00,1.21189,19.968,29.6009,525.75,311.2962,58746.57,0.0540003,33.9778,4.3361,13.016,1840.46,27.8301,195.74,44.947,19.0685,0.06598,28.55,0.40076,0.5621,4.5584
2021-03-31 00:00:00+00:00,1.19191,19.081,28.7218,541.06,302.3724,58740.55,0.0537699,37.0765,4.8021,14.1287,1919.37,29.4167,196.7,50.778,19.3861,0.09296,28.0316,0.4056,0.56982,4.8271
2021-04-01 00:00:00+00:00,1.18377,19.473,28.2456,556.66,334.7991,58720.44,0.062151,37.461,5.5947,14.315,1968.05,30.0684,202.86,52.326,19.0443,0.08543,28.6638,0.4243,0.57087,5.1228
2021-04-02 00:00:00+00:00,1.18998,20.315,29.0353,580.64,338.2932,58950.01,0.0575849,41.0271,6.2557,15.2454,2133.69,32.4864,211.46,52.958,19.7501,0.09232,30.2084,0.43897,0.60701,5.2998
2021-04-03 00:00:00+00:00,1.16238,20.033,28.1787,530.59,321.9497,57051.94,0.0555113,41.3802,5.4107,13.571,2008.52,29.293,195.23,50.709,22.5,0.10143,29.3874,0.40809,0.57831,4.7672
2021-04-04 00:00:00+00:00,1.18206,21.525,29.1573,560.78,348.8617,58202.01,0.0573943,44.3135,6.28,14.5489,2075.69,30.7471,202.21,54.567,23.7755,0.12761,30.9131,0.42851,0.635,5.1348
2021-04-05 00:00:00+00:00,1.2118,21.431,31.2559,647.21,368.0263,59129.99,0.0599992,45.8003,6.6959,16.0744,2107.38,32.3791,221.48,59.068,22.9717,0.13655,30.8292,0.53706,0.91584,6.1039
2021-04-06 00:00:00+00:00,1.252,21.656,31.4635,662.5,403.3648,57991.15,0.0644047,43.35,6.6436,17.7329,2112.21,34.725,237.04,63.036,25.0548,0.12401,31.233,0.54206,1.09663,6.1643
2021-04-07 00:00:00+00:00,1.17359,19.558,29.5068,615.93,375.5538,55953.45,0.0587769,39.5013,5.8824,19.1937,1963.47,31.109,219.05,59.778,26.5385,0.11045,28.5722,0.47257,0.91542,5.527
2021-04-08 00:00:00+00:00,1.21926,20.543,30.751,643.35,418.7048,58077.52,0.0617838,41.334,6.442,19.6292,2080.46,32.7884,226.11,63.351,26.9384,0.12349,30.2033,0.505,1.05599,6.1654
2021-04-09 00:00:00+00:00,1.20201,21.393,31.5178,631.21,453.9937,58142.54,0.0615878,40.8085,6.2072,18.7707,2066.87,31.5893,221.12,60.801,27.6172,0.11584,29.5199,0.48607,1.01721,6.8372
2021-04-10 00:00:00+00:00,1.21747,21.025,31.776,673.1,471.2975,59769.13,0.0637167,41.5868,6.6137,20.4439,2133.49,31.8944,256.34,61.685,26.8021,0.1263,29.7649,0.56192,1.3728,6.5658
2021-04-11 00:00:00+00:00,1.26355,23.365,31.5976,689.65,525.9275,60002.43,0.07433,41.3196,6.7266,20.3709,2151.36,33.8811,252.31,63.922,27.8517,0.12214,29.9063,0.5844,1.35118,6.4516
2021-04-12 00:00:00+00:00,1.31431,22.012,33.8055,670.39,596.7104,59860.0,0.0707343,40.46,6.4775,19.5225,2137.69,33.108,244.42,64.65,28.5424,0.12874,36.6844,0.59051,1.46843,6.2863
2021-04-13 00:00:00+00:00,1.41246,23.829,33.6462,745.14,551.6442,63575.0,0.094402,42.9301,7.3816,21.2069,2299.19,35.5217,267.59,66.587,27.4507,0.14622,35.4293,0.65701,1.79611,6.5576
2021-04-14 00:00:00+00:00,1.45092,27.068,38.3391,814.85,550.0182,62959.53,0.1214329,42.5171,7.6652,21.9193,2432.6,41.3641,278.86,69.12,26.4067,0.1404,36.0626,0.63505,1.83468,6.5662
2021-04-15 00:00:00+00:00,1.4782,27.786,37.0174,864.82,541.8824,63159.98,0.1823599,43.4318,7.8873,28.6129,2514.04,42.5601,285.63,74.829,27.7816,0.16421,37.7447,0.63966,1.75781,6.7897
2021-04-16 00:00:00+00:00,1.40989,25.46,35.45,1103.53,508.2743,61334.8,0.3654434,41.3898,8.4974,38.2734,2422.67,41.9861,308.43,86.833,25.2996,0.16091,36.1359,0.61005,1.54805,7.1995
2021-04-17 00:00:00+00:00,1.36802,24.342,33.9342,991.76,514.6861,60006.66,0.2822532,42.0577,7.7859,37.7258,2317.6,39.9137,300.86,93.96,24.85,0.15535,34.7343,0.59137,1.53896,7.0568
2021-04-18 00:00:00+00:00,1.27693,21.403,29.3348,972.51,481.4367,56150.01,0.3223299,37.363,7.2854,37.0728,2235.64,39.0799,273.36,119.841,32.3358,0.14302,31.6225,0.54459,1.40797,6.176
2021-04-19 00:00:00+00:00,1.1945,19.199,26.1827,891.27,504.0322,55633.14,0.408903,34.7373,6.6005,33.4166,2161.12,35.7359,261.38,109.129,31.4711,0.12993,31.3572,0.49982,1.30945,5.4513
2021-04-20 00:00:00+00:00,1.26689,21.254,27.4058,940.79,586.3635,56425.0,0.3173205,35.4133,6.6944,33.739,2330.03,38.9954,260.68,108.138,31.7028,0.13279,31.9547,0.52877,1.38501,5.7045
2021-04-21 00:00:00+00:00,1.20358,19.551,25.8131,909.2,543.6327,53787.63,0.3058251,33.7953,6.3226,31.9236,2357.06,36.2274,257.69,96.846,32.5534,0.12273,33.4146,0.48894,1.29097,5.3286
2021-04-22 00:00:00+00:00,1.144,18.725,23.9703,853.08,505.2411,51690.96,0.2606615,32.9571,5.855,33.5104,2397.94,35.1306,252.5,89.828,38.9,0.11001,33.9099,0.44951,1.15489,4.9127
2021-04-23 00:00:00+00:00,1.15866,20.515,23.5317,839.34,526.5357,51125.14,0.2498155,32.2323,5.5746,32.6158,2367.39,35.2121,241.31,86.096,37.3893,0.10915,32.9502,0.45069,1.17073,4.8199
2021-04-24 00:00:00+00:00,1.10287,18.458,21.8523,770.41,496.992,50047.84,0.27,28.9629,5.085,29.6577,2213.35,31.2443,224.75,79.544,40.8401,0.10249,30.1473,0.42507,1.04833,4.4403
2021-04-25 00:00:00+00:00,1.0913,18.687,21.624,758.87,505.0,49066.77,0.25159,29.83,4.9992,29.315,2320.49,31.692,223.88,79.596,47.405,0.10176,34.352,0.4162,1.0351,4.4519
2021-04-26 00:00:00+00:00,1.2375,22.058,26.451,848.88,535.33,54001.39,0.27161,33.4,5.8627,32.825,2532.6,35.13,247.42,90.206,43.878,0.11732,38.165,0.486,1.3629,5.226
2021-04-27 00:00:00+00:00,1.3063,23.038,27.949,890.58,568.78,55011.97,0.27232,34.845,6.0626,33.803,2666.13,36.788,259.77,94.117,43.147,0.12594,39.63,0.50963,1.4017,5.4296
2021-04-28 00:00:00+00:00,1.3379,22.927,28.233,910.44,562.78,54846.22,0.32311,33.972,5.953,35.061,2748.24,36.233,258.51,91.795,44.833,0.12266,42.901,0.49687,1.3576,5.2523
2021-04-29 00:00:00+00:00,1.3063,22.222,27.912,880.43,599.7,53555.0,0.30479,35.979,5.8949,34.529,2757.04,36.467,255.31,89.448,42.484,0.12123,41.05,0.49162,1.3978,5.241
2021-04-30 00:00:00+00:00,1.3532,22.704,32.8,995.51,622.65,57694.27,0.33746,36.522,6.4491,36.317,2772.42,38.1,271.13,96.965,42.786,0.13223,40.624,0.52966,1.5988,5.6108
2021-05-01 00:00:00+00:00,1.3516,23.801,31.805,1003.77,620.0,57800.37,0.39087,36.908,6.6129,44.706,2944.77,41.257,276.78,102.2,49.67,0.13112,40.339,0.54,1.651,5.8208
2021-05-02 00:00:00+00:00,1.3267,23.088,31.28,972.25,621.78,56578.21,0.37397,36.626,6.5255,44.92,2949.56,39.461,268.88,106.817,46.897,0.12759,42.62,0.55601,1.5605,5.6037
2021-05-03 00:00:00+00:00,1.3622,22.938,35.871,1015.02,676.15,57169.39,0.44142,37.25,6.8056,52.037,3431.04,42.052,294.87,107.046,45.912,0.13159,42.277,0.55044,1.5546,6.0063
2021-05-04 00:00:00+00:00,1.2698,20.963,30.287,950.89,609.3,53200.01,0.53854,34.777,6.34,69.249,3239.01,45.527,305.23,96.468,42.636,0.11917,43.108,0.50152,1.3877,5.4873
2021-05-05 00:00:00+00:00,1.4798,24.877,35.258,1453.49,651.1,57436.11,0.654,40.422,8.7205,93.962,3524.26,49.575,356.04,114.883,44.98,0.14654,42.423,0.60473,1.6133,6.6003
2021-05-06 00:00:00+00:00,1.6491,25.542,38.003,1509.27,633.99,56393.68,0.58106,41.588,11.4643,133.864,3489.73,47.154,354.67,122.794,43.496,0.15216,40.222,0.65085,1.6028,7.5746
2021-05-07 00:00:00+00:00,1.653,28.641,37.875,1340.72,624.3,57314.75,0.68982,39.864,10.3757,119.763,3479.53,49.129,344.89,117.784,43.182,0.14763,39.74,0.63063,1.5793,7.0856
2021-05-08 00:00:00+00:00,1.6211,29.524,38.399,1396.86,646.1,58862.05,0.63708,39.899,10.3392,127.317,3910.26,48.597,347.1,116.473,45.612,0.14301,40.498,0.6138,1.5611,6.9758
2021-05-09 00:00:00+00:00,1.7663,28.712,38.969,1427.8,661.74,58240.84,0.57063,40.3,10.5283,117.904,3923.95,52.269,387.8,119.599,44.33,0.14295,39.43,0.62804,1.5345,7.0954
2021-05-10 00:00:00+00:00,1.6423,25.357,34.652,1321.31,631.1,55816.14,0.45074,36.488,9.2671,105.094,3945.88,46.334,358.89,104.943,42.854,0.12716,36.372,0.65643,1.3906,6.1917
2021-05-11 00:00:00+00:00,1.7632,26.902,36.8,1547.51,671.91,56670.02,0.49326,38.637,14.5164,111.173,4173.45,48.826,377.6,115.724,44.538,0.13893,38.515,0.73465,1.4786,7.1247
2021-05-12 00:00:00+00:00,1.5694,23.012,32.8,1236.46,594.65,49631.32,0.3916,35.128,10.3536,84.996,3823.21,41.622,310.4,94.286,43.709,0.11918,36.87,0.59554,1.2691,5.9392
2021-05-13 00:00:00+00:00,1.9296,23.494,35.075,1258.52,571.1,49670.97,0.48945,39.988,10.576,88.383,3717.91,43.287,317.95,96.686,41.049,0.12159,37.345,0.65366,1.364,6.1252
2021-05-14 00:00:00+00:00,2.0069,25.856,36.999,1296.38,602.61,49841.45,0.55971,47.979,11.1496,103.313,4075.01,46.567,326.23,100.862,42.7,0.12473,40.4,0.66885,1.4,6.4737
2021-05-15 00:00:00+00:00,2.1744,24.495,34.439,1171.75,563.41,46762.99,0.50855,43.643,10.2365,95.088,3646.68,41.492,300.3,92.735,43.486,0.12059,36.607,0.68081,1.4904,5.7784
2021-05-16 00:00:00+00:00,2.3002,24.264,36.6,1166.69,564.32,46431.5,0.5137,42.436,10.1093,93.859,3582.1,40.67,295.89,92.911,46.85,0.11964,36.598,0.71027,1.4496,5.6737
2021-05-17 00:00:00+00:00,2.0307,21.091,33.67,1069.74,512.07,43538.04,0.4875,38.693,9.1406,89.677,3282.51,37.177,281.53,85.634,46.708,0.11279,33.232,0.64323,1.4946,5.1689
2021-05-18 00:00:00+00:00,2.0036,22.84,36.875,1089.32,507.88,42849.78,0.47574,40.595,9.3233,88.577,3375.07,42.566,293.98,87.421,55.977,0.11627,35.028,0.6454,1.5889,5.7408
2021-05-19 00:00:00+00:00,1.4663,13.757,23.052,694.51,334.8,36690.09,0.32945,25.044,5.6863,59.436,2438.92,26.227,185.93,55.124,34.988,0.07881,23.169,0.44315,1.0568,3.607
2021-05-20 00:00:00+00:00,1.8006,16.916,25.086,817.65,391.17,40526.64,0.39758,28.958,6.6506,73.744,2768.62,30.606,210.74,71.705,44.42,0.08928,26.333,0.49469,1.1795,4.1826
2021-05-21 00:00:00+00:00,1.5493,13.572,21.827,687.5,326.01,37252.01,0.35778,24.399,5.5587,64.167,2430.98,25.546,179.97,57.851,38.925,0.0779,21.945,0.41884,1.0062,3.6721
2021-05-22 00:00:00+00:00,1.4629,12.237,18.797,629.85,299.76,37449.73,0.34199,22.057,5.1018,58.498,2294.87,23.296,169.32,51.385,31.222,0.07534,20.338,0.38917,0.9052,3.434
2021-05-23 00:00:00+00:00,1.3139,11.648,15.606,552.37,260.72,34655.25,0.30633,17.912,4.2923,51.553,2096.39,19.844,142.39,43.103,24.536,0.06285,16.709,0.362,0.7898,2.9071
2021-05-24 00:00:00+00:00,1.55,14.541,19.395,754.0,345.64,38796.29,0.36589,23.261,5.6421,73.711,2648.43,26.412,185.32,54.04,31.416,0.07696,24.684,0.43964,0.993,3.5426
2021-05-25 00:00:00+00:00,1.5532,13.934,19.446,718.79,343.18,38324.72,0.34598,22.16,5.6926,78.364,2705.11,27.503,183.76,56.599,29.973,0.07714,25.106,0.42922,0.9746,3.6601
2021-05-26 00:00:00+00:00,1.7791,15.278,20.797,763.96,379.16,39241.91,0.35284,24.528,6.4315,79.886,2884.94,34.018,198.91,62.5,35.43,0.08312,29.42,0.44368,1.0316,3.9246
2021-05-27 00:00:00+00:00,1.6552,14.525,19.118,750.03,369.67,38529.98,0.33403,23.982,7.021,74.596,2742.23,31.732,194.32,62.947,33.747,0.07949,28.549,0.42058,0.9747,3.8744
2021-05-28 00:00:00+00:00,1.5133,12.701,16.727,688.28,328.82,35663.49,0.31123,21.35,6.113,68.199,2412.1,27.878,177.33,54.421,28.989,0.07204,25.875,0.39933,0.8985,3.3882
2021-05-29 00:00:00+00:00,1.4029,12.059,16.168,651.96,305.04,34605.15,0.3028,19.868,6.0225,64.293,2278.74,25.365,164.01,50.092,27.388,0.06877,23.169,0.36728,0.8318,3.2038
2021-05-30 00:00:00+00:00,1.5751,12.551,16.518,661.66,325.57,35641.27,0.30179,20.465,6.0358,66.124,2385.98,26.818,170.51,51.579,28.588,0.07196,25.716,0.37466,0.9058,3.2857
2021-05-31 00:00:00+00:00,1.7373,13.962,18.14,702.46,353.33,37253.81,0.32557,23.264,6.6297,70.019,2706.15,32.098,187.97,55.865,32.75,0.07679,28.239,0.40243,1.0409,3.606
2021-06-01 00:00:00+00:00,1.7363,13.757,17.748,691.13,362.39,36693.09,0.37006,22.84,6.3069,67.765,2634.57,30.719,182.99,53.951,30.938,0.07614,27.426,0.41864,1.0108,3.6663
2021-06-02 00:00:00+00:00,1.7534,14.86,18.687,697.36,401.54,37568.68,0.42338,25.916,6.3695,68.403,2706.22,30.67,187.14,57.8,33.994,0.07804,27.626,0.4188,1.0241,3.8125
2021-06-03 00:00:00+00:00,1.8453,16.665,20.268,718.91,428.48,39246.79,0.40078,27.004,6.5335,69.864,2857.25,32.198,193.5,61.321,39.602,0.08223,28.687,0.4253,1.045,3.8787
2021-06-04 00:00:00+00:00,1.7077,15.067,18.243,670.74,390.7,36829.0,0.37628,24.988,6.0142,64.72,2689.51,28.826,178.44,56.25,37.338,0.07714,26.422,0.3845,0.9683,3.5529
2021-06-05 00:00:00+00:00,1.6551,14.858,17.23,649.31,390.08,35513.2,0.3713,23.771,5.7776,63.122,2627.73,27.129,172.94,55.635,39.633,0.07552,25.641,0.37488,0.923,3.4293
2021-06-06 00:00:00+00:00,1.6771,15.125,17.383,656.1,393.73,35796.31,0.37143,24.184,5.8457,64.086,2711.92,27.532,176.41,56.7,42.205,0.07745,25.861,0.38053,0.947,3.8324
2021-06-07 00:00:00+00:00,1.5659,13.46,15.536,596.45,357.96,33552.79,0.33146,21.686,5.1894,58.01,2592.05,24.584,161.95,51.08,38.235,0.0717,24.269,0.3463,0.8618,3.4872
2021-06-08 00:00:00+00:00,1.5819,13.56,14.792,595.31,352.5,33380.81,0.32586,21.65,5.0502,56.681,2507.23,24.076,160.63,48.735,41.245,0.07242,23.424,0.34928,0.8731,3.4473
2021-06-09 00:00:00+00:00,1.6279,13.932,15.4,634.0,375.54,37388.05,0.34318,23.214,5.3404,62.32,2610.18,25.585,172.56,51.297,42.032,0.07536,25.096,0.36501,0.9218,3.5106
2021-06-10 00:00:00+00:00,1.5328,12.829,14.193,601.11,351.94,36675.72,0.32606,22.683,5.0799,57.894,2471.09,23.114,168.16,50.561,41.105,0.07257,23.582,0.33887,0.8686,3.2774
2021-06-11 00:00:00+00:00,1.4371,11.95,13.408,577.04,345.75,37331.98,0.3187,20.95,4.9157,56.865,2354.01,21.478,162.83,47.443,36.157,0.06919,21.848,0.31816,0.8471,3.1373
2021-06-12 00:00:00+00:00,1.4789,11.616,13.545,580.0,343.7,35546.11,0.31216,20.742,4.8302,55.195,2370.74,21.67,161.8,46.25,36.476,0.06804,21.296,0.32784,0.8326,3.143
2021-06-13 00:00:00+00:00,1.5566,12.53,14.761,613.46,365.8,39020.57,0.32394,22.04,5.0874,58.998,2509.33,23.312,170.85,49.201,38.706,0.07153,23.255,0.34486,0.8832,3.3136
2021-06-14 00:00:00+00:00,1.5769,13.301,15.113,641.5,370.19,40516.29,0.32767,25.858,5.2992,59.304,2580.77,24.973,179.89,50.735,39.694,0.07203,24.16,0.343,0.8906,3.3485
2021-06-15 00:00:00+00:00,1.5552,12.951,14.714,627.17,366.48,40144.04,0.32028,23.942,5.1808,58.154,2543.54,24.482,175.15,50.139,39.536,0.07174,23.417,0.33352,0.8663,3.271
2021-06-16 00:00:00+00:00,1.4851,13.425,14.078,593.73,347.22,38349.01,0.30775,23.033,4.8657,55.351,2367.89,23.044,166.57,48.639,39.728,0.06895,21.828,0.31766,0.832,3.115
2021-06-17 00:00:00+00:00,1.4826,13.618,14.844,598.95,352.85,38092.97,0.30619,22.533,4.8725,55.552,2373.28,23.396,167.08,48.623,39.265,0.0739,22.184,0.31751,0.8419,3.3695
2021-06-18 00:00:00+00:00,1.4163,12.472,13.64,563.21,337.16,35819.84,0.29328,21.432,4.564,52.568,2234.09,21.233,156.34,45.422,36.82,0.06962,20.388,0.29725,0.7972,3.0976
2021-06-19 00:00:00+00:00,1.3839,11.85,13.383,552.12,334.01,35483.72,0.28567,20.222,4.4597,50.864,2164.67,20.246,152.49,44.445,35.19,0.06827,19.76,0.28853,0.7582,3.038
2021-06-20 00:00:00+00:00,1.4263,11.977,13.917,556.16,339.08,35600.16,0.28054,20.617,4.5069,50.956,2243.47,21.646,154.88,44.679,35.257,0.06768,20.704,0.29739,0.7741,3.077
2021-06-21 00:00:00+00:00,1.174,9.519,11.2,455.4,270.76,31608.93,0.17873,15.707,3.5181,39.461,1885.49,17.365,124.46,32.046,26.59,0.05351,15.774,0.23581,0.6067,2.4855
2021-06-22 00:00:00+00:00,1.1567,9.002,10.578,444.06,262.1,32509.56,0.19072,14.688,3.3869,36.545,1879.28,16.85,119.64,30.115,26.958,0.05103,16.421,0.23503,0.5468,2.3749
2021-06-23 00:00:00+00:00,1.2512,9.613,11.456,472.79,296.25,33678.07,0.23468,15.792,3.6732,40.763,1968.14,18.395,129.1,33.453,30.837,0.05797,17.802,0.25546,0.6383,2.6887
2021-06-24 00:00:00+00:00,1.3604,10.386,11.493,486.96,308.62,34663.09,0.26377,16.223,3.924,43.151,1989.52,19.06,134.58,34.978,31.141,0.06611,18.051,0.2688,0.6731,2.8308
2021-06-25 00:00:00+00:00,1.2521,9.066,10.235,449.22,280.81,31584.45,0.23745,14.422,3.5333,39.35,1808.82,16.87,125.0,31.229,28.641,0.06139,15.822,0.24091,0.6111,2.5225
2021-06-26 00:00:00+00:00,1.2521,9.596,10.318,459.58,279.65,32283.65,0.24583,14.511,3.5712,40.555,1829.64,16.952,126.89,31.167,29.698,0.06274,16.122,0.2494,0.6162,2.5395
2021-06-27 00:00:00+00:00,1.338,10.087,10.941,477.79,290.87,34700.34,0.2645,15.01,3.7766,42.307,1982.28,18.406,132.6,31.961,31.897,0.06479,17.097,0.25979,0.6484,2.6224
2021-06-28 00:00:00+00:00,1.326,10.89,11.322,501.83,290.0,34494.89,0.25707,15.794,3.8507,43.351,2084.41,18.83,137.69,33.171,33.001,0.06532,17.727,0.26349,0.6444,2.7057
2021-06-29 00:00:00+00:00,1.373,11.65,11.92,524.01,300.79,35911.73,0.26349,16.3,4.1289,56.829,2165.33,19.535,144.2,35.148,33.97,0.06793,18.652,0.2832,0.7063,2.9776
2021-06-30 00:00:00+00:00,1.3853,12.045,11.949,526.8,303.71,35045.0,0.25391,16.402,4.1383,57.551,2275.68,19.516,144.26,36.648,35.51,0.06828,19.278,0.28389,0.7063,3.0432
2021-07-01 00:00:00+00:00,1.3313,11.033,11.181,495.79,287.43,33504.69,0.24381,15.174,3.9227,53.076,2106.41,18.186,137.02,34.097,33.271,0.06471,17.779,0.2689,0.6591,2.9419
2021-07-02 00:00:00+00:00,1.3946,11.795,11.112,495.76,287.17,33786.55,0.24505,15.289,3.9224,53.737,2154.13,18.274,136.85,35.438,34.0,0.06657,18.213,0.26287,0.6556,2.9529
2021-07-03 00:00:00+00:00,1.4045,11.8,11.509,505.24,298.13,34669.13,0.24636,15.52,4.0504,56.877,2226.99,18.543,140.17,36.348,34.498,0.06683,19.474,0.26394,0.6732,3.0285
2021-07-04 00:00:00+00:00,1.4615,12.307,12.345,526.73,307.62,35286.51,0.24643,15.975,4.061,56.363,2322.69,19.242,144.95,37.545,34.28,0.06736,20.757,0.26814,0.696,3.0408
2021-07-05 00:00:00+00:00,1.4039,13.531,12.042,504.31,302.02,33690.14,0.2311,15.228,3.8101,53.683,2196.53,18.362,137.71,35.916,32.908,0.06448,20.063,0.25326,0.6526,2.829
2021-07-06 00:00:00+00:00,1.4157,13.136,13.384,511.55,319.92,34220.01,0.23417,16.135,3.8776,54.649,2322.5,20.073,138.87,36.88,34.226,0.06494,22.376,0.26043,0.6648,2.8647
2021-07-07 00:00:00+00:00,1.404,12.939,13.105,509.35,327.51,33862.12,0.22386,16.861,3.8249,52.813,2316.57,19.788,137.41,36.998,36.673,0.06433,22.253,0.25641,0.6522,2.878
2021-07-08 00:00:00+00:00,1.327,11.916,12.098,490.3,310.14,32875.71,0.2069,15.317,3.5959,49.471,2116.33,18.353,132.15,34.018,33.142,0.06106,20.353,0.24286,0.6215,2.6916
2021-07-09 00:00:00+00:00,1.3504,13.181,12.552,504.16,317.09,33815.81,0.21963,15.681,4.2174,50.084,2146.99,18.656,134.58,34.674,33.315,0.06219,20.986,0.24566,0.6369,2.7503
2021-07-10 00:00:00+00:00,1.3356,14.425,12.015,496.94,316.12,33502.87,0.21375,15.276,3.9633,49.135,2110.69,18.204,133.99,34.062,31.693,0.06142,20.244,0.24478,0.6246,2.7832
2021-07-11 00:00:00+00:00,1.3485,14.077,12.433,498.11,322.16,34258.99,0.21597,15.495,4.0766,49.704,2140.45,18.383,134.28,34.203,32.182,0.06184,20.7,0.24595,0.6364,2.8441
2021-07-12 00:00:00+00:00,1.3126,12.981,12.157,479.58,316.12,33086.63,0.20775,14.845,4.1873,47.689,2031.58,17.518,133.38,33.747,30.77,0.06004,19.528,0.23834,0.6288,2.8066
2021-07-13 00:00:00+00:00,1.265,12.092,11.91,465.1,308.94,32729.77,0.19997,14.19,3.8909,45.544,1940.15,16.87,131.44,33.463,29.136,0.05937,18.47,0.23222,0.6192,2.8094
2021-07-14 00:00:00+00:00,1.2635,11.747,11.793,467.36,309.4,32820.02,0.19761,13.801,3.7983,45.61,1994.58,16.936,131.07,32.839,31.365,0.05989,17.885,0.23994,0.6197,2.716
2021-07-15 00:00:00+00:00,1.2258,11.474,11.391,455.9,316.11,31880.0,0.18534,13.095,3.6707,43.235,1919.51,15.764,125.86,31.406,28.545,0.05784,17.068,0.24081,0.5979,2.5761
2021-07-16 00:00:00+00:00,1.1708,11.149,10.814,438.02,302.88,31383.87,0.17202,12.026,3.6529,41.153,1876.26,15.234,120.65,29.665,26.271,0.05562,16.337,0.23513,0.5893,2.4088
2021-07-17 00:00:00+00:00,1.1721,11.022,10.958,436.07,300.52,31520.07,0.18734,12.294,3.6562,41.459,1899.59,15.352,119.95,29.589,26.802,0.05597,16.098,0.2326,0.5821,2.4049
2021-07-18 00:00:00+00:00,1.1813,10.972,10.69,437.92,302.1,31778.56,0.18157,12.647,3.6353,41.88,1891.64,15.47,119.17,29.733,26.673,0.05592,16.305,0.22977,0.5866,2.4291
2021-07-19 00:00:00+00:00,1.1225,9.98,10.183,414.94,280.54,30839.65,0.17362,11.46,3.437,41.582,1818.73,14.528,113.13,27.702,24.509,0.05345,15.742,0.21148,0.557,2.2872
2021-07-20 00:00:00+00:00,1.0539,9.443,9.639,398.48,264.44,29790.35,0.17047,10.958,3.2596,39.311,1786.03,13.742,107.29,25.845,23.474,0.05045,14.554,0.21192,0.5284,2.1514
2021-07-21 00:00:00+00:00,1.1711,10.481,10.425,430.7,293.26,32144.51,0.19046,12.343,3.5026,42.905,1995.5,15.297,117.74,27.907,26.7,0.05388,16.727,0.22825,0.5719,2.3976
2021-07-22 00:00:00+00:00,1.1856,11.377,10.833,442.15,293.36,32287.83,0.19123,13.152,3.5647,43.395,2024.56,16.071,120.67,28.93,27.699,0.05526,17.579,0.26356,0.592,2.5013
2021-07-23 00:00:00+00:00,1.2077,11.442,11.086,454.78,299.27,33634.09,0.19489,13.401,3.6341,45.814,2124.25,16.502,124.24,29.568,28.516,0.056,18.603,0.26925,0.6091,2.6852
2021-07-24 00:00:00+00:00,1.2327,11.426,11.142,458.49,301.56,34258.14,0.19688,13.754,3.6674,49.414,2184.75,16.683,125.99,30.712,28.616,0.05727,18.239,0.26706,0.6085,2.8169
2021-07-25 00:00:00+00:00,1.2284,11.446,11.247,454.99,302.56,35381.02,0.19793,13.734,3.6587,48.433,2189.79,16.746,127.68,30.759,28.248,0.05791,18.285,0.26172,0.6069,2.8919
2021-07-26 00:00:00+00:00,1.2551,11.386,11.46,481.09,304.0,37237.6,0.20362,13.925,3.6795,48.373,2228.08,18.028,131.06,32.451,28.184,0.05842,18.527,0.26019,0.6234,2.8375
2021-07-27 00:00:00+00:00,1.2799,11.702,11.917,501.91,313.48,39457.87,0.20585,14.365,3.7556,49.515,2299.49,19.489,134.74,34.072,28.103,0.06019,18.887,0.2629,0.6451,2.8623
2021-07-28 00:00:00+00:00,1.2875,11.589,12.32,511.41,313.8,40019.56,0.20574,14.546,3.9195,49.275,2300.9,19.109,140.42,34.555,27.875,0.0607,19.065,0.27016,0.7327,2.8133
2021-07-29 00:00:00+00:00,1.2856,11.799,12.433,538.9,317.03,40016.48,0.20502,15.254,3.9667,49.379,2382.92,19.37,141.44,35.231,31.235,0.06185,19.58,0.27244,0.7488,2.8509
2021-07-30 00:00:00+00:00,1.3108,12.14,12.978,552.77,322.58,42206.37,0.20873,15.793,4.0684,50.963,2461.81,22.269,145.51,41.66,32.354,0.06325,20.917,0.27926,0.7521,2.967
2021-07-31 00:00:00+00:00,1.3193,12.598,13.525,545.98,332.38,41461.83,0.20765,16.784,4.068,51.324,2531.05,22.713,144.37,45.81,36.744,0.06396,21.767,0.28422,0.746,3.0355
2021-08-01 00:00:00+00:00,1.3142,12.312,12.853,526.26,332.59,39845.44,0.20424,18.418,3.9414,50.245,2555.69,22.062,140.31,42.102,34.165,0.0632,21.979,0.27504,0.7242,2.9505
2021-08-02 00:00:00+00:00,1.3083,12.476,12.993,543.3,330.55,39147.82,0.20327,17.984,4.027,51.325,2606.93,23.472,141.35,43.389,33.167,0.06463,22.382,0.27437,0.738,3.125
2021-08-03 00:00:00+00:00,1.3696,12.12,12.557,538.6,323.43,38207.05,0.19626,17.425,4.0245,49.451,2509.04,23.942,138.49,41.473,34.105,0.06403,21.326,0.27433,0.7136,3.0547
2021-08-04 00:00:00+00:00,1.3765,12.808,13.696,545.72,334.77,39723.18,0.20153,19.15,4.1142,51.576,2724.78,24.193,142.57,43.64,35.76,0.06737,23.536,0.28056,0.731,3.1769
2021-08-05 00:00:00+00:00,1.3859,13.032,13.834,548.39,337.91,40862.46,0.20095,19.124,4.1876,52.431,2826.99,24.057,143.53,43.891,37.353,0.07013,25.44,0.28022,0.7327,3.2196
2021-08-06 00:00:00+00:00,1.4025,13.589,14.77,557.42,342.39,42836.87,0.20482,20.416,4.3191,53.1,2891.58,23.89,147.95,44.473,39.525,0.07196,26.178,0.28532,0.7474,3.3575
2021-08-07 00:00:00+00:00,1.4727,14.006,15.834,583.53,356.18,44572.54,0.26189,20.963,4.5919,60.587,3160.31,24.694,155.92,46.954,39.469,0.07527,28.3,0.30745,0.8162,3.4222
2021-08-08 00:00:00+00:00,1.4255,13.139,14.826,555.56,341.79,43794.37,0.23996,19.65,4.2948,57.068,3011.85,23.029,149.69,45.051,37.65,0.07192,26.722,0.28716,0.7788,3.178
2021-08-09 00:00:00+00:00,1.4745,13.651,16.169,591.37,354.32,46253.4,0.25609,20.566,4.5323,59.034,3160.52,24.197,166.31,46.501,38.646,0.07395,28.352,0.2986,0.817,3.2867
2021-08-10 00:00:00+00:00,1.678,14.105,16.42,592.06,371.92,45584.99,0.25732,20.616,4.5973,58.884,3141.66,24.537,165.38,46.681,40.64,0.07464,28.755,0.31019,0.8511,3.2643
2021-08-11 00:00:00+00:00,1.7934,14.558,16.688,620.37,390.96,45511.0,0.26445,21.347,4.75,60.721,3160.5,25.906,170.6,48.741,41.621,0.08341,28.95,0.33718,1.0105,3.4438
2021-08-12 00:00:00+00:00,1.8324,14.06,16.575,606.21,385.66,44399.0,0.26401,20.755,4.6588,60.0,3045.96,24.944,165.38,48.611,41.102,0.08415,28.087,0.32876,0.966,3.3491
2021-08-13 00:00:00+00:00,2.1386,15.212,18.031,654.44,410.76,47800.0,0.28667,22.723,5.1583,64.264,3322.32,27.748,183.31,55.424,44.83,0.08951,30.507,0.35999,1.0901,3.5928
2021-08-14 00:00:00+00:00,2.1878,15.56,18.093,692.08,408.67,47068.51,0.29402,22.835,5.4806,67.268,3263.16,27.144,182.76,55.809,44.14,0.09264,30.11,0.39474,1.2791,3.6952
2021-08-15 00:00:00+00:00,2.1667,15.91,18.762,703.42,414.05,46973.82,0.33984,23.15,5.6931,74.989,3307.09,27.901,184.6,58.913,53.531,0.09295,30.239,0.39079,1.2839,3.7355
2021-08-16 00:00:00+00:00,2.0714,15.784,19.071,673.31,415.72,45901.29,0.31956,24.432,5.517,69.036,3146.53,27.944,177.93,56.34,62.016,0.08936,29.072,0.37128,1.1855,3.632
2021-08-17 00:00:00+00:00,1.9239,16.003,23.446,639.19,401.8,44695.95,0.29933,23.545,5.0604,62.891,3011.72,26.146,168.61,51.863,64.123,0.08509,26.416,0.3412,1.0978,3.4024
2021-08-18 00:00:00+00:00,2.1043,17.948,29.993,632.04,396.15,44705.29,0.3032,23.868,4.98,63.952,3014.55,25.341,166.65,51.556,72.663,0.08456,26.313,0.34151,1.1431,3.3427
2021-08-19 00:00:00+00:00,2.4411,18.688,30.653,659.83,431.27,46760.62,0.31778,26.582,5.2541,67.054,3184.12,27.096,175.59,54.334,72.764,0.08825,27.962,0.36732,1.2347,3.6398
2021-08-20 00:00:00+00:00,2.4557,18.928,39.155,693.99,454.93,49322.47,0.32733,28.149,5.456,70.2,3284.82,28.678,183.59,56.542,78.643,0.09059,28.886,0.38489,1.2629,3.7279
2021-08-21 00:00:00+00:00,2.4341,22.14,43.676,675.56,448.74,48821.87,0.31662,27.863,5.3545,67.512,3223.43,27.844,179.63,55.368,73.801,0.08799,28.237,0.37167,1.2158,3.6895
2021-08-22 00:00:00+00:00,2.7049,21.862,43.663,672.29,448.68,49239.22,0.31467,27.685,5.4142,67.359,3238.0,27.982,185.91,55.495,72.775,0.08795,28.4,0.37232,1.226,3.7977
2021-08-23 00:00:00+00:00,2.9152,21.808,46.451,678.22,499.06,49488.85,0.31783,27.877,5.5928,68.257,3321.28,28.552,187.01,60.763,75.623,0.08987,28.8,0.37873,1.2457,4.3059
2021-08-24 00:00:00+00:00,2.7187,19.538,55.474,636.38,471.62,47674.01,0.28864,25.067,5.0583,62.832,3170.62,25.728,173.42,55.528,70.527,0.08457,26.609,0.35037,1.1353,3.9626
2021-08-25 00:00:00+00:00,2.739,20.056,46.208,650.39,503.19,48973.32,0.29255,25.982,5.2094,63.773,3226.87,26.612,177.75,56.304,71.973,0.08758,27.064,0.35894,1.1735,5.092
2021-08-26 00:00:00+00:00,2.528,17.9,41.32,606.1,478.1,46843.87,0.2684,23.92,4.74,59.77,3093.2,24.39,167.7,51.39,74.92,0.08303,25.51,0.3348,1.0712,4.438
2021-08-27 00:00:00+00:00,2.946,20.42,50.14,636.0,494.5,49069.9,0.2944,26.53,5.09,64.09,3273.45,26.04,176.2,55.52,87.98,0.08828,27.41,0.3571,1.1918,5.24
2021-08-28 00:00:00+00:00,2.847,21.31,50.2,646.6,486.2,48895.35,0.286,25.96,5.008,64.19,3244.48,25.73,175.6,54.51,96.22,0.08829,26.81,0.3476,1.1459,5.632
2021-08-29 00:00:00+00:00,2.851,21.2,47.39,659.0,479.7,48767.83,0.2809,25.7,5.059,63.23,3223.47,25.76,174.3,54.45,94.23,0.08847,26.78,0.3431,1.1408,5.89
2021-08-30 00:00:00+00:00,2.734,22.14,41.44,632.4,460.3,46982.91,0.272,26.03,4.82,61.83,3229.64,25.04,167.3,51.58,110.25,0.08616,26.84,0.3296,1.1002,5.391
2021-08-31 00:00:00+00:00,2.767,22.89,39.5,636.6,463.9,47100.89,0.2781,31.35,5.037,63.8,3429.2,26.7,171.5,52.09,108.27,0.08875,29.38,0.3393,1.1856,5.164
2021-09-01 00:00:00+00:00,2.869,25.44,42.47,655.7,489.4,48810.52,0.2943,33.18,5.312,68.75,3826.82,29.72,180.9,55.19,110.71,0.095,31.35,0.3534,1.2362,5.424
2021-09-02 00:00:00+00:00,2.96,24.14,47.58,664.3,483.7,49246.64,0.2947,31.79,5.256,67.61,3785.82,29.95,183.3,55.41,128.23,0.09953,29.93,0.359,1.2533,5.293
2021-09-03 00:00:00+00:00,2.966,24.11,45.89,713.7,488.5,49999.14,0.2961,33.57,5.671,69.98,3938.11,30.75,212.9,57.27,146.4,0.10161,28.65,0.3688,1.2907,5.312
2021-09-04 00:00:00+00:00,2.83,24.4,47.15,709.0,497.7,49915.64,0.2992,32.4,5.692,68.81,3885.52,29.88,211.9,57.95,138.88,0.10146,28.56,0.3699,1.2548,5.399
2021-09-05 00:00:00+00:00,2.91,25.73,48.15,764.5,504.8,51756.88,0.3143,34.42,6.294,73.54,3950.29,33.55,232.2,65.78,142.0,0.10519,29.37,0.3976,1.3076,5.569
2021-09-06 00:00:00+00:00,2.833,25.08,47.1,784.5,496.1,52663.9,0.309,34.35,6.216,73.48,3926.77,34.81,219.4,63.62,164.22,0.10381,28.84,0.4239,1.3894,5.599
2021-09-07 00:00:00+00:00,2.514,21.08,37.93,673.4,418.7,46863.73,0.2552,27.97,4.887,59.36,3434.57,28.26,178.5,49.84,173.46,0.08539,24.32,0.3358,1.1292,4.413
2021-09-08 00:00:00+00:00,2.47,20.69,37.0,662.7,415.0,46048.31,0.2567,27.76,4.745,58.71,3499.0,27.16,179.7,49.14,191.02,0.09272,23.15,0.3298,1.0998,4.336
2021-09-09 00:00:00+00:00,2.518,26.85,40.77,661.5,421.3,46395.14,0.2525,29.82,4.815,58.92,3424.93,28.01,180.5,50.62,187.9,0.09303,23.32,0.3326,1.0868,5.581
2021-09-10 00:00:00+00:00,2.383,29.41,49.3,628.9,401.4,44850.91,0.2397,29.19,4.567,56.31,3208.86,26.39,174.1,48.09,179.6,0.09075,22.31,0.3169,1.0552,6.184
2021-09-11 00:00:00+00:00,2.638,27.33,57.02,636.1,405.1,45173.69,0.241,31.57,4.674,57.08,3267.21,26.99,178.6,49.03,179.04,0.09555,22.73,0.3252,1.0787,6.119
2021-09-12 00:00:00+00:00,2.581,34.89,59.22,646.5,416.3,46025.24,0.2502,35.79,4.878,58.07,3404.21,29.42,183.0,51.56,174.29,0.11241,23.74,0.3326,1.1181,7.026
2021-09-13 00:00:00+00:00,2.402,35.82,53.15,614.1,399.1,44940.73,0.2358,34.84,4.741,55.72,3285.35,26.96,179.4,48.43,169.53,0.10462,22.66,0.3186,1.0643,7.164
2021-09-14 00:00:00+00:00,2.396,34.2,51.5,640.7,414.3,47111.52,0.2406,37.36,4.864,57.14,3434.37,30.8,183.1,51.83,158.88,0.11822,25.68,0.3313,1.0963,7.108
2021-09-15 00:00:00+00:00,2.505,34.12,57.84,652.6,431.3,48121.41,0.2476,36.47,5.103,59.18,3613.55,30.67,189.0,52.79,158.79,0.12069,27.47,0.341,1.1207,6.897
2021-09-16 00:00:00+00:00,2.417,37.07,67.56,639.2,424.3,47737.82,0.2418,35.5,5.016,57.99,3567.98,29.8,185.2,50.62,152.29,0.11594,26.23,0.3307,1.0902,6.936
2021-09-17 00:00:00+00:00,2.35,33.46,70.11,621.2,406.6,47299.98,0.2401,33.03,5.251,56.7,3399.81,27.72,180.0,48.77,147.58,0.10545,24.32,0.3195,1.0661,6.116
2021-09-18 00:00:00+00:00,2.371,40.76,69.02,630.8,410.7,48292.74,0.2413,34.87,5.466,57.19,3435.64,28.39,181.4,49.65,169.22,0.10586,24.54,0.3219,1.0751,6.399
2021-09-19 00:00:00+00:00,2.283,44.27,70.07,608.7,408.6,47241.75,0.2331,33.85,4.909,55.33,3328.62,27.36,175.6,48.16,152.76,0.10369,23.87,0.3134,1.0483,6.519
2021-09-20 00:00:00+00:00,2.079,34.01,57.33,542.7,364.1,43015.62,0.2086,28.31,4.202,49.11,2977.28,23.57,157.2,41.57,132.77,0.0914,20.9,0.282,0.9216,5.303
2021-09-21 00:00:00+00:00,1.986,30.45,58.98,505.4,344.4,40734.38,0.2009,26.39,3.886,45.81,2765.9,21.42,148.5,37.49,124.29,0.08826,19.06,0.2659,0.8743,4.685
2021-09-22 00:00:00+00:00,2.257,39.71,74.07,547.7,379.0,43543.61,0.2245,31.6,4.3,51.26,3076.92,24.45,161.4,42.93,148.02,0.09876,21.62,0.2926,1.0033,5.571
2021-09-23 00:00:00+00:00,2.327,41.51,76.44,552.7,383.5,44865.26,0.2246,33.41,4.374,51.31,3152.5,25.41,163.9,43.9,149.91,0.09923,21.5,0.303,1.0016,6.214
2021-09-24 00:00:00+00:00,2.277,42.58,72.31,513.5,355.0,42810.57,0.2091,30.79,4.028,47.64,2928.53,23.26,152.1,39.74,139.13,0.09226,19.65,0.2811,0.944,6.987
2021-09-25 00:00:00+00:00,2.3,39.45,68.28,516.8,349.6,42670.64,0.2083,29.82,4.011,47.34,2921.73,24.51,151.0,39.01,136.06,0.09055,19.47,0.2768,0.94,6.823
2021-09-26 00:00:00+00:00,2.207,39.8,66.77,503.2,344.0,43160.9,0.205,28.84,3.971,47.19,3059.37,24.6,150.7,38.72,135.64,0.08769,24.04,0.276,0.9436,6.509
2021-09-27 00:00:00+00:00,2.13,37.21,66.33,488.0,335.5,42147.35,0.1997,27.71,3.829,45.37,2925.59,23.01,145.0,37.45,136.35,0.08599,22.38,0.265,0.9218,6.034
2021-09-28 00:00:00+00:00,2.037,33.7,61.51,474.2,333.0,41026.54,0.1965,26.31,3.683,44.99,2804.91,22.1,140.6,35.93,132.2,0.08305,23.07,0.2566,0.8928,5.471
2021-09-29 00:00:00+00:00,2.066,33.88,65.46,484.9,367.7,41524.28,0.1987,27.28,3.745,45.52,2850.45,22.85,144.7,37.08,135.25,0.08581,23.01,0.2696,0.9268,5.641
2021-09-30 00:00:00+00:00,2.115,36.23,66.63,502.6,387.5,43824.1,0.2042,28.62,3.938,47.01,3000.61,24.0,153.3,39.25,141.37,0.08943,23.53,0.2787,0.9533,6.073
2021-10-01 00:00:00+00:00,2.256,37.85,67.67,543.7,421.5,48141.61,0.2226,31.94,4.275,51.9,3309.91,26.31,166.2,42.37,161.56,0.09481,25.64,0.3003,1.0422,6.69
2021-10-02 00:00:00+00:00,2.247,38.62,69.08,552.1,427.1,47634.9,0.2185,32.01,4.322,53.17,3387.76,26.89,168.9,42.33,168.98,0.09338,26.15,0.3164,1.0359,7.343
2021-10-03 00:00:00+00:00,2.251,38.74,68.69,571.0,430.5,48200.01,0.2218,32.11,4.637,53.68,3417.73,27.57,170.5,44.47,172.98,0.09494,26.0,0.3148,1.0552,8.711
2021-10-04 00:00:00+00:00,2.191,36.8,65.29,550.7,426.3,49224.94,0.2414,31.15,4.594,52.58,3386.31,26.6,167.5,43.01,167.13,0.09351,25.34,0.3104,1.0425,8.36
2021-10-05 00:00:00+00:00,2.233,36.75,64.6,594.5,442.1,51471.99,0.2516,31.39,4.73,54.36,3515.27,27.23,173.8,46.81,164.62,0.09618,25.64,0.3188,1.0839,7.975
2021-10-06 00:00:00+00:00,2.209,35.15,60.01,617.1,434.9,55315.0,0.2541,32.19,4.748,54.83,3574.89,26.8,178.5,46.32,153.87,0.09549,25.25,0.3578,1.0765,7.795
2021-10-07 00:00:00+00:00,2.278,36.67,61.52,611.3,438.5,53785.22,0.2428,33.98,4.722,54.34,3587.47,26.83,178.6,46.08,154.26,0.09547,25.52,0.3435,1.0678,7.634
2021-10-08 00:00:00+00:00,2.237,35.04,60.51,596.2,419.2,53951.43,0.2441,33.35,4.647,53.68,3563.13,26.39,175.9,46.82,158.86,0.09771,24.76,0.3363,1.0636,7.301
2021-10-09 00:00:00+00:00,2.268,35.16,60.63,615.2,421.9,54949.72,0.2467,36.33,5.0,55.63,3574.82,27.45,179.9,48.74,156.84,0.10306,25.12,0.3531,1.1604,7.622
2021-10-10 00:00:00+00:00,2.189,32.42,56.51,584.7,404.1,54659.0,0.2288,34.43,4.577,52.84,3414.22,25.56,174.8,45.31,147.55,0.09747,24.17,0.3311,1.1352,6.971
2021-10-11 00:00:00+00:00,2.171,32.01,55.3,601.3,413.1,57471.35,0.2312,34.13,4.55,53.93,3542.12,25.22,179.1,45.12,144.77,0.09707,24.16,0.3445,1.1364,6.898
2021-10-12 00:00:00+00:00,2.118,33.48,54.34,587.9,444.2,55996.93,0.2261,35.17,4.495,52.73,3491.46,24.65,172.6,44.28,152.32,0.09549,23.46,0.3328,1.1018,7.118
2021-10-13 00:00:00+00:00,2.19,34.53,55.01,593.7,470.8,57367.0,0.2326,41.69,4.604,53.43,3607.42,25.66,177.6,44.83,148.04,0.09793,24.68,0.368,1.1275,7.296
2021-10-14 00:00:00+00:00,2.172,33.82,56.18,599.1,472.7,57347.94,0.2325,40.71,4.623,54.5,3790.82,26.72,181.3,44.91,150.02,0.09729,26.43,0.3698,1.1336,7.14
2021-10-15 00:00:00+00:00,2.218,33.08,56.36,625.7,474.5,61672.42,0.234,43.28,4.643,54.3,3868.99,27.01,189.6,44.73,163.18,0.09861,25.9,0.3616,1.1413,6.848
2021-10-16 00:00:00+00:00,2.179,33.13,57.61,625.4,465.8,60875.57,0.2372,41.75,4.57,54.12,3829.96,27.23,186.0,44.49,157.54,0.09871,27.06,0.3967,1.1343,6.912
2021-10-17 00:00:00+00:00,2.158,32.44,56.1,612.5,470.9,61528.33,0.2378,42.12,4.412,53.11,3846.85,26.54,183.7,43.26,160.12,0.0987,25.91,0.3834,1.0944,6.622
2021-10-18 00:00:00+00:00,2.128,31.88,55.48,611.5,484.9,62009.84,0.2474,41.17,4.421,52.43,3744.96,25.71,185.6,42.94,157.12,0.0981,25.64,0.3796,1.0827,6.549
2021-10-19 00:00:00+00:00,2.11,35.0,56.8,618.5,488.1,64280.59,0.2454,41.34,4.459,52.87,3877.03,25.91,188.8,42.91,155.78,0.10055,26.02,0.3737,1.0911,6.741
2021-10-20 00:00:00+00:00,2.19,35.95,59.66,644.7,501.3,66001.41,0.2548,44.42,4.825,55.59,4161.15,27.49,207.3,45.51,176.72,0.10324,27.12,0.3918,1.1455,7.018
2021-10-21 00:00:00+00:00,2.137,34.34,61.48,623.4,470.9,62193.15,0.2424,42.84,4.666,55.35,4052.99,28.26,196.8,45.01,190.5,0.09958,26.11,0.373,1.0886,6.654
2021-10-22 00:00:00+00:00,2.156,34.06,65.54,623.9,479.3,60688.22,0.2446,43.51,4.614,54.55,3972.2,28.67,191.0,44.4,196.29,0.09982,25.63,0.3721,1.0885,6.708
2021-10-23 00:00:00+00:00,2.166,35.69,65.38,629.1,485.5,61286.75,0.2511,43.95,4.747,55.88,4167.12,31.36,196.3,44.74,197.75,0.10066,26.84,0.378,1.0934,6.74
2021-10-24 00:00:00+00:00,2.12,34.26,64.53,617.2,475.8,60852.22,0.2756,42.31,4.744,54.94,4082.33,29.7,190.4,43.79,202.14,0.09913,25.79,0.3723,1.0821,6.472
2021-10-25 00:00:00+00:00,2.144,35.31,69.73,621.3,485.1,63078.78,0.2651,44.55,4.818,55.42,4220.37,32.38,195.5,44.55,209.7,0.10074,26.75,0.388,1.0951,6.634
2021-10-26 00:00:00+00:00,2.137,42.99,68.66,611.9,478.1,60328.81,0.2559,44.93,4.716,54.2,4131.52,32.52,197.6,44.37,199.85,0.10112,26.55,0.3731,1.1075,6.817
2021-10-27 00:00:00+00:00,1.912,36.75,61.57,548.4,448.7,58413.44,0.2379,40.44,4.149,48.71,3922.0,28.88,179.3,39.23,184.49,0.09064,24.17,0.3303,0.995,5.89
2021-10-28 00:00:00+00:00,1.987,38.0,64.34,578.7,491.9,60575.89,0.2997,41.82,4.401,52.18,4286.02,30.19,189.8,41.33,195.42,0.09527,24.89,0.3426,1.0579,6.135
2021-10-29 00:00:00+00:00,2.015,39.55,64.87,594.8,530.3,62253.71,0.2882,44.2,4.502,53.94,4418.89,30.96,196.7,43.28,200.41,0.0996,25.53,0.3623,1.0825,6.56
2021-10-30 00:00:00+00:00,1.955,37.3,62.35,585.3,528.3,61859.19,0.269,42.73,4.48,52.95,4322.68,29.79,190.2,42.57,195.7,0.10111,24.91,0.3584,1.0846,6.295
2021-10-31 00:00:00+00:00,1.964,37.24,64.5,596.9,524.6,61299.8,0.28,42.77,4.637,54.37,4287.21,30.0,191.9,44.67,202.49,0.10152,24.98,0.3725,1.1128,6.352
2021-11-01 00:00:00+00:00,1.949,37.31,64.93,586.9,551.3,60911.11,0.2716,49.98,4.639,53.88,4319.43,31.66,197.6,45.18,203.9,0.10048,25.62,0.3659,1.0915,6.24
2021-11-02 00:00:00+00:00,1.971,37.1,67.74,598.4,554.4,63219.99,0.2739,51.66,4.701,55.21,4589.89,32.26,200.9,46.39,220.82,0.10748,26.18,0.3825,1.1349,6.26
2021-11-03 00:00:00+00:00,2.063,38.49,75.55,611.0,568.4,62896.48,0.2689,53.34,4.707,55.48,4603.35,31.96,207.3,46.99,243.37,0.10587,26.89,0.3852,1.2101,6.321
2021-11-04 00:00:00+00:00,1.983,37.51,78.97,595.6,558.7,61395.01,0.263,53.82,4.542,53.65,4532.32,31.0,202.6,46.4,247.07,0.10329,25.73,0.3687,1.2004,6.342
2021-11-05 00:00:00+00:00,1.982,36.77,74.19,597.7,607.3,60937.12,0.2609,51.76,4.502,53.12,4474.24,32.86,198.9,45.17,236.06,0.10346,25.57,0.3587,1.1581,6.457
2021-11-06 00:00:00+00:00,2.005,36.22,78.72,587.4,637.7,61470.61,0.2618,52.02,4.446,52.88,4518.0,32.05,197.6,45.0,258.44,0.10252,25.16,0.3591,1.151,6.439
2021-11-07 00:00:00+00:00,2.021,35.73,87.57,600.4,649.6,63273.59,0.2664,52.22,4.599,54.08,4612.59,32.34,202.0,46.33,249.68,0.1045,25.33,0.3636,1.2198,6.368
2021-11-08 00:00:00+00:00,2.125,36.62,91.18,638.4,653.5,67525.83,0.2819,53.36,4.859,56.59,4807.98,34.46,229.0,50.59,248.26,0.10993,26.25,0.378,1.2815,6.499
2021-11-09 00:00:00+00:00,2.27,35.84,88.33,717.5,635.0,66947.66,0.2736,50.78,5.209,60.85,4732.33,33.82,262.0,52.54,239.04,0.11436,26.36,0.4127,1.2571,6.301
2021-11-10 00:00:00+00:00,2.097,32.05,85.23,662.9,614.1,64882.43,0.2553,46.74,4.841,56.63,4628.78,34.21,260.4,48.22,233.09,0.10662,25.26,0.3831,1.1902,5.792
2021-11-11 00:00:00+00:00,2.079,32.94,87.88,675.8,628.4,64774.26,0.2605,47.44,4.922,56.74,4719.0,34.69,262.3,48.52,233.37,0.10893,25.38,0.3909,1.2142,5.861
2021-11-12 00:00:00+00:00,2.045,32.05,84.78,668.1,626.9,64122.23,0.2593,45.9,4.849,55.5,4665.46,34.26,251.2,47.31,228.48,0.10796,24.56,0.3789,1.1883,5.764
2021-11-13 00:00:00+00:00,2.05,32.5,97.54,665.6,649.5,64380.0,0.2613,47.07,5.009,56.29,4644.28,34.0,257.7,49.05,241.59,0.11255,24.65,0.3782,1.1892,5.886
2021-11-14 00:00:00+00:00,2.04,31.93,95.4,679.5,650.8,65519.1,0.2628,46.39,4.957,56.12,4626.5,33.75,279.3,48.48,238.64,0.117,24.57,0.3773,1.1879,5.827
2021-11-15 00:00:00+00:00,2.017,31.45,93.9,665.6,633.8,63606.74,0.2566,44.77,4.807,54.81,4563.78,32.04,263.0,47.07,238.2,0.1238,24.0,0.3768,1.172,5.718
2021-11-16 00:00:00+00:00,1.874,28.29,97.84,597.8,588.7,60058.87,0.2365,40.84,4.327,50.82,4209.76,29.16,230.2,42.83,219.04,0.10934,21.68,0.3429,1.0877,5.209
2021-11-17 00:00:00+00:00,1.876,29.44,107.63,595.0,578.0,60344.87,0.2374,42.75,4.368,51.24,4287.8,29.18,229.6,43.28,218.94,0.11119,21.88,0.3463,1.0953,5.242
2021-11-18 00:00:00+00:00,1.786,26.62,100.63,554.4,531.8,56891.62,0.2208,39.03,4.087,48.43,3996.9,26.55,204.2,39.84,195.01,0.10038,20.09,0.3278,1.0406,4.795
2021-11-19 00:00:00+00:00,1.863,28.12,111.93,574.3,581.0,58052.24,0.2329,41.24,4.288,50.66,4294.76,28.27,217.9,41.51,215.25,0.10387,21.2,0.3539,1.0892,5.27
2021-11-20 00:00:00+00:00,1.922,29.43,125.83,584.5,604.3,59707.51,0.233,42.1,4.341,51.06,4412.17,28.36,226.8,42.08,217.63,0.10519,22.02,0.3483,1.0965,5.524
2021-11-21 00:00:00+00:00,1.835,30.88,128.47,574.4,584.0,58622.02,0.2255,41.94,4.243,50.41,4258.31,28.98,221.1,41.57,230.51,0.10643,21.62,0.3434,1.0569,5.217
2021-11-22 00:00:00+00:00,1.776,32.17,134.84,556.9,559.3,56247.18,0.2195,39.49,4.134,48.59,4085.97,26.77,209.1,40.23,215.59,0.10182,20.95,0.3362,1.0354,5.017
2021-11-23 00:00:00+00:00,1.751,32.05,123.83,571.1,591.1,57541.27,0.2266,40.78,4.232,49.55,4339.44,26.94,216.2,40.28,221.75,0.10283,22.2,0.3411,1.0661,5.111
2021-11-24 00:00:00+00:00,1.666,29.62,115.24,618.8,590.3,57138.29,0.217,38.28,4.12,48.28,4269.36,25.58,212.2,39.15,205.7,0.09785,20.8,0.3273,1.0326,4.889
2021-11-25 00:00:00+00:00,1.675,29.77,119.27,616.8,639.1,58960.36,0.2209,39.47,4.251,50.55,4524.85,26.41,222.9,41.14,209.97,0.10019,21.39,0.3416,1.0438,5.07
2021-11-26 00:00:00+00:00,1.533,27.07,104.27,557.3,587.3,53726.53,0.2016,34.56,3.852,46.67,4041.2,23.96,195.7,37.14,192.42,0.09229,19.27,0.3291,0.9394,4.659
2021-11-27 00:00:00+00:00,1.543,26.73,113.52,562.7,599.9,54721.03,0.2049,35.16,3.898,46.78,4095.29,24.1,195.1,37.53,192.74,0.09335,19.49,0.3257,0.9452,4.618
2021-11-28 00:00:00+00:00,1.594,27.39,110.42,568.7,611.3,57274.88,0.2073,35.76,3.966,47.5,4294.78,24.76,199.5,38.04,200.69,0.09518,20.12,0.3236,0.9687,4.653
2021-11-29 00:00:00+00:00,1.601,28.1,120.39,574.9,623.4,57776.25,0.215,37.1,4.002,48.22,4444.53,24.99,205.5,38.39,204.09,0.09655,20.26,0.3284,0.9898,5.61
2021-11-30 00:00:00+00:00,1.554,27.51,120.41,570.4,622.5,56950.56,0.2147,37.95,4.004,48.32,4630.26,25.31,207.8,37.5,208.53,0.09652,21.25,0.3358,0.9983,5.479
2021-12-01 00:00:00+00:00,1.548,26.67,119.65,570.8,627.5,57184.07,0.2093,36.76,3.991,47.85,4582.95,25.32,208.8,37.36,229.81,0.09688,20.95,0.3275,0.9899,5.245
2021-12-02 00:00:00+00:00,1.719,28.37,107.78,561.7,619.9,56480.34,0.2095,35.75,3.964,47.03,4511.21,24.55,203.5,36.53,233.6,0.0975,22.44,0.3396,0.9716,5.098
2021-12-03 00:00:00+00:00,1.556,32.79,108.32,532.4,595.0,53601.05,0.1999,33.7,3.791,44.87,4215.73,23.31,188.0,35.04,211.65,0.09388,19.96,0.3258,0.9211,4.8
2021-12-04 00:00:00+00:00,1.42,28.15,93.05,473.2,568.6,49152.47,0.1781,29.38,3.144,39.33,4117.25,20.64,162.7,29.63,200.67,0.08696,17.19,0.2891,0.8449,4.134
2021-12-05 00:00:00+00:00,1.378,24.57,86.35,453.0,557.8,49396.33,0.1712,28.31,3.032,38.79,4196.44,19.48,156.3,28.22,196.43,0.08432,16.53,0.279,0.8045,3.871
2021-12-06 00:00:00+00:00,1.42,24.33,92.97,474.8,587.5,50441.92,0.1776,28.13,3.273,39.32,4347.59,19.8,161.3,29.37,193.56,0.08729,17.3,0.294,0.8255,4.15
2021-12-07 00:00:00+00:00,1.378,24.3,89.57,474.3,578.7,50588.95,0.1762,30.5,3.222,39.6,4306.4,21.09,161.8,29.67,190.19,0.08999,17.14,0.2861,0.8154,5.656
2021-12-08 00:00:00+00:00,1.396,25.32,93.19,480.4,607.2,50471.19,0.179,29.84,3.648,40.95,4436.91,22.91,165.1,31.14,194.61,0.09237,18.73,0.3059,0.8622,5.683
2021-12-09 00:00:00+00:00,1.289,22.45,85.46,448.6,570.2,47545.59,0.1691,26.9,3.219,37.5,4105.64,20.25,151.3,27.95,181.11,0.08861,16.17,0.2733,0.8583,4.84
2021-12-10 00:00:00+00:00,1.211,22.54,80.61,438.6,552.4,47140.54,0.1641,26.44,3.04,36.37,3897.94,18.56,148.3,26.76,167.39,0.08771,15.15,0.2606,0.7992,4.335
2021-12-11 00:00:00+00:00,1.354,24.4,86.55,459.3,564.5,49389.99,0.1689,27.81,3.412,38.0,4089.37,19.97,158.0,28.03,172.15,0.0916,15.9,0.2746,0.8392,4.523
2021-12-12 00:00:00+00:00,1.346,24.49,88.0,458.0,570.3,50053.9,0.1697,29.54,3.333,37.9,4130.0,20.41,159.0,28.13,172.8,0.09101,16.0,0.2756,0.8393,4.51
2021-12-13 00:00:00+00:00,1.223,21.74,79.05,421.8,521.0,46702.75,0.1573,25.96,3.091,34.19,3781.93,17.78,144.6,25.32,155.21,0.08497,14.16,0.2528,0.7818,4.049
2021-12-14 00:00:00+00:00,1.266,21.8,87.17,436.8,528.1,48343.28,0.1909,26.15,3.353,35.41,3858.99,18.44,150.4,26.34,161.26,0.08707,15.0,0.2673,0.8103,4.515
2021-12-15 00:00:00+00:00,1.311,22.34,101.24,447.6,541.1,48864.98,0.1808,27.14,3.362,36.14,4019.08,19.69,153.6,27.14,178.52,0.08754,15.19,0.2726,0.8262,4.487
2021-12-16 00:00:00+00:00,1.24,21.83,98.21,438.3,526.2,47632.38,0.1732,26.02,3.21,35.16,3958.11,18.76,148.9,26.43,176.86,0.08533,14.42,0.2556,0.8051,4.309
2021-12-17 00:00:00+00:00,1.218,21.21,110.81,424.5,525.5,46131.2,0.1685,24.64,3.151,34.3,3875.42,18.25,144.1,25.4,175.51,0.07951,14.97,0.2539,0.7966,4.14
2021-12-18 00:00:00+00:00,1.242,23.15,115.9,435.7,533.9,46834.48,0.1723,25.49,3.242,35.03,3959.93,19.54,148.6,25.86,182.78,0.08042,15.56,0.2553,0.8262,4.241
2021-12-19 00:00:00+00:00,1.243,22.16,107.61,432.8,529.8,46681.23,0.1694,24.78,3.187,34.87,3924.14,18.86,153.2,25.31,179.93,0.07944,14.97,0.2533,0.835,4.139
2021-12-20 00:00:00+00:00,1.237,21.52,113.55,430.2,524.0,46914.16,0.1671,24.07,3.188,34.55,3944.73,18.78,152.6,25.65,173.9,0.07759,14.51,0.2574,0.8798,4.106
2021-12-21 00:00:00+00:00,1.28,23.63,123.24,437.7,528.3,48889.88,0.1707,25.16,3.311,35.32,4014.15,19.42,154.7,26.38,179.63,0.07884,15.05,0.2671,0.9467,4.232
2021-12-22 00:00:00+00:00,1.327,27.37,116.69,438.1,533.6,48588.16,0.173,27.22,3.35,35.7,3979.51,19.93,155.4,27.3,178.4,0.07913,16.23,0.2673,0.9537,4.544
2021-12-23 00:00:00+00:00,1.475,28.36,121.4,455.6,549.0,50838.81,0.185,29.16,3.502,37.53,4111.41,22.17,163.6,29.69,190.03,0.08274,18.17,0.2874,0.9941,4.769
2021-12-24 00:00:00+00:00,1.392,26.9,114.94,451.8,542.1,50820.0,0.1862,28.14,3.377,37.41,4046.36,21.48,161.2,28.95,190.36,0.08085,17.49,0.2779,0.9115,4.496
2021-12-25 00:00:00+00:00,1.452,29.66,115.01,455.1,547.4,50399.66,0.1908,28.84,3.408,38.08,4094.83,22.1,157.8,29.45,193.1,0.08153,17.46,0.289,0.9252,4.583
2021-12-26 00:00:00+00:00,1.455,32.12,115.02,451.6,546.4,50775.49,0.1898,31.32,3.395,37.93,4063.56,22.98,155.7,29.52,197.81,0.08149,18.66,0.2914,0.92,4.864
2021-12-27 00:00:00+00:00,1.516,29.71,113.85,465.3,563.7,50701.44,0.1879,30.97,3.391,37.62,4037.23,23.02,155.9,29.58,195.67,0.08114,19.12,0.2984,0.9269,5.102
2021-12-28 00:00:00+00:00,1.4,26.59,107.06,439.0,534.2,47543.74,0.1739,27.83,3.129,34.93,3792.75,20.37,145.7,27.0,177.32,0.07713,18.39,0.274,0.8515,4.491
2021-12-29 00:00:00+00:00,1.332,27.94,103.1,430.1,514.5,46464.66,0.168,26.82,3.031,34.14,3630.19,19.74,145.5,26.06,170.63,0.0765,17.13,0.2669,0.8171,4.373
2021-12-30 00:00:00+00:00,1.359,30.16,101.75,431.7,518.5,47120.87,0.1711,27.54,3.077,34.59,3709.27,19.93,148.0,26.14,172.52,0.07782,17.8,0.2681,0.8386,4.344
2021-12-31 00:00:00+00:00,1.308,32.39,109.43,430.2,511.4,46216.93,0.1703,26.66,3.034,34.06,3676.23,19.51,146.3,25.69,169.99,0.07539,17.0,0.2665,0.8297,4.34
2022-01-01 00:00:00+00:00,1.38,36.36,114.13,444.8,527.3,47722.65,0.1732,28.6,3.157,34.88,3765.54,20.76,150.8,26.38,179.06,0.0766,17.48,0.2765,0.8507,4.746
2022-01-02 00:00:00+00:00,1.377,35.53,113.03,447.7,531.0,47286.18,0.1745,29.69,3.251,35.41,3828.27,21.87,151.2,27.01,176.35,0.07762,18.4,0.2921,0.8586,4.654
2022-01-03 00:00:00+00:00,1.319,39.25,108.11,434.7,511.9,46446.1,0.1703,30.11,3.195,34.72,3765.89,23.72,148.5,26.63,170.15,0.07705,18.46,0.2902,0.8324,4.803
2022-01-04 00:00:00+00:00,1.309,42.1,103.33,427.1,506.9,45832.01,0.1684,28.69,3.168,34.14,3785.11,23.42,146.5,26.03,167.72,0.07592,18.21,0.2791,0.8228,5.043
2022-01-05 00:00:00+00:00,1.23,38.66,97.42,399.4,474.1,43451.13,0.159,26.72,2.896,31.94,3540.63,25.24,135.4,24.44,154.52,0.07112,17.11,0.2661,0.7726,4.509
2022-01-06 00:00:00+00:00,1.28,40.08,95.11,399.8,472.6,43082.31,0.1599,26.72,2.922,31.63,3406.81,25.38,135.9,24.75,150.26,0.07106,17.06,0.2676,0.7791,4.452
2022-01-07 00:00:00+00:00,1.21,38.58,86.74,385.7,448.1,41566.48,0.155,24.9,2.839,30.45,3199.24,25.98,131.4,23.65,136.45,0.0682,15.76,0.2569,0.7634,4.253
2022-01-08 00:00:00+00:00,1.181,35.87,83.9,372.9,429.9,41679.74,0.1509,23.99,2.751,29.35,3080.95,25.32,129.4,23.07,142.14,0.06539,14.92,0.255,0.7452,4.005
2022-01-09 00:00:00+00:00,1.17,34.98,89.33,376.8,438.7,41864.62,0.1505,24.63,2.793,29.73,3151.97,27.54,130.9,23.66,140.82,0.06611,15.8,0.2609,0.753,4.217
2022-01-10 00:00:00+00:00,1.123,37.86,84.36,363.6,424.7,41822.49,0.1431,23.72,2.702,28.48,3082.68,27.98,126.5,22.68,135.86,0.06342,15.11,0.2529,0.7399,4.026
2022-01-11 00:00:00+00:00,1.187,38.7,89.59,369.8,463.6,42729.29,0.1538,25.56,2.769,29.66,3239.72,26.59,131.6,23.82,140.2,0.06493,15.96,0.263,0.7703,4.168
2022-01-12 00:00:00+00:00,1.312,40.22,95.94,383.8,487.8,43902.66,0.1628,27.32,2.886,31.16,3371.26,26.75,141.9,24.76,151.51,0.06806,16.28,0.2822,0.7987,4.383
2022-01-13 00:00:00+00:00,1.233,37.6,89.65,377.5,475.2,42560.11,0.1717,25.79,2.789,30.28,3240.61,24.86,136.7,23.53,146.14,0.0662,15.45,0.2693,0.768,4.12
2022-01-14 00:00:00+00:00,1.292,40.42,90.39,385.6,490.0,43059.96,0.1832,27.75,2.863,31.97,3307.42,25.72,144.7,24.86,146.17,0.06765,15.86,0.2644,0.7732,4.287
2022-01-15 00:00:00+00:00,1.291,39.12,92.98,390.6,494.5,43084.29,0.1845,27.6,2.909,32.84,3326.04,25.17,147.7,25.32,147.64,0.06842,16.47,0.2588,0.7791,4.277
2022-01-16 00:00:00+00:00,1.41,43.65,92.24,388.1,498.6,43071.66,0.1766,27.7,2.903,32.28,3346.88,25.5,146.4,25.16,147.98,0.06988,17.83,0.2589,0.7784,4.29
2022-01-17 00:00:00+00:00,1.603,39.13,86.67,380.6,475.2,42201.62,0.1708,25.69,2.833,30.98,3209.67,23.79,151.2,23.95,139.8,0.07085,16.63,0.2559,0.7617,4.05
2022-01-18 00:00:00+00:00,1.458,38.24,86.0,381.4,471.4,42352.12,0.1651,25.15,2.825,32.66,3159.85,22.96,141.5,25.42,141.22,0.06846,15.98,0.2541,0.7509,4.112
2022-01-19 00:00:00+00:00,1.337,37.02,82.61,368.9,461.9,41660.01,0.1615,24.05,2.739,31.3,3084.02,21.55,136.2,23.83,135.25,0.06915,15.11,0.2454,0.7381,3.878
2022-01-20 00:00:00+00:00,1.259,38.98,79.33,357.5,440.2,40680.91,0.1553,23.01,2.636,29.35,3001.48,20.17,129.7,22.71,127.54,0.06773,14.46,0.2315,0.7199,3.702
2022-01-21 00:00:00+00:00,1.12,34.61,66.06,314.9,383.9,36445.31,0.1419,19.67,2.37,25.91,2568.15,17.42,114.5,19.56,112.27,0.06103,12.64,0.2028,0.6368,3.335
2022-01-22 00:00:00+00:00,1.071,29.24,59.78,291.8,358.3,35071.42,0.1332,18.27,2.222,24.2,2412.18,15.85,108.4,17.84,94.54,0.0568,11.15,0.1924,0.5966,2.958
2022-01-23 00:00:00+00:00,1.124,34.61,64.83,302.5,383.9,36244.55,0.1418,18.81,2.273,25.13,2539.01,16.64,112.3,18.61,99.78,0.05752,11.42,0.2009,0.6283,3.079
2022-01-24 00:00:00+00:00,1.065,36.02,63.06,292.3,371.3,36660.35,0.1373,18.02,2.199,24.11,2439.29,15.58,109.5,18.11,91.93,0.05506,10.68,0.1978,0.6118,2.968
2022-01-25 00:00:00+00:00,1.043,35.87,68.01,291.6,385.1,36958.32,0.1427,18.31,2.223,24.03,2458.83,15.49,107.8,18.24,94.67,0.05588,10.58,0.1966,0.618,2.92
2022-01-26 00:00:00+00:00,1.077,32.36,65.87,289.1,375.1,36809.34,0.1431,18.08,2.213,24.31,2462.99,15.23,106.9,18.14,92.12,0.0562,10.58,0.1966,0.6193,2.948
2022-01-27 00:00:00+00:00,1.042,30.06,64.7,289.6,389.9,37160.1,0.1414,18.12,2.224,24.31,2424.25,15.22,106.9,18.08,89.51,0.05649,10.32,0.1941,0.6088,2.904
2022-01-28 00:00:00+00:00,1.048,29.47,67.01,296.8,385.9,37716.56,0.1414,18.34,2.309,25.16,2544.99,16.15,109.4,19.04,91.34,0.05757,10.67,0.1986,0.6111,3.026
2022-01-29 00:00:00+00:00,1.059,29.08,71.89,298.8,389.3,38166.84,0.143,18.74,2.336,25.33,2601.43,16.23,110.8,19.33,96.13,0.06034,11.16,0.2032,0.6174,3.094
2022-01-30 00:00:00+00:00,1.035,27.19,67.96,290.0,377.2,37881.76,0.1391,18.15,2.317,24.91,2601.68,17.77,108.6,19.57,93.29,0.05863,10.79,0.1952,0.6013,3.27
2022-01-31 00:00:00+00:00,1.051,28.05,69.87,285.0,374.3,38466.9,0.1415,19.37,2.337,25.66,2686.94,17.15,109.5,19.71,99.49,0.05906,11.77,0.1996,0.6174,3.488
2022-02-01 00:00:00+00:00,1.096,28.84,73.33,287.7,384.2,38694.59,0.1423,19.57,2.355,26.79,2787.23,16.98,115.0,19.88,110.02,0.05979,11.11,0.2019,0.6284,3.74
2022-02-02 00:00:00+00:00,1.027,26.31,67.79,277.8,366.9,36896.36,0.137,18.76,2.276,26.26,2680.67,15.78,108.3,20.12,101.88,0.05847,10.52,0.193,0.6006,3.751
2022-02-03 00:00:00+00:00,1.061,29.67,68.44,281.2,372.3,37311.61,0.1379,18.92,2.311,27.92,2695.46,16.3,111.0,20.21,101.77,0.05981,10.41,0.1951,0.6102,3.838
2022-02-04 00:00:00+00:00,1.138,31.1,77.77,306.2,399.5,41574.25,0.1478,20.48,2.48,29.69,2994.99,17.5,121.3,22.41,112.62,0.06441,11.18,0.209,0.6555,4.011
2022-02-05 00:00:00+00:00,1.125,30.73,77.01,320.5,413.7,41382.59,0.1469,21.33,2.477,29.42,3012.65,17.76,121.7,22.1,113.75,0.06467,11.25,0.2131,0.6656,3.933
2022-02-06 00:00:00+00:00,1.143,31.26,78.93,324.7,419.9,42380.87,0.1539,21.91,2.538,29.89,3054.99,18.07,127.6,22.55,115.28,0.06617,11.67,0.2238,0.6825,3.922
2022-02-07 00:00:00+00:00,1.199,31.63,83.2,343.1,433.5,43839.99,0.1653,22.35,2.696,32.67,3139.77,18.88,137.4,23.74,117.55,0.06852,12.37,0.2393,0.8314,4.144
2022-02-08 00:00:00+00:00,1.176,30.39,86.34,335.5,407.8,44042.99,0.1581,21.66,2.631,32.07,3116.69,18.38,133.7,23.02,113.45,0.06806,11.94,0.242,0.8763,4.394
2022-02-09 00:00:00+00:00,1.195,30.93,90.05,345.9,422.9,44372.72,0.1594,21.94,2.67,33.79,3243.94,18.67,140.1,24.02,113.93,0.06991,12.32,0.2387,0.8697,4.441
2022-02-10 00:00:00+00:00,1.15,29.08,91.16,340.7,414.7,43495.44,0.1514,20.51,2.548,34.34,3072.49,17.5,134.6,23.78,106.17,0.0685,11.41,0.2314,0.8253,4.12
2022-02-11 00:00:00+00:00,1.079,26.57,81.75,320.9,400.0,42373.73,0.1446,18.98,2.413,32.69,2927.54,16.21,125.6,22.21,96.53,0.06399,10.64,0.2154,0.7591,4.307
2022-02-12 00:00:00+00:00,1.059,27.05,81.31,330.5,403.6,42217.87,0.1444,18.82,2.395,31.71,2918.88,15.95,126.7,21.52,95.96,0.06352,10.65,0.2181,0.8223,4.108
2022-02-13 00:00:00+00:00,1.042,26.18,77.91,333.6,397.9,42053.66,0.148,18.73,2.379,32.47,2871.13,15.6,125.6,21.74,92.85,0.06427,10.33,0.2104,0.8057,3.847
2022-02-14 00:00:00+00:00,1.049,27.14,81.86,330.5,403.4,42535.94,0.1457,18.7,2.37,31.4,2929.75,15.9,124.6,21.29,96.37,0.06442,10.61,0.2107,0.8012,3.944
2022-02-15 00:00:00+00:00,1.107,28.97,92.97,343.2,432.4,44544.86,0.1517,20.16,2.53,33.47,3183.52,17.34,131.5,22.66,105.52,0.06685,11.47,0.221,0.8515,4.15
2022-02-16 00:00:00+00:00,1.082,28.5,95.32,334.3,427.3,43873.56,0.1487,19.76,2.549,32.24,3122.3,17.12,127.7,25.69,101.86,0.0664,11.22,0.2187,0.8366,4.042
2022-02-17 00:00:00+00:00,1.02,28.06,88.24,313.0,402.4,40515.7,0.1383,18.16,2.327,29.43,2891.87,15.59,116.3,23.65,93.52,0.06249,10.4,0.2022,0.769,3.673
2022-02-18 00:00:00+00:00,0.995,26.86,83.67,310.0,399.2,39974.44,0.1386,17.82,2.295,28.95,2779.48,15.19,114.9,26.19,89.86,0.06306,10.16,0.2006,0.784,3.622
2022-02-19 00:00:00+00:00,0.996,26.68,85.01,311.9,399.8,40079.17,0.1409,17.84,2.288,28.69,2763.63,15.51,115.5,24.98,91.27,0.06348,10.03,0.2041,0.8215,3.6
2022-02-20 00:00:00+00:00,0.931,26.08,77.37,302.6,380.6,38386.89,0.1366,16.91,2.199,27.23,2621.99,14.6,110.6,23.06,90.72,0.06199,9.35,0.1945,0.7769,3.27
2022-02-21 00:00:00+00:00,0.856,23.82,70.04,283.2,356.6,37008.16,0.1282,16.18,2.073,24.98,2568.02,13.51,102.8,20.15,82.96,0.05954,8.53,0.178,0.7018,2.971
2022-02-22 00:00:00+00:00,0.888,24.81,74.42,293.2,374.3,38230.33,0.1313,16.6,2.167,26.66,2636.29,13.99,107.4,20.59,86.38,0.06265,8.86,0.1857,0.7209,3.065
2022-02-23 00:00:00+00:00,0.866,25.18,73.47,288.3,365.6,37250.01,0.1273,15.97,2.104,26.54,2579.71,13.35,105.4,19.5,84.59,0.06081,8.74,0.1818,0.6967,2.935
2022-02-24 00:00:00+00:00,0.853,24.85,76.39,300.6,361.2,38327.21,0.1241,16.16,2.07,26.52,2596.2,13.27,104.1,21.31,89.36,0.0611,8.82,0.1824,0.6963,3.032
2022-02-25 00:00:00+00:00,0.898,27.27,80.98,308.5,375.0,39219.17,0.1276,17.25,2.147,27.99,2768.49,14.36,109.2,21.52,92.71,0.05943,9.25,0.1909,0.7699,3.21
2022-02-26 00:00:00+00:00,0.887,29.88,81.81,315.3,373.7,39116.72,0.1276,18.03,2.163,28.89,2779.47,14.72,108.2,20.98,90.23,0.05961,9.05,0.1928,0.7508,3.427
2022-02-27 00:00:00+00:00,0.856,26.77,75.07,304.0,360.1,37699.07,0.1229,17.5,2.092,27.36,2616.79,13.64,102.9,19.9,85.63,0.05807,9.77,0.181,0.7215,3.114
2022-02-28 00:00:00+00:00,0.962,31.36,84.54,339.0,395.6,43160.0,0.1335,18.94,2.282,30.49,2920.95,15.13,113.7,23.07,99.68,0.06176,10.53,0.1975,0.7809,3.535
2022-03-01 00:00:00+00:00,0.963,31.14,86.89,328.7,408.7,44421.2,0.134,18.89,2.265,30.34,2976.33,15.35,112.5,24.21,98.66,0.06219,10.35,0.1989,0.7839,3.494
2022-03-02 00:00:00+00:00,0.939,32.24,83.36,320.2,409.3,43892.98,0.133,18.61,2.213,29.52,2947.3,15.28,110.3,23.95,100.68,0.06153,10.04,0.1934,0.7687,3.492
2022-03-03 00:00:00+00:00,0.903,34.04,78.5,315.3,402.6,42454.0,0.1297,18.02,2.155,30.23,2833.99,14.89,111.7,23.62,95.62,0.05995,9.55,0.1879,0.7515,3.393
2022-03-04 00:00:00+00:00,0.844,30.48,75.79,290.4,374.2,39148.66,0.1226,16.79,2.003,27.59,2622.1,13.73,101.0,21.52,88.32,0.05829,8.8,0.176,0.7127,3.082
2022-03-05 00:00:00+00:00,0.864,30.87,76.68,294.2,384.7,39397.96,0.125,17.33,2.044,27.84,2665.15,14.03,104.9,21.75,89.63,0.06037,9.01,0.1803,0.754,3.146
2022-03-06 00:00:00+00:00,0.823,28.15,72.51,282.0,375.0,38420.81,0.1207,16.99,1.962,26.55,2551.29,13.32,101.1,20.48,84.57,0.05889,8.48,0.1728,0.7251,2.973
2022-03-07 00:00:00+00:00,0.793,28.29,71.69,273.9,380.6,37988.0,0.1167,16.41,1.92,26.13,2491.12,12.68,98.4,20.3,81.66,0.05859,8.3,0.1697,0.7197,2.92
2022-03-08 00:00:00+00:00,0.802,27.87,73.0,284.7,381.4,38730.63,0.117,16.97,1.971,26.74,2575.97,13.08,100.7,20.51,82.32,0.06054,8.81,0.1732,0.7207,3.01
2022-03-09 00:00:00+00:00,0.849,30.05,77.63,307.2,393.2,41941.71,0.1215,17.86,2.066,28.05,2726.98,14.01,106.9,21.27,88.06,0.0608,9.21,0.1887,0.7658,3.174
2022-03-10 00:00:00+00:00,0.807,28.03,73.93,289.4,372.0,39422.0,0.1169,16.96,1.983,26.69,2606.7,13.17,102.5,20.68,82.87,0.05989,8.68,0.1786,0.7361,3.053
2022-03-11 00:00:00+00:00,0.788,27.47,71.22,287.7,371.9,38729.57,0.1155,17.69,1.974,26.48,2556.86,13.05,104.6,20.04,80.67,0.06022,8.51,0.1835,0.8029,2.985
2022-03-12 00:00:00+00:00,0.789,27.22,70.94,290.8,372.4,38807.36,0.1147,18.14,1.968,26.3,2568.8,13.15,105.6,20.03,81.38,0.05967,8.46,0.185,0.7857,3.024
2022-03-13 00:00:00+00:00,0.786,26.24,67.94,279.7,361.4,37777.34,0.1114,17.22,1.906,25.36,2515.65,12.7,101.7,19.03,78.73,0.05931,8.19,0.1763,0.7602,2.905
2022-03-14 00:00:00+00:00,0.802,26.83,68.97,289.5,373.4,39671.37,0.1139,17.7,1.968,25.93,2589.41,13.41,105.6,19.59,81.22,0.06007,8.49,0.18,0.7748,2.997
2022-03-15 00:00:00+00:00,0.8,26.91,69.82,289.3,371.7,39280.33,0.1126,17.81,1.986,25.85,2617.73,13.69,106.8,19.48,82.84,0.0605,8.72,0.1827,0.7657,2.969
2022-03-16 00:00:00+00:00,0.838,28.96,74.08,299.8,385.4,41114.0,0.1171,19.05,2.084,27.36,2773.81,14.66,111.4,20.63,87.77,0.06107,9.1,0.1893,0.7919,3.099
2022-03-17 00:00:00+00:00,0.835,28.16,79.4,296.3,391.8,40917.9,0.1163,18.75,2.085,27.15,2811.92,14.4,110.2,20.67,87.8,0.06071,9.22,0.1896,0.7935,3.081
2022-03-18 00:00:00+00:00,0.851,28.61,85.71,305.5,397.2,41757.51,0.1191,18.95,2.128,28.05,2938.92,15.01,111.9,21.06,89.8,0.06162,9.63,0.1928,0.7965,3.151
2022-03-19 00:00:00+00:00,0.903,28.65,89.53,327.8,399.9,42201.13,0.1236,19.4,2.217,34.01,2950.84,15.01,116.8,22.04,92.31,0.06191,9.74,0.2003,0.8194,3.259
2022-03-20 00:00:00+00:00,0.879,27.84,84.84,327.4,390.8,41262.11,0.1191,18.65,2.214,38.17,2861.38,14.54,114.9,22.7,88.62,0.06156,9.32,0.1972,0.8057,3.335
2022-03-21 00:00:00+00:00,0.917,27.93,86.25,334.9,396.0,41002.25,0.1192,18.74,2.348,38.39,2890.03,15.0,116.0,22.59,88.59,0.06177,9.34,0.2038,0.8373,3.239
2022-03-22 00:00:00+00:00,0.975,28.02,83.98,375.4,404.3,42364.13,0.1224,20.21,2.55,45.86,2969.64,15.43,122.7,23.87,90.43,0.06344,9.75,0.2069,0.8366,3.3
2022-03-23 00:00:00+00:00,1.108,28.25,86.0,364.0,408.4,42882.76,0.1298,21.02,2.5,45.13,3036.0,15.83,122.4,24.34,94.89,0.06431,10.0,0.2094,0.8376,3.456
2022-03-24 00:00:00+00:00,1.131,29.27,87.56,366.1,414.2,43991.46,0.1368,21.26,2.541,48.52,3110.76,16.17,126.5,24.4,102.32,0.06564,10.79,0.2149,0.8428,3.534
2022-03-25 00:00:00+00:00,1.096,28.12,83.54,364.9,410.3,44313.16,0.1308,20.53,2.504,48.15,3102.14,15.59,123.9,24.16,98.6,0.06437,10.57,0.2112,0.8239,3.515
2022-03-26 00:00:00+00:00,1.152,28.78,85.86,362.1,415.8,44511.27,0.136,20.91,2.513,47.18,3145.0,15.83,124.8,24.73,101.73,0.06632,10.63,0.2157,0.8327,3.658
2022-03-27 00:00:00+00:00,1.184,29.96,89.88,376.6,430.5,46827.76,0.1448,22.46,2.67,48.0,3295.65,16.87,129.7,26.05,107.04,0.06899,11.41,0.2297,0.858,3.862
2022-03-28 00:00:00+00:00,1.17,29.38,89.58,368.5,430.2,47122.21,0.1425,21.99,2.86,47.07,3332.92,16.5,127.6,25.33,105.75,0.0691,10.9,0.2298,0.8641,3.714
2022-03-29 00:00:00+00:00,1.191,30.23,92.74,373.3,434.2,47434.8,0.1444,22.42,2.894,49.28,3400.51,16.98,130.1,26.84,111.62,0.06936,11.25,0.2331,0.8577,3.793
2022-03-30 00:00:00+00:00,1.189,30.05,95.58,380.1,442.1,47067.99,0.1432,22.45,2.938,49.66,3385.79,17.22,131.1,28.36,120.82,0.07334,11.72,0.2347,0.8613,3.832
2022-03-31 00:00:00+00:00,1.141,28.89,97.41,384.3,428.9,45510.34,0.1381,21.33,2.826,47.45,3281.51,16.91,123.8,26.9,122.77,0.07388,11.29,0.2283,0.8148,3.722
2022-04-01 00:00:00+00:00,1.165,29.41,96.83,377.2,447.7,46283.49,0.1413,22.07,2.838,47.18,3455.21,17.34,124.8,28.03,134.52,0.07494,11.58,0.2325,0.8277,3.904
2022-04-02 00:00:00+00:00,1.155,31.3,96.25,372.5,437.2,45811.0,0.1387,22.61,2.786,45.49,3443.77,17.4,124.8,27.53,132.49,0.07322,11.65,0.2331,0.824,3.914
2022-04-03 00:00:00+00:00,1.186,31.97,98.05,378.6,450.4,46407.35,0.1466,23.21,2.84,46.71,3521.91,18.08,128.7,28.0,136.9,0.07312,11.87,0.237,0.8432,4.042
2022-04-04 00:00:00+00:00,1.212,30.85,96.16,376.2,447.6,46580.51,0.1485,22.89,2.89,46.74,3519.5,17.5,124.8,27.18,132.14,0.0707,11.54,0.2319,0.826,3.898
2022-04-05 00:00:00+00:00,1.171,29.29,91.06,365.4,444.7,45497.55,0.1727,21.78,2.753,44.39,3406.99,16.74,122.7,25.76,126.87,0.06928,11.12,0.2248,0.8164,3.674
2022-04-06 00:00:00+00:00,1.052,26.89,82.94,331.0,420.1,43170.47,0.1433,19.85,2.426,38.43,3168.51,15.41,111.7,22.46,112.95,0.06308,9.96,0.2031,0.7595,3.288
2022-04-07 00:00:00+00:00,1.089,27.66,87.55,336.1,436.0,43444.19,0.1459,20.4,2.503,43.45,3227.19,15.75,114.1,23.27,118.48,0.06431,10.44,0.2126,0.7871,3.387
2022-04-08 00:00:00+00:00,1.024,26.88,83.66,323.0,421.5,42252.01,0.1424,19.43,2.38,40.49,3192.39,15.13,110.7,21.85,109.92,0.06259,9.74,0.2021,0.7549,3.169
2022-04-09 00:00:00+00:00,1.045,27.27,84.55,325.9,426.6,42753.97,0.1442,19.75,2.417,41.96,3258.57,15.43,112.7,22.54,112.96,0.06394,10.05,0.2049,0.7622,3.205
2022-04-10 00:00:00+00:00,1.027,26.5,81.01,319.8,418.1,42158.85,0.1482,19.22,2.361,40.32,3203.04,15.24,110.3,21.58,111.07,0.06238,9.88,0.2004,0.7543,3.124
2022-04-11 00:00:00+00:00,0.92,23.85,74.35,294.8,394.6,39530.45,0.1341,17.2,2.163,37.0,2979.74,13.76,102.4,19.69,99.67,0.05823,8.99,0.1867,0.6948,2.961
2022-04-12 00:00:00+00:00,0.955,24.64,76.31,305.0,413.6,40074.94,0.138,17.77,2.244,38.12,3027.66,13.98,104.8,20.39,103.22,0.05991,9.32,0.1925,0.7152,3.066
2022-04-13 00:00:00+00:00,0.974,24.7,80.2,341.2,423.4,41147.79,0.1399,18.2,2.359,38.59,3118.28,14.19,110.5,21.26,104.94,0.0615,9.65,0.1965,0.7232,3.176
2022-04-14 00:00:00+00:00,0.933,23.96,76.81,337.6,414.7,39942.38,0.1441,17.91,2.307,37.05,3021.98,13.65,107.3,20.6,100.77,0.06013,9.48,0.1939,0.7262,3.099
2022-04-15 00:00:00+00:00,0.956,24.08,77.43,340.8,417.3,40551.9,0.1458,18.34,2.419,37.35,3040.56,14.11,111.0,21.09,101.31,0.06181,9.77,0.2042,0.7858,3.194
2022-04-16 00:00:00+00:00,0.951,24.18,77.74,342.8,417.3,40378.71,0.1435,18.61,2.608,38.14,3059.3,14.14,114.3,21.57,102.06,0.06186,9.67,0.2053,0.7808,3.282
2022-04-17 00:00:00+00:00,0.914,23.21,75.42,328.1,406.6,39678.12,0.1392,17.74,2.418,36.6,2988.06,13.73,108.8,20.5,100.15,0.06009,9.24,0.1965,0.7519,3.084
2022-04-18 00:00:00+00:00,0.937,24.07,77.73,340.3,416.8,40801.13,0.1402,18.15,2.445,36.9,3055.56,14.06,111.3,21.3,102.33,0.06148,9.38,0.2049,0.7699,3.176
2022-04-19 00:00:00+00:00,0.952,24.67,80.28,340.5,422.3,41493.18,0.1425,18.88,2.646,37.8,3101.77,14.24,113.8,22.1,108.51,0.0631,9.55,0.2039,0.7749,3.23
2022-04-20 00:00:00+00:00,0.937,24.27,78.21,330.7,418.4,41358.19,0.1407,19.09,2.764,36.54,3076.04,14.02,111.9,21.51,105.59,0.06261,9.32,0.2002,0.7517,3.147
2022-04-21 00:00:00+00:00,0.91,23.3,75.02,315.6,404.9,40480.01,0.1362,18.18,2.505,34.89,2983.58,13.57,106.8,20.82,101.78,0.07112,8.85,0.1966,0.7328,3.031
2022-04-22 00:00:00+00:00,0.906,23.1,74.03,321.1,406.6,39709.18,0.1363,18.28,2.457,35.53,2962.39,13.58,105.4,21.1,100.55,0.06661,8.91,0.1953,0.7179,3.081
2022-04-23 00:00:00+00:00,0.886,23.21,72.83,312.5,401.1,39441.6,0.1339,18.69,2.404,34.54,2933.03,13.31,105.1,20.92,100.63,0.06761,8.9,0.1914,0.7057,3.0
2022-04-24 00:00:00+00:00,0.886,22.29,71.51,307.7,398.8,39450.13,0.1317,18.17,2.35,33.63,2921.0,13.26,104.6,20.2,99.23,0.06567,8.71,0.1896,0.6981,2.96
2022-04-25 00:00:00+00:00,0.8974,22.13,72.88,314.5,404.3,40426.08,0.1581,18.1,2.378,33.64,3006.62,13.44,104.6,20.03,100.99,0.06531,8.73,0.1922,0.6931,2.952
2022-04-26 00:00:00+00:00,0.8259,20.3,68.7,296.0,385.9,38112.65,0.1376,16.68,2.185,30.69,2809.67,12.37,98.6,18.59,95.7,0.0619,8.01,0.1805,0.642,2.747
2022-04-27 00:00:00+00:00,0.8401,21.43,69.86,307.2,391.3,39235.72,0.14,16.94,2.253,31.27,2888.96,12.74,100.5,19.03,98.36,0.06318,8.23,0.1842,0.6522,2.82
2022-04-28 00:00:00+00:00,0.8432,20.75,67.26,306.5,407.1,39742.07,0.1375,16.99,2.314,31.12,2936.93,12.66,103.3,18.83,98.24,0.06372,8.16,0.1858,0.6428,2.804
2022-04-29 00:00:00+00:00,0.8048,19.44,63.4,294.6,393.0,38596.11,0.1349,16.19,2.274,29.19,2817.13,11.97,100.4,17.94,93.96,0.06368,7.61,0.1778,0.6116,2.687
2022-04-30 00:00:00+00:00,0.7556,17.84,56.98,277.7,377.1,37630.8,0.1274,14.5,2.012,25.89,2726.66,10.95,95.8,16.75,84.63,0.06262,6.75,0.1689,0.5845,2.534
2022-05-01 00:00:00+00:00,0.7895,18.0,58.77,284.0,389.9,38468.35,0.1327,15.36,2.11,27.66,2824.81,11.31,99.3,17.66,89.68,0.07079,7.12,0.1757,0.607,2.571
2022-05-02 00:00:00+00:00,0.7809,17.8,60.34,285.0,389.5,38525.16,0.1308,14.96,2.097,27.41,2856.54,11.17,100.7,17.58,87.5,0.06894,6.94,0.1735,0.6143,2.495
2022-05-03 00:00:00+00:00,0.7711,17.57,59.63,279.4,383.9,37728.95,0.1295,14.72,2.053,26.83,2781.7,11.12,99.4,17.58,85.86,0.07261,6.85,0.172,0.6047,2.489
2022-05-04 00:00:00+00:00,0.8985,19.92,67.27,300.0,402.6,39690.0,0.1359,16.34,2.226,30.64,2940.64,12.2,106.3,19.37,92.77,0.08629,7.93,0.1847,0.6459,2.703
2022-05-05 00:00:00+00:00,0.7884,17.84,59.04,277.3,378.4,36552.97,0.1282,14.58,2.013,28.31,2747.97,10.91,96.8,17.19,84.52,0.07451,7.34,0.1711,0.5981,2.488
2022-05-06 00:00:00+00:00,0.7832,17.67,57.0,274.9,379.1,36013.77,0.1278,14.32,2.024,27.95,2692.85,10.79,96.7,16.92,81.68,0.08629,7.59,0.1715,0.6022,2.505
2022-05-07 00:00:00+00:00,0.7604,16.43,55.04,268.0,365.5,35472.39,0.1275,13.75,1.977,26.84,2635.34,10.21,94.3,16.29,78.86,0.08351,7.18,0.1675,0.5808,2.516
2022-05-08 00:00:00+00:00,0.7403,15.7,51.62,261.7,355.9,34038.4,0.1241,13.25,1.95,26.52,2519.71,10.0,93.9,15.92,75.38,0.08794,7.09,0.1616,0.5662,2.558
2022-05-09 00:00:00+00:00,0.6019,12.51,41.2,217.9,296.1,30076.31,0.1019,10.62,1.59,22.72,2228.55,8.1,76.2,13.3,62.16,0.07272,5.95,0.1406,0.4873,2.013
2022-05-10 00:00:00+00:00,0.6286,13.58,44.58,231.5,319.1,31017.1,0.108,11.36,1.716,23.89,2342.05,8.59,80.2,13.82,66.9,0.07691,6.07,0.1485,0.513,2.112
2022-05-11 00:00:00+00:00,0.5187,10.79,31.17,194.9,271.5,29103.94,0.0853,9.09,1.409,19.98,2084.99,6.95,66.6,10.56,50.9,0.07496,4.91,0.1264,0.4172,1.79
2022-05-12 00:00:00+00:00,0.4733,9.66,30.32,194.2,269.0,29029.75,0.0826,8.71,1.274,18.89,1960.22,6.56,64.5,9.8,44.64,0.06729,4.67,0.1206,0.3856,1.679
2022-05-13 00:00:00+00:00,0.529,10.32,32.21,202.4,290.6,29287.05,0.0881,10.46,1.34,20.48,2009.69,7.15,67.9,10.23,48.92,0.07426,5.13,0.1322,0.4228,1.769
2022-05-14 00:00:00+00:00,0.5372,10.79,33.93,208.8,296.9,30086.74,0.0894,11.3,1.352,21.08,2056.48,7.26,68.9,10.68,52.43,0.07243,5.17,0.1382,0.4262,1.825
2022-05-15 00:00:00+00:00,0.5981,12.38,36.57,214.9,312.4,31328.89,0.0932,11.81,1.406,22.16,2145.29,7.96,71.6,11.03,58.83,0.0724,5.46,0.1453,0.4481,1.918
2022-05-16 00:00:00+00:00,0.5569,11.07,32.56,197.6,297.2,29874.01,0.088,10.63,1.317,20.88,2023.66,7.42,67.3,10.26,53.79,0.06917,5.06,0.1364,0.4231,1.776
2022-05-17 00:00:00+00:00,0.5778,11.46,34.39,206.9,306.2,30444.93,0.0903,11.04,1.377,21.77,2090.72,7.72,73.2,10.99,57.02,0.07225,5.47,0.1418,0.438,1.86
2022-05-18 00:00:00+00:00,0.5059,10.11,29.58,186.9,287.7,28715.32,0.0833,9.49,1.266,19.8,1915.11,6.81,66.0,9.89,49.93,0.071,4.89,0.1277,0.4056,1.68
2022-05-19 00:00:00+00:00,0.5334,10.84,30.39,196.5,307.1,30319.23,0.0866,10.03,1.321,20.89,2019.55,7.22,72.1,10.51,52.2,0.07357,5.19,0.1306,0.4205,1.756
2022-05-20 00:00:00+00:00,0.5162,11.2,28.8,190.1,302.2,29201.01,0.084,9.67,1.272,20.16,1959.08,6.87,68.6,10.13,49.43,0.07124,5.1,0.1263,0.4101,1.741
2022-05-21 00:00:00+00:00,0.5286,11.05,29.89,192.4,312.4,29445.06,0.0845,10.0,1.306,20.35,1975.07,7.06,69.8,10.37,50.31,0.07404,5.24,0.1308,0.4145,1.821
2022-05-22 00:00:00+00:00,0.5416,11.41,31.71,197.9,319.4,30293.94,0.0859,10.16,1.355,21.08,2043.19,7.33,71.7,10.87,52.48,0.07815,5.48,0.1355,0.4218,1.975
2022-05-23 00:00:00+00:00,0.5134,11.14,29.06,192.0,317.2,29109.15,0.0833,9.88,1.308,21.86,1973.32,7.02,69.1,11.38,49.17,0.07616,5.62,0.1288,0.4052,1.875
2022-05-24 00:00:00+00:00,0.5219,11.1,29.08,195.6,328.3,29654.58,0.0837,10.19,1.344,24.22,1979.41,7.23,70.2,11.27,49.67,0.08064,5.6,0.1331,0.4086,2.118
2022-05-25 00:00:00+00:00,0.5146,10.74,27.25,190.2,325.7,29542.15,0.083,9.87,1.325,23.73,1942.63,6.96,68.2,11.66,47.98,0.0847,5.62,0.1322,0.406,2.131
2022-05-26 00:00:00+00:00,0.4789,9.61,23.43,179.4,303.0,29201.35,0.0779,9.14,1.238,21.9,1792.23,6.57,63.5,10.71,43.44,0.08223,4.95,0.1243,0.392,1.863
2022-05-27 00:00:00+00:00,0.4566,9.27,22.58,174.8,301.6,28629.8,0.0816,9.12,1.215,22.51,1727.27,6.29,61.6,10.29,41.17,0.08083,4.69,0.1204,0.3819,1.818
2022-05-28 00:00:00+00:00,0.4646,9.42,24.76,178.7,307.5,29031.33,0.0818,9.65,1.256,22.74,1792.22,6.58,63.0,10.47,44.25,0.08118,4.98,0.1227,0.3863,1.971
2022-05-29 00:00:00+00:00,0.482,9.59,26.16,185.2,305.8,29468.1,0.0827,9.98,1.294,23.67,1813.64,6.71,63.6,10.64,44.98,0.08055,4.95,0.1311,0.3891,1.985
2022-05-30 00:00:00+00:00,0.5698,10.5,27.71,196.9,321.8,31734.22,0.088,10.47,1.386,24.84,1998.78,7.46,69.1,11.78,47.22,0.08325,5.66,0.1435,0.4187,2.138
2022-05-31 00:00:00+00:00,0.6268,10.33,26.42,204.6,320.9,31801.04,0.08591,10.35,1.38,23.77,1941.9,7.59,68.4,11.57,45.77,0.08441,5.7,0.1507,0.4217,2.091
2022-06-01 00:00:00+00:00,0.5516,9.34,23.68,186.0,300.4,29805.83,0.08105,9.46,1.267,22.02,1817.95,6.93,62.7,11.14,40.11,0.08356,5.14,0.137,0.398,1.947
2022-06-02 00:00:00+00:00,0.5871,9.63,24.63,189.0,308.3,30452.62,0.08277,9.89,1.293,22.42,1834.08,7.19,64.5,11.4,40.85,0.08432,5.3,0.143,0.4055,1.984
2022-06-03 00:00:00+00:00,0.56,9.19,23.0,183.1,298.6,29700.21,0.08029,9.37,1.265,21.84,1775.12,6.85,62.6,11.16,38.28,0.0811,5.08,0.1461,0.3904,1.905
2022-06-04 00:00:00+00:00,0.5665,9.24,24.57,188.8,301.3,29864.04,0.08187,9.44,1.285,21.98,1804.58,7.4,63.7,11.31,39.0,0.08043,5.13,0.1436,0.3925,1.912
2022-06-05 00:00:00+00:00,0.5674,9.17,24.18,179.9,299.1,29919.21,0.08107,9.35,1.27,21.82,1806.23,7.64,63.2,11.46,38.52,0.08151,5.09,0.1435,0.3953,1.955
2022-06-06 00:00:00+00:00,0.6091,9.46,25.99,185.6,295.1,31373.1,0.0825,9.51,1.303,22.52,1859.84,7.97,64.5,12.15,42.39,0.08161,5.37,0.145,0.4026,2.061
2022-06-07 00:00:00+00:00,0.6141,9.2,24.6,182.1,290.3,31125.33,0.08039,9.23,1.285,21.54,1813.33,8.71,63.8,11.86,39.31,0.08186,5.22,0.1404,0.4076,2.067
2022-06-08 00:00:00+00:00,0.6408,8.76,24.5,176.8,288.5,30204.77,0.07927,9.01,1.254,21.28,1791.88,8.7,61.3,12.01,38.83,0.08062,5.09,0.1401,0.4006,2.093
2022-06-09 00:00:00+00:00,0.6323,8.79,24.41,175.6,289.9,30109.93,0.07937,9.24,1.24,21.17,1788.81,9.27,60.3,12.04,39.96,0.08102,5.2,0.1398,0.4002,2.227
2022-06-10 00:00:00+00:00,0.5744,8.11,22.08,167.4,286.4,29091.88,0.07539,8.65,1.184,20.0,1662.91,8.04,56.7,11.41,37.17,0.07893,4.81,0.1331,0.3815,1.97
2022-06-11 00:00:00+00:00,0.554,7.55,19.9,156.7,269.9,28424.7,0.06993,8.03,1.117,18.22,1532.89,7.04,52.2,10.94,33.93,0.0762,4.39,0.1253,0.3599,1.799
2022-06-12 00:00:00+00:00,0.4904,7.07,17.29,146.0,254.8,26574.53,0.06353,7.41,1.03,16.56,1434.84,6.27,47.9,11.63,30.61,0.07618,4.06,0.1185,0.3433,1.637
2022-06-13 00:00:00+00:00,0.4644,6.51,16.11,127.1,223.0,22487.41,0.0542,7.04,0.919,14.45,1209.82,5.93,43.5,9.85,28.6,0.06387,3.66,0.1068,0.3118,1.402
2022-06-14 00:00:00+00:00,0.4831,6.36,16.55,125.9,223.0,22136.41,0.05555,7.36,0.941,14.57,1208.9,6.74,46.15,9.7,29.59,0.05559,3.86,0.1127,0.3214,1.448
2022-06-15 00:00:00+00:00,0.5348,7.33,18.31,127.9,233.6,22583.72,0.06285,8.49,1.009,15.88,1237.52,7.33,50.65,10.0,34.76,0.06302,4.42,0.1212,0.3436,1.529
2022-06-16 00:00:00+00:00,0.4762,6.35,15.79,109.4,210.2,20401.31,0.05523,7.13,0.911,13.82,1068.5,6.36,44.78,8.84,30.12,0.05923,3.83,0.1091,0.3132,1.359
2022-06-17 00:00:00+00:00,0.4872,6.39,15.99,121.5,215.8,20468.81,0.05689,7.28,0.938,14.35,1086.94,6.36,47.6,9.05,30.71,0.05989,3.93,0.1119,0.321,1.39
2022-06-18 00:00:00+00:00,0.4549,6.08,14.83,115.5,197.0,18970.79,0.0529,7.05,0.887,13.67,995.13,5.92,47.18,8.52,32.02,0.06089,3.64,0.1077,0.3075,1.287
2022-06-19 00:00:00+00:00,0.4848,6.77,16.16,120.6,215.1,20574.0,0.06047,7.53,0.968,15.37,1128.53,6.6,54.29,9.08,34.19,0.06132,4.19,0.1148,0.3264,1.39
2022-06-20 00:00:00+00:00,0.4915,6.82,17.1,118.7,216.5,20573.89,0.06002,7.87,0.961,16.24,1128.24,6.98,52.77,9.15,35.24,0.06115,4.29,0.1131,0.3227,1.443
2022-06-21 00:00:00+00:00,0.4813,6.95,16.9,119.6,220.1,20723.52,0.06581,7.77,0.964,16.14,1125.85,6.86,53.52,9.22,36.42,0.0649,4.77,0.1145,0.3294,1.428
2022-06-22 00:00:00+00:00,0.4594,7.05,16.09,112.8,214.4,19987.99,0.0617,7.39,0.925,15.2,1050.19,6.63,52.13,8.88,34.12,0.0631,4.98,0.1129,0.3223,1.341
2022-06-23 00:00:00+00:00,0.48,8.13,18.29,116.4,228.9,21110.13,0.06398,7.78,0.974,15.93,1144.72,6.99,55.74,9.31,38.15,0.0638,5.62,0.118,0.3358,1.439
2022-06-24 00:00:00+00:00,0.4981,8.26,20.47,114.3,240.2,21237.69,0.06694,8.18,1.004,16.41,1225.02,7.26,55.84,9.65,41.91,0.06584,5.47,0.1278,0.3672,1.535
2022-06-25 00:00:00+00:00,0.4984,8.67,21.36,115.5,239.7,21491.19,0.06852,8.13,1.007,16.55,1242.36,7.26,58.88,9.74,42.22,0.0648,5.62,0.1268,0.3676,1.541
2022-06-26 00:00:00+00:00,0.4899,8.06,19.73,112.9,233.9,21038.07,0.07296,7.84,0.99,16.69,1197.79,6.7,56.61,9.49,39.39,0.06504,5.6,0.1203,0.3592,1.443
2022-06-27 00:00:00+00:00,0.4856,7.78,19.32,111.5,233.8,20742.56,0.07216,7.74,0.985,16.56,1192.51,6.55,55.86,9.5,38.52,0.06703,5.33,0.1191,0.3537,1.601
2022-06-28 00:00:00+00:00,0.4694,7.34,18.12,103.3,226.9,20281.29,0.0661,7.31,0.944,15.44,1144.05,6.32,52.68,8.93,35.35,0.06591,4.92,0.1143,0.3375,1.513
2022-06-29 00:00:00+00:00,0.4662,7.4,17.79,104.6,219.7,20123.01,0.06956,7.03,0.936,15.23,1100.21,6.23,53.68,8.63,34.05,0.06492,5.11,0.1101,0.3296,1.478
2022-06-30 00:00:00+00:00,0.4599,7.57,16.99,103.2,219.6,19942.21,0.06644,7.06,0.926,15.01,1071.01,6.27,53.84,8.47,33.76,0.06481,5.0,0.1123,0.3321,1.426
2022-07-01 00:00:00+00:00,0.4487,8.09,16.12,101.5,216.9,19279.8,0.06644,6.75,0.91,14.64,1059.73,6.08,51.19,8.21,32.84,0.06512,4.86,0.1101,0.3139,1.378
2022-07-02 00:00:00+00:00,0.4559,8.07,16.33,106.6,218.3,19252.81,0.06667,6.83,0.937,14.77,1067.01,6.22,50.55,8.25,33.36,0.06475,4.92,0.1086,0.3156,1.454
2022-07-03 00:00:00+00:00,0.4561,8.09,16.65,105.7,219.2,19315.83,0.06721,6.85,0.944,14.81,1074.26,6.22,50.95,8.3,33.39,0.06628,4.91,0.1091,0.3215,1.447
2022-07-04 00:00:00+00:00,0.4695,8.75,17.92,108.1,231.5,20236.71,0.06938,7.17,0.986,15.4,1151.0,6.43,52.26,8.59,36.71,0.06733,5.35,0.1113,0.3287,1.536
2022-07-05 00:00:00+00:00,0.4571,8.92,18.03,104.1,230.8,20175.83,0.06716,6.84,0.972,14.93,1132.5,6.31,49.7,8.38,35.4,0.06814,5.3,0.108,0.3252,1.469
2022-07-06 00:00:00+00:00,0.4623,8.9,19.17,105.9,238.6,20564.51,0.06844,6.93,1.0,15.22,1186.57,6.34,50.34,8.53,37.04,0.06755,5.35,0.1094,0.3324,1.546
2022-07-07 00:00:00+00:00,0.4776,9.36,20.18,111.5,241.4,21624.98,0.07055,7.3,1.031,15.88,1237.49,6.64,52.15,9.27,38.46,0.06862,5.73,0.1137,0.3422,1.569
2022-07-08 00:00:00+00:00,0.4661,8.98,19.72,108.6,240.7,21594.75,0.06906,7.04,1.012,15.57,1214.04,6.36,51.35,9.13,38.12,0.06902,5.8,0.1131,0.3402,1.527
2022-07-09 00:00:00+00:00,0.478,8.98,19.89,111.3,243.3,21591.83,0.06947,7.25,1.038,15.85,1217.02,6.48,54.09,9.37,38.06,0.0698,6.46,0.1127,0.3448,1.622
2022-07-10 00:00:00+00:00,0.4624,8.79,19.16,106.8,234.7,20862.47,0.06728,6.86,1.003,15.13,1168.36,6.2,52.12,9.26,36.71,0.06763,6.23,0.1075,0.3255,1.626
2022-07-11 00:00:00+00:00,0.4347,8.18,17.35,99.1,225.6,19963.61,0.06175,6.53,0.94,14.2,1096.4,6.04,48.71,8.36,33.42,0.06475,5.57,0.1013,0.3152,1.574
2022-07-12 00:00:00+00:00,0.4171,7.81,16.75,97.2,220.6,19328.75,0.05982,6.28,0.917,13.84,1038.58,5.94,47.33,8.07,32.68,0.06461,5.54,0.1003,0.3116,1.435
2022-07-13 00:00:00+00:00,0.4383,8.211,18.83,102.5,230.5,20234.87,0.06194,6.47,0.95,14.42,1115.0,6.175,49.56,8.56,34.94,0.06624,6.12,0.1054,0.3237,1.521
2022-07-14 00:00:00+00:00,0.4416,8.99,19.76,103.0,238.5,20588.84,0.06246,6.72,0.971,14.73,1193.42,6.275,51.32,8.71,37.15,0.06679,7.02,0.1072,0.3338,1.565
2022-07-15 00:00:00+00:00,0.4421,9.058,19.35,106.2,238.5,20830.04,0.06294,6.79,0.976,15.06,1231.25,6.325,51.78,8.85,37.36,0.06703,6.78,0.1073,0.3342,1.573
2022-07-16 00:00:00+00:00,0.4578,9.237,21.25,109.5,249.8,21195.6,0.06439,7.2,1.008,17.3,1355.85,6.595,55.08,9.26,39.58,0.06895,7.38,0.1096,0.3505,1.603
2022-07-17 00:00:00+00:00,0.4478,8.921,20.63,110.3,247.8,20798.16,0.06306,6.92,0.984,19.25,1338.65,6.347,55.76,9.32,38.62,0.06744,6.94,0.1066,0.3433,1.574
2022-07-18 00:00:00+00:00,0.4904,9.577,23.95,121.4,264.1,22432.58,0.06756,7.66,1.056,25.26,1581.04,7.037,58.6,10.39,43.52,0.06882,7.33,0.1142,0.3653,1.73
2022-07-19 00:00:00+00:00,0.5152,10.519,24.72,128.3,268.6,23396.62,0.06901,7.79,1.077,25.25,1542.32,7.254,57.9,10.5,44.87,0.06909,7.35,0.1185,0.3729,1.743
2022-07-20 00:00:00+00:00,0.491,9.68,23.59,121.7,258.2,23223.3,0.07014,7.47,1.04,23.35,1521.58,6.867,57.2,9.75,42.04,0.06753,6.86,0.112,0.3635,1.621
2022-07-21 00:00:00+00:00,0.4993,11.051,24.99,123.1,265.6,23152.19,0.06998,7.53,1.053,26.3,1575.45,6.994,58.02,9.87,43.11,0.06802,7.23,0.1136,0.3669,1.672
2022-07-22 00:00:00+00:00,0.4828,10.642,23.63,123.3,262.4,22684.83,0.06743,7.29,1.175,24.88,1535.27,6.782,56.09,10.53,40.54,0.067,6.89,0.1119,0.3578,1.633
2022-07-23 00:00:00+00:00,0.517,10.118,23.6,122.4,259.2,22451.07,0.06804,7.33,1.164,25.54,1548.67,6.844,56.32,10.05,39.97,0.06698,6.97,0.1116,0.3592,1.65
2022-07-24 00:00:00+00:00,0.512,9.976,23.79,131.9,261.4,22579.68,0.06755,7.4,1.203,25.53,1597.7,7.094,58.39,10.26,40.93,0.06683,7.24,0.1132,0.3586,1.682
2022-07-25 00:00:00+00:00,0.4752,8.98,20.92,118.0,244.6,21310.9,0.06193,6.76,1.108,23.27,1440.79,6.431,54.0,9.22,36.65,0.06369,7.04,0.1058,0.3362,1.509
2022-07-26 00:00:00+00:00,0.4677,9.222,20.71,118.9,249.4,21254.67,0.06252,6.78,1.111,25.17,1449.12,6.341,53.88,9.28,36.25,0.06536,6.66,0.1056,0.3372,1.555
2022-07-27 00:00:00+00:00,0.5111,10.31,23.39,127.4,271.6,22952.45,0.06721,7.68,1.255,32.92,1635.74,6.86,59.01,10.05,40.23,0.06866,8.03,0.1126,0.3594,1.644
2022-07-28 00:00:00+00:00,0.513,10.865,24.2,155.8,277.2,23842.93,0.06909,7.86,1.314,40.81,1724.52,7.217,63.41,11.01,42.91,0.06968,9.28,0.1167,0.3739,1.718
2022-07-29 00:00:00+00:00,0.5218,11.169,24.49,151.9,293.6,23773.75,0.06877,8.19,1.3,40.5,1721.68,7.883,60.65,11.3,41.91,0.06924,9.08,0.1177,0.3679,1.708
2022-07-30 00:00:00+00:00,0.5263,10.705,24.23,145.5,287.8,23643.51,0.06965,8.21,1.308,39.45,1697.0,7.82,60.42,11.35,43.84,0.06911,8.78,0.1196,0.3879,1.819
2022-07-31 00:00:00+00:00,0.5161,10.351,23.72,139.3,283.4,23293.32,0.06807,8.62,1.331,36.35,1678.12,7.651,59.74,10.98,42.35,0.06886,8.32,0.1176,0.3792,1.739
2022-08-01 00:00:00+00:00,0.5124,10.396,23.57,137.9,283.2,23268.01,0.06845,8.17,1.256,34.95,1630.28,7.57,59.44,11.16,41.65,0.06986,8.36,0.1182,0.3791,1.813
2022-08-02 00:00:00+00:00,0.4963,9.914,22.85,133.7,283.8,22987.79,0.06652,7.93,1.187,36.52,1630.91,7.177,58.05,10.96,39.79,0.06831,8.25,0.1151,0.3714,1.714
2022-08-03 00:00:00+00:00,0.5005,10.159,23.04,133.9,297.5,22818.37,0.06621,8.0,1.174,35.95,1618.16,7.284,57.77,10.73,38.54,0.06783,8.91,0.1142,0.3695,1.718
2022-08-04 00:00:00+00:00,0.4997,10.356,23.36,134.3,311.8,22622.98,0.06725,8.1,1.188,34.78,1607.96,7.364,59.65,10.81,38.83,0.06891,8.82,0.1139,0.371,1.814
2022-08-05 00:00:00+00:00,0.5174,10.967,24.95,142.0,315.9,23312.42,0.06981,8.8,1.258,38.3,1736.81,7.878,62.47,11.81,40.55,0.06989,8.96,0.1185,0.3764,1.864
2022-08-06 00:00:00+00:00,0.5112,10.631,26.63,141.3,315.2,22954.21,0.06863,8.52,1.226,37.82,1690.6,7.792,60.83,11.43,40.07,0.06947,8.77,0.1217,0.3715,1.878
2022-08-07 00:00:00+00:00,0.5276,11.36,27.9,141.0,322.8,23174.39,0.06897,8.65,1.229,37.72,1700.19,8.343,61.1,11.46,40.6,0.06962,8.79,0.1239,0.3722,1.889
2022-08-08 00:00:00+00:00,0.5371,11.813,27.91,143.6,324.9,23810.0,0.07011,9.27,1.251,38.06,1777.05,8.608,62.61,11.67,42.18,0.0701,8.79,0.1301,0.3787,1.894
2022-08-09 00:00:00+00:00,0.5129,11.386,27.42,134.7,324.4,23149.95,0.06904,8.89,1.178,36.41,1702.76,8.742,59.16,11.01,40.33,0.0684,8.44,0.1221,0.3672,1.802
2022-08-10 00:00:00+00:00,0.5374,11.973,29.18,142.2,328.8,23954.05,0.07126,9.52,1.277,38.82,1853.57,9.055,61.59,11.69,42.47,0.07038,9.22,0.126,0.3814,1.875
2022-08-11 00:00:00+00:00,0.5303,11.754,28.53,142.9,323.6,23934.39,0.07084,9.2,1.312,42.08,1880.19,8.958,61.84,11.72,42.77,0.07034,8.96,0.1253,0.3802,1.9
2022-08-12 00:00:00+00:00,0.5402,12.05,29.34,143.2,327.9,24403.68,0.0723,9.48,1.328,43.38,1958.28,9.324,62.88,12.03,45.48,0.07045,9.21,0.1264,0.3796,1.924
2022-08-13 00:00:00+00:00,0.5593,11.902,29.16,144.2,324.3,24441.38,0.07293,9.31,1.35,43.55,1983.55,9.144,63.8,12.0,46.6,0.06997,8.99,0.1268,0.378,1.91
2022-08-14 00:00:00+00:00,0.5695,11.583,28.18,139.5,317.6,24305.24,0.08168,8.96,1.306,41.54,1935.31,8.765,63.14,11.5,44.87,0.07036,8.87,0.1257,0.3757,1.819
2022-08-15 00:00:00+00:00,0.5499,11.4,27.88,137.2,319.5,24094.82,0.07662,8.78,1.273,41.91,1899.06,8.646,60.67,11.28,43.72,0.06886,8.47,0.1235,0.3751,1.82
2022-08-16 00:00:00+00:00,0.557,11.399,27.1,136.4,316.1,23854.74,0.08677,8.84,1.382,39.89,1876.67,8.452,61.33,11.16,43.08,0.06974,8.33,0.1219,0.377,1.886
2022-08-17 00:00:00+00:00,0.5384,11.745,25.55,133.8,306.9,23342.66,0.08021,8.37,1.48,40.3,1834.25,8.061,60.52,10.96,40.54,0.06832,7.96,0.1213,0.3795,1.886
2022-08-18 00:00:00+00:00,0.5119,11.442,24.21,129.1,298.1,23191.2,0.07474,8.08,1.484,39.56,1846.39,7.649,60.02,10.44,39.52,0.06741,7.58,0.1159,0.3704,1.788
2022-08-19 00:00:00+00:00,0.45,10.753,22.44,114.4,279.1,20834.39,0.06776,7.31,1.273,32.92,1609.01,6.899,53.99,9.54,35.81,0.06407,6.9,0.1081,0.3344,1.575
2022-08-20 00:00:00+00:00,0.4508,10.233,22.3,114.6,283.7,21140.07,0.06933,7.22,1.411,32.78,1576.04,6.9,54.1,9.57,35.28,0.06579,7.0,0.109,0.3368,1.559
2022-08-21 00:00:00+00:00,0.4626,10.642,22.97,119.7,301.9,21515.61,0.06932,7.44,1.57,33.67,1618.13,7.082,55.67,9.89,36.47,0.0659,7.21,0.111,0.3449,1.633
2022-08-22 00:00:00+00:00,0.4615,11.09,22.55,122.7,300.0,21399.83,0.0684,7.41,1.837,34.06,1624.66,7.044,57.22,9.68,35.41,0.06562,6.98,0.1095,0.344,1.588
2022-08-23 00:00:00+00:00,0.4658,12.122,23.5,133.3,299.3,21529.12,0.06884,7.64,1.805,34.32,1665.41,7.241,57.08,9.95,35.68,0.06631,7.11,0.1107,0.3472,1.593
2022-08-24 00:00:00+00:00,0.4578,13.019,23.01,130.4,296.4,21368.08,0.06791,7.56,1.773,35.29,1656.56,7.124,56.46,9.93,34.89,0.06482,7.05,0.1094,0.3456,1.6
2022-08-25 00:00:00+00:00,0.4645,12.859,22.99,130.6,301.2,21559.04,0.06898,7.58,1.732,37.09,1695.11,7.124,56.63,9.99,35.27,0.06549,7.03,0.1104,0.3491,1.669
2022-08-26 00:00:00+00:00,0.4316,11.549,20.66,116.0,279.6,20241.05,0.06351,6.93,1.547,33.9,1508.18,6.504,52.68,9.0,31.72,0.06158,6.16,0.1039,0.3393,1.483
2022-08-27 00:00:00+00:00,0.4499,11.171,20.03,115.2,277.9,20037.6,0.06351,7.04,1.539,33.03,1491.06,6.529,53.01,9.13,31.53,0.0629,6.06,0.1056,0.3346,1.462
2022-08-28 00:00:00+00:00,0.4293,10.567,18.53,112.6,276.5,19555.61,0.06178,6.86,1.426,30.94,1426.76,6.255,53.41,8.88,30.44,0.06141,5.74,0.1027,0.3224,1.427
2022-08-29 00:00:00+00:00,0.4504,11.435,19.32,119.5,285.9,20285.73,0.06384,7.27,1.494,33.53,1551.8,6.7,55.8,9.39,32.42,0.06337,6.34,0.1059,0.3337,1.53
2022-08-30 00:00:00+00:00,0.4531,11.927,19.39,114.6,281.6,19811.66,0.06154,7.0,1.393,32.33,1524.59,6.556,53.01,9.07,31.47,0.06472,6.17,0.1024,0.3267,1.496
2022-08-31 00:00:00+00:00,0.4462,11.816,19.14,115.2,279.2,20050.02,0.06135,7.03,1.373,32.43,1554.1,6.627,53.84,9.03,31.5,0.06339,6.15,0.1043,0.3277,1.51
2022-09-01 00:00:00+00:00,0.4575,12.733,19.33,116.7,278.3,20131.46,0.06239,7.18,1.48,32.93,1586.16,6.925,57.58,9.15,31.61,0.06328,6.31,0.105,0.3331,1.54
2022-09-02 00:00:00+00:00,0.4543,12.611,18.86,116.3,277.5,19951.86,0.06165,7.3,1.547,32.44,1575.35,6.926,60.99,9.04,31.23,0.06261,6.4,0.1046,0.3314,1.491
2022-09-03 00:00:00+00:00,0.4803,12.623,18.89,117.8,277.8,19831.9,0.06271,7.28,1.517,32.23,1557.46,6.859,60.15,9.16,31.12,0.0631,6.31,0.1053,0.3297,1.524
2022-09-04 00:00:00+00:00,0.5035,13.045,19.01,118.3,279.1,20000.3,0.06323,7.37,1.492,32.45,1579.28,7.156,60.9,9.5,32.16,0.06351,6.48,0.1064,0.3317,1.556
2022-09-05 00:00:00+00:00,0.4984,12.633,19.44,125.7,276.9,19796.84,0.06275,7.36,1.568,39.65,1617.8,7.375,60.39,9.36,32.18,0.06295,6.58,0.1051,0.3329,1.547
2022-09-06 00:00:00+00:00,0.4625,11.779,18.21,112.2,262.5,18790.61,0.05889,6.87,1.395,34.4,1559.01,6.659,54.11,8.54,30.88,0.06069,5.82,0.0997,0.3212,1.427
2022-09-07 00:00:00+00:00,0.4787,12.929,19.01,118.7,278.9,19292.84,0.06097,7.2,1.665,37.27,1630.0,7.085,57.31,8.88,32.69,0.06181,6.12,0.103,0.3369,1.489
2022-09-08 00:00:00+00:00,0.479,13.883,19.13,126.5,280.5,19319.77,0.06096,7.39,1.602,37.11,1635.37,7.406,57.96,9.44,33.61,0.06126,6.18,0.1044,0.3396,1.587
2022-09-09 00:00:00+00:00,0.5022,16.128,20.38,132.7,293.4,21360.11,0.06385,7.75,1.661,39.14,1718.23,7.742,61.13,9.87,34.67,0.06343,6.51,0.1144,0.3568,1.643
2022-09-10 00:00:00+00:00,0.5121,15.992,20.44,132.6,296.7,21648.34,0.06466,7.77,1.747,39.25,1774.12,7.904,63.28,9.89,35.03,0.06474,6.68,0.1147,0.3573,1.663
2022-09-11 00:00:00+00:00,0.5098,15.693,20.68,130.3,295.3,21826.87,0.06369,7.7,1.713,38.53,1766.11,8.028,62.16,9.81,34.99,0.06419,6.49,0.1144,0.3552,1.683
2022-09-12 00:00:00+00:00,0.5012,15.528,21.38,129.0,294.1,22395.74,0.06393,7.66,1.66,38.44,1716.37,7.762,61.38,9.91,37.44,0.06386,6.65,0.1139,0.3598,1.655
2022-09-13 00:00:00+00:00,0.4635,13.9,18.87,117.6,277.4,20173.57,0.05964,7.06,1.471,35.29,1574.4,7.025,59.1,8.91,33.0,0.06068,6.03,0.1045,0.3326,1.528
2022-09-14 00:00:00+00:00,0.4809,13.969,19.12,119.9,279.3,20226.71,0.06115,7.21,1.475,39.21,1638.39,7.456,60.18,9.1,34.12,0.06162,6.18,0.1052,0.3415,1.605
2022-09-15 00:00:00+00:00,0.4662,14.897,18.21,117.6,271.1,19701.88,0.0586,6.93,1.381,35.68,1472.75,7.566,56.34,9.13,33.07,0.06131,5.89,0.1022,0.3261,1.52
2022-09-16 00:00:00+00:00,0.4746,16.605,18.05,119.5,274.9,19803.3,0.06046,6.9,1.424,34.1,1433.9,7.656,55.95,8.99,32.25,0.06132,5.83,0.1071,0.3552,1.52
2022-09-17 00:00:00+00:00,0.4859,16.405,18.48,122.1,279.1,20113.62,0.0622,7.06,1.471,34.43,1468.83,8.092,57.83,9.08,33.68,0.06228,6.02,0.1133,0.3762,1.55
2022-09-18 00:00:00+00:00,0.4477,14.693,16.7,111.8,266.2,19416.18,0.05743,6.44,1.274,29.54,1334.51,7.523,52.63,8.24,31.1,0.06077,5.47,0.1069,0.3576,1.438
2022-09-19 00:00:00+00:00,0.4527,15.62,17.28,112.0,271.9,19537.02,0.05853,6.39,1.298,30.38,1375.98,7.301,52.91,8.38,32.62,0.06028,5.48,0.1116,0.3848,1.482
2022-09-20 00:00:00+00:00,0.4422,13.919,16.65,112.8,266.3,18875.0,0.05839,6.28,1.339,29.12,1322.93,6.883,52.3,8.34,31.41,0.05978,5.3,0.1172,0.414,1.463
2022-09-21 00:00:00+00:00,0.4389,13.39,16.55,108.9,264.0,18461.36,0.05715,6.12,1.181,27.73,1245.78,6.68,51.09,8.04,30.65,0.05905,5.34,0.1105,0.3936,1.408
2022-09-22 00:00:00+00:00,0.4584,14.633,17.68,116.5,275.3,19401.63,0.05958,6.45,1.238,28.62,1326.46,7.123,53.57,8.44,32.43,0.06022,5.74,0.123,0.4862,1.508
2022-09-23 00:00:00+00:00,0.4618,14.223,17.97,120.1,276.7,19289.91,0.06337,6.44,1.229,28.88,1327.25,7.449,55.22,8.57,33.66,0.06042,5.91,0.1232,0.5069,1.516
2022-09-24 00:00:00+00:00,0.4511,13.635,17.6,117.3,274.4,18920.5,0.0631,6.27,1.199,28.67,1317.13,7.629,53.43,8.41,33.38,0.05985,5.8,0.1179,0.4878,1.475
2022-09-25 00:00:00+00:00,0.4464,13.976,17.32,113.5,274.3,18807.38,0.06117,6.2,1.165,28.37,1294.63,7.865,52.53,8.28,32.34,0.0597,5.66,0.1173,0.4917,1.457
2022-09-26 00:00:00+00:00,0.4473,13.913,17.57,116.3,276.1,19227.82,0.06113,6.56,1.182,28.48,1336.17,7.945,53.44,8.4,33.88,0.05959,5.92,0.1138,0.4683,1.474
2022-09-27 00:00:00+00:00,0.4411,13.491,17.3,114.3,272.3,19079.13,0.06048,6.37,1.154,28.1,1328.02,8.056,52.65,8.87,32.69,0.05938,6.38,0.1102,0.4457,1.443
2022-09-28 00:00:00+00:00,0.4361,12.997,17.26,114.1,281.6,19412.82,0.06051,6.38,1.148,27.63,1337.2,7.795,53.29,8.62,33.22,0.05954,6.56,0.1083,0.4489,1.441
2022-09-29 00:00:00+00:00,0.4381,12.771,17.35,116.9,284.1,19591.51,0.06086,6.43,1.205,27.8,1335.7,7.899,53.96,8.78,33.93,0.06099,6.38,0.1154,0.4877,1.439
2022-09-30 00:00:00+00:00,0.4347,13.024,17.2,120.1,284.8,19422.61,0.06167,6.32,1.183,27.74,1328.72,7.585,53.48,8.84,33.25,0.06101,6.46,0.1146,0.4799,1.423
2022-10-01 00:00:00+00:00,0.43,12.682,16.95,117.1,282.9,19310.95,0.06059,6.27,1.224,27.54,1311.79,7.394,52.92,8.77,32.44,0.06049,6.4,0.1215,0.4754,1.409
2022-10-02 00:00:00+00:00,0.4194,11.992,16.53,114.3,284.7,19056.8,0.05927,6.15,1.16,26.94,1276.72,7.11,51.82,8.51,32.06,0.06093,6.26,0.1185,0.4485,1.374
2022-10-03 00:00:00+00:00,0.4276,12.855,17.14,116.3,286.9,19629.08,0.06034,6.37,1.186,27.43,1323.09,7.33,54.17,8.73,32.89,0.06137,6.63,0.1168,0.4621,1.438
2022-10-04 00:00:00+00:00,0.4355,13.019,17.44,121.1,296.2,20337.82,0.06584,6.5,1.2,27.9,1361.49,7.723,55.28,8.92,34.09,0.06236,6.65,0.1191,0.4795,1.457
2022-10-05 00:00:00+00:00,0.4309,13.005,17.39,122.1,294.2,20158.26,0.06478,6.44,1.175,27.63,1352.2,7.875,54.63,8.74,34.04,0.06245,6.81,0.1189,0.4887,1.43
2022-10-06 00:00:00+00:00,0.4288,13.016,17.04,118.4,287.0,19960.67,0.06345,6.34,1.155,27.84,1352.06,7.632,53.53,8.56,33.36,0.06277,6.87,0.1195,0.4934,1.428
2022-10-07 00:00:00+00:00,0.424,13.056,16.9,116.7,282.3,19530.09,0.06235,6.33,1.121,27.5,1331.1,7.606,52.83,8.5,32.98,0.06251,6.79,0.1222,0.5177,1.41
2022-10-08 00:00:00+00:00,0.4219,13.148,16.79,116.9,276.4,19417.96,0.06165,6.31,1.112,26.97,1315.48,7.455,52.79,8.5,32.58,0.06205,6.51,0.1261,0.517,1.406
2022-10-09 00:00:00+00:00,0.423,13.194,16.9,117.2,278.2,19439.02,0.06212,6.48,1.121,26.97,1323.13,7.63,53.9,8.53,32.92,0.06236,6.63,0.1287,0.5325,1.428
2022-10-10 00:00:00+00:00,0.4012,12.436,16.21,111.6,271.5,19131.87,0.05938,6.25,1.034,24.23,1290.03,7.335,52.63,8.18,31.96,0.06274,6.39,0.1236,0.4939,1.37
2022-10-11 00:00:00+00:00,0.3908,12.173,15.95,111.1,271.4,19060.0,0.06025,6.17,1.043,23.75,1280.11,7.135,52.03,8.03,30.8,0.06166,6.0,0.1161,0.4861,1.343
2022-10-12 00:00:00+00:00,0.3814,11.742,15.96,111.7,270.9,19155.53,0.05981,6.18,1.039,23.8,1294.44,7.145,52.23,8.02,31.16,0.06173,6.06,0.1164,0.4881,1.352
2022-10-13 00:00:00+00:00,0.3768,11.339,15.66,108.8,271.6,19375.13,0.05965,6.11,1.015,22.98,1287.08,7.027,51.1,7.89,30.49,0.061,6.14,0.1121,0.4791,1.384
2022-10-14 00:00:00+00:00,0.3667,11.643,15.67,107.5,269.4,19176.93,0.05866,6.05,1.008,23.14,1296.27,6.887,51.31,7.74,30.0,0.06393,6.28,0.1125,0.4883,1.367
2022-10-15 00:00:00+00:00,0.3641,11.515,15.43,107.9,268.2,19069.39,0.05857,6.05,1.051,22.78,1274.92,6.886,50.39,7.72,29.59,0.06174,6.04,0.112,0.4818,1.355
2022-10-16 00:00:00+00:00,0.3703,11.699,15.75,110.3,272.5,19262.98,0.05891,6.18,1.05,23.11,1305.95,7.173,51.43,7.88,30.17,0.06187,6.1,0.1135,0.4766,1.355
2022-10-17 00:00:00+00:00,0.3723,12.43,16.18,110.6,275.6,19549.86,0.05998,6.26,1.064,23.83,1331.4,7.328,51.82,8.04,31.21,0.06265,6.39,0.1142,0.4804,1.389
2022-10-18 00:00:00+00:00,0.3624,12.522,15.88,108.7,273.1,19327.44,0.05976,6.16,1.05,23.4,1310.71,7.127,51.86,7.9,30.15,0.06218,6.53,0.1124,0.4658,1.375
2022-10-19 00:00:00+00:00,0.3497,11.753,15.06,105.8,272.0,19123.97,0.05868,6.1,1.004,22.35,1285.09,6.772,50.94,7.69,28.86,0.06174,6.57,0.1108,0.4504,1.326
2022-10-20 00:00:00+00:00,0.3402,11.378,15.14,106.5,269.0,19041.92,0.05942,5.89,1.043,21.67,1282.57,6.657,51.22,7.76,28.01,0.06215,6.09,0.11,0.4465,1.32
2022-10-21 00:00:00+00:00,0.3492,11.736,15.69,107.1,270.1,19164.37,0.05933,5.84,1.07,22.03,1299.75,6.809,51.63,7.85,28.1,0.06167,6.03,0.111,0.4614,1.343
2022-10-22 00:00:00+00:00,0.3513,11.715,15.69,108.6,270.4,19204.35,0.05968,5.85,1.067,23.23,1313.61,6.868,52.18,8.02,28.01,0.06158,6.09,0.1113,0.4653,1.341
2022-10-23 00:00:00+00:00,0.3621,12.114,16.31,110.8,276.0,19570.4,0.06038,5.97,1.095,23.44,1364.2,7.066,54.03,8.54,29.28,0.06188,6.29,0.112,0.4688,1.374
2022-10-24 00:00:00+00:00,0.3573,11.65,15.75,107.9,274.1,19329.72,0.05945,5.92,1.067,22.66,1343.61,6.906,52.54,8.21,28.3,0.06131,6.15,0.1103,0.4529,1.353
2022-10-25 00:00:00+00:00,0.4,11.999,16.64,112.7,284.2,20080.07,0.06305,6.43,1.099,24.67,1459.74,7.063,55.92,8.51,30.86,0.06235,6.58,0.1117,0.4605,1.387
2022-10-26 00:00:00+00:00,0.403,12.278,17.0,114.4,290.2,20771.59,0.07265,6.47,1.128,25.49,1566.1,7.157,56.39,8.58,31.29,0.06341,6.69,0.1134,0.4689,1.435
2022-10-27 00:00:00+00:00,0.3884,12.655,16.88,112.3,286.7,20295.11,0.07689,6.34,1.125,24.75,1514.05,6.892,54.75,8.43,30.58,0.06296,6.8,0.1109,0.4615,1.412
2022-10-28 00:00:00+00:00,0.4044,13.53,18.33,115.6,297.9,20591.84,0.08387,6.52,1.137,25.48,1554.41,7.109,54.92,8.63,32.07,0.06356,6.85,0.1126,0.4744,1.441
2022-10-29 00:00:00+00:00,0.42,13.472,18.29,118.4,304.4,20809.67,0.12176,6.63,1.137,25.88,1619.55,7.636,56.6,8.82,32.87,0.06428,7.1,0.1135,0.4701,1.443
2022-10-30 00:00:00+00:00,0.4056,13.92,18.26,116.1,313.5,20627.48,0.11773,6.66,1.109,24.51,1590.44,7.782,55.35,8.59,32.94,0.0631,6.89,0.1112,0.4582,1.422
2022-10-31 00:00:00+00:00,0.4055,14.319,19.28,115.0,325.7,20490.74,0.12686,6.62,1.148,24.25,1572.69,7.857,55.01,8.51,32.56,0.06325,6.96,0.1113,0.4641,1.426
2022-11-01 00:00:00+00:00,0.4011,14.074,18.62,115.0,323.9,20483.62,0.14211,6.46,1.142,24.03,1578.48,7.684,55.1,8.43,32.2,0.06277,7.12,0.1099,0.4636,1.414
2022-11-02 00:00:00+00:00,0.3856,13.295,17.91,113.7,320.2,20151.84,0.12765,6.25,1.119,22.95,1518.34,7.437,60.95,8.2,30.8,0.06157,7.1,0.1075,0.4497,1.382
2022-11-03 00:00:00+00:00,0.3895,13.51,18.03,115.6,329.5,20207.82,0.12262,6.41,1.149,24.02,1531.01,7.72,61.84,8.36,30.85,0.06171,6.91,0.1088,0.4548,1.369
2022-11-04 00:00:00+00:00,0.4216,15.035,19.38,124.5,354.6,21148.52,0.12613,7.05,1.196,25.78,1644.78,8.715,67.58,8.98,33.74,0.06381,7.55,0.1156,0.5064,1.448
2022-11-05 00:00:00+00:00,0.4264,15.38,19.61,123.7,349.2,21299.37,0.12445,7.03,1.168,26.52,1626.98,8.663,69.23,9.04,36.9,0.06363,7.69,0.1136,0.493,1.446
2022-11-06 00:00:00+00:00,0.4021,14.443,18.23,116.7,337.9,20905.58,0.11477,6.81,1.113,24.82,1568.29,8.101,68.26,8.55,32.62,0.06268,7.06,0.109,0.4709,1.372
2022-11-07 00:00:00+00:00,0.4041,14.275,18.08,117.9,337.0,20591.13,0.11123,7.12,1.134,25.04,1568.1,8.956,67.42,8.64,29.62,0.06227,7.01,0.1097,0.4648,1.361
2022-11-08 00:00:00+00:00,0.3722,12.146,16.02,103.2,327.4,18547.23,0.08827,6.3,0.964,21.89,1334.77,7.708,57.82,7.42,24.38,0.05872,6.07,0.0988,0.4059,1.173
2022-11-09 00:00:00+00:00,0.3175,9.791,12.91,89.0,267.3,15922.81,0.0745,5.41,0.824,18.37,1102.73,6.231,50.68,6.19,14.08,0.05338,4.9,0.0831,0.3331,1.019
2022-11-10 00:00:00+00:00,0.3687,12.17,15.42,102.7,304.0,17601.15,0.08978,5.97,0.938,22.01,1299.28,7.21,60.56,7.15,17.66,0.05782,5.77,0.0972,0.3942,1.143
2022-11-11 00:00:00+00:00,0.3556,11.672,14.13,103.1,290.4,17070.31,0.08509,5.75,0.935,21.55,1289.28,7.044,61.49,6.82,16.45,0.05601,6.1,0.0953,0.3843,1.069
2022-11-12 00:00:00+00:00,0.3397,10.951,13.09,102.7,282.8,16812.08,0.08815,5.77,0.893,20.49,1257.25,6.281,59.94,6.57,14.58,0.05502,5.56,0.0911,0.3636,1.04
2022-11-13 00:00:00+00:00,0.3298,10.19,13.02,99.6,276.4,16329.85,0.08495,5.75,0.883,19.89,1221.49,6.078,57.37,6.65,13.18,0.05084,5.8,0.0882,0.3408,1.009
2022-11-14 00:00:00+00:00,0.3323,10.329,13.14,103.9,279.0,16619.46,0.08595,5.86,0.916,20.48,1243.28,6.291,56.7,6.74,14.0,0.05015,6.09,0.0913,0.3776,1.016
2022-11-15 00:00:00+00:00,0.3373,10.556,13.51,103.9,277.0,16900.57,0.08706,5.92,0.926,20.56,1253.23,6.421,58.01,6.8,14.32,0.05074,6.28,0.0925,0.3888,1.026
2022-11-16 00:00:00+00:00,0.332,10.152,13.07,104.4,271.8,16662.76,0.08548,5.71,0.898,19.92,1216.17,6.179,57.49,6.64,14.27,0.05016,5.96,0.0898,0.3752,0.987
2022-11-17 00:00:00+00:00,0.325,9.918,12.87,103.9,267.9,16692.56,0.08467,5.67,0.9,19.67,1200.43,6.225,62.59,6.58,13.65,0.05006,5.73,0.0904,0.3819,0.974
2022-11-18 00:00:00+00:00,0.326,9.972,13.0,104.8,274.1,16700.45,0.08474,5.65,0.898,19.55,1212.58,6.183,62.62,6.64,13.27,0.05068,5.85,0.0892,0.3829,0.981
2022-11-19 00:00:00+00:00,0.328,9.995,12.89,104.9,272.6,16700.68,0.08455,5.61,0.903,19.51,1217.67,6.146,63.98,6.79,12.84,0.05215,5.76,0.0905,0.3841,0.999
2022-11-20 00:00:00+00:00,0.312,9.354,12.19,104.8,264.2,16280.23,0.07703,5.3,0.871,18.17,1142.21,5.768,62.12,6.47,12.27,0.05008,5.44,0.0865,0.3608,0.973
2022-11-21 00:00:00+00:00,0.3046,9.011,11.82,103.4,253.9,15781.29,0.07466,5.18,0.848,18.03,1107.34,5.876,61.31,6.43,11.83,0.05155,5.19,0.0843,0.3645,0.938
2022-11-22 00:00:00+00:00,0.3126,9.547,12.36,109.4,266.7,16226.94,0.07876,5.28,0.879,18.48,1139.6,6.422,70.66,6.66,12.44,0.05072,5.31,0.0871,0.3757,0.969
2022-11-23 00:00:00+00:00,0.3185,9.933,13.06,115.0,298.8,16603.11,0.08197,5.44,0.912,20.33,1184.52,6.707,79.02,6.99,14.36,0.0518,5.49,0.0886,0.3815,1.001
2022-11-24 00:00:00+00:00,0.3163,10.153,12.95,115.9,300.2,16598.95,0.08146,5.39,0.912,20.21,1203.73,6.831,78.66,6.86,14.59,0.05283,5.45,0.09,0.4018,1.004
2022-11-25 00:00:00+00:00,0.3146,10.025,12.82,113.8,300.8,16522.14,0.0895,5.26,0.933,20.1,1199.3,6.848,74.1,6.87,14.03,0.05297,5.41,0.0892,0.4078,0.99
2022-11-26 00:00:00+00:00,0.3138,10.111,12.78,112.5,311.4,16458.57,0.08893,5.3,0.934,19.89,1205.6,7.156,76.47,6.99,14.17,0.05279,5.42,0.0881,0.396,0.988
2022-11-27 00:00:00+00:00,0.3126,9.925,12.86,111.2,307.6,16428.78,0.09868,5.3,0.929,19.82,1193.88,6.902,74.92,6.84,14.12,0.05327,5.41,0.0902,0.3962,0.988
2022-11-28 00:00:00+00:00,0.3066,9.862,12.45,110.0,293.5,16212.91,0.09513,5.13,0.904,19.32,1167.77,7.194,73.97,6.61,13.32,0.05299,5.29,0.0873,0.3888,0.977
2022-11-29 00:00:00+00:00,0.3092,10.181,12.47,111.0,295.4,16442.53,0.10146,5.3,0.918,19.51,1216.49,7.318,75.8,6.68,13.34,0.05326,5.46,0.0885,0.3981,0.976
2022-11-30 00:00:00+00:00,0.3187,10.494,13.15,113.5,300.6,17163.64,0.10677,5.46,0.951,20.29,1294.46,7.672,79.16,7.0,14.16,0.05461,5.86,0.0899,0.4078,1.019
2022-12-01 00:00:00+00:00,0.3145,10.268,12.9,110.3,292.3,16977.37,0.10175,5.41,0.931,19.75,1276.41,7.681,77.57,6.79,13.51,0.05415,5.91,0.0877,0.3969,1.003
2022-12-02 00:00:00+00:00,0.3191,10.366,13.58,112.0,293.4,17092.74,0.1021,5.62,0.942,19.86,1295.59,7.61,77.94,7.0,13.71,0.05445,6.34,0.0881,0.3961,1.028
2022-12-03 00:00:00+00:00,0.3196,10.021,13.4,109.7,290.4,16885.2,0.0997,5.49,0.922,19.23,1240.51,7.235,76.47,6.81,13.29,0.05358,6.1,0.0863,0.3873,0.993
2022-12-04 00:00:00+00:00,0.3221,10.255,13.93,111.0,291.8,17105.7,0.10406,5.59,0.93,19.49,1279.41,7.444,77.07,6.9,13.71,0.05309,6.27,0.0877,0.3895,1.005
2022-12-05 00:00:00+00:00,0.3193,10.264,13.6,110.4,288.4,16966.35,0.10149,5.48,0.931,19.45,1259.41,7.275,80.19,6.94,13.82,0.05334,6.17,0.0869,0.3893,1.005
2022-12-06 00:00:00+00:00,0.3183,10.166,13.67,112.1,290.2,17088.96,0.10019,5.5,0.958,19.55,1271.32,7.132,79.88,7.14,14.3,0.05364,6.18,0.086,0.3914,1.013
2022-12-07 00:00:00+00:00,0.3102,9.617,13.28,109.1,284.2,16836.64,0.09575,5.29,0.989,18.71,1231.18,6.881,76.89,6.85,13.49,0.05312,6.0,0.0842,0.3835,0.984
2022-12-08 00:00:00+00:00,0.3145,9.833,13.42,111.9,290.4,17224.1,0.09847,5.42,0.995,19.18,1280.18,7.0,78.27,7.08,13.69,0.05448,6.19,0.0856,0.3941,1.0
2022-12-09 00:00:00+00:00,0.3118,9.758,13.46,109.9,286.0,17128.56,0.0967,5.3,1.032,19.17,1263.1,6.863,76.31,7.04,13.59,0.05464,6.17,0.0853,0.3889,0.984
2022-12-10 00:00:00+00:00,0.3126,9.945,13.49,109.1,288.2,17127.49,0.09632,5.27,1.034,19.15,1266.35,6.858,76.36,7.16,13.58,0.05483,6.08,0.0853,0.3865,0.996
2022-12-11 00:00:00+00:00,0.3074,9.534,12.98,106.3,284.4,17085.05,0.09266,5.17,1.004,18.89,1263.01,6.7,76.5,7.23,13.42,0.05397,5.92,0.0838,0.3809,0.987
2022-12-12 00:00:00+00:00,0.3069,9.622,13.0,106.3,276.1,17209.83,0.09029,5.17,0.982,18.55,1275.4,6.701,76.23,7.46,13.31,0.05352,5.92,0.0843,0.3874,0.96
2022-12-13 00:00:00+00:00,0.3142,9.754,13.76,110.4,272.2,17774.7,0.09105,5.28,1.001,19.26,1320.69,6.926,77.39,7.3,13.89,0.0545,6.11,0.084,0.3952,0.972
2022-12-14 00:00:00+00:00,0.3079,9.591,13.71,109.1,267.7,17803.15,0.08824,5.215,0.977,18.77,1307.44,6.718,75.3,7.18,14.12,0.05558,5.908,0.083,0.3853,0.95
2022-12-15 00:00:00+00:00,0.3003,9.426,13.17,107.2,258.8,17356.34,0.08485,5.23,0.956,18.19,1266.54,6.456,72.42,7.29,14.04,0.05577,5.799,0.0819,0.378,0.957
2022-12-16 00:00:00+00:00,0.2632,8.587,11.84,100.1,231.2,16632.12,0.07569,4.652,0.873,15.94,1166.83,5.893,66.25,6.72,12.25,0.05292,5.3,0.0743,0.3511,0.839
2022-12-17 00:00:00+00:00,0.2672,8.803,11.95,103.1,242.1,16776.52,0.07919,4.708,0.891,16.2,1187.16,6.03,64.89,6.69,12.51,0.05486,5.386,0.0757,0.3545,0.843
2022-12-18 00:00:00+00:00,0.2659,8.857,11.93,102.0,251.0,16738.21,0.07847,4.657,0.882,15.94,1183.06,5.949,64.37,6.73,12.38,0.05378,5.328,0.0764,0.3499,0.836
2022-12-19 00:00:00+00:00,0.2529,8.644,11.39,98.4,240.4,16438.88,0.07133,4.481,0.848,15.2,1167.82,5.79,63.37,6.3,11.94,0.05356,5.09,0.0732,0.3389,0.776
2022-12-20 00:00:00+00:00,0.2587,8.951,11.95,101.7,251.4,16895.56,0.07483,4.605,0.889,15.93,1216.94,6.013,65.55,6.55,12.26,0.05497,5.362,0.076,0.3482,0.805
2022-12-21 00:00:00+00:00,0.2534,8.864,11.71,100.3,246.2,16824.67,0.07374,4.485,0.889,16.64,1213.78,5.989,65.4,6.46,12.14,0.05492,5.322,0.0752,0.3449,0.807
2022-12-22 00:00:00+00:00,0.2566,8.99,11.85,101.4,245.8,16821.43,0.07685,4.531,0.888,16.49,1217.71,6.005,66.21,6.45,11.82,0.05554,5.372,0.0758,0.3492,0.806
2022-12-23 00:00:00+00:00,0.2594,8.913,11.79,102.0,246.2,16778.5,0.07721,4.473,0.885,16.4,1219.99,5.941,65.75,6.42,11.78,0.05423,5.265,0.0754,0.3543,0.804
2022-12-24 00:00:00+00:00,0.2592,8.962,11.67,101.7,244.5,16836.12,0.07752,4.452,0.881,16.45,1220.41,5.916,65.76,6.39,11.45,0.05473,5.202,0.0743,0.3517,0.8
2022-12-25 00:00:00+00:00,0.2591,9.01,11.68,101.4,243.2,16832.11,0.07598,4.492,0.878,16.2,1218.51,5.99,69.15,6.26,11.38,0.05481,5.161,0.0739,0.3457,0.784
2022-12-26 00:00:00+00:00,0.2652,9.183,11.71,103.4,244.3,16919.39,0.07568,4.571,0.888,16.25,1228.11,6.048,70.78,6.25,11.32,0.05459,5.203,0.0753,0.3658,0.796
2022-12-27 00:00:00+00:00,0.2603,9.215,11.64,101.7,246.7,16706.36,0.07372,4.478,0.896,15.87,1211.55,5.903,68.67,6.2,11.09,0.05415,5.193,0.0741,0.3675,0.773
2022-12-28 00:00:00+00:00,0.2482,9.134,11.21,99.2,244.5,16547.31,0.0704,4.286,0.871,15.12,1190.15,5.675,66.32,6.06,9.76,0.05416,4.97,0.0717,0.3558,0.738
2022-12-29 00:00:00+00:00,0.244,9.33,10.98,98.4,246.3,16633.47,0.07094,4.309,0.865,15.7,1200.49,5.601,66.66,6.17,9.64,0.05402,5.048,0.072,0.3421,0.726
2022-12-30 00:00:00+00:00,0.2458,9.382,10.87,96.8,245.8,16607.48,0.0684,4.324,0.863,15.55,1199.99,5.475,67.94,6.09,9.9,0.05439,5.098,0.0724,0.3451,0.723
2022-12-31 00:00:00+00:00,0.2458,9.353,10.9,97.0,246.3,16542.4,0.07025,4.309,0.862,15.69,1196.13,5.575,70.14,6.14,9.97,0.0545,5.166,0.071,0.3389,0.716
2023-01-01 00:00:00+00:00,0.2499,9.462,10.87,96.8,244.4,16616.75,0.07024,4.371,0.879,15.79,1200.34,5.628,70.91,6.4,9.99,0.05481,5.248,0.0726,0.3387,0.719
2023-01-02 00:00:00+00:00,0.2538,9.818,11.16,99.3,245.2,16672.87,0.0714,4.492,0.882,16.12,1214.0,5.691,74.74,6.53,11.28,0.05517,5.371,0.0737,0.3482,0.739
2023-01-03 00:00:00+00:00,0.2529,10.157,11.38,99.6,246.1,16675.18,0.07049,4.526,0.88,15.89,1214.55,5.621,75.57,6.43,13.37,0.05483,5.379,0.0736,0.3436,0.755
2023-01-04 00:00:00+00:00,0.2678,10.196,12.08,101.5,258.9,16850.36,0.07311,4.632,0.907,19.2,1256.9,5.809,75.46,6.59,13.43,0.05477,5.532,0.0738,0.3472,0.768
2023-01-05 00:00:00+00:00,0.2692,10.085,11.74,101.2,256.7,16831.85,0.07152,4.62,0.892,18.23,1251.24,5.66,74.25,6.52,13.43,0.05374,5.377,0.0729,0.338,0.762
2023-01-06 00:00:00+00:00,0.2786,10.251,11.78,101.7,259.9,16950.65,0.07241,4.684,0.895,20.43,1269.14,5.712,75.91,6.56,13.5,0.05249,5.52,0.0751,0.3443,0.772
2023-01-07 00:00:00+00:00,0.2768,10.196,11.75,101.4,261.3,16943.57,0.07219,4.664,0.891,20.03,1264.07,5.83,76.4,6.56,13.1,0.05201,5.414,0.0756,0.3442,0.791
2023-01-08 00:00:00+00:00,0.2974,10.549,12.09,103.7,274.9,17127.83,0.07363,4.826,0.911,20.39,1290.16,5.963,78.68,6.74,14.45,0.05439,5.58,0.0773,0.3452,0.821
2023-01-09 00:00:00+00:00,0.3168,11.112,12.19,106.9,272.6,17178.26,0.07566,4.887,0.936,20.12,1320.39,6.065,81.62,6.83,16.25,0.05461,5.79,0.0794,0.349,0.83
2023-01-10 00:00:00+00:00,0.3222,11.327,12.73,107.4,277.1,17440.66,0.07782,4.92,0.947,20.23,1335.62,6.166,80.83,6.88,16.2,0.05486,5.781,0.0796,0.3507,0.832
2023-01-11 00:00:00+00:00,0.323,11.856,15.86,109.9,284.8,17943.26,0.07814,5.135,0.978,20.52,1389.39,6.284,84.08,7.03,16.36,0.05652,5.919,0.0814,0.3728,0.859
2023-01-12 00:00:00+00:00,0.3293,12.273,15.43,119.7,287.7,18846.62,0.08025,5.232,0.99,20.88,1415.92,6.387,86.09,7.18,16.59,0.0571,6.181,0.0816,0.3748,0.89
2023-01-13 00:00:00+00:00,0.3456,12.406,15.96,124.6,293.7,19930.01,0.0845,5.401,1.012,21.62,1451.2,6.605,86.23,7.47,18.29,0.0601,6.307,0.0846,0.3858,0.918
2023-01-14 00:00:00+00:00,0.3525,12.874,16.94,125.8,305.1,20954.92,0.08729,6.026,1.052,22.5,1549.9,6.856,87.84,7.68,24.24,0.06177,6.621,0.0873,0.3953,1.007
2023-01-15 00:00:00+00:00,0.3507,12.778,16.8,124.8,302.2,20871.5,0.08608,5.929,1.063,22.4,1552.52,6.694,87.37,7.74,22.89,0.06231,6.592,0.088,0.3845,1.028
2023-01-16 00:00:00+00:00,0.3504,12.342,16.74,124.2,299.0,21185.65,0.08368,5.812,1.037,21.87,1576.94,6.669,85.91,7.6,23.58,0.06242,6.54,0.0878,0.3855,1.009
2023-01-17 00:00:00+00:00,0.3455,12.155,17.12,122.7,299.4,21134.81,0.08285,5.956,1.023,21.84,1565.57,6.804,87.02,7.6,22.86,0.06168,6.342,0.0862,0.3868,1.016
2023-01-18 00:00:00+00:00,0.3264,11.542,15.82,118.7,286.7,20677.47,0.08,5.653,0.958,20.36,1511.43,6.334,82.62,7.18,20.79,0.05891,6.048,0.0824,0.3782,0.953
2023-01-19 00:00:00+00:00,0.3379,12.012,16.19,121.6,294.6,21071.59,0.08161,5.802,0.98,20.73,1551.09,6.506,84.21,7.47,21.4,0.06009,6.164,0.0844,0.3928,0.994
2023-01-20 00:00:00+00:00,0.3652,13.144,17.48,128.1,305.1,22667.21,0.08617,6.247,1.046,22.46,1658.52,6.941,90.28,7.94,25.51,0.06272,6.67,0.0889,0.4129,1.065
2023-01-21 00:00:00+00:00,0.3687,13.083,16.88,128.0,299.0,22783.55,0.08467,6.237,1.029,21.8,1626.66,6.853,87.91,7.85,24.57,0.06172,6.66,0.0904,0.4034,1.1
2023-01-22 00:00:00+00:00,0.3764,13.328,17.34,128.6,303.0,22707.88,0.08824,6.207,1.082,22.55,1627.44,6.984,87.58,8.0,24.21,0.06166,6.888,0.091,0.4004,1.107
2023-01-23 00:00:00+00:00,0.375,13.06,17.97,133.2,305.1,22916.45,0.08851,6.56,1.095,22.79,1626.29,7.015,89.9,8.09,24.33,0.06273,6.721,0.0946,0.4234,1.113
2023-01-24 00:00:00+00:00,0.3587,12.445,17.0,128.2,300.3,22632.89,0.08392,6.191,1.037,21.18,1555.97,6.661,87.19,7.76,22.78,0.06019,6.296,0.0904,0.4078,1.057
2023-01-25 00:00:00+00:00,0.3732,13.561,17.79,131.8,306.9,23060.94,0.08654,6.399,1.09,21.84,1611.94,6.954,89.38,8.01,24.52,0.0618,6.596,0.0924,0.417,1.091
2023-01-26 00:00:00+00:00,0.3796,13.111,18.08,134.0,304.7,23009.65,0.08633,6.472,1.088,21.98,1601.09,7.169,87.52,8.22,24.33,0.06172,6.74,0.092,0.4092,1.092
2023-01-27 00:00:00+00:00,0.3898,13.532,21.2,135.2,308.0,23074.16,0.08723,6.585,1.112,22.02,1597.62,7.384,88.89,8.28,24.43,0.06366,6.871,0.0926,0.4128,1.126
2023-01-28 00:00:00+00:00,0.3819,13.22,20.54,132.7,306.1,23022.6,0.08773,6.397,1.093,21.72,1572.1,7.211,89.67,8.25,24.0,0.06312,6.631,0.0928,0.4078,1.096
2023-01-29 00:00:00+00:00,0.3975,13.803,20.99,136.6,317.2,23742.3,0.09009,6.611,1.114,22.75,1644.72,7.372,94.84,8.4,26.07,0.06378,6.927,0.0944,0.4134,1.16
2023-01-30 00:00:00+00:00,0.3725,13.073,19.74,131.2,307.2,22826.15,0.08837,6.19,1.049,21.35,1566.2,6.914,91.37,8.06,23.96,0.06227,6.517,0.0899,0.3934,1.057
2023-01-31 00:00:00+00:00,0.3902,13.362,19.8,133.3,312.0,23125.13,0.09612,6.26,1.063,21.69,1585.33,6.952,94.09,8.18,23.92,0.06218,6.558,0.0906,0.4057,1.058
2023-02-01 00:00:00+00:00,0.397,14.925,20.95,136.2,317.0,23732.66,0.09403,6.467,1.077,22.35,1641.68,7.214,100.33,8.43,25.0,0.06312,6.798,0.0923,0.4131,1.093
2023-02-02 00:00:00+00:00,0.3981,14.407,21.21,136.7,323.5,23488.94,0.09099,6.543,1.07,22.42,1643.12,7.099,98.64,8.85,24.32,0.06383,7.11,0.0918,0.4098,1.092
2023-02-03 00:00:00+00:00,0.4038,14.992,21.36,137.9,332.2,23431.9,0.09293,7.008,1.096,23.17,1663.52,7.294,99.86,8.93,24.69,0.06416,7.061,0.093,0.4117,1.144
2023-02-04 00:00:00+00:00,0.3994,14.665,21.04,138.0,330.4,23326.84,0.09567,6.873,1.107,23.81,1666.38,7.237,98.51,8.85,24.34,0.06384,7.204,0.0929,0.4106,1.165
2023-02-05 00:00:00+00:00,0.3923,14.736,20.08,134.4,327.8,22932.91,0.09203,6.637,1.082,22.85,1629.02,6.985,96.63,8.86,23.47,0.06411,6.886,0.0909,0.3984,1.188
2023-02-06 00:00:00+00:00,0.3823,14.143,19.58,131.5,324.3,22762.52,0.08955,6.494,1.059,22.13,1614.29,6.832,95.93,8.69,22.66,0.06316,6.647,0.0889,0.392,1.145
2023-02-07 00:00:00+00:00,0.3989,14.957,20.83,135.9,333.0,23240.46,0.09253,6.941,1.112,23.2,1671.03,7.197,100.86,9.12,23.82,0.06577,6.979,0.092,0.4036,1.217
2023-02-08 00:00:00+00:00,0.3942,15.151,20.11,131.6,328.2,22963.0,0.09018,6.757,1.084,22.64,1650.43,7.136,99.22,9.18,23.22,0.06695,6.812,0.091,0.3975,1.225
2023-02-09 00:00:00+00:00,0.3622,13.53,17.9,126.6,306.2,21796.35,0.08144,6.235,1.044,20.9,1545.35,6.984,92.05,8.93,20.48,0.06265,6.33,0.0857,0.3819,1.078
2023-02-10 00:00:00+00:00,0.3581,13.705,17.79,124.3,305.8,21625.19,0.08089,6.186,1.052,20.97,1513.06,6.89,93.34,9.03,20.11,0.06329,6.365,0.0857,0.3817,1.088
2023-02-11 00:00:00+00:00,0.3684,13.749,18.01,124.6,310.4,21862.55,0.08225,6.278,1.057,21.49,1538.51,7.003,94.28,8.92,20.81,0.06372,6.481,0.0862,0.3833,1.084
2023-02-12 00:00:00+00:00,0.3641,13.539,17.78,122.9,312.6,21783.54,0.08215,6.181,1.042,21.06,1514.83,6.808,92.51,8.6,21.49,0.06388,6.346,0.0851,0.3747,1.079
2023-02-13 00:00:00+00:00,0.3593,13.129,17.63,123.8,294.3,21773.97,0.08209,6.143,1.03,20.64,1505.24,6.669,91.05,8.4,20.77,0.0656,6.244,0.085,0.3703,1.039
2023-02-14 00:00:00+00:00,0.3867,13.399,18.14,126.7,296.2,22199.84,0.0836,6.227,1.048,21.23,1555.71,6.808,95.82,8.69,21.84,0.06675,6.589,0.086,0.3819,1.061
2023-02-15 00:00:00+00:00,0.419,14.297,19.94,134.8,317.4,24324.05,0.08928,6.612,1.099,22.47,1674.92,7.281,102.82,9.28,23.86,0.07085,6.93,0.0902,0.4011,1.148
2023-02-16 00:00:00+00:00,0.3874,13.427,18.59,128.0,304.4,23517.72,0.08489,6.327,1.045,21.35,1637.84,7.011,98.55,8.82,22.24,0.06683,6.477,0.0863,0.3841,1.093
2023-02-17 00:00:00+00:00,0.4033,14.17,19.45,133.4,313.0,24569.97,0.08771,7.284,1.192,22.42,1693.87,7.65,100.12,9.57,23.14,0.07031,6.738,0.0908,0.395,1.153
2023-02-18 00:00:00+00:00,0.406,14.289,19.54,136.2,316.5,24631.95,0.08882,7.229,1.236,22.62,1691.62,7.989,99.71,9.73,23.45,0.07014,6.976,0.0918,0.3943,1.174
2023-02-19 00:00:00+00:00,0.3995,14.126,19.81,136.0,311.5,24271.76,0.08697,7.438,1.229,22.5,1679.75,8.014,97.43,10.42,24.84,0.07038,7.21,0.0905,0.3863,1.189
2023-02-20 00:00:00+00:00,0.4038,14.423,20.82,145.1,315.4,24842.2,0.08829,7.551,1.273,23.18,1703.27,8.017,95.9,14.67,26.26,0.07197,7.371,0.0945,0.3984,1.258
2023-02-21 00:00:00+00:00,0.3925,13.866,20.98,145.3,311.5,24452.16,0.08546,7.251,1.221,22.85,1659.76,7.64,93.8,13.4,24.98,0.06948,7.036,0.0949,0.3919,1.221
2023-02-22 00:00:00+00:00,0.3888,13.587,20.32,142.0,312.4,24182.21,0.0855,7.186,1.208,22.48,1643.14,7.717,95.28,13.52,24.16,0.06944,6.931,0.0924,0.3953,1.437
2023-02-23 00:00:00+00:00,0.3824,13.738,19.71,138.8,308.3,23940.2,0.08425,7.093,1.18,22.12,1650.53,7.935,94.59,12.79,23.91,0.06955,6.943,0.091,0.3882,1.347
2023-02-24 00:00:00+00:00,0.3658,13.08,18.39,132.7,302.3,23185.29,0.08092,6.614,1.118,21.11,1607.8,7.466,91.55,11.64,23.07,0.06787,6.572,0.0892,0.3783,1.237
2023-02-25 00:00:00+00:00,0.362,12.842,17.94,133.2,302.4,23157.07,0.08075,6.544,1.108,20.98,1594.58,7.373,93.15,11.38,22.37,0.06785,6.469,0.088,0.3778,1.196
2023-02-26 00:00:00+00:00,0.3691,12.961,18.43,136.3,308.7,23554.85,0.08216,6.691,1.126,21.41,1641.36,7.497,95.27,12.45,23.25,0.06951,6.61,0.089,0.3779,1.215
2023-02-27 00:00:00+00:00,0.3647,12.786,17.93,135.2,304.6,23492.09,0.08136,6.579,1.126,21.31,1633.45,7.274,94.07,13.22,22.68,0.06943,6.439,0.0883,0.3785,1.186
2023-02-28 00:00:00+00:00,0.3517,12.279,17.09,132.0,301.4,23141.57,0.08085,6.347,1.146,20.76,1605.23,7.195,93.8,11.98,21.89,0.06905,6.501,0.0871,0.3762,1.137
2023-03-01 00:00:00+00:00,0.3601,12.778,17.77,134.3,302.7,23628.97,0.08193,6.535,1.208,21.29,1665.22,7.536,97.78,12.76,22.51,0.06984,6.843,0.088,0.3835,1.203
2023-03-02 00:00:00+00:00,0.3504,12.466,17.47,131.8,299.8,23465.32,0.08056,6.335,1.242,21.1,1647.86,7.275,95.39,12.34,22.0,0.06972,6.637,0.0875,0.3772,1.179
2023-03-03 00:00:00+00:00,0.3431,12.016,16.66,126.4,290.4,22354.34,0.07684,6.037,1.323,20.36,1569.45,6.958,90.56,11.67,21.42,0.06715,6.272,0.0857,0.3774,1.145
2023-03-04 00:00:00+00:00,0.3366,11.843,16.14,124.4,289.6,22346.57,0.07462,5.917,1.225,19.95,1566.73,6.857,89.34,11.98,20.98,0.0667,6.161,0.0837,0.3735,1.113
2023-03-05 00:00:00+00:00,0.337,12.019,16.14,124.0,288.7,22430.24,0.07474,5.978,1.225,19.75,1564.58,6.945,89.93,12.06,20.97,0.06725,6.351,0.0827,0.3668,1.114
2023-03-06 00:00:00+00:00,0.3305,11.978,16.52,124.2,287.8,22410.0,0.07479,5.92,1.212,19.65,1565.84,6.854,87.36,11.79,20.63,0.06739,6.337,0.0835,0.3695,1.136
2023-03-07 00:00:00+00:00,0.3306,11.75,16.17,122.1,289.3,22197.96,0.07407,5.847,1.181,19.21,1561.96,6.881,86.29,11.56,20.25,0.06629,6.429,0.0827,0.3801,1.109
2023-03-08 00:00:00+00:00,0.3175,10.958,15.12,116.6,287.1,21705.44,0.07112,5.601,1.119,18.25,1532.38,6.577,82.76,10.51,18.41,0.06532,6.103,0.0816,0.3889,1.027
2023-03-09 00:00:00+00:00,0.3101,11.032,14.41,110.2,277.1,20362.22,0.06595,5.385,1.056,17.07,1437.32,6.16,76.68,9.89,17.33,0.05863,5.722,0.0771,0.3706,0.991
2023-03-10 00:00:00+00:00,0.3149,11.141,14.8,111.5,277.4,20150.69,0.06572,5.549,1.043,17.43,1426.44,6.215,71.37,9.81,18.17,0.05736,5.62,0.0781,0.37,1.011
2023-03-11 00:00:00+00:00,0.3051,11.019,14.51,113.6,276.0,20455.73,0.06604,5.463,0.994,17.15,1471.97,6.162,69.21,9.53,18.07,0.05877,5.434,0.0788,0.3638,0.982
2023-03-12 00:00:00+00:00,0.3298,11.695,16.18,120.2,288.1,21997.11,0.07051,5.895,1.049,18.72,1580.33,6.551,76.26,10.31,20.2,0.06458,5.897,0.0822,0.3714,1.05
2023-03-13 00:00:00+00:00,0.3433,11.984,16.47,126.6,307.9,24113.48,0.07279,6.1,1.078,19.56,1673.45,6.761,81.46,11.07,20.4,0.06694,6.09,0.0844,0.3724,1.088
2023-03-14 00:00:00+00:00,0.3429,13.04,17.15,131.0,308.4,24670.41,0.07456,6.223,1.107,20.22,1699.4,6.96,83.94,11.52,20.86,0.06695,6.317,0.0883,0.3724,1.193
2023-03-15 00:00:00+00:00,0.3241,12.416,15.55,123.2,306.3,24285.66,0.06963,5.874,1.039,18.4,1649.96,6.546,76.43,10.43,19.24,0.06517,5.909,0.0837,0.3589,1.146
2023-03-16 00:00:00+00:00,0.3249,12.814,15.83,125.8,329.4,24998.78,0.07256,6.088,1.079,18.73,1673.73,6.656,78.86,10.86,19.67,0.06512,5.903,0.0845,0.3647,1.185
2023-03-17 00:00:00+00:00,0.3494,13.166,17.64,135.5,338.9,27395.13,0.07642,6.618,1.147,20.28,1789.27,7.207,85.51,12.6,21.6,0.06763,6.404,0.0879,0.3798,1.255
2023-03-18 00:00:00+00:00,0.3371,12.218,16.98,131.1,331.0,26907.49,0.07295,6.313,1.097,20.76,1758.84,6.922,83.02,11.83,21.2,0.06579,6.508,0.0856,0.3739,1.189
2023-03-19 00:00:00+00:00,0.3448,12.306,17.53,135.7,336.7,27972.87,0.0745,6.451,1.154,21.06,1780.68,7.081,83.98,13.33,21.86,0.0665,6.488,0.0877,0.3857,1.24
2023-03-20 00:00:00+00:00,0.3321,11.545,16.64,130.3,332.5,27717.01,0.07137,6.092,1.154,19.57,1732.78,7.05,78.05,12.24,22.13,0.06503,6.176,0.0863,0.3734,1.163
2023-03-21 00:00:00+00:00,0.3696,11.915,17.44,134.0,334.4,28105.47,0.0766,6.363,1.185,20.9,1801.23,7.375,82.48,12.44,22.53,0.067,6.421,0.0963,0.4696,1.186
2023-03-22 00:00:00+00:00,0.3596,11.327,16.74,125.9,321.1,27250.97,0.07385,6.053,1.094,20.03,1734.33,7.173,87.27,11.62,21.42,0.05978,6.071,0.0908,0.4213,1.112
2023-03-23 00:00:00+00:00,0.3715,11.683,17.54,128.6,329.4,28295.41,0.07736,6.321,1.16,20.78,1813.79,7.61,93.61,12.57,22.16,0.0652,6.238,0.0924,0.4438,1.164
2023-03-24 00:00:00+00:00,0.3596,11.192,16.95,123.7,322.1,27454.47,0.07453,6.021,1.165,20.19,1749.57,7.191,93.58,12.38,20.66,0.06341,5.882,0.0887,0.4259,1.13
2023-03-25 00:00:00+00:00,0.3514,11.085,16.89,125.2,322.4,27462.95,0.07402,5.905,1.116,20.02,1741.88,7.075,91.5,12.04,20.41,0.06368,5.712,0.0907,0.4429,1.11
2023-03-26 00:00:00+00:00,0.3557,11.326,17.12,124.7,328.6,27968.05,0.07436,6.042,1.14,20.33,1773.88,7.261,93.32,12.31,20.94,0.06412,5.786,0.0918,0.4479,1.137
2023-03-27 00:00:00+00:00,0.3455,10.838,16.49,120.4,310.6,27124.91,0.07287,5.867,1.085,19.67,1715.22,6.87,89.23,12.58,19.91,0.06355,5.644,0.0925,0.479,1.077
2023-03-28 00:00:00+00:00,0.3681,11.212,16.71,120.9,313.2,27261.07,0.07381,6.056,1.113,20.16,1772.99,6.947,89.13,12.72,20.45,0.06418,5.808,0.0977,0.5144,1.089
2023-03-29 00:00:00+00:00,0.3811,11.43,17.31,123.3,313.7,28348.6,0.07557,6.183,1.149,20.67,1793.07,7.382,91.31,13.22,21.1,0.06433,5.945,0.1017,0.5425,1.137
2023-03-30 00:00:00+00:00,0.3761,11.149,17.23,121.1,316.4,28028.53,0.07422,6.122,1.19,20.28,1793.61,7.233,89.06,12.51,20.55,0.06481,5.897,0.1064,0.5319,1.108
2023-03-31 00:00:00+00:00,0.3989,11.188,17.7,123.9,316.9,28465.36,0.07695,6.343,1.196,20.74,1821.52,7.588,89.57,12.61,21.16,0.06553,6.062,0.1122,0.5374,1.119
2023-04-01 00:00:00+00:00,0.3919,11.383,17.8,126.1,314.9,28452.73,0.08181,6.344,1.193,21.24,1820.79,7.548,92.57,12.46,21.08,0.06648,6.101,0.1082,0.5095,1.126
2023-04-02 00:00:00+00:00,0.3815,11.12,17.25,123.0,313.7,28171.87,0.07903,6.263,1.229,20.43,1794.51,7.255,92.77,12.11,20.52,0.06518,5.948,0.1066,0.518,1.099
2023-04-03 00:00:00+00:00,0.3872,11.147,17.11,127.8,308.8,27800.0,0.096,6.419,1.175,20.7,1810.51,7.245,92.97,11.98,20.45,0.06574,5.93,0.1064,0.4959,1.113
2023-04-04 00:00:00+00:00,0.3894,11.285,17.65,127.1,310.8,28165.47,0.09512,6.439,1.193,21.12,1870.37,7.37,92.58,12.02,20.92,0.06573,6.151,0.106,0.5026,1.115
2023-04-05 00:00:00+00:00,0.3923,11.523,18.0,127.2,313.9,28170.01,0.09267,6.406,1.189,21.13,1908.69,7.321,92.64,12.03,20.97,0.06616,6.232,0.1072,0.5055,1.134
2023-04-06 00:00:00+00:00,0.3829,11.334,17.97,126.0,312.3,28033.82,0.08541,6.281,1.218,20.7,1872.41,7.201,90.97,12.4,20.62,0.06608,6.076,0.1058,0.5028,1.134
2023-04-07 00:00:00+00:00,0.3835,11.046,17.6,124.5,310.3,27906.33,0.08222,6.178,1.215,20.48,1863.72,7.267,90.6,12.15,20.44,0.06603,6.002,0.1065,0.5126,1.1
2023-04-08 00:00:00+00:00,0.3853,10.959,17.45,123.8,310.5,27938.38,0.08134,6.13,1.19,20.35,1848.82,7.13,89.91,12.28,20.04,0.06613,5.914,0.1044,0.5048,1.1
2023-04-09 00:00:00+00:00,0.3894,11.028,17.54,125.6,312.8,28323.76,0.08318,6.211,1.209,20.56,1858.92,7.203,90.58,12.21,20.28,0.06662,5.913,0.1048,0.5054,1.1
2023-04-10 00:00:00+00:00,0.3971,11.18,17.94,128.0,318.5,29637.34,0.08473,6.291,1.238,21.01,1910.2,7.343,93.78,12.44,20.89,0.0673,6.012,0.1057,0.5176,1.121
2023-04-11 00:00:00+00:00,0.4014,11.267,18.14,129.1,322.3,30200.42,0.08408,6.415,1.232,21.48,1889.86,7.301,94.22,12.51,22.98,0.06632,5.933,0.1051,0.5167,1.115
2023-04-12 00:00:00+00:00,0.4047,11.318,18.26,128.7,319.9,29888.07,0.08346,6.403,1.207,22.04,1917.39,7.23,92.06,12.19,23.8,0.06514,5.946,0.1036,0.5049,1.094
2023-04-13 00:00:00+00:00,0.4251,11.807,18.84,131.1,324.7,30373.84,0.08729,6.634,1.258,22.4,2012.01,7.458,94.17,12.46,24.43,0.06523,6.205,0.1054,0.5125,1.123
2023-04-14 00:00:00+00:00,0.4381,12.254,19.22,132.2,328.9,30466.93,0.08866,6.731,1.249,22.41,2099.99,7.743,96.33,12.97,24.71,0.06619,6.308,0.1069,0.5227,1.152
2023-04-15 00:00:00+00:00,0.4522,12.371,19.07,132.5,333.0,30295.09,0.08888,6.804,1.242,22.08,2090.6,8.005,96.68,12.96,24.05,0.06588,6.266,0.1064,0.5192,1.158
2023-04-16 00:00:00+00:00,0.4513,12.662,20.17,134.4,347.7,30304.65,0.09043,6.824,1.238,22.25,2118.67,8.14,100.01,13.58,25.34,0.06655,6.314,0.1073,0.5209,1.177
2023-04-17 00:00:00+00:00,0.4341,12.352,20.51,131.5,340.0,29430.27,0.09137,6.696,1.206,21.72,2074.0,8.16,98.84,12.92,24.58,0.06574,6.129,0.104,0.5109,1.142
2023-04-18 00:00:00+00:00,0.4435,12.555,21.2,133.6,343.1,30380.01,0.09411,6.914,1.219,21.87,2103.5,8.578,101.95,13.04,24.82,0.06681,6.325,0.1057,0.5324,1.162
2023-04-19 00:00:00+00:00,0.4163,11.702,18.98,124.9,322.4,28797.1,0.08788,6.309,1.1,20.3,1933.73,7.752,90.47,11.82,22.66,0.06563,5.831,0.0976,0.4911,1.059
2023-04-20 00:00:00+00:00,0.4007,11.393,18.3,123.2,318.1,28243.65,0.08389,6.111,1.078,20.07,1942.98,7.512,90.22,11.73,22.2,0.06542,5.785,0.0957,0.4752,1.027
2023-04-21 00:00:00+00:00,0.3824,10.807,16.94,119.8,321.2,27262.84,0.07842,5.849,1.043,19.32,1848.78,7.113,85.32,11.02,21.25,0.06497,5.471,0.0929,0.4491,1.0
2023-04-22 00:00:00+00:00,0.3956,11.03,17.21,122.0,332.2,27816.85,0.08028,5.949,1.073,20.19,1874.16,7.175,87.0,11.41,21.79,0.0661,5.503,0.0955,0.4719,1.03
2023-04-23 00:00:00+00:00,0.3886,10.816,16.84,119.8,330.7,27590.6,0.07878,5.906,1.056,19.71,1862.0,7.082,86.75,11.28,21.47,0.06671,5.429,0.0945,0.4647,1.016
2023-04-24 00:00:00+00:00,0.3835,10.903,16.92,119.2,331.2,27510.93,0.07873,5.885,1.049,19.4,1841.84,7.068,88.31,10.82,21.38,0.0661,5.36,0.0934,0.4611,1.002
2023-04-25 00:00:00+00:00,0.3945,11.05,17.63,120.2,338.4,28300.79,0.07976,5.999,1.06,19.79,1866.1,7.274,91.03,10.93,21.93,0.06584,5.451,0.0949,0.4695,1.02
2023-04-26 00:00:00+00:00,0.4014,10.937,17.18,117.6,330.6,28415.29,0.07859,5.852,1.027,19.34,1866.01,7.004,88.13,10.74,21.28,0.06507,5.357,0.0936,0.4618,1.003
2023-04-27 00:00:00+00:00,0.4101,11.519,17.72,117.0,330.9,29472.77,0.08014,5.97,1.031,19.81,1908.68,7.17,89.73,10.87,22.33,0.06576,5.554,0.0943,0.4667,1.031
2023-04-28 00:00:00+00:00,0.4043,11.715,17.55,118.0,324.1,29311.7,0.08033,5.947,1.04,19.75,1890.94,7.04,89.63,10.82,23.34,0.06667,5.524,0.0947,0.4796,1.014
2023-04-29 00:00:00+00:00,0.4024,11.707,17.49,119.7,321.9,29230.45,0.08157,6.041,1.043,19.81,1907.8,7.185,91.08,10.89,23.19,0.068,5.634,0.0958,0.478,1.027
2023-04-30 00:00:00+00:00,0.3956,11.515,17.1,117.7,337.5,29233.21,0.07951,5.877,1.022,19.4,1870.09,7.025,88.22,10.6,22.74,0.06713,5.447,0.0944,0.4705,0.999
2023-05-01 00:00:00+00:00,0.3868,11.003,16.65,117.1,328.5,28068.26,0.07882,5.666,1.008,19.21,1830.73,6.898,86.75,10.29,21.96,0.06851,5.331,0.0926,0.4649,0.984
2023-05-02 00:00:00+00:00,0.3916,11.03,16.84,119.3,321.5,28669.86,0.07876,5.713,1.022,19.25,1870.08,6.987,88.2,10.3,22.25,0.06922,5.325,0.0935,0.4645,0.991
2023-05-03 00:00:00+00:00,0.394,11.102,17.21,120.0,325.9,29026.16,0.07962,5.778,1.032,19.55,1905.12,7.129,88.88,10.31,22.24,0.06927,5.389,0.0935,0.4632,0.998
2023-05-04 00:00:00+00:00,0.3873,10.98,16.93,117.3,323.8,28838.16,0.07838,5.671,1.005,19.31,1877.07,6.998,88.38,10.07,21.74,0.0694,5.264,0.0935,0.4608,0.993
2023-05-05 00:00:00+00:00,0.3942,11.214,17.38,120.0,326.5,29505.61,0.08017,5.847,1.017,19.6,1993.3,7.226,88.61,10.45,22.82,0.07092,5.545,0.0943,0.4671,1.021
2023-05-06 00:00:00+00:00,0.3787,10.841,16.58,117.0,321.9,28848.2,0.07672,5.633,0.983,18.94,1896.33,6.92,83.26,10.01,21.91,0.07025,5.287,0.0924,0.4582,0.98
2023-05-07 00:00:00+00:00,0.376,10.974,16.41,116.1,321.0,28430.1,0.07652,5.632,0.969,18.73,1870.4,6.911,83.42,9.88,21.66,0.0692,5.262,0.0918,0.449,0.964
2023-05-08 00:00:00+00:00,0.3653,10.591,15.42,111.1,313.8,27668.79,0.07239,5.369,0.906,18.27,1847.56,6.582,77.71,9.13,20.62,0.0685,4.968,0.0894,0.4283,0.911
2023-05-09 00:00:00+00:00,0.3633,10.375,15.31,122.2,312.1,27628.27,0.0731,5.323,0.919,18.74,1846.52,6.522,79.9,9.26,20.65,0.06906,4.954,0.089,0.4289,0.906
2023-05-10 00:00:00+00:00,0.3693,10.983,15.52,115.8,314.3,27598.75,0.07312,5.463,0.913,18.81,1840.84,6.588,80.93,9.64,20.91,0.06933,5.134,0.089,0.4303,0.916
2023-05-11 00:00:00+00:00,0.3598,11.026,14.95,113.2,307.5,26968.62,0.07193,5.278,0.883,18.09,1794.3,6.36,80.88,9.15,20.17,0.06771,5.066,0.0894,0.4207,0.892
2023-05-12 00:00:00+00:00,0.3705,11.152,15.19,114.7,308.5,26795.01,0.07235,5.342,0.875,18.21,1807.45,6.623,80.45,9.17,20.9,0.06908,5.194,0.089,0.4305,0.895
2023-05-13 00:00:00+00:00,0.3646,10.883,14.91,113.0,310.7,26775.28,0.07167,5.346,0.872,18.1,1795.11,6.491,80.26,9.06,20.84,0.06934,5.103,0.0883,0.424,0.885
2023-05-14 00:00:00+00:00,0.3711,10.918,15.03,115.2,312.1,26917.62,0.07196,5.347,0.876,18.12,1799.21,6.547,83.5,9.09,20.93,0.06939,5.14,0.0887,0.4253,0.887
2023-05-15 00:00:00+00:00,0.3669,10.798,15.08,116.1,313.4,27162.14,0.07191,5.313,0.879,18.29,1816.2,6.635,86.89,9.31,20.99,0.07026,5.118,0.088,0.4273,0.891
2023-05-16 00:00:00+00:00,0.3682,10.888,14.9,116.7,311.4,27033.84,0.07275,5.296,0.893,18.29,1824.21,6.659,89.99,9.33,20.67,0.07055,5.144,0.0879,0.4425,0.9
2023-05-17 00:00:00+00:00,0.3755,10.937,15.17,118.0,314.3,27405.61,0.07483,5.422,0.905,18.55,1822.12,6.758,93.88,9.54,21.06,0.07121,5.345,0.0888,0.4484,0.909
2023-05-18 00:00:00+00:00,0.3714,10.736,14.68,115.3,309.3,26821.28,0.07344,5.338,0.883,18.34,1800.56,6.531,90.43,9.44,20.34,0.07016,5.308,0.0888,0.4596,0.9
2023-05-19 00:00:00+00:00,0.3681,10.614,14.68,115.6,308.9,26880.26,0.0735,5.372,0.882,18.3,1812.32,6.51,91.8,9.48,20.36,0.07067,5.317,0.0892,0.4675,0.893
2023-05-20 00:00:00+00:00,0.3662,10.61,14.63,116.6,310.6,27102.43,0.07361,5.409,0.879,18.32,1819.42,6.503,92.42,9.42,20.28,0.07257,5.29,0.0888,0.4685,0.903
2023-05-21 00:00:00+00:00,0.3602,10.474,14.31,114.7,306.4,26747.78,0.07212,5.273,0.852,17.93,1804.91,6.43,92.18,9.11,19.61,0.07501,5.114,0.0881,0.4575,0.896
2023-05-22 00:00:00+00:00,0.3679,10.488,14.68,114.7,309.0,26849.27,0.07291,5.311,0.851,18.23,1817.35,6.533,90.83,9.86,19.53,0.078,5.074,0.0882,0.4618,0.888
2023-05-23 00:00:00+00:00,0.3704,10.527,14.71,115.7,313.5,27219.61,0.07289,5.401,0.861,18.37,1854.05,6.504,91.7,10.18,20.02,0.07848,5.072,0.0883,0.4651,0.895
2023-05-24 00:00:00+00:00,0.3638,10.413,14.14,112.1,306.0,26329.01,0.07064,5.252,0.837,17.79,1799.89,6.32,85.82,10.57,19.22,0.07686,4.976,0.0866,0.453,0.87
2023-05-25 00:00:00+00:00,0.3581,10.476,14.08,111.9,304.5,26473.79,0.07088,5.245,0.843,17.72,1805.6,6.278,86.57,9.89,19.25,0.07677,4.953,0.0872,0.4538,0.871
2023-05-26 00:00:00+00:00,0.3626,10.53,14.33,113.2,306.8,26705.92,0.07097,5.245,0.877,18.02,1827.79,6.344,87.08,9.75,19.35,0.07538,4.976,0.0877,0.4684,0.882
2023-05-27 00:00:00+00:00,0.3667,10.544,14.56,113.8,307.4,26854.27,0.07255,5.337,0.883,18.17,1829.89,6.438,88.55,10.65,20.43,0.07716,5.043,0.0882,0.4714,0.895
2023-05-28 00:00:00+00:00,0.3828,10.932,14.89,116.4,314.1,28065.0,0.07352,5.502,0.91,18.54,1908.64,6.631,91.45,10.87,20.81,0.07742,5.145,0.0887,0.482,0.926
2023-05-29 00:00:00+00:00,0.3786,10.751,14.48,114.9,311.6,27736.4,0.07313,5.459,0.896,18.36,1892.6,6.637,90.86,10.81,20.57,0.0761,5.099,0.0892,0.4946,0.933
2023-05-30 00:00:00+00:00,0.3779,10.837,14.45,113.9,311.5,27694.4,0.07231,5.442,0.912,18.26,1900.59,6.613,92.25,10.71,21.25,0.07635,5.135,0.0908,0.5205,0.931
2023-05-31 00:00:00+00:00,0.3744,10.458,14.11,113.2,306.8,27210.35,0.07165,5.315,0.892,18.02,1873.63,6.478,90.42,10.49,20.81,0.07522,5.025,0.0925,0.5166,0.903
2023-06-01 00:00:00+00:00,0.3644,10.33,14.09,113.4,304.9,26817.93,0.07142,5.206,0.883,17.83,1861.78,6.344,94.19,10.11,20.49,0.07477,4.982,0.0911,0.5065,0.887
2023-06-02 00:00:00+00:00,0.3782,10.653,14.49,114.9,307.2,27242.59,0.07256,5.278,0.908,18.15,1906.68,6.45,95.45,10.26,21.26,0.08266,5.068,0.0919,0.5244,0.91
2023-06-03 00:00:00+00:00,0.3759,10.7,14.58,114.9,306.6,27069.22,0.0727,5.341,0.911,18.13,1892.06,6.421,96.03,10.52,21.19,0.08177,5.085,0.0919,0.5188,0.914
2023-06-04 00:00:00+00:00,0.3773,10.75,14.79,115.7,305.0,27115.21,0.07249,5.314,0.911,18.23,1890.01,6.452,94.19,10.37,21.82,0.08138,5.015,0.0913,0.5359,0.913
2023-06-05 00:00:00+00:00,0.3514,10.005,13.87,108.7,276.9,25728.2,0.0664,5.065,0.839,17.0,1810.5,6.054,87.71,9.28,20.0,0.07832,4.723,0.0879,0.509,0.856
2023-06-06 00:00:00+00:00,0.3531,10.148,14.62,114.9,281.2,27230.08,0.07025,5.202,0.89,17.59,1884.64,6.261,90.92,9.69,20.38,0.07821,4.773,0.0898,0.53,0.88
2023-06-07 00:00:00+00:00,0.3223,9.434,14.02,111.1,259.3,26339.34,0.06728,5.024,0.863,16.91,1832.13,5.917,88.85,8.96,18.64,0.07675,4.552,0.0873,0.5183,0.845
2023-06-08 00:00:00+00:00,0.3228,9.437,13.93,111.9,262.0,26498.61,0.06796,5.023,0.891,16.98,1845.64,5.995,88.5,9.03,18.89,0.07741,4.63,0.0871,0.5236,0.842
2023-06-09 00:00:00+00:00,0.2951,9.174,13.75,110.8,260.5,26477.81,0.06947,4.982,0.896,16.94,1840.37,5.993,89.3,8.99,17.4,0.072,4.584,0.0889,0.538,0.826
2023-06-10 00:00:00+00:00,0.2747,8.237,11.65,103.4,238.7,25841.21,0.06175,4.517,0.697,15.08,1751.53,5.233,77.13,7.67,15.61,0.06961,4.065,0.0821,0.5067,0.729
2023-06-11 00:00:00+00:00,0.272,8.444,11.58,102.8,235.4,25925.55,0.06151,4.523,0.684,15.09,1752.76,5.175,77.68,7.77,15.55,0.07025,4.06,0.0835,0.5208,0.72
2023-06-12 00:00:00+00:00,0.2748,8.738,11.52,102.7,231.3,25905.19,0.06143,4.535,0.675,15.14,1742.57,5.16,77.5,7.8,15.19,0.07115,4.3,0.083,0.5251,0.722
2023-06-13 00:00:00+00:00,0.2752,8.649,11.8,105.3,244.2,25934.25,0.06175,4.627,0.675,15.27,1740.12,5.3,77.5,7.87,15.04,0.07192,4.289,0.0825,0.5192,0.721
2023-06-14 00:00:00+00:00,0.2633,8.502,11.38,101.7,237.9,25128.6,0.06038,4.569,0.637,14.75,1650.95,5.25,73.15,7.48,14.48,0.071,4.405,0.0792,0.4801,0.727
2023-06-15 00:00:00+00:00,0.262,8.665,11.41,104.9,236.4,25598.49,0.06153,4.374,0.64,15.08,1666.96,5.312,74.6,7.91,14.77,0.07098,4.428,0.0764,0.4801,0.722
2023-06-16 00:00:00+00:00,0.2632,8.764,11.55,108.1,239.3,26345.0,0.06219,4.422,0.63,15.25,1717.92,5.324,76.13,7.84,15.31,0.07053,4.553,0.0775,0.4759,0.717
2023-06-17 00:00:00+00:00,0.2667,8.903,11.62,106.7,244.5,26516.99,0.0622,4.53,0.635,15.34,1727.76,5.279,76.86,7.82,15.64,0.07164,4.53,0.0797,0.4794,0.728
2023-06-18 00:00:00+00:00,0.261,8.568,11.34,107.0,244.1,26339.97,0.06212,4.536,0.626,15.23,1720.95,5.156,77.19,7.69,15.45,0.07016,4.482,0.0795,0.4868,0.718
2023-06-19 00:00:00+00:00,0.2634,8.599,11.47,106.8,243.1,26844.35,0.06245,4.53,0.629,15.39,1737.11,5.133,77.48,7.77,16.1,0.06999,4.481,0.08,0.4936,0.728
2023-06-20 00:00:00+00:00,0.2705,8.77,12.12,110.0,247.7,28307.99,0.06313,4.662,0.639,15.79,1791.99,5.267,80.33,8.11,16.64,0.07057,4.572,0.0827,0.4929,0.741
2023-06-21 00:00:00+00:00,0.2862,9.038,12.9,135.9,248.8,29993.89,0.06561,4.821,0.681,16.79,1889.11,5.556,85.05,8.94,17.23,0.07233,4.772,0.0868,0.4999,0.776
2023-06-22 00:00:00+00:00,0.2899,9.002,12.65,133.5,240.8,29884.92,0.06555,4.825,0.679,16.62,1872.01,5.558,85.93,8.56,16.62,0.07226,4.732,0.0867,0.4938,0.762
2023-06-23 00:00:00+00:00,0.2966,9.31,13.29,182.2,244.3,30688.5,0.06823,5.098,0.739,18.89,1892.63,6.07,91.26,9.16,17.13,0.07315,4.86,0.0895,0.4961,0.796
2023-06-24 00:00:00+00:00,0.2892,9.385,13.01,212.7,236.4,30527.43,0.06669,5.008,0.725,19.23,1874.96,6.133,89.71,9.16,16.64,0.0722,4.734,0.0904,0.4865,0.825
2023-06-25 00:00:00+00:00,0.2921,9.452,13.44,194.3,238.8,30462.66,0.06672,5.194,0.722,18.35,1898.8,6.157,88.2,9.12,16.96,0.07313,5.43,0.0916,0.4903,0.82
2023-06-26 00:00:00+00:00,0.2805,9.185,13.15,223.7,236.1,30267.99,0.06474,5.024,0.717,18.61,1858.97,6.057,87.21,8.88,16.27,0.07383,5.267,0.0921,0.479,0.797
2023-06-27 00:00:00+00:00,0.2867,9.428,13.2,229.9,237.5,30692.44,0.06556,5.096,0.721,18.69,1889.58,6.198,88.07,9.1,16.63,0.07432,5.279,0.1028,0.4838,0.806
2023-06-28 00:00:00+00:00,0.2669,9.126,12.34,225.1,230.6,30077.41,0.06257,4.879,0.666,17.48,1828.02,5.815,83.02,8.42,15.97,0.07375,4.834,0.1004,0.4647,0.761
2023-06-29 00:00:00+00:00,0.2752,8.976,12.67,253.4,233.1,30447.31,0.06342,4.985,0.677,18.02,1851.99,5.891,84.73,8.7,17.99,0.07445,4.922,0.1021,0.4747,0.769
2023-06-30 00:00:00+00:00,0.2869,9.289,13.03,304.2,240.3,30472.0,0.06646,5.18,0.752,20.92,1933.79,6.313,108.7,9.57,18.86,0.0762,5.272,0.1107,0.4729,0.806
2023-07-01 00:00:00+00:00,0.2924,9.559,12.99,291.3,247.9,30585.9,0.06851,5.351,0.782,20.88,1924.5,6.503,107.1,9.9,18.7,0.07726,5.587,0.1075,0.4732,0.827
2023-07-02 00:00:00+00:00,0.2916,9.599,13.13,299.2,246.5,30617.03,0.06801,5.496,0.764,20.38,1937.48,6.54,113.58,9.63,19.45,0.07603,5.568,0.1073,0.4845,0.836
2023-07-03 00:00:00+00:00,0.2967,9.942,13.25,292.2,246.5,31156.2,0.06845,5.431,0.769,20.07,1955.54,6.628,107.27,9.44,19.26,0.07731,5.523,0.1059,0.489,0.85
2023-07-04 00:00:00+00:00,0.2924,9.684,13.04,272.4,242.5,30766.51,0.0689,5.348,0.743,19.51,1936.2,6.521,104.27,9.3,19.13,0.07703,5.507,0.1033,0.4872,0.826
2023-07-05 00:00:00+00:00,0.2839,9.396,12.67,272.0,238.9,30504.81,0.06701,5.208,0.723,19.38,1910.36,6.299,102.6,9.11,19.0,0.07707,5.408,0.1006,0.4777,0.806
2023-07-06 00:00:00+00:00,0.2784,9.181,12.37,275.0,232.2,29895.43,0.06485,5.014,0.702,18.71,1846.17,6.08,95.25,8.95,19.61,0.07711,5.265,0.096,0.4622,0.779
2023-07-07 00:00:00+00:00,0.2844,9.169,12.74,278.3,235.6,30344.7,0.0654,5.119,0.732,19.22,1870.91,6.156,98.23,9.07,21.5,0.07882,5.478,0.0974,0.4687,0.795
2023-07-08 00:00:00+00:00,0.2907,9.208,13.64,272.0,236.3,30284.63,0.06573,5.128,0.725,19.0,1865.24,6.196,97.79,8.96,21.81,0.08007,5.251,0.0997,0.4704,0.815
2023-07-09 00:00:00+00:00,0.2844,9.426,13.58,265.6,234.1,30160.71,0.06536,5.081,0.725,18.63,1862.8,6.15,95.08,8.94,21.32,0.07748,5.231,0.099,0.468,0.812
2023-07-10 00:00:00+00:00,0.2878,9.242,13.39,274.7,246.2,30411.57,0.06523,5.131,0.726,18.96,1880.4,6.167,96.72,8.96,21.3,0.07754,5.238,0.0999,0.478,0.814
2023-07-11 00:00:00+00:00,0.2927,9.198,13.27,274.0,248.6,30622.1,0.06528,5.214,0.731,18.88,1878.3,6.206,96.77,9.15,22.07,0.07734,5.265,0.0985,0.4753,0.829
2023-07-12 00:00:00+00:00,0.289,9.069,13.01,282.2,243.9,30380.0,0.06503,5.147,0.719,18.77,1871.82,6.252,96.21,9.1,21.94,0.07784,5.276,0.0961,0.471,0.823
2023-07-13 00:00:00+00:00,0.3567,9.889,14.11,273.9,256.1,31454.23,0.07042,5.545,0.802,20.19,2004.49,7.124,101.85,9.61,26.01,0.08171,5.873,0.1552,0.8153,0.906
2023-07-14 00:00:00+00:00,0.3277,9.787,14.64,264.0,248.1,30312.01,0.06849,5.451,0.772,19.07,1937.83,6.958,95.13,9.25,26.67,0.07988,5.872,0.135,0.7179,0.877
2023-07-15 00:00:00+00:00,0.326,9.712,14.84,253.3,251.1,30289.52,0.07197,5.432,0.772,19.28,1931.41,6.918,94.78,9.33,27.46,0.08082,5.814,0.1278,0.7145,0.881
2023-07-16 00:00:00+00:00,0.3146,9.395,14.29,249.9,242.3,30231.99,0.06952,5.311,0.756,18.79,1922.11,6.607,92.89,9.09,27.42,0.0798,5.724,0.1313,0.7468,0.859
2023-07-17 00:00:00+00:00,0.3118,9.431,14.4,241.9,244.1,30138.0,0.06982,5.304,0.774,19.06,1911.2,7.186,92.2,9.11,26.8,0.07997,5.915,0.1291,0.7374,0.863
2023-07-18 00:00:00+00:00,0.3095,9.288,13.8,243.6,240.2,29859.13,0.06866,5.181,0.756,18.74,1897.21,6.911,91.56,8.96,25.54,0.07978,5.912,0.1324,0.7779,0.825
2023-07-19 00:00:00+00:00,0.3226,9.184,13.99,244.0,240.8,29909.21,0.07003,5.193,0.758,18.77,1888.63,6.915,91.99,8.93,26.31,0.08031,5.873,0.1564,0.8199,0.839
2023-07-20 00:00:00+00:00,0.3161,9.372,13.88,244.0,242.8,29800.0,0.07062,5.355,0.765,18.7,1891.59,8.361,92.37,9.11,25.38,0.08073,6.015,0.1632,0.7942,0.866
2023-07-21 00:00:00+00:00,0.3127,9.426,13.98,246.1,243.7,29901.72,0.07322,5.485,0.784,18.75,1891.73,8.133,94.09,9.19,25.5,0.08043,6.205,0.1572,0.7713,0.85
2023-07-22 00:00:00+00:00,0.31,9.265,13.53,239.4,241.1,29794.0,0.07047,5.314,0.775,18.48,1866.52,7.881,92.09,9.15,24.52,0.0839,5.992,0.1556,0.7331,0.839
2023-07-23 00:00:00+00:00,0.3171,9.278,13.54,249.5,242.5,30083.75,0.0718,5.391,0.78,18.7,1888.73,7.89,93.16,9.09,24.76,0.08337,6.14,0.1559,0.7384,0.874
2023-07-24 00:00:00+00:00,0.3053,9.005,13.11,238.4,238.9,29176.5,0.0742,5.209,0.745,18.1,1850.0,7.586,89.14,8.69,23.37,0.08148,5.78,0.1456,0.7021,0.811
2023-07-25 00:00:00+00:00,0.3037,8.955,13.33,237.1,237.7,29228.91,0.08185,5.175,0.742,18.08,1857.66,7.392,89.45,8.65,23.27,0.0819,5.792,0.1449,0.7089,0.812
2023-07-26 00:00:00+00:00,0.3069,8.988,13.27,242.2,239.0,29351.96,0.07793,5.235,0.743,18.3,1872.0,7.742,90.64,8.75,25.17,0.08242,5.843,0.1557,0.7161,0.815
2023-07-27 00:00:00+00:00,0.3077,8.914,13.15,245.2,240.6,29222.78,0.07761,5.239,0.743,18.39,1861.28,7.989,90.6,8.75,25.1,0.08265,5.874,0.1593,0.7139,0.81
2023-07-28 00:00:00+00:00,0.3099,9.024,13.22,241.2,241.9,29314.14,0.07717,5.219,0.749,18.47,1874.19,7.77,91.44,8.77,24.82,0.08506,6.011,0.1598,0.712,0.828
2023-07-29 00:00:00+00:00,0.313,9.077,13.23,241.8,242.4,29352.9,0.08023,5.248,0.756,18.61,1880.46,7.842,94.32,8.84,25.17,0.08322,6.323,0.1583,0.7121,0.842
2023-07-30 00:00:00+00:00,0.3156,9.008,13.12,253.0,242.5,29281.09,0.07802,5.184,0.753,18.87,1861.79,7.555,94.03,8.86,24.25,0.07999,6.418,0.1565,0.7046,0.836
2023-07-31 00:00:00+00:00,0.307,8.862,12.82,247.9,241.0,29232.25,0.07786,5.109,0.745,18.5,1856.14,7.547,92.28,8.71,23.73,0.07792,6.528,0.15,0.6976,0.825
2023-08-01 00:00:00+00:00,0.3103,8.98,12.89,245.1,247.7,29705.99,0.07815,5.208,0.749,18.53,1873.47,7.641,93.94,8.88,24.05,0.07866,6.686,0.1537,0.7069,0.841
2023-08-02 00:00:00+00:00,0.2993,8.717,12.55,229.1,240.7,29186.01,0.07422,5.061,0.73,18.08,1839.9,7.351,87.54,8.61,23.15,0.07632,6.158,0.144,0.685,0.835
2023-08-03 00:00:00+00:00,0.2922,8.616,12.44,225.2,241.1,29193.64,0.07358,4.979,0.717,17.93,1835.81,7.125,82.55,8.48,22.65,0.07714,6.098,0.139,0.663,0.817
2023-08-04 00:00:00+00:00,0.2935,8.479,12.41,227.7,241.7,29113.99,0.07347,4.993,0.719,17.93,1830.23,7.143,82.2,8.4,22.8,0.07679,6.07,0.1364,0.6356,0.81
2023-08-05 00:00:00+00:00,0.2938,8.507,12.45,226.7,243.2,29072.13,0.07571,4.974,0.728,17.94,1836.48,7.231,83.12,8.44,22.65,0.07754,6.091,0.1391,0.6288,0.809
2023-08-06 00:00:00+00:00,0.2923,8.486,12.59,223.1,243.2,29088.42,0.07427,5.005,0.73,17.83,1830.28,7.102,82.57,8.49,23.2,0.07699,5.954,0.1394,0.624,0.804
2023-08-07 00:00:00+00:00,0.291,8.499,12.47,237.7,242.1,29211.06,0.07354,4.971,0.721,17.71,1829.1,7.324,82.49,8.42,23.12,0.07685,5.876,0.1429,0.6236,0.793
2023-08-08 00:00:00+00:00,0.2974,8.521,12.68,238.4,245.2,29770.42,0.07496,5.059,0.725,17.94,1856.3,7.461,83.86,8.55,24.22,0.07677,6.081,0.1429,0.6418,0.8
2023-08-09 00:00:00+00:00,0.3013,8.545,12.62,238.7,243.8,29581.99,0.07541,5.059,0.722,17.85,1855.35,7.678,84.08,8.49,24.38,0.07674,6.249,0.1416,0.6433,0.795
2023-08-10 00:00:00+00:00,0.2965,8.416,12.48,231.9,241.5,29455.75,0.07588,5.006,0.717,17.74,1852.47,7.619,83.14,8.49,24.62,0.07734,6.191,0.1389,0.6331,0.79
2023-08-11 00:00:00+00:00,0.2933,8.349,12.44,229.1,239.7,29426.03,0.07574,5.007,0.715,17.64,1848.84,7.492,83.58,8.48,24.62,0.07723,6.201,0.1397,0.6318,0.795
2023-08-12 00:00:00+00:00,0.2919,8.421,12.39,228.7,240.3,29430.17,0.0767,5.04,0.728,17.73,1849.93,7.442,83.47,8.5,24.91,0.07751,6.224,0.1379,0.6276,0.793
2023-08-13 00:00:00+00:00,0.2894,8.375,12.27,228.4,240.2,29303.84,0.07479,4.987,0.72,17.53,1840.73,7.369,81.92,8.47,24.23,0.07711,6.086,0.1378,0.6256,0.793
2023-08-14 00:00:00+00:00,0.2906,8.516,12.37,230.2,240.4,29430.93,0.07469,4.989,0.719,17.51,1845.5,7.412,82.11,8.53,25.18,0.07748,6.261,0.1362,0.6343,0.799
2023-08-15 00:00:00+00:00,0.282,8.109,11.83,228.9,236.7,29200.0,0.07093,4.818,0.679,16.71,1828.98,7.043,79.26,8.06,23.9,0.07634,5.953,0.1303,0.6104,0.764
2023-08-16 00:00:00+00:00,0.2747,7.802,11.38,208.2,232.0,28730.51,0.06717,4.672,0.632,16.24,1807.81,6.762,74.56,7.7,22.82,0.07465,5.459,0.1267,0.5889,0.732
2023-08-17 00:00:00+00:00,0.2553,7.387,10.57,184.2,218.1,26623.41,0.06102,4.429,0.57,14.93,1681.49,6.189,64.77,6.92,21.66,0.07265,4.989,0.1132,0.5064,0.682
2023-08-18 00:00:00+00:00,0.264,7.571,10.81,187.5,216.1,26054.0,0.06326,4.51,0.574,15.43,1661.59,6.176,63.98,7.0,21.34,0.07297,4.907,0.1167,0.5062,0.701
2023-08-19 00:00:00+00:00,0.2688,7.703,10.81,187.1,216.8,26100.01,0.06379,4.517,0.583,15.56,1669.67,6.181,64.18,7.17,21.9,0.07408,4.909,0.1238,0.5199,0.71
2023-08-20 00:00:00+00:00,0.2703,7.866,10.86,188.9,216.5,26189.99,0.06384,4.519,0.585,15.57,1685.24,6.22,65.25,7.2,21.77,0.07591,4.903,0.1297,0.5384,0.711
2023-08-21 00:00:00+00:00,0.2628,7.546,10.36,185.7,210.4,26126.92,0.06252,4.427,0.581,15.79,1667.55,6.174,67.0,7.1,21.2,0.0751,4.765,0.1248,0.5245,0.698
2023-08-22 00:00:00+00:00,0.2588,7.401,10.15,184.9,210.9,26056.0,0.06259,4.423,0.576,15.52,1634.99,6.112,64.83,7.06,20.59,0.07548,4.67,0.1207,0.521,0.691
2023-08-23 00:00:00+00:00,0.2681,7.429,10.33,193.8,216.6,26432.72,0.06379,4.489,0.593,16.2,1679.61,6.352,65.64,7.25,21.74,0.0776,4.765,0.1275,0.5301,0.707
2023-08-24 00:00:00+00:00,0.2659,7.206,10.12,194.2,219.0,26180.05,0.06308,4.424,0.586,16.04,1661.16,6.084,64.88,7.13,21.06,0.07664,4.659,0.1239,0.5187,0.694
2023-08-25 00:00:00+00:00,0.2612,7.246,10.04,192.1,218.4,26060.01,0.06312,4.49,0.588,16.01,1653.8,6.014,65.13,7.19,20.42,0.07724,4.551,0.1239,0.5258,0.697
2023-08-26 00:00:00+00:00,0.261,7.154,10.09,190.1,216.5,26017.37,0.06289,4.507,0.584,15.86,1647.04,6.006,65.01,7.2,20.29,0.07745,4.601,0.1209,0.5231,0.681
2023-08-27 00:00:00+00:00,0.2634,7.18,10.2,197.8,218.4,26101.77,0.06318,4.489,0.593,16.02,1658.33,6.03,65.39,7.24,20.79,0.07755,4.685,0.121,0.5236,0.7
2023-08-28 00:00:00+00:00,0.2676,7.267,10.37,190.7,218.8,26120.0,0.06345,4.61,0.591,15.91,1653.08,5.981,65.52,7.23,20.56,0.07634,4.672,0.12,0.5232,0.707
2023-08-29 00:00:00+00:00,0.2726,7.443,10.81,225.2,226.9,27716.34,0.0664,4.678,0.621,16.89,1729.42,6.194,68.86,7.48,21.79,0.07732,4.799,0.1245,0.5398,0.73
2023-08-30 00:00:00+00:00,0.2654,7.221,10.41,215.9,223.8,27299.99,0.06588,4.534,0.628,16.01,1705.23,5.925,67.65,7.38,20.82,0.07562,4.64,0.1204,0.5284,0.714
2023-08-31 00:00:00+00:00,0.2554,6.924,9.98,207.6,216.7,25940.78,0.06376,4.271,0.587,15.53,1645.76,5.879,63.89,7.07,19.74,0.07673,4.372,0.1149,0.511,0.686
2023-09-01 00:00:00+00:00,0.2551,6.665,9.92,199.6,213.7,25805.05,0.06388,4.218,0.581,15.37,1629.12,5.941,62.98,6.94,19.33,0.07608,4.262,0.1142,0.498,0.682
2023-09-02 00:00:00+00:00,0.2562,6.825,9.92,195.0,214.4,25869.51,0.06348,4.261,0.577,15.45,1637.03,5.972,64.59,6.98,19.5,0.07702,4.4,0.1135,0.4988,0.689
2023-09-03 00:00:00+00:00,0.2559,6.805,9.88,196.1,214.4,25971.21,0.06317,4.259,0.58,15.38,1635.84,6.027,63.93,7.0,19.57,0.07703,4.411,0.1187,0.5047,0.688
2023-09-04 00:00:00+00:00,0.2561,6.723,9.81,193.9,215.2,25826.02,0.06326,4.26,0.583,15.37,1630.51,6.012,63.75,7.09,19.52,0.07751,4.443,0.1244,0.5087,0.697
2023-09-05 00:00:00+00:00,0.2578,6.813,9.91,192.1,214.6,25792.1,0.06402,4.257,0.591,15.39,1634.45,6.137,63.15,7.52,20.26,0.07746,4.38,0.1224,0.5056,0.699
2023-09-06 00:00:00+00:00,0.2577,6.895,9.95,193.1,215.2,25759.95,0.06365,4.272,0.581,15.49,1633.15,6.302,62.87,7.43,19.64,0.07893,4.461,0.1239,0.5033,0.693
2023-09-07 00:00:00+00:00,0.2579,6.948,10.1,193.6,217.1,26255.0,0.06365,4.294,0.587,15.58,1648.11,6.387,63.71,7.47,19.92,0.07917,4.477,0.1255,0.505,0.697
2023-09-08 00:00:00+00:00,0.2544,6.837,9.93,193.1,214.7,25910.5,0.06371,4.253,0.585,15.43,1636.44,6.28,62.61,7.38,19.61,0.07915,4.366,0.127,0.505,0.695
2023-09-09 00:00:00+00:00,0.2533,6.851,9.84,193.1,214.1,25901.61,0.06339,4.236,0.584,15.4,1635.54,6.165,63.06,7.29,19.44,0.07917,4.321,0.1315,0.5038,0.697
2023-09-10 00:00:00+00:00,0.249,6.66,9.47,190.3,212.4,25841.61,0.0613,4.149,0.564,15.08,1617.42,6.015,61.11,7.13,18.24,0.0783,4.22,0.1338,0.4969,0.676
2023-09-11 00:00:00+00:00,0.2421,6.375,9.23,184.2,206.1,25162.52,0.06049,3.989,0.541,14.71,1551.85,5.829,58.85,6.93,17.72,0.07755,4.112,0.1285,0.4744,0.641
2023-09-12 00:00:00+00:00,0.2455,6.38,9.22,198.5,210.7,25840.1,0.0609,3.986,0.547,14.97,1592.97,5.957,59.96,7.04,17.92,0.08075,4.196,0.1211,0.4804,0.635
2023-09-13 00:00:00+00:00,0.2487,6.539,9.29,199.6,212.5,26222.0,0.06126,3.998,0.555,15.16,1607.62,6.02,61.98,7.28,18.4,0.08123,4.255,0.1208,0.4832,0.645
2023-09-14 00:00:00+00:00,0.2513,6.834,9.4,207.8,212.2,26522.73,0.06208,4.058,0.567,15.26,1626.47,6.151,62.83,7.3,18.85,0.08377,4.27,0.1204,0.4892,0.656
2023-09-15 00:00:00+00:00,0.2505,6.933,9.43,217.2,214.1,26600.0,0.0625,4.139,0.574,15.69,1641.29,6.367,65.89,7.39,19.14,0.08405,4.351,0.1203,0.5005,0.676
2023-09-16 00:00:00+00:00,0.2503,7.144,9.38,214.6,214.9,26559.67,0.06214,4.185,0.577,15.66,1634.4,6.281,65.38,7.29,19.12,0.08352,4.336,0.1194,0.4998,0.682
2023-09-17 00:00:00+00:00,0.2471,6.943,9.1,209.9,216.5,26527.51,0.06147,4.07,0.558,15.42,1622.48,6.146,63.55,7.16,18.81,0.08334,4.282,0.1161,0.4925,0.659
2023-09-18 00:00:00+00:00,0.2516,7.384,9.11,217.3,216.0,26762.51,0.06198,4.106,0.573,15.69,1636.66,6.567,65.89,7.35,19.64,0.08388,4.363,0.1181,0.503,0.67
2023-09-19 00:00:00+00:00,0.2548,7.503,9.21,218.7,217.2,27210.26,0.06268,4.152,0.584,15.75,1643.12,6.846,67.28,7.7,20.03,0.08455,4.407,0.1184,0.514,0.679
2023-09-20 00:00:00+00:00,0.2517,7.292,9.05,215.4,214.4,27125.0,0.06262,4.138,0.579,15.58,1622.26,6.905,64.55,7.53,20.29,0.08444,4.363,0.1169,0.5212,0.676
2023-09-21 00:00:00+00:00,0.2449,7.148,8.83,208.5,210.8,26568.08,0.06131,4.012,0.576,15.22,1583.94,6.664,64.69,7.36,19.46,0.08301,4.243,0.1138,0.5071,0.658
2023-09-22 00:00:00+00:00,0.2449,7.131,8.87,207.8,211.1,26580.14,0.06152,4.019,0.576,15.19,1593.08,6.958,64.37,7.57,19.43,0.08334,4.261,0.1146,0.5122,0.668
2023-09-23 00:00:00+00:00,0.2461,7.085,8.9,208.2,210.5,26575.96,0.06152,4.033,0.582,15.26,1593.86,7.189,65.07,7.43,19.49,0.08362,4.28,0.1142,0.5076,0.666
2023-09-24 00:00:00+00:00,0.2427,6.98,8.78,204.7,208.3,26248.38,0.06069,3.993,0.571,15.09,1580.71,6.972,63.58,7.25,19.36,0.0836,4.235,0.1123,0.5021,0.65
2023-09-25 00:00:00+00:00,0.2459,7.039,8.95,210.5,209.9,26304.81,0.06094,4.068,0.569,15.22,1588.33,7.494,64.33,7.27,19.39,0.08466,4.271,0.113,0.5056,0.659
2023-09-26 00:00:00+00:00,0.2455,6.958,9.04,214.6,212.6,26221.67,0.06062,4.013,0.562,15.12,1594.01,7.356,63.8,7.19,19.03,0.08471,4.26,0.1119,0.5019,0.656
2023-09-27 00:00:00+00:00,0.2446,6.97,8.92,229.4,212.0,26372.99,0.06053,3.993,0.561,15.35,1598.64,7.645,63.53,7.19,19.14,0.0855,4.25,0.1125,0.4993,0.653
2023-09-28 00:00:00+00:00,0.2489,7.106,9.27,238.7,215.0,27021.39,0.0615,4.073,0.571,15.81,1652.99,7.807,65.21,7.33,19.96,0.08675,4.419,0.1142,0.5098,0.667
2023-09-29 00:00:00+00:00,0.2494,7.102,9.17,235.0,215.2,26906.96,0.06213,4.074,0.578,15.87,1667.45,7.946,65.55,7.33,20.28,0.08912,4.402,0.1128,0.5215,0.68
2023-09-30 00:00:00+00:00,0.254,7.235,9.24,233.9,214.6,26962.56,0.06207,4.103,0.582,16.35,1670.89,8.191,65.97,7.34,21.37,0.0886,4.456,0.1123,0.5149,0.682
2023-10-01 00:00:00+00:00,0.2659,7.565,9.75,242.3,218.2,27992.57,0.06319,4.263,0.604,16.7,1733.79,8.054,68.19,7.6,23.87,0.09011,4.653,0.1143,0.5241,0.706
2023-10-02 00:00:00+00:00,0.2591,7.144,9.31,246.3,214.6,27494.51,0.062,4.12,0.587,16.14,1662.4,7.47,65.97,7.35,23.37,0.08744,4.457,0.1115,0.5123,0.677
2023-10-03 00:00:00+00:00,0.261,7.063,9.42,230.3,213.5,27426.46,0.06137,4.077,0.585,15.7,1656.88,7.409,65.5,7.18,23.6,0.09071,4.362,0.1147,0.539,0.671
2023-10-04 00:00:00+00:00,0.2589,6.963,10.1,233.1,213.4,27778.57,0.06147,4.042,0.577,15.63,1646.58,7.674,64.4,7.14,23.13,0.08891,4.307,0.1124,0.5326,0.681
2023-10-05 00:00:00+00:00,0.2602,6.83,10.14,230.9,210.6,27410.39,0.06086,4.024,0.564,15.44,1611.79,7.465,64.8,7.04,22.7,0.08824,4.306,0.1107,0.5227,0.668
2023-10-06 00:00:00+00:00,0.2646,6.909,10.66,230.8,213.4,27931.09,0.06137,4.068,0.57,15.72,1645.03,7.639,65.5,7.14,23.41,0.08719,4.395,0.1118,0.5255,0.68
2023-10-07 00:00:00+00:00,0.2587,6.963,10.35,230.2,212.3,27956.67,0.06143,4.051,0.569,15.66,1633.57,7.524,65.45,7.2,23.3,0.08808,4.374,0.1111,0.5216,0.676
2023-10-08 00:00:00+00:00,0.2563,6.942,10.09,227.8,211.4,27917.05,0.06096,4.012,0.566,15.49,1632.84,7.673,65.34,7.17,23.22,0.08802,4.337,0.1107,0.5174,0.676
2023-10-09 00:00:00+00:00,0.2513,6.832,9.54,218.4,205.8,27590.12,0.05873,3.881,0.541,15.04,1580.13,7.276,63.07,6.87,22.1,0.08613,4.144,0.106,0.5027,0.648
2023-10-10 00:00:00+00:00,0.249,6.68,9.53,212.2,208.6,27390.12,0.05913,3.811,0.542,14.94,1567.63,7.259,63.61,6.78,22.11,0.08622,4.12,0.1043,0.4965,0.69
2023-10-11 00:00:00+00:00,0.2481,6.706,9.3,214.1,206.6,26875.52,0.05851,3.74,0.539,14.94,1566.87,7.391,61.55,6.71,22.01,0.08603,4.129,0.1034,0.4888,0.656
2023-10-12 00:00:00+00:00,0.246,6.584,9.12,214.0,205.1,26759.63,0.05788,3.676,0.537,14.79,1539.61,7.197,61.12,6.75,21.28,0.08481,4.002,0.1025,0.483,0.642
2023-10-13 00:00:00+00:00,0.2458,6.565,9.15,217.2,206.1,26862.0,0.05839,3.721,0.544,14.85,1552.16,7.256,61.58,6.8,21.84,0.08549,4.031,0.1029,0.4851,0.652
2023-10-14 00:00:00+00:00,0.247,6.581,9.15,214.5,206.5,26852.48,0.05984,3.735,0.542,14.99,1554.94,7.331,61.62,6.88,22.0,0.08501,4.084,0.1042,0.4865,0.657
2023-10-15 00:00:00+00:00,0.2473,6.6,9.17,215.1,209.7,27154.15,0.05931,3.753,0.548,14.94,1557.77,7.423,61.63,6.88,21.93,0.08667,4.102,0.1063,0.4874,0.653
2023-10-16 00:00:00+00:00,0.2513,6.627,9.4,230.8,214.6,28500.78,0.06,3.776,0.558,15.24,1599.42,7.525,63.19,7.06,23.95,0.08885,4.119,0.1074,0.4978,0.658
2023-10-17 00:00:00+00:00,0.2463,6.443,9.1,226.4,211.4,28395.91,0.05904,3.67,0.542,14.96,1565.01,7.32,62.07,6.9,23.93,0.08854,3.888,0.1029,0.4912,0.651
2023-10-18 00:00:00+00:00,0.243,6.292,8.91,226.8,210.2,28320.0,0.05858,3.654,0.535,14.81,1563.44,7.356,60.23,6.72,23.42,0.08915,3.931,0.1032,0.4878,0.63
2023-10-19 00:00:00+00:00,0.2469,6.263,9.06,227.3,211.2,28713.71,0.05887,3.649,0.535,14.8,1566.57,7.304,61.78,6.61,24.93,0.08999,3.929,0.1074,0.5197,0.625
2023-10-20 00:00:00+00:00,0.2512,6.407,9.22,240.4,212.1,29669.04,0.0599,3.718,0.547,15.3,1603.89,7.57,63.38,6.8,27.03,0.09074,3.998,0.1074,0.5149,0.645
2023-10-21 00:00:00+00:00,0.2586,6.629,9.63,244.0,214.2,29909.8,0.06119,3.909,0.56,15.74,1628.94,8.914,64.75,7.02,29.32,0.0916,4.141,0.1107,0.5208,0.67
2023-10-22 00:00:00+00:00,0.2639,6.755,10.09,243.4,217.8,29992.46,0.0617,3.967,0.562,15.88,1663.7,10.19,65.26,7.2,29.05,0.09031,4.213,0.1108,0.5226,0.675
2023-10-23 00:00:00+00:00,0.2807,7.032,10.58,262.0,228.5,33069.99,0.06742,4.357,0.592,16.64,1765.46,10.577,69.02,7.7,31.88,0.09219,4.378,0.1161,0.5475,0.706
2023-10-24 00:00:00+00:00,0.2792,7.002,10.32,251.9,225.2,33922.73,0.0666,4.19,0.593,16.46,1784.98,10.372,69.15,7.79,30.17,0.09236,4.22,0.1143,0.5588,0.711
2023-10-25 00:00:00+00:00,0.2808,7.116,10.52,254.2,222.1,34496.05,0.06832,4.291,0.595,16.39,1787.15,11.058,68.71,7.77,32.44,0.09351,4.167,0.1144,0.5552,0.713
2023-10-26 00:00:00+00:00,0.2872,7.168,11.05,247.3,223.2,34151.66,0.07185,4.234,0.598,16.56,1803.38,10.928,68.76,8.31,32.77,0.09285,4.111,0.1132,0.5533,0.711
2023-10-27 00:00:00+00:00,0.2893,7.027,10.59,239.3,224.1,33892.02,0.06776,4.135,0.602,16.07,1779.4,11.185,66.99,8.79,31.73,0.09353,4.024,0.1119,0.543,0.708
2023-10-28 00:00:00+00:00,0.2909,7.183,10.97,245.0,225.7,34081.0,0.069,4.181,0.629,16.22,1776.2,10.923,67.73,9.34,31.63,0.09433,4.084,0.114,0.5446,0.731
2023-10-29 00:00:00+00:00,0.2954,7.314,11.37,246.1,227.1,34525.89,0.06935,4.315,0.628,16.65,1795.14,11.081,68.79,9.13,32.83,0.09489,4.153,0.1157,0.5561,0.745
2023-10-30 00:00:00+00:00,0.3031,8.105,11.46,245.8,228.0,34474.73,0.06959,4.525,0.627,16.78,1809.04,11.22,69.21,9.04,34.94,0.09558,4.179,0.1189,0.578,0.753
2023-10-31 00:00:00+00:00,0.293,7.929,11.33,244.9,226.2,34639.77,0.06827,4.449,0.638,17.48,1814.67,11.353,68.89,9.56,38.4,0.09715,4.148,0.1212,0.5996,0.756
2023-11-01 00:00:00+00:00,0.3071,7.886,12.23,245.3,227.9,35421.43,0.06894,4.727,0.656,17.76,1846.99,11.638,69.97,10.2,41.15,0.10014,4.795,0.1225,0.6085,0.786
2023-11-02 00:00:00+00:00,0.323,7.833,11.88,235.5,231.9,34941.59,0.0679,4.629,0.649,17.3,1800.8,11.007,69.43,9.57,40.23,0.09922,4.693,0.1196,0.6054,0.8
2023-11-03 00:00:00+00:00,0.3292,7.754,12.11,237.6,230.2,34716.78,0.06807,4.61,0.648,17.26,1832.71,11.46,69.45,10.03,39.45,0.09722,4.653,0.1225,0.6121,0.782
2023-11-04 00:00:00+00:00,0.3278,8.093,12.22,240.4,237.1,35062.07,0.06908,4.681,0.659,17.47,1855.54,11.496,70.41,11.35,42.41,0.09765,4.711,0.1236,0.6149,0.79
2023-11-05 00:00:00+00:00,0.3419,8.358,12.35,237.5,244.0,35011.88,0.07108,4.762,0.677,17.98,1891.71,12.231,71.6,13.18,41.15,0.09808,4.772,0.1255,0.6607,0.809
2023-11-06 00:00:00+00:00,0.3624,8.738,13.08,242.8,255.1,35046.09,0.07637,4.967,0.699,18.52,1900.95,12.984,74.46,13.13,42.16,0.09765,5.109,0.1311,0.7148,0.833
2023-11-07 00:00:00+00:00,0.3512,8.463,12.81,243.9,246.2,35399.12,0.07338,4.927,0.688,18.12,1885.27,13.04,73.41,12.57,42.93,0.09658,4.928,0.1266,0.685,0.837
2023-11-08 00:00:00+00:00,0.3577,8.65,12.99,245.5,246.7,35624.72,0.07534,5.033,0.702,18.32,1888.12,14.919,73.07,13.15,43.13,0.09833,5.179,0.1276,0.6869,0.869
2023-11-09 00:00:00+00:00,0.3684,9.023,12.96,240.1,251.6,36701.09,0.07357,5.09,0.681,20.68,2121.32,14.603,73.83,12.78,45.29,0.09889,5.123,0.123,0.6665,0.852
2023-11-10 00:00:00+00:00,0.3859,9.178,14.74,239.7,251.0,37301.63,0.07539,5.3,0.709,20.74,2077.72,15.493,73.28,13.69,56.67,0.10622,5.28,0.1237,0.6595,0.897
2023-11-11 00:00:00+00:00,0.3844,9.239,16.79,236.7,251.5,37130.0,0.07849,5.557,0.726,20.05,2053.17,16.477,75.26,12.86,56.34,0.108,5.393,0.125,0.6626,0.913
2023-11-12 00:00:00+00:00,0.3834,9.527,18.98,236.6,247.4,37064.13,0.07795,5.709,0.733,20.05,2044.68,16.025,74.88,12.53,56.28,0.10851,5.417,0.1244,0.6613,0.931
2023-11-13 00:00:00+00:00,0.3568,9.173,16.12,234.0,241.1,36462.93,0.07456,5.348,0.72,19.97,2053.65,14.358,71.1,11.61,51.6,0.10688,5.222,0.1223,0.6702,0.887
2023-11-14 00:00:00+00:00,0.3579,9.118,17.05,232.0,242.3,35551.19,0.07244,5.197,0.695,19.07,1979.39,13.945,70.61,11.45,56.81,0.10222,5.061,0.1179,0.6296,0.852
2023-11-15 00:00:00+00:00,0.3788,9.646,20.7,237.8,253.7,37858.2,0.07623,5.564,0.731,19.89,2058.48,15.027,74.03,12.05,65.43,0.10406,5.382,0.1214,0.6481,0.888
2023-11-16 00:00:00+00:00,0.3706,9.594,21.71,234.0,242.7,36163.51,0.07947,5.352,0.705,19.28,1961.77,13.866,70.97,11.43,57.8,0.10233,5.196,0.1184,0.6119,0.836
2023-11-17 00:00:00+00:00,0.3671,9.39,21.94,229.7,244.9,36613.92,0.08641,5.244,0.713,19.38,1960.82,13.702,70.29,11.14,58.51,0.10371,5.108,0.1184,0.6133,0.852
2023-11-18 00:00:00+00:00,0.3772,9.231,21.99,227.3,244.8,36568.1,0.08028,5.289,0.71,19.19,1962.6,13.75,69.86,11.06,58.56,0.1029,5.064,0.1193,0.6106,0.839
2023-11-19 00:00:00+00:00,0.384,9.365,22.85,230.1,246.4,37359.86,0.08046,5.434,0.721,19.59,2011.47,14.908,70.54,11.31,61.1,0.10349,5.234,0.121,0.6258,0.859
2023-11-20 00:00:00+00:00,0.3804,8.966,20.85,226.2,253.1,37448.78,0.07768,5.302,0.706,19.44,2021.4,14.477,69.51,11.03,56.57,0.10096,5.187,0.1197,0.6122,0.842
2023-11-21 00:00:00+00:00,0.3566,8.203,19.02,216.4,225.5,35741.65,0.07176,4.858,0.647,18.06,1933.01,13.359,66.15,10.08,51.65,0.09612,4.85,0.1134,0.5788,0.766
2023-11-22 00:00:00+00:00,0.3805,8.806,20.78,223.8,236.1,37408.34,0.07575,5.174,0.677,18.98,2063.21,14.212,68.7,10.68,57.56,0.10115,6.109,0.1182,0.6109,0.808
2023-11-23 00:00:00+00:00,0.3873,8.744,20.64,225.1,233.8,37294.28,0.0762,5.139,0.675,18.92,2062.2,14.398,69.51,10.98,56.51,0.10208,6.331,0.1172,0.6209,0.813
2023-11-24 00:00:00+00:00,0.3862,8.908,20.89,226.4,232.7,37713.57,0.07818,5.242,0.684,19.2,2080.84,14.482,70.73,11.03,56.86,0.10455,6.167,0.1178,0.6212,0.823
2023-11-25 00:00:00+00:00,0.3941,9.491,21.36,227.6,234.4,37780.67,0.07894,5.328,0.701,19.42,2083.09,14.762,71.87,11.3,58.82,0.10895,6.167,0.1211,0.6228,0.846
2023-11-26 00:00:00+00:00,0.3873,9.912,21.06,226.8,231.7,37447.43,0.07868,5.329,0.699,19.11,2062.33,14.766,70.03,10.88,57.57,0.10778,6.18,0.1198,0.6157,0.841
2023-11-27 00:00:00+00:00,0.3777,9.307,20.35,223.2,227.2,37242.7,0.07884,5.156,0.675,18.55,2027.5,14.186,69.22,10.74,55.06,0.10193,6.294,0.1165,0.6039,0.808
2023-11-28 00:00:00+00:00,0.3858,9.256,20.68,223.3,229.6,37818.87,0.08083,5.275,0.678,18.85,2048.14,14.521,69.77,10.92,58.18,0.10295,6.167,0.1185,0.6107,0.813
2023-11-29 00:00:00+00:00,0.3816,9.222,21.12,223.2,227.3,37854.64,0.08047,5.161,0.679,18.74,2028.81,14.511,70.0,10.83,59.31,0.10343,6.008,0.1185,0.6091,0.824
2023-11-30 00:00:00+00:00,0.3759,9.249,21.39,221.4,227.6,37723.96,0.08343,5.473,0.679,18.65,2051.96,14.412,69.42,11.13,59.3,0.10347,5.959,0.1183,0.6063,0.833
2023-12-01 00:00:00+00:00,0.3844,9.466,21.87,225.1,228.5,38682.52,0.08385,5.471,0.689,18.97,2087.24,14.988,71.57,11.22,59.75,0.10306,6.016,0.1198,0.6125,0.844
2023-12-02 00:00:00+00:00,0.3976,9.635,22.24,228.2,229.0,39450.35,0.08617,5.562,0.701,19.59,2164.74,15.992,72.2,11.77,63.66,0.10317,6.172,0.1216,0.6208,0.87
2023-12-03 00:00:00+00:00,0.3949,9.539,21.94,230.0,228.1,39972.26,0.08571,5.541,0.7,19.84,2192.95,15.705,72.31,12.21,62.98,0.10308,6.057,0.122,0.6229,0.853
2023-12-04 00:00:00+00:00,0.4068,9.777,22.68,252.3,233.5,41991.1,0.09188,5.632,0.718,19.98,2243.37,15.813,72.93,12.09,61.64,0.10384,6.111,0.1222,0.6245,0.876
2023-12-05 00:00:00+00:00,0.4257,9.891,24.54,250.9,231.2,44073.32,0.09435,5.907,0.742,20.26,2293.33,15.729,74.34,12.2,61.03,0.10356,6.256,0.1224,0.621,0.894
2023-12-06 00:00:00+00:00,0.4429,9.745,26.2,244.6,229.4,43762.69,0.09493,6.046,0.74,20.28,2232.7,15.268,72.41,11.83,61.85,0.10476,6.0,0.1254,0.64,0.881
2023-12-07 00:00:00+00:00,0.4555,9.902,26.28,246.9,232.6,43273.14,0.09593,6.242,0.769,21.98,2355.73,15.691,74.02,12.14,67.74,0.10416,6.293,0.1262,0.6432,0.907
2023-12-08 00:00:00+00:00,0.5454,10.406,30.44,253.5,238.9,44170.99,0.10164,6.837,0.799,22.26,2358.72,16.925,78.5,12.65,74.94,0.10663,6.512,0.1322,0.6721,0.945
2023-12-09 00:00:00+00:00,0.5791,10.468,31.91,252.7,237.7,43713.6,0.09846,7.101,0.853,22.04,2340.49,16.196,76.32,12.76,72.3,0.10664,6.842,0.1337,0.6584,0.974
2023-12-10 00:00:00+00:00,0.5948,10.694,37.14,251.1,239.8,43789.51,0.10186,7.348,0.838,21.96,2352.39,16.367,77.18,12.99,74.87,0.10784,6.605,0.1333,0.6617,0.963
2023-12-11 00:00:00+00:00,0.5507,9.86,38.04,230.5,246.4,41253.4,0.09413,6.709,0.77,20.16,2225.12,14.768,72.67,11.75,70.25,0.10383,6.1,0.1234,0.6187,0.873
2023-12-12 00:00:00+00:00,0.5784,11.744,37.49,231.8,254.6,41492.39,0.09381,7.131,0.782,20.31,2203.46,14.523,72.37,12.17,68.6,0.10359,6.232,0.1231,0.6192,0.93
2023-12-13 00:00:00+00:00,0.6675,11.657,38.99,235.3,252.0,42869.03,0.09642,7.603,0.785,20.75,2260.16,14.77,73.12,12.83,70.62,0.1043,6.296,0.1249,0.6275,0.919
2023-12-14 00:00:00+00:00,0.6433,11.534,39.3,237.3,253.3,43022.26,0.0983,7.507,0.792,20.88,2315.32,15.37,72.93,13.07,75.68,0.106,6.361,0.1276,0.6316,0.979
2023-12-15 00:00:00+00:00,0.6004,10.884,39.71,227.1,244.9,41940.3,0.09303,6.951,0.756,19.95,2220.5,14.281,70.93,12.99,72.51,0.10156,6.036,0.123,0.6156,0.915
2023-12-16 00:00:00+00:00,0.6078,12.05,42.22,229.8,244.4,42278.03,0.09713,7.092,0.806,20.74,2228.96,14.32,72.19,13.08,73.72,0.10282,6.167,0.1247,0.6203,0.944
2023-12-17 00:00:00+00:00,0.5804,11.104,40.62,225.9,238.8,41374.65,0.09295,6.784,0.799,19.96,2196.52,14.013,71.18,12.83,70.87,0.10203,6.063,0.1221,0.6103,0.91
2023-12-18 00:00:00+00:00,0.6021,10.902,41.16,228.1,241.7,42657.8,0.09213,6.885,0.777,19.92,2219.43,14.674,70.85,12.51,74.42,0.1009,5.945,0.1213,0.6125,0.893
2023-12-19 00:00:00+00:00,0.5761,10.421,39.74,225.2,252.9,42275.99,0.09023,6.706,0.762,19.65,2177.91,14.1,70.73,12.54,73.0,0.1006,5.834,0.1195,0.6047,0.864
2023-12-20 00:00:00+00:00,0.5894,10.663,43.46,229.5,260.3,43668.93,0.0915,6.951,0.788,20.18,2202.17,14.253,69.83,13.42,82.21,0.10273,5.926,0.122,0.6171,0.883
2023-12-21 00:00:00+00:00,0.6351,11.402,45.97,233.0,272.1,43861.8,0.09499,8.42,0.844,20.65,2239.61,15.305,70.93,14.54,93.84,0.10463,6.182,0.1247,0.6241,0.928
2023-12-22 00:00:00+00:00,0.6226,11.399,45.35,238.2,271.1,43969.04,0.09499,7.954,0.845,21.9,2324.54,15.479,73.58,14.08,97.9,0.10508,6.392,0.1266,0.6244,0.991
2023-12-23 00:00:00+00:00,0.613,11.33,48.05,232.7,271.0,43702.16,0.09346,8.326,0.84,21.47,2308.2,15.682,72.45,14.24,107.88,0.10676,6.339,0.1266,0.6195,0.988
2023-12-24 00:00:00+00:00,0.5919,11.233,47.68,228.9,264.5,42991.5,0.09171,8.611,0.817,20.84,2264.05,15.262,71.12,13.65,112.45,0.1062,6.842,0.1258,0.6121,0.98
2023-12-25 00:00:00+00:00,0.6242,11.894,48.18,234.8,266.9,43576.13,0.09435,9.191,0.88,21.44,2271.35,15.585,72.22,14.55,120.91,0.10586,6.969,0.131,0.6462,1.041
2023-12-26 00:00:00+00:00,0.6087,11.637,44.41,229.3,297.7,42508.93,0.09135,8.819,0.871,20.84,2230.88,15.092,73.24,13.76,112.49,0.10305,7.346,0.126,0.6219,1.048
2023-12-27 00:00:00+00:00,0.6334,11.96,42.39,264.1,324.1,43428.85,0.09365,8.694,0.905,22.72,2378.35,16.709,75.98,14.35,106.91,0.10534,7.237,0.1307,0.634,1.112
2023-12-28 00:00:00+00:00,0.6158,11.4,39.8,261.5,322.6,42563.76,0.09174,8.426,0.87,22.44,2344.15,16.005,76.51,13.64,101.8,0.10545,7.806,0.132,0.6346,1.053
2023-12-29 00:00:00+00:00,0.6083,10.986,40.18,254.1,313.7,42066.95,0.09097,8.291,0.847,22.49,2299.2,15.54,73.25,13.84,106.17,0.1056,7.568,0.1296,0.623,1.03
2023-12-30 00:00:00+00:00,0.6011,10.75,39.33,270.5,317.1,42140.28,0.09,8.346,0.853,22.26,2291.68,15.167,73.22,13.47,101.9,0.10595,7.358,0.1325,0.6207,1.018
2023-12-31 00:00:00+00:00,0.594,10.6,38.55,259.7,311.8,42283.58,0.08955,8.202,0.845,21.92,2281.87,14.941,72.83,13.95,101.72,0.10764,7.222,0.129,0.6156,1.008
2024-01-01 00:00:00+00:00,0.6232,11.201,41.94,267.8,313.5,44179.55,0.09199,8.595,0.887,22.5,2352.04,15.548,74.72,14.22,109.91,0.10772,7.6,0.132,0.6294,1.101
2024-01-02 00:00:00+00:00,0.605,10.963,40.61,257.1,312.2,44946.91,0.0911,8.411,0.865,21.97,2355.34,15.166,72.97,13.9,106.73,0.10834,7.175,0.1291,0.6246,1.066
2024-01-03 00:00:00+00:00,0.5569,9.922,36.8,234.0,315.8,42845.23,0.08201,7.626,0.768,20.03,2209.72,14.148,65.24,12.42,98.52,0.10675,6.433,0.1205,0.5823,0.977
2024-01-04 00:00:00+00:00,0.5699,10.268,38.72,239.5,323.7,44151.1,0.08401,7.879,0.772,20.47,2267.11,14.526,66.41,12.87,104.91,0.10696,6.53,0.1216,0.5868,0.975
2024-01-05 00:00:00+00:00,0.5414,10.328,36.46,239.3,317.5,44145.11,0.08267,7.45,0.748,20.13,2268.78,14.091,66.0,12.3,99.94,0.10438,6.434,0.1191,0.5757,0.94
2024-01-06 00:00:00+00:00,0.5227,9.829,34.61,236.1,307.5,43968.32,0.08058,7.133,0.739,19.88,2240.78,13.436,65.64,12.06,93.77,0.10387,6.308,0.12,0.5679,0.922
2024-01-07 00:00:00+00:00,0.4945,9.41,33.64,232.5,302.4,43929.02,0.07824,6.899,0.702,19.27,2221.42,13.151,64.27,11.28,89.44,0.1028,6.004,0.1152,0.5515,0.873
2024-01-08 00:00:00+00:00,0.5412,9.95,36.08,253.9,303.7,46951.04,0.0813,7.483,0.739,20.32,2330.44,14.139,67.73,12.01,97.88,0.1042,6.24,0.1195,0.5776,0.937
2024-01-09 00:00:00+00:00,0.5124,9.666,34.65,244.8,301.1,46110.0,0.07923,7.129,0.709,21.22,2344.29,13.716,66.99,11.61,99.36,0.10277,6.011,0.1165,0.5669,0.891
2024-01-10 00:00:00+00:00,0.566,10.385,38.53,254.7,305.8,46653.99,0.08307,7.991,0.754,26.41,2584.38,15.072,70.1,12.37,102.0,0.10524,6.568,0.1208,0.6008,0.944
2024-01-11 00:00:00+00:00,0.582,10.655,39.29,276.1,308.2,46339.16,0.08456,8.148,0.784,29.62,2618.01,15.022,71.88,12.98,99.9,0.10619,6.819,0.1234,0.6019,1.084
2024-01-12 00:00:00+00:00,0.5476,9.965,35.93,259.3,296.6,42782.73,0.08007,7.567,0.77,29.01,2522.54,14.151,72.97,12.33,92.12,0.10684,6.579,0.119,0.5699,1.027
2024-01-13 00:00:00+00:00,0.5491,10.208,36.49,254.1,302.2,42847.99,0.08092,7.617,0.764,28.59,2578.19,14.345,71.98,12.34,95.85,0.11424,6.632,0.1201,0.5747,1.08
2024-01-14 00:00:00+00:00,0.5251,9.994,35.29,245.7,299.5,41732.35,0.08003,7.319,0.745,26.49,2472.87,14.755,69.78,11.89,93.81,0.11121,6.319,0.1181,0.5763,1.113
2024-01-15 00:00:00+00:00,0.5276,10.183,35.61,250.2,317.5,42511.1,0.08108,7.509,0.778,26.74,2511.78,15.185,69.13,11.94,94.36,0.10865,6.671,0.1182,0.5757,1.164
2024-01-16 00:00:00+00:00,0.5356,10.288,35.57,251.2,315.2,43137.95,0.08134,7.493,0.775,27.29,2587.4,15.271,69.44,12.15,97.61,0.10807,6.825,0.1185,0.5757,1.128
2024-01-17 00:00:00+00:00,0.5282,10.153,36.06,244.2,309.4,42776.1,0.08059,7.35,0.762,26.18,2530.19,15.761,69.46,11.9,102.1,0.10838,6.77,0.1188,0.5685,1.1
2024-01-18 00:00:00+00:00,0.5026,9.7,33.59,237.7,313.0,41327.5,0.07808,7.017,0.717,24.46,2470.81,14.658,68.11,11.53,94.4,0.10813,6.32,0.1143,0.552,1.043
2024-01-19 00:00:00+00:00,0.5044,9.71,32.73,236.8,314.7,41659.03,0.07857,6.894,0.723,25.33,2492.0,16.118,71.29,11.47,93.62,0.1105,6.357,0.1139,0.5443,1.022
2024-01-20 00:00:00+00:00,0.516,9.845,32.89,239.1,317.2,41696.04,0.08777,6.913,0.727,24.72,2472.01,15.781,71.36,11.7,92.88,0.11006,6.497,0.1155,0.5534,1.035
2024-01-21 00:00:00+00:00,0.5032,9.651,32.54,236.9,318.6,41580.33,0.08546,6.817,0.72,24.51,2457.05,15.396,71.75,11.61,91.09,0.10895,6.377,0.1156,0.5464,1.021
2024-01-22 00:00:00+00:00,0.4786,9.18,29.53,235.7,305.9,39568.02,0.08057,6.341,0.691,22.95,2314.2,14.598,67.36,10.61,83.84,0.10931,6.048,0.1127,0.5275,0.958
2024-01-23 00:00:00+00:00,0.4773,9.23,30.63,229.6,298.8,39897.6,0.07821,6.361,0.677,23.13,2242.6,14.3,65.5,10.44,84.35,0.10722,5.842,0.1116,0.5183,0.941
2024-01-24 00:00:00+00:00,0.4765,9.344,31.2,236.3,293.1,40084.88,0.07904,6.462,0.689,23.0,2235.02,14.243,66.13,10.58,88.77,0.10882,5.866,0.1126,0.5181,0.952
2024-01-25 00:00:00+00:00,0.4666,9.234,30.51,236.6,292.1,39961.09,0.07795,6.438,0.689,23.26,2218.64,13.744,65.5,10.59,86.91,0.11212,5.75,0.1118,0.5138,0.934
2024-01-26 00:00:00+00:00,0.4849,9.63,32.26,241.8,302.2,41823.51,0.07985,6.672,0.704,23.9,2267.68,14.187,67.05,10.9,92.28,0.11448,5.949,0.1159,0.5323,0.972
2024-01-27 00:00:00+00:00,0.4862,9.671,33.28,243.7,305.6,42120.63,0.08014,6.669,0.709,24.03,2267.94,14.345,68.06,11.01,94.28,0.11244,5.986,0.1163,0.5303,1.004
2024-01-28 00:00:00+00:00,0.4903,9.429,34.82,236.9,305.3,42031.06,0.07882,6.872,0.71,23.5,2256.9,14.48,68.35,10.81,95.98,0.11224,5.942,0.1137,0.5241,0.978
2024-01-29 00:00:00+00:00,0.526,9.664,36.06,241.3,310.7,43302.7,0.08135,7.032,0.717,24.72,2317.6,15.004,68.43,11.25,101.68,0.11304,6.145,0.1164,0.5352,1.01
2024-01-30 00:00:00+00:00,0.5136,9.408,35.22,237.4,307.6,42941.1,0.07972,6.836,0.703,25.32,2343.01,15.475,67.47,11.13,101.4,0.11206,6.257,0.1127,0.5107,0.982
2024-01-31 00:00:00+00:00,0.4976,9.108,33.17,234.3,300.5,42580.0,0.07875,6.654,0.69,24.33,2283.14,15.429,66.76,10.82,96.96,0.11226,6.001,0.11,0.5033,0.968
2024-02-01 00:00:00+00:00,0.5078,9.136,33.85,236.6,300.2,43082.94,0.07937,6.791,0.704,24.42,2304.28,17.19,67.54,11.15,97.81,0.11564,6.049,0.1099,0.5058,0.984
2024-02-02 00:00:00+00:00,0.5146,9.167,36.76,236.3,301.4,43200.0,0.07928,6.947,0.715,25.13,2309.06,17.828,68.05,11.08,100.58,0.11629,6.136,0.1104,0.5105,1.018
2024-02-03 00:00:00+00:00,0.5124,9.048,35.95,241.0,299.7,43011.09,0.07874,6.825,0.723,24.86,2296.49,17.658,68.81,11.2,97.96,0.11724,6.108,0.111,0.5186,0.998
2024-02-04 00:00:00+00:00,0.4934,8.966,34.87,235.2,304.7,42582.88,0.07831,6.666,0.696,24.99,2289.79,18.153,66.94,10.84,95.49,0.11843,5.981,0.1092,0.5032,0.959
2024-02-05 00:00:00+00:00,0.4944,9.058,34.55,235.8,301.2,42708.7,0.07835,6.737,0.71,24.31,2301.83,19.164,67.7,10.93,95.66,0.11898,6.005,0.1085,0.5069,0.967
2024-02-06 00:00:00+00:00,0.4983,9.13,34.16,235.2,302.7,43098.95,0.07849,6.807,0.714,24.73,2372.64,18.287,68.29,11.17,96.88,0.12101,6.278,0.1082,0.505,0.979
2024-02-07 00:00:00+00:00,0.5022,9.597,35.28,240.6,307.3,44349.6,0.08013,6.941,0.719,25.17,2425.1,18.817,68.62,11.47,101.14,0.1236,6.393,0.1091,0.5138,1.006
2024-02-08 00:00:00+00:00,0.5304,9.641,35.42,244.6,319.2,45288.65,0.07987,7.013,0.72,25.62,2419.55,18.212,70.53,11.6,102.76,0.12189,6.316,0.1098,0.5147,1.014
2024-02-09 00:00:00+00:00,0.5407,10.02,38.0,250.3,324.0,47132.77,0.08155,7.196,0.742,26.15,2486.56,18.47,70.64,11.84,106.94,0.1237,6.654,0.112,0.5262,1.038
2024-02-10 00:00:00+00:00,0.5515,9.971,40.2,247.8,323.0,47751.09,0.08142,7.2,0.736,25.89,2500.24,19.084,70.8,11.8,109.01,0.12436,6.628,0.1117,0.5239,1.04
2024-02-11 00:00:00+00:00,0.5414,9.74,39.72,277.6,320.7,48299.99,0.08123,7.099,0.734,25.88,2507.21,20.146,71.55,11.73,107.46,0.12422,6.683,0.1113,0.5261,1.032
2024-02-12 00:00:00+00:00,0.5592,9.911,40.97,280.5,327.8,49917.27,0.08223,7.34,0.753,26.92,2659.99,20.465,72.82,12.13,111.64,0.125,6.836,0.1131,0.5315,1.047
2024-02-13 00:00:00+00:00,0.5449,10.293,39.74,270.4,324.7,49699.59,0.08105,7.353,0.737,26.21,2639.99,19.87,68.97,11.91,112.48,0.12687,6.68,0.111,0.5247,1.044
2024-02-14 00:00:00+00:00,0.5768,10.244,42.22,280.7,333.9,51795.17,0.0855,7.649,0.756,26.89,2774.81,20.24,69.81,12.18,116.97,0.12956,6.889,0.1144,0.5378,1.069
2024-02-15 00:00:00+00:00,0.6087,10.329,41.55,270.4,354.2,51880.0,0.08528,7.781,0.772,26.78,2822.59,19.932,69.76,13.08,113.5,0.13104,7.506,0.1167,0.5622,1.078
2024-02-16 00:00:00+00:00,0.5986,10.235,40.26,274.2,360.4,52124.11,0.08591,7.647,0.766,26.77,2801.8,19.551,70.59,12.99,110.33,0.13282,7.44,0.1155,0.5643,1.08
2024-02-17 00:00:00+00:00,0.6096,10.275,39.76,267.3,352.9,51642.64,0.08356,7.704,0.768,26.04,2785.93,20.032,69.97,12.7,108.92,0.1359,7.766,0.1141,0.5496,1.062
2024-02-18 00:00:00+00:00,0.6193,10.594,40.29,270.6,349.8,52137.67,0.08517,7.86,0.777,26.54,2881.2,20.119,70.8,12.9,112.24,0.13518,7.657,0.1159,0.5571,1.075
2024-02-19 00:00:00+00:00,0.6308,10.729,39.51,273.1,351.6,51774.73,0.08942,8.029,0.791,27.4,2944.8,19.832,71.3,12.96,111.53,0.13636,7.698,0.1184,0.5626,1.095
2024-02-20 00:00:00+00:00,0.6216,10.369,38.49,265.2,354.6,52258.82,0.08615,7.731,0.798,27.07,3014.81,19.281,69.65,12.72,108.31,0.13921,7.559,0.1176,0.5622,1.107
2024-02-21 00:00:00+00:00,0.5988,9.983,37.61,263.1,379.2,51849.39,0.08457,7.466,0.765,26.07,2967.9,18.594,68.9,12.35,105.03,0.13971,7.391,0.1144,0.5491,1.086
2024-02-22 00:00:00+00:00,0.5858,9.786,36.78,260.4,382.6,51288.42,0.0841,7.48,0.775,25.81,2971.4,18.121,68.8,12.5,101.76,0.13901,7.36,0.1154,0.541,1.109
2024-02-23 00:00:00+00:00,0.5824,9.957,35.92,264.7,375.5,50744.15,0.08451,7.563,0.8,25.42,2922.24,17.935,68.8,12.44,99.9,0.13817,11.4,0.1147,0.5342,1.088
2024-02-24 00:00:00+00:00,0.5969,10.418,36.76,267.7,381.7,51568.22,0.08615,7.819,0.804,26.09,2992.62,18.533,70.41,12.73,104.01,0.13742,11.259,0.1165,0.545,1.127
2024-02-25 00:00:00+00:00,0.5914,10.375,37.46,267.9,388.5,51728.85,0.08612,7.923,0.799,27.19,3112.59,18.722,70.16,12.84,103.47,0.13765,11.138,0.1166,0.5425,1.117
2024-02-26 00:00:00+00:00,0.6191,11.138,39.29,274.7,401.6,54476.47,0.08923,8.109,0.814,27.77,3175.94,19.083,71.93,13.13,109.9,0.13983,10.612,0.118,0.5506,1.143
2024-02-27 00:00:00+00:00,0.6239,11.21,39.26,292.8,394.6,57037.34,0.09758,8.371,0.8339,28.13,3242.36,19.023,73.97,13.26,108.36,0.14288,10.832,0.1229,0.5861,1.141
2024-02-28 00:00:00+00:00,0.6287,11.397,40.33,296.4,414.6,62432.1,0.11585,8.342,0.8299,29.57,3383.1,19.43,74.48,13.38,119.03,0.14214,10.927,0.121,0.575,1.199
2024-02-29 00:00:00+00:00,0.6547,11.282,40.97,297.6,399.4,61130.98,0.11732,8.261,0.8618,28.87,3340.09,19.274,79.92,14.24,125.68,0.14049,11.124,0.122,0.5867,1.237
2024-03-01 00:00:00+00:00,0.7195,11.641,42.67,316.3,407.4,62387.9,0.13934,8.661,0.9136,30.33,3433.43,20.051,84.87,15.43,129.43,0.14148,11.565,0.1271,0.6013,1.283
2024-03-02 00:00:00+00:00,0.7416,12.199,44.35,501.1,410.9,61987.28,0.14196,9.463,1.1146,34.31,3421.4,21.398,94.49,16.98,130.02,0.1412,12.609,0.1383,0.6442,1.424
2024-03-03 00:00:00+00:00,0.7279,12.152,42.58,470.5,414.5,63113.97,0.15347,9.781,1.0677,33.6,3487.81,20.507,90.7,16.4,130.16,0.14065,12.638,0.1357,0.6271,1.372
2024-03-04 00:00:00+00:00,0.7701,12.48,43.08,473.5,418.4,68245.71,0.18196,9.862,1.1053,35.96,3627.76,20.416,88.95,18.09,133.27,0.14026,12.358,0.1459,0.6477,1.419
2024-03-05 00:00:00+00:00,0.6923,12.0,39.43,401.0,394.1,63724.01,0.15304,9.32,1.0242,34.18,3553.65,18.973,81.93,16.35,125.31,0.13585,13.184,0.1322,0.5912,1.305
2024-03-06 00:00:00+00:00,0.7349,14.222,41.56,415.8,429.4,66074.04,0.15784,10.544,1.0685,37.3,3818.59,20.085,85.87,17.22,130.79,0.13775,15.406,0.1385,0.6121,1.401
2024-03-07 00:00:00+00:00,0.7427,13.893,43.2,432.1,474.6,66823.17,0.15764,10.402,1.2528,37.9,3868.76,20.091,88.0,17.52,143.82,0.13709,14.875,0.142,0.627,1.479
2024-03-08 00:00:00+00:00,0.7228,13.408,42.61,436.5,485.8,68124.19,0.16457,10.637,1.1956,38.06,3883.36,19.699,88.32,17.28,144.79,0.13662,14.582,0.1416,0.62,1.439
2024-03-09 00:00:00+00:00,0.7416,13.347,42.92,432.2,488.3,68313.27,0.17875,10.493,1.2004,37.24,3905.21,19.972,90.67,17.34,144.29,0.13579,14.184,0.1422,0.6197,1.44
2024-03-10 00:00:00+00:00,0.7166,13.171,42.05,423.4,528.9,68955.88,0.16997,10.261,1.1445,36.14,3878.47,21.68,87.43,16.98,144.39,0.13377,14.233,0.1398,0.608,1.423
2024-03-11 00:00:00+00:00,0.7754,13.705,49.09,448.4,523.0,72078.1,0.182,11.043,1.2339,37.98,4064.8,21.277,103.86,18.18,148.83,0.13372,14.437,0.1576,0.723,1.525
2024-03-12 00:00:00+00:00,0.7481,13.41,55.48,435.0,537.5,71452.01,0.16816,10.736,1.1863,36.87,3979.96,20.704,97.52,17.77,151.05,0.13142,14.063,0.1493,0.688,1.558
2024-03-13 00:00:00+00:00,0.7638,14.114,54.79,442.5,630.5,73072.41,0.16897,11.374,1.1824,36.52,4004.79,20.751,97.24,18.13,163.9,0.13194,14.227,0.1508,0.6891,1.539
2024-03-14 00:00:00+00:00,0.7509,13.68,53.95,440.5,603.2,71388.94,0.17719,11.558,1.1382,35.08,3881.7,20.88,94.08,17.26,176.65,0.12913,13.947,0.1445,0.669,1.49
2024-03-15 00:00:00+00:00,0.7274,12.634,58.36,416.7,632.7,69499.85,0.16357,10.81,1.0655,33.3,3742.19,19.63,89.75,16.2,183.95,0.12633,13.066,0.1369,0.6342,1.397
2024-03-16 00:00:00+00:00,0.6591,11.931,53.44,388.6,576.4,65300.63,0.14253,9.682,0.9864,30.69,3523.09,18.115,84.12,14.87,182.05,0.12527,12.029,0.1292,0.6031,1.291
2024-03-17 00:00:00+00:00,0.6814,12.276,58.45,402.6,571.7,68393.48,0.15428,10.083,1.0164,31.95,3644.71,18.666,85.93,15.46,201.86,0.12624,12.422,0.1322,0.6191,1.342
2024-03-18 00:00:00+00:00,0.6603,11.723,60.65,401.0,555.4,67609.99,0.14353,9.902,0.9842,31.43,3520.46,18.301,86.77,14.86,195.92,0.12408,11.877,0.1348,0.6453,1.27
2024-03-19 00:00:00+00:00,0.5864,10.892,53.63,358.8,507.7,61937.4,0.12881,8.766,0.9086,27.72,3158.64,16.805,78.45,13.35,169.82,0.11244,10.614,0.1207,0.5845,1.143
2024-03-20 00:00:00+00:00,0.6396,11.755,57.06,410.0,556.8,67840.51,0.15209,9.483,1.0004,30.59,3516.53,18.412,84.65,14.75,191.77,0.12071,11.913,0.1307,0.6107,1.262
2024-03-21 00:00:00+00:00,0.6318,11.635,53.82,414.4,553.8,65501.27,0.15537,9.179,1.0122,30.3,3492.85,18.458,85.75,14.91,179.46,0.12115,12.183,0.1333,0.6404,1.245
2024-03-22 00:00:00+00:00,0.6147,11.416,53.44,431.4,553.8,63796.64,0.15292,8.936,0.9786,29.34,3336.35,18.367,83.4,14.41,175.21,0.11737,11.759,0.1283,0.6115,1.228
2024-03-23 00:00:00+00:00,0.6232,11.339,53.45,455.9,551.9,63990.01,0.1619,8.968,1.0374,30.26,3329.53,18.063,85.26,14.61,172.65,0.11823,11.614,0.1327,0.6167,1.238
2024-03-24 00:00:00+00:00,0.6468,11.611,55.68,485.1,567.7,67209.99,0.17651,9.37,1.051,31.56,3454.98,18.518,89.65,15.18,183.88,0.12014,12.039,0.135,0.6325,1.294
2024-03-25 00:00:00+00:00,0.6567,12.182,57.76,487.4,587.0,69880.01,0.17526,9.735,1.0687,32.45,3590.42,19.375,90.58,15.71,188.99,0.12043,12.429,0.1366,0.6406,1.349
2024-03-26 00:00:00+00:00,0.665,12.215,55.78,479.3,580.4,69988.0,0.1823,9.689,1.0884,32.13,3587.33,20.007,95.77,16.22,190.46,0.12079,12.692,0.1381,0.6317,1.378
2024-03-27 00:00:00+00:00,0.6478,12.629,54.1,539.1,574.3,69469.99,0.19047,9.445,1.0606,31.77,3501.19,19.289,93.55,15.74,186.33,0.11933,12.246,0.1337,0.6118,1.393
2024-03-28 00:00:00+00:00,0.6511,12.295,54.63,567.4,583.4,70780.6,0.22001,9.522,1.0981,32.52,3560.49,19.148,94.11,16.25,189.63,0.12044,12.749,0.1379,0.6244,1.413
2024-03-29 00:00:00+00:00,0.6643,12.518,53.33,620.6,612.5,69850.54,0.213,9.601,1.1055,34.16,3509.74,18.967,109.06,16.82,192.01,0.11989,12.642,0.1428,0.6301,1.419
2024-03-30 00:00:00+00:00,0.6436,12.257,52.93,597.6,600.7,69582.18,0.19912,9.429,1.0743,32.89,3505.64,18.933,102.84,16.15,194.2,0.12256,12.607,0.1391,0.6212,1.369
2024-03-31 00:00:00+00:00,0.6501,12.293,54.06,678.7,606.7,71280.01,0.22,9.647,1.1008,34.28,3645.29,19.171,105.01,16.54,202.45,0.12296,12.947,0.1411,0.6292,1.401
2024-04-01 00:00:00+00:00,0.6212,11.63,51.38,647.6,575.8,69649.8,0.20503,9.143,1.0389,32.68,3503.8,18.358,99.2,15.6,192.24,0.12051,12.416,0.1355,0.611,1.35
2024-04-02 00:00:00+00:00,0.5807,10.967,46.86,639.0,551.4,65463.99,0.18248,8.582,0.969,29.98,3278.96,17.952,106.75,14.46,181.53,0.11662,11.302,0.1286,0.5854,1.232
2024-04-03 00:00:00+00:00,0.5693,10.825,45.89,592.8,561.5,65963.28,0.17522,8.416,0.9542,30.64,3310.83,17.687,98.33,14.26,185.05,0.11712,10.868,0.1263,0.5742,1.216
2024-04-04 00:00:00+00:00,0.5831,11.012,46.5,665.4,585.5,68487.79,0.17998,8.486,0.994,32.84,3327.4,17.791,98.38,14.93,184.0,0.11915,10.976,0.1289,0.5935,1.269
2024-04-05 00:00:00+00:00,0.5741,10.893,45.3,657.3,577.8,67820.62,0.1772,8.379,0.9902,33.1,3317.85,17.325,97.82,15.25,174.37,0.1179,10.926,0.1275,0.5871,1.25
2024-04-06 00:00:00+00:00,0.5836,11.099,48.19,693.9,585.4,68896.0,0.18577,8.494,1.0196,33.47,3351.59,17.559,101.6,15.36,178.68,0.11959,11.241,0.1291,0.593,1.264
2024-04-07 00:00:00+00:00,0.5892,11.081,49.32,684.8,583.9,69360.39,0.19887,8.704,1.0298,33.88,3454.2,17.913,101.21,15.39,179.52,0.12056,11.401,0.1293,0.5944,1.271
2024-04-08 00:00:00+00:00,0.6137,11.305,49.86,681.4,586.4,71620.0,0.2026,9.043,1.0989,35.65,3694.61,18.101,103.27,21.72,180.68,0.12303,11.624,0.1334,0.6147,1.327
2024-04-09 00:00:00+00:00,0.5912,10.837,46.47,671.8,580.5,69146.0,0.18912,8.659,1.068,32.77,3506.39,17.362,97.53,18.78,172.42,0.12109,11.212,0.1322,0.6141,1.266
2024-04-10 00:00:00+00:00,0.5862,10.814,47.3,629.2,609.7,70631.08,0.19971,8.408,1.0603,33.51,3545.64,17.417,96.71,21.78,173.31,0.1191,10.047,0.1297,0.6172,1.276
2024-04-11 00:00:00+00:00,0.5858,10.758,46.01,614.2,604.6,70006.23,0.1938,8.384,1.1183,33.74,3502.52,17.555,98.78,22.02,172.37,0.1203,9.139,0.1302,0.6086,1.283
2024-04-12 00:00:00+00:00,0.5027,9.371,39.34,533.2,595.6,67116.52,0.17403,7.24,0.9361,29.47,3237.43,15.156,86.08,19.72,153.16,0.1148,7.922,0.1151,0.5468,1.101
2024-04-13 00:00:00+00:00,0.4449,8.07,33.89,479.6,553.1,63924.51,0.15254,6.388,0.7316,25.48,3007.01,13.288,77.33,16.88,138.47,0.11006,6.91,0.1053,0.4788,0.987
2024-04-14 00:00:00+00:00,0.4673,8.336,37.27,525.7,566.4,65661.84,0.16212,6.855,0.7736,27.0,3155.11,14.098,79.72,20.98,151.25,0.11243,7.523,0.1106,0.5033,1.048
2024-04-15 00:00:00+00:00,0.461,8.136,35.16,508.3,552.7,63419.99,0.16123,6.708,0.7544,26.44,3101.99,13.58,78.1,20.29,138.51,0.11146,7.247,0.1077,0.4977,0.998
2024-04-16 00:00:00+00:00,0.4583,8.166,34.76,486.9,537.6,63793.39,0.156,6.702,0.749,26.18,3084.22,13.46,79.94,19.33,136.22,0.1118,7.189,0.1096,0.4965,1.002
2024-04-17 00:00:00+00:00,0.444,8.041,33.58,463.9,534.1,61277.37,0.14756,6.583,0.7313,25.4,2985.41,13.133,80.19,17.42,131.84,0.10971,6.889,0.1075,0.4951,0.946
2024-04-18 00:00:00+00:00,0.458,8.198,34.85,483.0,552.1,63470.08,0.15221,6.784,0.7599,26.13,3064.4,13.887,80.75,18.5,142.07,0.10925,7.296,0.1104,0.5025,0.974
2024-04-19 00:00:00+00:00,0.4682,8.15,34.67,476.8,554.0,63818.01,0.15633,6.682,0.776,26.05,3056.46,13.946,80.87,18.28,142.5,0.10989,7.491,0.1117,0.503,0.984
2024-04-20 00:00:00+00:00,0.5072,8.678,38.31,515.4,570.9,64940.59,0.1626,7.241,0.8241,27.89,3155.79,14.959,85.04,18.96,151.22,0.11105,7.873,0.116,0.5288,1.081
2024-04-21 00:00:00+00:00,0.4993,8.756,37.15,502.2,579.6,64941.15,0.15825,7.14,0.8119,27.46,3147.67,15.105,84.16,19.24,148.8,0.11132,7.731,0.1139,0.5246,1.041
2024-04-22 00:00:00+00:00,0.5167,8.916,39.19,522.7,604.5,66819.32,0.1612,7.466,0.8482,28.33,3200.2,15.445,85.39,19.81,156.95,0.11223,8.2,0.1182,0.556,1.063
2024-04-23 00:00:00+00:00,0.5,8.7,38.3,505.0,606.2,66414.0,0.15979,7.242,0.8367,28.12,3219.46,15.178,85.02,18.77,154.75,0.11322,7.948,0.1174,0.5445,1.05
2024-04-24 00:00:00+00:00,0.4746,8.404,36.37,479.4,608.8,64289.59,0.15139,6.931,0.8242,26.37,3140.8,14.536,83.25,18.18,147.78,0.11329,7.72,0.1144,0.5275,1.009
2024-04-25 00:00:00+00:00,0.4705,8.321,35.59,478.1,613.2,64498.34,0.15127,6.862,0.8425,26.45,3155.8,14.593,83.78,17.68,144.84,0.11722,7.93,0.1138,0.5254,1.014
2024-04-26 00:00:00+00:00,0.4631,8.301,34.42,482.4,598.0,63770.01,0.148,6.764,0.8318,27.11,3131.3,14.49,88.1,18.31,139.23,0.12014,7.703,0.114,0.5261,0.999
2024-04-27 00:00:00+00:00,0.4675,8.397,34.47,477.1,596.2,63461.98,0.14776,6.807,0.8057,27.85,3255.56,14.267,83.88,17.78,141.31,0.11975,7.973,0.1144,0.5179,1.007
2024-04-28 00:00:00+00:00,0.4603,8.2,33.95,470.5,600.2,63118.62,0.1467,6.728,0.7891,27.99,3263.45,13.809,83.99,18.2,137.99,0.12124,7.825,0.1123,0.5103,0.996
2024-04-29 00:00:00+00:00,0.4571,8.151,35.28,465.1,592.8,63866.0,0.14342,6.587,0.805,27.59,3216.73,14.074,83.51,19.17,137.77,0.11901,7.689,0.112,0.5151,0.985
2024-04-30 00:00:00+00:00,0.4412,8.443,32.71,434.1,578.4,60672.0,0.13339,6.425,0.7593,25.43,3014.05,13.129,79.49,16.99,126.77,0.11956,7.039,0.1077,0.5006,0.915
2024-05-01 00:00:00+00:00,0.4501,8.745,33.33,424.8,561.8,58364.97,0.13021,6.899,0.7816,25.55,2972.46,13.347,80.17,16.23,134.64,0.12045,7.047,0.1111,0.5175,0.925
2024-05-02 00:00:00+00:00,0.4578,8.647,33.58,429.0,560.5,59060.61,0.13189,7.273,0.8161,25.66,2986.19,13.59,80.02,15.93,137.58,0.12226,7.107,0.1103,0.518,0.937
2024-05-03 00:00:00+00:00,0.4673,8.765,35.54,452.6,587.0,62882.01,0.14604,7.245,0.8275,26.89,3102.61,14.093,81.85,16.56,143.69,0.1227,7.585,0.1118,0.5317,0.976
2024-05-04 00:00:00+00:00,0.4633,8.693,37.36,462.8,585.7,63892.04,0.16012,7.122,0.8167,26.95,3117.23,14.316,81.66,16.67,146.05,0.12226,7.531,0.1109,0.5302,0.966
2024-05-05 00:00:00+00:00,0.458,9.335,37.35,469.0,592.0,64012.0,0.16098,7.302,0.8225,27.67,3136.41,14.371,81.32,16.72,145.73,0.12107,7.587,0.1109,0.5296,0.965
2024-05-06 00:00:00+00:00,0.4541,9.209,37.11,473.1,588.2,63165.19,0.15648,7.121,0.8169,26.98,3062.6,14.484,80.79,16.03,152.82,0.11864,7.474,0.1097,0.5402,0.94
2024-05-07 00:00:00+00:00,0.4414,8.94,35.31,470.9,576.5,62312.08,0.14999,6.993,0.7937,27.07,3005.69,13.997,80.84,15.63,148.03,0.12051,7.396,0.1081,0.5245,0.923
2024-05-08 00:00:00+00:00,0.4518,9.086,34.02,448.2,588.6,61193.03,0.14324,6.983,0.7965,27.18,2974.21,13.9,81.7,15.23,142.18,0.12293,7.329,0.1073,0.5171,0.921
2024-05-09 00:00:00+00:00,0.4635,9.123,35.07,454.8,596.8,63074.01,0.1522,7.05,0.8176,27.66,3036.23,14.237,83.08,15.5,152.57,0.1262,7.501,0.1085,0.5209,0.94
2024-05-10 00:00:00+00:00,0.4479,8.641,33.71,426.6,585.6,60799.99,0.14389,6.746,0.7904,26.38,2909.99,13.564,80.22,14.96,146.01,0.12741,7.107,0.1062,0.5022,0.91
2024-05-11 00:00:00+00:00,0.439,8.503,33.49,429.5,592.2,60825.99,0.14306,6.659,0.7816,26.47,2912.45,13.306,81.39,15.24,145.42,0.12638,7.036,0.1059,0.5059,0.908
2024-05-12 00:00:00+00:00,0.4377,8.476,33.14,433.0,594.8,61483.99,0.14123,6.617,0.7767,26.69,2929.29,13.559,81.41,15.25,143.43,0.12738,7.064,0.1048,0.4993,0.889
2024-05-13 00:00:00+00:00,0.4368,8.4,32.46,437.5,591.7,62940.08,0.14864,6.669,0.7871,26.3,2950.99,13.393,80.62,15.08,147.54,0.12561,7.003,0.1039,0.5053,0.885
2024-05-14 00:00:00+00:00,0.4285,8.134,31.58,429.1,567.1,61577.49,0.14552,6.485,0.7573,25.36,2881.93,12.98,78.79,14.39,142.03,0.12546,6.787,0.1018,0.5002,0.87
2024-05-15 00:00:00+00:00,0.4524,8.434,34.66,463.7,581.0,66206.5,0.15534,6.961,0.8009,27.09,3032.55,13.865,82.45,15.4,158.52,0.12633,7.364,0.1067,0.5188,0.916
2024-05-16 00:00:00+00:00,0.4597,8.533,34.46,444.8,569.2,65235.21,0.14972,7.025,0.805,27.24,2944.7,15.516,82.43,15.21,159.37,0.125,7.293,0.1067,0.5157,0.924
2024-05-17 00:00:00+00:00,0.4824,8.655,36.43,466.5,580.9,67024.0,0.15555,7.199,0.8211,28.31,3092.01,16.231,84.14,15.56,169.44,0.12434,7.491,0.1088,0.5234,0.941
2024-05-18 00:00:00+00:00,0.482,8.603,37.24,475.4,580.3,66915.2,0.15302,7.157,0.8137,28.62,3122.94,16.329,83.84,15.5,172.4,0.12299,7.86,0.1081,0.5213,0.946
2024-05-19 00:00:00+00:00,0.4672,8.206,35.6,484.9,574.5,66274.01,0.14908,6.931,0.7837,27.58,3071.19,16.56,82.4,14.78,169.93,0.12117,7.642,0.1055,0.5096,0.91
2024-05-20 00:00:00+00:00,0.502,8.92,40.13,517.9,599.6,71446.62,0.16573,7.575,0.8519,32.36,3661.78,17.262,88.64,16.34,186.7,0.12442,9.328,0.1125,0.5377,0.986
2024-05-21 00:00:00+00:00,0.4946,8.785,41.2,515.0,618.5,70148.34,0.17024,7.61,0.8694,31.72,3789.6,16.739,88.26,15.96,178.15,0.12361,9.659,0.1122,0.537,0.989
2024-05-22 00:00:00+00:00,0.4835,8.561,40.0,499.0,614.8,69166.62,0.16628,7.467,0.8443,30.38,3737.73,16.354,85.78,15.63,176.95,0.12007,9.304,0.1107,0.5268,0.967
2024-05-23 00:00:00+00:00,0.4656,8.361,38.52,491.2,599.3,67969.65,0.15973,7.2,0.8228,32.42,3783.61,16.596,85.45,15.15,176.16,0.11532,9.088,0.1093,0.5289,0.946
2024-05-24 00:00:00+00:00,0.4601,8.46,38.01,494.9,600.3,68549.99,0.16386,7.244,0.8426,31.59,3728.28,17.25,85.0,15.24,167.7,0.11547,10.213,0.1101,0.536,0.984
2024-05-25 00:00:00+00:00,0.4623,8.491,38.28,493.6,602.4,69290.57,0.17402,7.425,0.8499,31.67,3749.26,17.443,84.98,15.55,168.35,0.11378,11.329,0.1109,0.5416,0.996
2024-05-26 00:00:00+00:00,0.4581,8.404,36.76,484.0,600.2,68507.67,0.16621,7.557,0.831,31.71,3826.47,17.042,83.9,15.35,163.41,0.11311,11.167,0.1086,0.5283,0.96
2024-05-27 00:00:00+00:00,0.4683,8.695,38.26,489.6,603.9,69436.43,0.16908,7.64,0.8408,31.91,3894.22,18.786,85.24,15.88,170.15,0.1125,11.056,0.1105,0.534,0.996
2024-05-28 00:00:00+00:00,0.4576,8.722,37.02,470.4,601.7,68398.39,0.16497,7.37,0.8081,31.42,3844.69,18.528,83.44,15.3,168.68,0.11118,11.107,0.1079,0.5287,0.972
2024-05-29 00:00:00+00:00,0.4512,8.637,36.2,465.8,595.7,67652.42,0.16386,7.178,0.8064,30.43,3767.43,18.453,83.59,14.87,168.32,0.1121,10.443,0.1067,0.5238,0.947
2024-05-30 00:00:00+00:00,0.4465,8.54,35.98,465.1,595.1,68352.17,0.15946,6.998,0.8092,29.8,3747.91,17.944,84.42,14.76,166.88,0.11198,10.758,0.1067,0.5186,0.959
2024-05-31 00:00:00+00:00,0.447,8.3,36.02,454.8,593.7,67540.01,0.15898,6.984,0.8139,29.59,3762.29,18.414,83.21,14.59,165.65,0.11213,9.957,0.1063,0.5176,0.959
2024-06-01 00:00:00+00:00,0.4499,8.326,35.76,463.5,601.9,67766.85,0.16031,7.062,0.8092,29.56,3815.82,18.443,83.48,14.55,166.14,0.11262,9.886,0.1064,0.5187,0.939
2024-06-02 00:00:00+00:00,0.4465,8.292,34.91,458.3,602.9,67765.63,0.1571,6.988,0.7995,28.93,3780.91,18.143,83.11,14.46,163.15,0.11477,9.422,0.1051,0.5135,0.925
2024-06-03 00:00:00+00:00,0.4573,8.339,35.03,464.9,626.4,68809.9,0.15835,7.009,0.8012,28.63,3767.06,17.629,82.82,14.67,164.89,0.11338,9.493,0.1054,0.5199,0.928
2024-06-04 00:00:00+00:00,0.4615,8.538,36.06,477.0,685.7,70537.84,0.16136,7.177,0.8128,29.73,3810.23,17.716,83.65,15.02,171.78,0.11446,11.466,0.1064,0.5257,0.949
2024-06-05 00:00:00+00:00,0.4613,8.692,36.57,495.2,698.8,71108.0,0.16326,7.251,0.8073,29.8,3865.99,17.741,85.44,15.28,173.54,0.11459,11.162,0.1069,0.5258,0.957
2024-06-06 00:00:00+00:00,0.4582,8.617,35.89,496.1,711.2,70799.06,0.16016,7.144,0.7851,29.05,3813.46,17.248,84.19,14.89,170.15,0.11479,10.619,0.1053,0.5215,0.938
2024-06-07 00:00:00+00:00,0.4492,8.102,33.51,477.6,684.0,69355.6,0.1482,6.659,0.7284,27.05,3678.32,16.318,80.13,14.07,162.5,0.11268,9.818,0.1002,0.4991,0.874
2024-06-08 00:00:00+00:00,0.4368,7.757,32.27,469.5,682.7,69310.46,0.14588,6.384,0.7012,26.84,3681.57,15.928,79.97,13.4,157.83,0.11479,10.052,0.0983,0.4926,0.829
2024-06-09 00:00:00+00:00,0.4442,7.88,32.98,474.6,673.0,69648.14,0.14679,6.527,0.7108,26.97,3706.4,16.372,80.49,13.5,162.12,0.11688,9.823,0.0999,0.4986,0.851
2024-06-10 00:00:00+00:00,0.4406,7.855,32.28,469.1,625.1,69540.0,0.14478,6.506,0.7062,26.62,3667.85,15.905,79.66,13.39,159.05,0.11763,10.351,0.1,0.4969,0.847
2024-06-11 00:00:00+00:00,0.422,7.517,31.55,446.2,602.5,67314.24,0.13806,6.378,0.6834,25.67,3497.33,14.988,77.32,12.92,149.31,0.11658,8.978,0.0968,0.4802,0.815
2024-06-12 00:00:00+00:00,0.4378,7.775,33.27,454.2,619.4,68263.99,0.14621,6.738,0.7025,26.11,3560.12,16.006,78.5,13.56,155.22,0.11649,10.079,0.1002,0.4916,0.848
2024-06-13 00:00:00+00:00,0.421,7.441,30.99,431.7,599.8,66773.01,0.1411,6.359,0.6748,25.31,3469.4,15.141,79.15,13.04,147.29,0.11696,10.164,0.0975,0.4769,0.815
2024-06-14 00:00:00+00:00,0.412,7.115,30.29,422.9,603.3,66043.99,0.13499,6.163,0.6482,25.13,3481.8,14.744,77.61,12.44,143.05,0.1165,10.431,0.0969,0.4746,0.814
2024-06-15 00:00:00+00:00,0.414,7.142,30.01,430.1,608.2,66228.25,0.13677,6.223,0.6618,25.63,3568.74,14.857,79.23,12.67,145.52,0.1153,11.52,0.0983,0.4908,0.817
2024-06-16 00:00:00+00:00,0.4168,7.222,30.08,428.4,610.8,66676.87,0.13713,6.396,0.6542,25.46,3624.41,15.144,78.98,12.75,151.3,0.1173,11.984,0.0992,0.4891,0.817
2024-06-17 00:00:00+00:00,0.4013,6.997,28.47,419.7,604.3,66504.33,0.12879,6.069,0.6156,24.09,3511.46,14.523,76.59,11.77,143.27,0.11678,10.61,0.0969,0.5047,0.762
2024-06-18 00:00:00+00:00,0.3837,6.688,26.6,389.2,588.6,65175.32,0.12225,5.771,0.5559,23.05,3483.42,13.986,72.66,10.98,137.41,0.11544,9.766,0.0914,0.491,0.752
2024-06-19 00:00:00+00:00,0.3844,6.894,26.94,388.9,599.3,64974.37,0.12247,5.799,0.5696,23.98,3560.51,14.345,73.77,11.27,135.62,0.11582,9.954,0.0934,0.4933,0.776
2024-06-20 00:00:00+00:00,0.3844,6.837,27.58,389.8,587.7,64869.99,0.12455,5.642,0.5725,24.06,3513.08,14.255,74.69,11.28,133.55,0.11679,10.029,0.0939,0.4888,0.779
2024-06-21 00:00:00+00:00,0.376,6.787,27.48,383.0,586.1,64143.56,0.12418,5.611,0.5668,23.56,3518.5,13.848,74.17,11.35,134.6,0.11835,9.81,0.092,0.4889,0.779
2024-06-22 00:00:00+00:00,0.3846,6.744,25.61,392.1,591.1,64262.01,0.12375,5.751,0.5737,23.36,3495.75,13.482,74.61,11.32,133.69,0.11966,9.843,0.0909,0.4866,0.773
2024-06-23 00:00:00+00:00,0.38,6.695,25.09,381.1,577.5,63210.01,0.12222,5.652,0.5598,22.66,3420.91,13.194,73.37,10.93,128.69,0.11924,9.772,0.0896,0.4797,0.774
2024-06-24 00:00:00+00:00,0.3777,6.838,24.8,363.8,568.1,60293.3,0.11902,5.729,0.5698,23.0,3352.73,13.617,69.68,11.12,132.33,0.11909,9.325,0.0894,0.474,0.776
2024-06-25 00:00:00+00:00,0.3918,6.94,25.4,388.6,578.2,61806.01,0.12615,5.842,0.5766,23.48,3394.91,14.198,71.35,11.49,136.58,0.12189,9.503,0.0918,0.4757,0.794
2024-06-26 00:00:00+00:00,0.385,6.791,25.82,374.0,573.0,60864.99,0.12276,5.799,0.575,23.68,3371.44,13.915,71.02,11.34,136.81,0.12268,9.394,0.0902,0.4698,0.772
2024-06-27 00:00:00+00:00,0.3913,6.965,27.91,389.0,581.7,61706.47,0.12711,6.287,0.5894,24.07,3450.44,14.433,73.28,11.62,149.71,0.12201,9.506,0.0915,0.4753,0.776
2024-06-28 00:00:00+00:00,0.3858,6.729,27.96,386.0,567.4,60427.84,0.12306,6.19,0.5875,23.41,3380.15,13.778,72.9,11.4,140.03,0.12321,9.002,0.091,0.4716,0.76
2024-06-29 00:00:00+00:00,0.3841,6.607,27.76,380.9,570.0,60986.68,0.1219,6.08,0.5658,23.14,3378.8,13.543,74.95,11.25,140.28,0.12553,8.854,0.0902,0.4727,0.769
2024-06-30 00:00:00+00:00,0.3924,6.733,29.36,394.0,582.2,62772.01,0.12448,6.215,0.5779,23.69,3438.16,14.281,75.31,11.61,146.61,0.1247,9.295,0.0913,0.4761,0.795
2024-07-01 00:00:00+00:00,0.4032,6.813,28.83,384.6,576.9,62899.99,0.12352,6.329,0.5774,23.24,3442.2,14.338,74.38,11.41,146.67,0.12781,9.146,0.0916,0.477,0.786
2024-07-02 00:00:00+00:00,0.4184,6.813,28.71,382.1,580.1,62135.47,0.1253,6.531,0.5834,23.29,3421.35,14.415,76.04,11.54,154.03,0.12923,9.0,0.0936,0.4853,0.804
2024-07-03 00:00:00+00:00,0.4069,6.382,26.51,373.2,556.7,60208.58,0.11849,6.081,0.5604,22.54,3295.48,13.589,72.08,11.02,140.84,0.1287,8.522,0.0903,0.4672,0.768
2024-07-04 00:00:00+00:00,0.3623,5.99,24.44,331.4,513.6,57050.01,0.10502,5.556,0.5017,20.77,3059.7,12.538,65.42,9.7,127.86,0.1272,7.628,0.087,0.4329,0.682
2024-07-05 00:00:00+00:00,0.3501,5.704,25.13,325.5,497.7,56628.79,0.10547,5.687,0.4795,20.22,2981.78,12.311,61.85,9.4,134.32,0.12684,7.776,0.0854,0.4251,0.727
2024-07-06 00:00:00+00:00,0.3707,6.073,27.41,342.9,526.0,58230.13,0.11343,6.24,0.5211,21.18,3066.83,13.18,65.39,10.04,143.05,0.12991,8.19,0.0906,0.4488,0.745
2024-07-07 00:00:00+00:00,0.3466,5.795,25.75,312.7,490.7,55857.81,0.10415,5.911,0.4911,19.76,2931.0,12.352,62.05,9.27,131.64,0.12466,7.647,0.0839,0.4195,0.69
2024-07-08 00:00:00+00:00,0.3691,5.826,25.21,333.5,510.6,56714.62,0.10758,5.944,0.5121,20.4,3019.01,13.121,64.92,9.6,139.81,0.12612,8.037,0.0854,0.4316,0.715
2024-07-09 00:00:00+00:00,0.3754,5.936,26.43,331.1,516.9,58050.0,0.10756,6.117,0.5218,20.64,3066.65,12.841,65.3,9.81,141.42,0.12996,8.174,0.088,0.4356,0.751
2024-07-10 00:00:00+00:00,0.3885,6.038,25.75,340.3,524.7,57725.85,0.108,6.097,0.5236,20.99,3101.05,12.79,66.96,9.86,141.98,0.13147,8.026,0.0875,0.4388,0.746
2024-07-11 00:00:00+00:00,0.3959,5.937,25.21,347.1,524.8,57339.89,0.10664,5.903,0.5202,20.66,3099.57,12.347,67.36,9.73,135.73,0.13435,7.829,0.0887,0.4491,0.749
2024-07-12 00:00:00+00:00,0.4165,6.153,25.96,368.9,533.8,57889.1,0.10769,6.103,0.5252,21.48,3133.88,12.74,69.25,10.0,139.46,0.13727,8.115,0.0913,0.4745,0.771
2024-07-13 00:00:00+00:00,0.4416,6.207,25.86,375.6,532.4,59204.02,0.11231,6.232,0.5481,22.39,3175.93,13.021,69.82,10.4,141.9,0.13946,8.155,0.1023,0.5257,0.786
2024-07-14 00:00:00+00:00,0.4317,6.231,26.35,376.6,544.8,60797.91,0.11535,6.32,0.5766,22.58,3245.08,13.448,69.92,10.77,147.66,0.13761,8.426,0.1046,0.5205,0.792
2024-07-15 00:00:00+00:00,0.4449,6.501,27.82,400.2,585.3,64724.14,0.1249,6.484,0.5917,23.88,3483.39,14.394,72.29,11.41,159.38,0.1373,8.596,0.1047,0.5372,0.822
2024-07-16 00:00:00+00:00,0.4381,6.612,28.01,387.1,576.2,65043.99,0.12478,6.337,0.5984,23.59,3444.13,14.206,73.21,11.34,160.62,0.13402,8.174,0.1068,0.5793,0.822
2024-07-17 00:00:00+00:00,0.4359,6.483,27.24,375.1,568.9,64087.99,0.12178,6.255,0.6008,22.96,3387.05,13.737,71.38,11.49,155.5,0.13358,7.922,0.1098,0.626,0.804
2024-07-18 00:00:00+00:00,0.4234,6.31,27.14,382.8,571.9,63987.92,0.11956,6.093,0.5872,23.01,3426.5,13.593,71.63,11.39,159.22,0.13449,7.834,0.1031,0.5697,0.799
2024-07-19 00:00:00+00:00,0.439,6.501,28.16,391.4,593.4,66660.0,0.12543,6.338,0.6077,23.61,3503.53,14.076,73.4,11.8,169.13,0.13466,7.995,0.1053,0.5733,0.809
2024-07-20 00:00:00+00:00,0.4373,6.52,29.11,395.5,593.1,67139.96,0.13424,6.333,0.609,23.92,3517.5,14.247,73.03,11.79,173.6,0.13468,8.012,0.1052,0.5937,0.805
2024-07-21 00:00:00+00:00,0.4469,6.533,32.64,401.3,602.5,68165.34,0.14026,6.43,0.6082,24.16,3535.92,14.816,73.98,12.03,184.49,0.13431,8.124,0.1054,0.5984,0.806
2024-07-22 00:00:00+00:00,0.4262,6.267,31.87,385.9,587.2,67532.01,0.13776,6.096,0.5824,23.43,3439.6,13.93,71.26,11.5,178.9,0.1324,7.812,0.1036,0.608,0.771
2024-07-23 00:00:00+00:00,0.41,6.173,29.82,366.5,581.9,65936.01,0.13031,5.917,0.5799,24.05,3482.51,13.91,72.92,11.37,173.03,0.134,7.709,0.101,0.5975,0.76
2024-07-24 00:00:00+00:00,0.4063,6.026,28.38,362.4,574.9,65376.0,0.12795,5.748,0.5895,22.86,3335.81,13.4,71.29,11.44,178.06,0.1343,7.424,0.103,0.6179,0.744
2024-07-25 00:00:00+00:00,0.3948,5.925,27.24,361.4,570.6,65799.95,0.12526,5.755,0.5571,22.09,3175.48,12.94,68.79,11.08,171.85,0.1356,7.29,0.1023,0.5996,0.745
2024-07-26 00:00:00+00:00,0.4172,6.168,28.72,377.3,580.9,67907.99,0.13419,5.867,0.5786,22.91,3274.61,13.53,71.31,11.66,183.06,0.1375,7.677,0.1031,0.6034,0.779
2024-07-27 00:00:00+00:00,0.4176,6.344,28.04,392.4,581.6,67896.5,0.13144,5.825,0.5801,22.82,3249.01,13.54,71.32,11.75,183.92,0.1372,7.671,0.1015,0.5956,0.777
2024-07-28 00:00:00+00:00,0.4073,6.218,27.4,416.8,583.9,68249.88,0.13004,5.718,0.5663,22.64,3270.16,13.3,71.07,11.55,184.9,0.1386,7.532,0.1003,0.6012,0.774
2024-07-29 00:00:00+00:00,0.4031,6.108,27.01,439.0,574.3,66784.69,0.12843,5.649,0.5747,22.83,3317.66,13.53,73.69,11.54,182.57,0.1375,7.683,0.0991,0.6019,0.756
2024-07-30 00:00:00+00:00,0.4015,6.003,26.33,432.4,588.2,66188.0,0.12551,5.519,0.5712,22.24,3279.21,13.14,71.69,11.38,179.16,0.133,7.392,0.1024,0.6277,0.753
2024-07-31 00:00:00+00:00,0.3882,5.807,25.7,413.9,576.5,64628.0,0.12192,5.389,0.5841,21.78,3232.74,12.83,70.14,10.97,171.71,0.1287,7.169,0.1004,0.623,0.732
2024-08-01 00:00:00+00:00,0.3925,5.781,25.71,413.3,575.1,65354.02,0.11899,5.34,0.5475,21.54,3203.4,12.88,69.59,10.66,167.37,0.1283,7.185,0.0993,0.5964,0.727
2024-08-02 00:00:00+00:00,0.3636,5.36,23.6,381.6,542.9,61498.33,0.11154,5.122,0.5216,20.23,2989.61,11.93,65.06,10.09,152.77,0.1236,6.617,0.0955,0.5607,0.689
2024-08-03 00:00:00+00:00,0.3646,5.125,22.67,364.4,529.6,60697.99,0.10811,5.045,0.4957,19.65,2903.64,11.68,64.65,9.58,142.52,0.1255,6.627,0.0933,0.5558,0.685
2024-08-04 00:00:00+00:00,0.3442,5.049,21.25,332.5,496.9,58161.0,0.10375,4.688,0.4711,18.92,2688.92,10.88,62.46,9.15,138.33,0.1264,6.147,0.0882,0.5228,0.662
2024-08-05 00:00:00+00:00,0.3119,4.641,19.54,309.9,464.2,54018.81,0.09436,4.2,0.445,17.66,2419.59,9.49,56.08,8.53,129.78,0.1215,5.367,0.0879,0.4889,0.614
2024-08-06 00:00:00+00:00,0.331,4.905,20.89,315.0,484.8,56022.01,0.09645,4.509,0.46,18.14,2461.33,10.07,58.25,8.95,144.4,0.1234,5.789,0.0925,0.5062,0.644
2024-08-07 00:00:00+00:00,0.3241,4.839,19.85,312.4,475.0,55134.16,0.09558,4.579,0.448,18.16,2342.8,9.48,55.99,8.84,144.77,0.1247,5.659,0.1015,0.6002,0.64
2024-08-08 00:00:00+00:00,0.3516,5.15,22.73,353.1,517.1,61685.99,0.10748,4.879,0.4887,19.86,2682.5,10.75,61.16,9.71,163.13,0.127,6.281,0.1031,0.6166,0.705
2024-08-09 00:00:00+00:00,0.3483,5.085,21.74,347.6,508.7,60837.99,0.10386,4.783,0.4769,19.42,2598.78,10.53,60.72,9.64,156.28,0.1283,6.143,0.0999,0.5805,0.687
2024-08-10 00:00:00+00:00,0.3457,5.204,21.59,354.9,523.1,60923.51,0.10518,4.754,0.4882,19.39,2609.92,10.55,61.16,9.87,154.01,0.1291,6.188,0.1013,0.5841,0.687
2024-08-11 00:00:00+00:00,0.3276,4.899,20.4,330.2,503.4,58712.59,0.10059,4.495,0.4677,18.41,2555.38,10.0,59.73,9.34,141.57,0.1277,5.902,0.0978,0.5528,0.653
2024-08-12 00:00:00+00:00,0.339,5.075,21.26,354.9,518.2,59346.64,0.10791,4.588,0.5001,19.18,2722.3,10.56,61.5,9.57,146.29,0.1267,6.239,0.0989,0.5684,0.677
2024-08-13 00:00:00+00:00,0.34,5.007,21.37,351.7,524.2,60587.15,0.10636,4.547,0.5066,19.16,2702.44,10.58,63.44,9.8,146.65,0.1287,6.345,0.0993,0.577,0.683
2024-08-14 00:00:00+00:00,0.3352,4.769,20.95,337.7,523.4,58683.39,0.1024,4.383,0.5071,18.83,2661.45,10.39,64.06,9.63,143.71,0.1304,6.438,0.0966,0.5687,0.655
2024-08-15 00:00:00+00:00,0.3248,4.51,20.14,334.3,519.2,57541.06,0.10021,4.277,0.4892,18.54,2569.89,10.17,65.33,9.23,142.58,0.1302,6.203,0.0956,0.5607,0.644
2024-08-16 00:00:00+00:00,0.3301,4.554,20.36,338.2,519.7,58874.6,0.10035,4.292,0.4941,18.74,2592.73,10.12,66.49,9.29,139.04,0.1341,6.497,0.0948,0.5638,0.649
2024-08-17 00:00:00+00:00,0.3373,4.614,20.7,341.3,541.6,59491.99,0.10275,4.369,0.5007,18.79,2614.51,10.16,67.59,9.28,141.93,0.1349,6.417,0.0956,0.5665,0.657
2024-08-18 00:00:00+00:00,0.3342,4.567,20.82,333.1,531.2,58427.35,0.10004,4.39,0.4922,18.57,2612.15,10.09,66.33,9.2,142.42,0.1351,6.171,0.0935,0.5631,0.647
2024-08-19 00:00:00+00:00,0.3367,4.636,21.21,338.0,558.4,59438.5,0.10133,4.481,0.49,18.94,2636.36,10.19,66.32,9.75,144.29,0.1432,6.196,0.0963,0.5985,0.659
2024-08-20 00:00:00+00:00,0.3434,4.787,22.26,335.2,569.4,59013.8,0.10289,4.524,0.4918,18.88,2572.82,10.23,64.41,10.16,142.27,0.1613,6.26,0.0975,0.5937,0.665
2024-08-21 00:00:00+00:00,0.3689,4.749,23.53,349.4,570.1,61156.03,0.10615,4.663,0.5156,19.49,2630.71,11.22,64.27,10.21,142.79,0.1539,7.101,0.0986,0.5999,0.694
2024-08-22 00:00:00+00:00,0.3763,4.691,25.22,346.8,582.9,60375.84,0.10525,4.689,0.5283,19.49,2622.88,11.48,63.77,10.38,143.22,0.1554,6.919,0.0989,0.5976,0.696
2024-08-23 00:00:00+00:00,0.3912,5.097,26.49,365.1,591.7,64037.24,0.11293,4.891,0.5563,20.57,2762.48,12.05,66.1,11.01,153.26,0.1583,6.999,0.1019,0.6109,0.742
2024-08-24 00:00:00+00:00,0.3935,5.348,27.11,363.6,580.5,64157.01,0.11258,4.981,0.5549,20.62,2768.0,12.35,66.57,10.92,160.67,0.1589,6.916,0.1026,0.6127,0.75
2024-08-25 00:00:00+00:00,0.3849,5.063,26.92,356.3,573.9,64220.0,0.10959,4.819,0.5354,20.12,2746.13,12.1,64.82,10.72,158.92,0.1664,6.626,0.1009,0.6,0.738
2024-08-26 00:00:00+00:00,0.3661,4.888,25.94,342.3,548.2,62834.0,0.1052,4.558,0.5193,19.44,2680.49,11.83,63.01,10.36,157.12,0.1616,6.292,0.0971,0.5874,0.706
2024-08-27 00:00:00+00:00,0.3503,4.592,24.09,324.2,533.3,59415.0,0.09891,4.378,0.4921,18.3,2457.33,11.16,60.38,9.79,146.79,0.1579,5.716,0.0937,0.5666,0.676
2024-08-28 00:00:00+00:00,0.3502,4.599,23.45,322.1,537.0,59034.9,0.09964,4.254,0.4951,18.58,2528.33,11.17,61.82,9.67,143.95,0.1583,5.771,0.0927,0.5693,0.67
2024-08-29 00:00:00+00:00,0.3578,4.61,22.89,322.5,536.4,59359.01,0.10037,4.252,0.4854,18.47,2527.61,10.94,62.47,9.96,140.0,0.1599,5.837,0.093,0.5619,0.672
2024-08-30 00:00:00+00:00,0.3469,4.645,23.29,324.9,535.2,59123.99,0.10177,4.277,0.486,18.57,2526.0,11.11,64.94,10.23,137.99,0.16,5.892,0.0933,0.5667,0.673
2024-08-31 00:00:00+00:00,0.345,4.56,22.81,322.4,532.9,58973.99,0.10128,4.258,0.481,18.41,2513.01,11.02,64.97,9.86,135.35,0.1577,5.943,0.0926,0.5662,0.66
2024-09-01 00:00:00+00:00,0.3311,4.3,21.42,312.7,512.4,57301.86,0.09509,4.068,0.4556,17.62,2425.72,10.37,63.59,9.19,128.5,0.1556,5.614,0.0899,0.5472,0.63
2024-09-02 00:00:00+00:00,0.3362,4.437,22.37,323.7,526.3,59132.13,0.09912,4.208,0.4758,18.27,2538.01,10.77,65.33,9.71,134.94,0.1542,6.103,0.0923,0.5677,0.656
2024-09-03 00:00:00+00:00,0.3185,4.109,21.38,308.9,518.7,57487.73,0.09677,4.062,0.4539,17.66,2425.29,10.31,64.36,9.35,127.54,0.1503,6.044,0.0914,0.5572,0.624
2024-09-04 00:00:00+00:00,0.3231,4.071,21.9,315.2,507.6,57970.9,0.098,4.111,0.4644,18.07,2450.71,10.34,65.42,9.61,133.64,0.15,6.432,0.0916,0.5579,0.64
2024-09-05 00:00:00+00:00,0.3251,3.908,21.38,307.6,502.4,56180.0,0.09842,4.021,0.4624,17.61,2368.81,10.03,66.08,9.37,129.41,0.1498,6.309,0.0902,0.5444,0.617
2024-09-06 00:00:00+00:00,0.3148,3.716,21.17,295.0,487.2,53962.97,0.09254,3.959,0.4549,17.3,2225.23,9.57,63.05,8.96,125.05,0.1478,6.177,0.088,0.5211,0.598
2024-09-07 00:00:00+00:00,0.3253,3.671,21.8,299.4,493.5,54160.86,0.09539,4.079,0.4623,17.63,2273.58,10.03,62.07,9.09,127.71,0.1515,6.434,0.0885,0.5248,0.607
2024-09-08 00:00:00+00:00,0.339,3.808,23.25,305.4,503.1,54869.95,0.09616,4.161,0.4807,17.94,2297.3,10.35,60.95,9.35,130.15,0.1532,6.348,0.0899,0.5295,0.618
2024-09-09 00:00:00+00:00,0.3435,4.091,23.84,322.2,518.7,57042.0,0.10376,4.286,0.494,18.34,2359.5,10.53,61.42,9.49,135.08,0.1546,6.733,0.0931,0.5395,0.643
2024-09-10 00:00:00+00:00,0.3431,4.132,24.36,329.5,517.0,57635.99,0.1028,4.251,0.49,18.56,2388.52,10.58,61.51,9.62,135.63,0.1531,6.703,0.094,0.5408,0.645
2024-09-11 00:00:00+00:00,0.3532,4.16,23.28,337.6,530.1,57338.0,0.10131,4.191,0.4914,18.46,2340.55,10.4,62.19,9.47,132.42,0.1534,6.751,0.0927,0.5348,0.631
2024-09-12 00:00:00+00:00,0.3564,4.145,24.02,333.0,544.5,58132.32,0.10269,4.294,0.5031,18.56,2361.76,10.78,62.84,9.66,136.05,0.152,6.791,0.095,0.5626,0.645
2024-09-13 00:00:00+00:00,0.3606,4.208,24.91,335.5,556.4,60498.0,0.10696,4.42,0.5057,18.85,2439.19,11.45,64.91,9.78,139.02,0.149,6.939,0.0963,0.5728,0.657
2024-09-14 00:00:00+00:00,0.3539,4.241,25.32,327.0,553.3,59993.03,0.1054,4.437,0.4983,18.61,2417.79,11.29,65.91,9.66,137.14,0.1475,6.666,0.0972,0.5956,0.65
2024-09-15 00:00:00+00:00,0.3385,4.06,23.8,316.4,553.4,59132.0,0.10281,4.393,0.4822,17.79,2316.1,10.81,63.24,9.28,131.37,0.149,6.533,0.0951,0.5706,0.628
2024-09-16 00:00:00+00:00,0.3303,3.97,23.52,311.8,533.7,58213.99,0.09964,4.196,0.4723,17.75,2295.68,10.54,62.62,9.2,131.47,0.1489,6.411,0.095,0.5866,0.628
2024-09-17 00:00:00+00:00,0.3338,4.191,23.77,314.3,546.2,60313.99,0.10112,4.157,0.4814,17.98,2341.8,10.63,63.77,9.28,131.54,0.15,6.788,0.0946,0.5839,0.637
2024-09-18 00:00:00+00:00,0.3441,4.376,24.68,327.0,559.5,61759.99,0.10385,4.176,0.4903,18.32,2374.75,10.89,64.84,9.54,134.34,0.1496,6.776,0.0961,0.5852,0.65
2024-09-19 00:00:00+00:00,0.351,4.507,26.66,340.0,567.0,62947.99,0.10499,4.255,0.5085,18.79,2465.21,11.21,65.4,9.75,142.89,0.1515,6.797,0.096,0.5868,0.679
2024-09-20 00:00:00+00:00,0.3522,4.527,27.67,335.8,569.0,63201.05,0.10555,4.34,0.5174,19.0,2561.4,11.44,65.33,10.11,146.66,0.152,6.828,0.0961,0.5851,0.693
2024-09-21 00:00:00+00:00,0.3584,4.722,27.79,345.5,588.6,63348.96,0.10993,4.462,0.5278,19.37,2612.4,11.5,66.84,10.44,149.41,0.152,6.904,0.098,0.5976,0.705
2024-09-22 00:00:00+00:00,0.3517,4.593,27.29,342.6,588.7,63578.76,0.10633,4.311,0.5176,18.9,2581.0,11.13,68.68,10.08,144.63,0.1517,6.636,0.0961,0.5871,0.692
2024-09-23 00:00:00+00:00,0.3637,4.581,27.39,342.0,604.5,63339.99,0.10807,4.458,0.5229,19.1,2646.97,11.39,66.96,10.04,144.79,0.1523,6.822,0.0964,0.5847,0.698
2024-09-24 00:00:00+00:00,0.3878,4.817,28.46,348.0,605.9,64262.7,0.10979,4.635,0.5262,19.42,2653.2,12.15,66.7,10.57,152.73,0.1513,6.925,0.0968,0.5911,0.711
2024-09-25 00:00:00+00:00,0.3809,4.78,27.28,343.5,587.4,63152.01,0.10849,4.637,0.5253,19.3,2579.95,12.11,66.55,10.32,147.98,0.15,6.777,0.0959,0.5831,0.707
2024-09-26 00:00:00+00:00,0.4014,5.007,29.16,351.8,596.3,65173.99,0.11818,4.814,0.5388,20.31,2632.26,12.56,68.54,10.92,155.55,0.1532,7.357,0.0979,0.5905,0.74
2024-09-27 00:00:00+00:00,0.4017,5.14,30.43,358.8,606.8,65769.95,0.12351,4.882,0.5435,20.83,2694.43,12.67,71.13,10.94,157.64,0.1552,7.617,0.0994,0.5888,0.756
2024-09-28 00:00:00+00:00,0.4006,5.016,29.28,352.3,601.1,65858.0,0.12806,4.794,0.5352,20.55,2675.21,12.95,69.95,10.88,156.75,0.1551,7.603,0.0993,0.6138,0.742
2024-09-29 00:00:00+00:00,0.3975,5.026,29.04,352.6,595.6,65602.01,0.12438,4.767,0.5402,20.43,2657.62,12.46,69.27,10.82,158.46,0.1565,7.454,0.1017,0.6412,0.746
2024-09-30 00:00:00+00:00,0.3733,4.726,27.71,337.2,567.4,63327.59,0.11421,4.432,0.5151,19.46,2602.23,11.85,66.82,10.61,152.49,0.156,7.392,0.0985,0.6114,0.705
2024-10-01 00:00:00+00:00,0.352,4.441,25.82,317.8,547.3,60805.78,0.10685,4.154,0.4748,18.41,2447.79,11.01,63.41,9.83,145.13,0.1536,6.869,0.0939,0.5967,0.659
2024-10-02 00:00:00+00:00,0.3432,4.433,25.33,316.1,542.5,60649.28,0.10462,4.102,0.4665,17.94,2364.1,10.66,62.95,9.67,140.18,0.1544,6.671,0.0905,0.5383,0.644
2024-10-03 00:00:00+00:00,0.3453,4.382,24.66,320.3,544.8,60752.71,0.10507,4.129,0.466,18.51,2349.8,10.66,63.44,9.65,136.82,0.1577,6.566,0.0904,0.5217,0.638
2024-10-04 00:00:00+00:00,0.3517,4.619,26.27,324.8,555.3,62086.0,0.10924,4.194,0.4765,18.77,2414.41,11.08,64.95,9.97,143.24,0.1565,6.718,0.0918,0.534,0.657
2024-10-05 00:00:00+00:00,0.351,4.628,25.67,321.8,563.0,62058.0,0.1094,4.139,0.4723,18.55,2414.66,11.27,66.29,9.93,142.59,0.1535,6.829,0.092,0.5294,0.664
2024-10-06 00:00:00+00:00,0.3575,4.649,26.94,324.6,570.3,62819.91,0.11159,4.191,0.4762,18.76,2440.03,11.27,67.02,10.36,146.48,0.1543,7.079,0.0923,0.5336,0.678
2024-10-07 00:00:00+00:00,0.3512,4.421,26.56,323.7,564.3,62224.0,0.10841,4.131,0.4715,18.57,2422.71,11.16,64.77,10.18,143.96,0.1559,7.229,0.0911,0.5286,0.662
2024-10-08 00:00:00+00:00,0.3448,4.349,26.34,329.1,580.8,62160.49,0.10709,4.104,0.4683,18.34,2440.89,10.82,65.69,10.28,143.49,0.16,7.175,0.09,0.531,0.655
2024-10-09 00:00:00+00:00,0.3396,4.23,25.76,320.6,570.7,60636.02,0.10794,4.024,0.4567,18.12,2370.47,10.53,64.59,10.0,139.33,0.1605,7.293,0.0898,0.5245,0.65
2024-10-10 00:00:00+00:00,0.3396,4.135,25.86,323.0,563.9,60326.39,0.10603,4.073,0.463,18.2,2386.49,10.56,64.32,10.16,139.03,0.1588,8.133,0.0902,0.5305,0.65
2024-10-11 00:00:00+00:00,0.3517,4.278,27.45,327.0,573.6,62540.0,0.11077,4.171,0.4766,18.59,2439.5,10.91,65.58,10.7,145.53,0.1598,7.891,0.0918,0.5388,0.683
2024-10-12 00:00:00+00:00,0.3532,4.347,28.64,329.2,576.6,63206.22,0.11138,4.205,0.4758,18.77,2476.4,11.01,66.19,10.61,146.4,0.1625,8.124,0.092,0.5393,0.693
2024-10-13 00:00:00+00:00,0.3486,4.34,29.06,321.3,572.2,62870.02,0.1114,4.162,0.4719,18.55,2468.91,10.75,64.8,10.42,147.74,0.1626,7.682,0.0905,0.5321,0.687
2024-10-14 00:00:00+00:00,0.3643,4.516,29.07,369.6,589.1,66083.99,0.11669,4.378,0.4935,19.5,2629.79,11.28,66.83,10.82,157.59,0.1606,8.135,0.0934,0.5483,0.707
2024-10-15 00:00:00+00:00,0.3591,4.486,28.21,354.7,594.5,67074.14,0.11748,4.406,0.4885,19.36,2607.41,11.45,70.87,10.69,154.76,0.1588,7.844,0.093,0.5417,0.701
2024-10-16 00:00:00+00:00,0.3521,4.437,28.02,365.6,600.9,67620.01,0.12573,4.314,0.4867,19.38,2611.1,11.24,70.08,10.62,154.28,0.1601,7.571,0.0956,0.5482,0.692
2024-10-17 00:00:00+00:00,0.3432,4.305,27.31,369.7,592.9,67421.78,0.12967,4.193,0.4787,19.04,2605.8,11.03,72.8,10.38,150.5,0.1594,7.347,0.095,0.5441,0.677
2024-10-18 00:00:00+00:00,0.3507,4.352,28.1,367.3,599.2,68428.0,0.13716,4.31,0.4837,19.36,2642.17,11.48,73.11,10.57,154.94,0.1585,7.466,0.0967,0.5465,0.694
2024-10-19 00:00:00+00:00,0.3513,4.466,28.1,363.3,597.7,68378.0,0.14407,4.432,0.4904,19.9,2648.2,11.42,74.9,10.65,159.79,0.1567,7.318,0.0969,0.544,0.694
2024-10-20 00:00:00+00:00,0.3649,4.694,28.96,369.9,605.9,69031.99,0.14214,4.579,0.5035,20.2,2746.91,11.98,74.3,10.97,167.4,0.1567,7.76,0.0972,0.5482,0.711
2024-10-21 00:00:00+00:00,0.3609,4.898,27.75,363.6,598.8,67377.5,0.14367,4.377,0.4902,19.42,2666.7,11.71,70.77,10.56,166.17,0.1584,7.792,0.0953,0.5449,0.694
2024-10-22 00:00:00+00:00,0.3645,4.786,27.64,357.3,593.8,67426.0,0.1397,4.322,0.4841,19.07,2622.81,11.97,70.04,10.46,167.59,0.1603,7.998,0.0953,0.5339,0.684
2024-10-23 00:00:00+00:00,0.3497,4.62,26.75,348.1,584.9,66668.65,0.13997,4.21,0.4688,18.64,2524.61,11.32,70.04,10.11,170.85,0.1603,7.857,0.0944,0.5258,0.662
2024-10-24 00:00:00+00:00,0.3465,4.85,26.83,367.9,594.5,68198.28,0.14188,4.206,0.4749,18.87,2535.82,11.62,71.18,10.14,177.19,0.1646,8.042,0.0967,0.532,0.669
2024-10-25 00:00:00+00:00,0.3261,4.415,24.93,349.1,575.3,66698.33,0.13161,3.996,0.4423,18.25,2440.62,11.13,68.84,9.42,164.9,0.1626,7.432,0.0934,0.5022,0.626
2024-10-26 00:00:00+00:00,0.3337,4.372,25.41,348.0,583.4,67092.76,0.13747,4.035,0.4446,18.23,2482.51,11.01,68.47,9.4,170.88,0.1652,7.443,0.0942,0.5134,0.631
2024-10-27 00:00:00+00:00,0.3399,4.454,25.77,352.2,589.2,68021.7,0.14426,4.128,0.4521,18.41,2507.8,10.99,71.06,9.56,176.63,0.164,7.534,0.0943,0.5168,0.639
2024-10-28 00:00:00+00:00,0.3437,4.457,26.25,365.3,601.1,69962.21,0.16146,4.132,0.4569,19.0,2567.48,11.18,70.8,9.71,178.29,0.1642,7.783,0.0944,0.5195,0.648
2024-10-29 00:00:00+00:00,0.3561,4.537,26.88,386.1,606.3,72736.42,0.17586,4.193,0.4686,19.43,2638.8,11.8,73.98,10.23,179.42,0.1663,7.936,0.0967,0.5284,0.678
2024-10-30 00:00:00+00:00,0.355,4.455,26.18,368.9,595.6,72344.74,0.16828,4.191,0.4616,19.45,2659.19,12.39,71.76,10.04,174.87,0.1692,8.114,0.0947,0.5229,0.661
2024-10-31 00:00:00+00:00,0.3418,4.237,25.03,358.9,576.6,70292.01,0.16164,3.959,0.4413,18.6,2518.61,11.41,69.33,9.53,168.69,0.1684,7.612,0.0924,0.5095,0.63
2024-11-01 00:00:00+00:00,0.3575,4.175,24.78,349.6,573.1,69496.01,0.15916,3.908,0.4347,18.46,2511.49,11.25,70.27,9.35,166.1,0.1674,7.551,0.0932,0.5131,0.628
2024-11-02 00:00:00+00:00,0.3482,4.101,24.12,353.7,568.6,69374.74,0.15955,3.908,0.4285,18.12,2494.23,11.19,69.2,9.28,166.17,0.1661,7.392,0.0926,0.5103,0.623
2024-11-03 00:00:00+00:00,0.3341,3.977,23.54,340.1,557.7,68775.99,0.15139,3.784,0.4157,17.8,2457.73,10.76,66.86,9.06,162.53,0.1651,7.047,0.0906,0.503,0.599
2024-11-04 00:00:00+00:00,0.3263,3.917,22.72,329.2,552.5,67850.01,0.15822,3.752,0.4093,17.6,2398.21,10.26,65.56,8.82,157.95,0.1629,6.784,0.0911,0.5035,0.593
2024-11-05 00:00:00+00:00,0.3336,4.202,23.99,342.9,563.21,69372.01,0.16999,3.855,0.4242,18.22,2422.55,10.83,65.39,9.26,166.62,0.1602,7.196,0.0934,0.514,0.615
2024-11-06 00:00:00+00:00,0.363,4.51,27.01,378.4,592.22,75571.99,0.19646,4.111,0.4552,19.69,2721.87,12.17,71.01,10.04,186.59,0.1625,9.288,0.097,0.5418,0.652
2024-11-07 00:00:00+00:00,0.4065,4.529,27.38,377.5,598.26,75857.89,0.19324,4.163,0.4664,20.27,2895.47,12.59,71.45,10.31,196.35,0.1601,8.901,0.1021,0.5556,0.657
2024-11-08 00:00:00+00:00,0.4447,4.718,28.78,377.0,597.82,76509.78,0.20197,4.325,0.4746,20.45,2961.75,13.69,72.78,10.35,199.85,0.1609,8.854,0.1012,0.5537,0.671
2024-11-09 00:00:00+00:00,0.4967,4.794,30.36,405.0,624.66,76677.46,0.2189,4.63,0.4875,21.76,3126.21,13.78,73.98,10.67,199.89,0.1621,9.244,0.1022,0.5593,0.687
2024-11-10 00:00:00+00:00,0.5901,5.268,31.89,441.3,627.33,80370.01,0.27778,5.241,0.5791,23.02,3183.21,14.25,76.58,11.48,210.07,0.1639,9.212,0.1084,0.5884,0.719
2024-11-11 00:00:00+00:00,0.6132,5.663,35.71,472.6,659.63,88647.99,0.35136,5.71,0.5822,24.37,3371.59,14.91,80.03,12.35,222.13,0.1677,9.332,0.1147,0.6207,0.752
2024-11-12 00:00:00+00:00,0.5709,5.306,33.96,432.3,625.33,87952.01,0.37985,5.308,0.5751,22.75,3243.8,13.95,76.69,11.49,211.64,0.1873,8.942,0.1344,0.704,0.74
2024-11-13 00:00:00+00:00,0.5783,5.121,33.12,439.4,620.68,90375.2,0.39903,5.073,0.548,22.09,3187.16,13.48,75.39,11.22,215.13,0.177,8.628,0.1242,0.6898,0.732
2024-11-14 00:00:00+00:00,0.5792,4.953,31.21,415.0,622.3,87325.59,0.36254,4.775,0.5486,21.8,3058.82,13.0,82.38,11.09,209.57,0.1765,8.178,0.1312,0.7736,0.71
2024-11-15 00:00:00+00:00,0.7071,5.261,33.13,431.6,619.37,91032.07,0.3815,5.161,0.5856,22.99,3090.01,13.84,83.7,11.61,218.45,0.1912,8.568,0.1457,0.8922,0.748
2024-11-16 00:00:00+00:00,0.7416,6.122,35.14,461.7,622.69,90586.92,0.36421,5.787,0.6734,26.73,3132.87,14.52,95.42,12.93,215.71,0.2002,9.079,0.2207,1.1209,0.869
2024-11-17 00:00:00+00:00,0.7026,5.691,34.71,433.1,618.9,89855.99,0.36704,5.424,0.6166,25.84,3076.0,13.78,87.2,12.06,237.47,0.1993,8.751,0.1964,1.0543,0.793
2024-11-18 00:00:00+00:00,0.7325,6.469,35.48,452.5,618.93,90464.08,0.37113,6.008,0.6791,27.04,3207.8,15.26,89.22,12.98,239.79,0.2022,9.242,0.2318,1.1137,1.177
2024-11-19 00:00:00+00:00,0.7387,6.26,34.2,446.8,615.5,92310.79,0.39067,5.805,0.6517,26.16,3107.44,14.62,86.68,12.79,237.63,0.1995,9.399,0.2315,1.1003,1.053
2024-11-20 00:00:00+00:00,0.8003,6.197,33.59,439.9,605.39,94286.56,0.37778,5.724,0.6236,25.37,3069.97,14.24,83.38,12.29,235.48,0.1947,8.814,0.2474,1.1041,1.058
2024-11-21 00:00:00+00:00,0.8218,6.421,35.84,484.4,621.86,98317.12,0.38664,5.93,0.6678,27.34,3355.81,14.89,89.51,13.26,256.37,0.1985,9.246,0.2624,1.247,1.057
2024-11-22 00:00:00+00:00,1.0175,7.55,43.17,490.5,633.0,98892.0,0.41277,6.63,0.744,28.52,3327.78,16.57,92.2,13.85,256.9,0.2048,9.934,0.3399,1.4726,1.127
2024-11-23 00:00:00+00:00,1.0658,8.223,41.44,510.1,650.42,97672.4,0.43015,8.515,0.7639,29.64,3393.91,17.38,99.5,14.4,254.89,0.212,10.733,0.5218,1.4685,1.151
2024-11-24 00:00:00+00:00,1.0226,8.757,42.06,515.2,659.65,97900.04,0.43023,8.825,0.8505,28.84,3361.2,17.91,96.92,15.4,252.73,0.2085,10.899,0.5362,1.4331,1.412
2024-11-25 00:00:00+00:00,0.9435,7.922,41.31,491.9,636.2,93010.01,0.39264,8.232,0.8012,29.77,3414.49,17.34,92.26,14.32,234.18,0.1959,11.128,0.4817,1.4142,1.244
2024-11-26 00:00:00+00:00,0.9603,8.011,42.72,492.2,613.51,91965.16,0.38705,8.065,0.7961,28.33,3324.73,17.34,92.82,14.13,230.69,0.1944,10.874,0.4385,1.3984,1.2
2024-11-27 00:00:00+00:00,1.0116,8.323,43.78,517.4,644.14,95863.11,0.40093,8.456,0.8298,32.9,3653.28,18.66,97.23,15.11,241.96,0.2011,13.53,0.4833,1.4696,1.269
2024-11-28 00:00:00+00:00,1.0321,8.219,42.77,511.1,653.83,95643.98,0.4016,8.615,0.8145,31.91,3578.79,17.93,95.54,14.8,237.59,0.2032,12.76,0.5002,1.5421,1.279
2024-11-29 00:00:00+00:00,1.0755,8.774,44.86,518.3,654.67,97460.0,0.42636,9.026,0.9546,31.94,3592.21,18.24,104.77,15.71,243.33,0.2044,12.573,0.5478,1.8006,1.368
2024-11-30 00:00:00+00:00,1.079,8.573,44.81,525.9,653.43,96407.99,0.4216,8.945,0.9395,32.7,3703.6,19.0,102.74,16.01,237.6,0.2049,12.782,0.5249,1.9513,1.671
2024-12-01 00:00:00+00:00,1.1496,8.907,45.09,532.0,655.99,97185.18,0.44045,9.289,1.1031,33.32,3707.61,18.92,119.55,16.33,236.8,0.2072,13.06,0.5607,2.2937,1.663
2024-12-02 00:00:00+00:00,1.2022,9.568,52.27,538.3,647.82,95840.62,0.42457,10.011,1.1135,33.87,3643.42,25.23,132.93,18.04,225.72,0.221,14.007,0.5393,2.7245,1.641
2024-12-03 00:00:00+00:00,1.1914,9.576,50.9,585.6,734.64,95849.69,0.40632,9.78,1.2953,34.72,3614.51,24.09,130.89,26.09,233.92,0.4334,15.119,0.5066,2.5102,1.716
2024-12-04 00:00:00+00:00,1.1871,9.931,52.76,583.7,739.53,98587.32,0.43274,10.512,1.3284,37.7,3837.8,24.07,133.69,22.03,229.15,0.3306,15.674,0.4892,2.3574,1.721
2024-12-05 00:00:00+00:00,1.1597,9.571,50.3,588.6,717.1,96945.63,0.42682,10.369,1.3537,35.61,3785.2,23.15,135.78,21.08,235.84,0.3223,15.025,0.4709,2.2446,1.648
2024-12-06 00:00:00+00:00,1.2278,10.393,52.47,618.6,730.22,99740.84,0.43467,10.673,1.3676,38.27,3998.87,25.87,135.93,21.52,236.87,0.3255,17.56,0.4957,2.4257,1.755
2024-12-07 00:00:00+00:00,1.2103,10.175,51.6,607.6,749.72,99831.99,0.45281,10.592,1.3444,37.2,3996.22,24.79,133.79,21.2,238.14,0.3188,18.061,0.5038,2.6099,1.792
2024-12-08 00:00:00+00:00,1.1936,10.127,53.98,622.3,742.0,101109.59,0.46635,10.392,1.3193,37.08,4004.15,26.09,134.91,21.28,237.02,0.3183,18.601,0.4931,2.6013,1.754
2024-12-09 00:00:00+00:00,1.0034,8.395,45.02,551.5,689.19,97276.47,0.41403,8.468,1.0554,31.35,3712.0,22.25,110.44,17.15,216.63,0.2629,16.025,0.4103,2.2124,1.437
2024-12-10 00:00:00+00:00,1.0215,7.941,44.6,516.2,676.8,96593.0,0.39392,8.395,1.0424,30.19,3628.25,22.12,109.8,16.88,213.6,0.2694,15.254,0.4365,2.3709,1.42
2024-12-11 00:00:00+00:00,1.0868,8.823,48.47,546.6,711.21,101125.0,0.41402,8.993,1.0906,33.49,3831.81,24.07,117.3,18.19,227.29,0.2822,17.159,0.4351,2.3941,1.478
2024-12-12 00:00:00+00:00,1.1231,8.948,53.14,540.1,705.77,100004.29,0.40611,9.061,1.0991,33.82,3881.61,29.13,119.24,18.54,226.96,0.2969,17.715,0.425,2.3384,1.478
2024-12-13 00:00:00+00:00,1.1213,9.199,52.78,542.5,725.72,101424.25,0.40901,9.089,1.1086,34.01,3906.8,28.99,124.52,18.79,224.79,0.2906,17.49,0.4379,2.4217,1.476
2024-12-14 00:00:00+00:00,1.061,8.971,49.85,534.0,715.79,101420.0,0.39828,8.551,1.0415,32.56,3870.29,29.12,118.21,17.83,219.93,0.2823,16.75,0.4243,2.4005,1.408
2024-12-15 00:00:00+00:00,1.0996,9.11,50.76,546.2,718.87,104463.99,0.40659,9.028,1.0819,33.79,3959.09,29.26,121.11,18.48,224.27,0.2856,17.073,0.4304,2.4469,1.504
2024-12-16 00:00:00+00:00,1.0775,8.887,48.98,538.1,720.58,106058.66,0.40195,8.756,1.0359,33.21,3986.24,28.73,117.99,17.92,216.19,0.2967,16.233,0.4187,2.4841,1.458
2024-12-17 00:00:00+00:00,1.0522,8.546,47.92,529.9,717.69,106133.74,0.39415,8.487,1.0306,32.5,3893.01,27.86,125.63,17.22,223.15,0.2796,16.242,0.4292,2.5673,1.446
2024-12-18 00:00:00+00:00,0.9681,7.655,42.78,480.4,686.38,100204.01,0.35824,7.679,0.9008,29.4,3626.8,24.86,108.35,15.47,206.53,0.2581,14.807,0.3959,2.3103,1.329
2024-12-19 00:00:00+00:00,0.8806,6.816,38.83,438.7,665.62,97461.86,0.31431,6.941,0.8182,26.72,3417.01,22.81,99.36,14.05,193.81,0.2513,12.726,0.3697,2.239,1.202
2024-12-20 00:00:00+00:00,0.9501,6.916,39.86,449.2,678.6,97805.44,0.31793,7.29,0.8408,27.44,3472.21,23.39,101.38,14.62,194.48,0.2486,13.677,0.3751,2.2793,1.248
2024-12-21 00:00:00+00:00,0.9052,6.524,37.42,456.1,663.49,97291.99,0.32042,6.973,0.7904,26.03,3338.92,22.13,101.56,13.75,181.45,0.2449,13.384,0.3561,2.238,1.3
2024-12-22 00:00:00+00:00,0.8834,6.404,36.57,445.8,649.77,95186.27,0.31262,6.842,0.785,25.98,3281.83,22.08,99.78,13.98,180.52,0.2442,13.9,0.3564,2.2031,1.253
2024-12-23 00:00:00+00:00,0.9264,6.955,39.11,460.9,694.16,94881.47,0.32497,7.385,0.8454,27.55,3422.53,24.55,106.77,14.9,190.11,0.2526,14.291,0.371,2.2617,1.357
2024-12-24 00:00:00+00:00,0.9358,7.048,41.25,470.3,696.9,98663.58,0.3371,7.552,0.8701,27.94,3493.18,25.42,108.35,15.37,197.09,0.2564,14.592,0.4025,2.3238,1.431
2024-12-25 00:00:00+00:00,0.9176,6.944,40.25,465.4,702.72,99429.6,0.33433,7.502,0.8443,27.32,3497.0,24.44,109.82,14.84,197.44,0.258,13.911,0.3829,2.2973,1.443
2024-12-26 00:00:00+00:00,0.8611,6.486,37.33,437.3,689.4,95791.6,0.31274,6.932,0.7824,25.87,3335.05,22.68,102.23,13.88,188.46,0.2537,13.266,0.3547,2.1559,1.348
2024-12-27 00:00:00+00:00,0.8771,6.47,36.56,441.3,691.85,94299.03,0.31186,6.91,0.7848,25.99,3333.51,21.57,100.58,13.94,184.22,0.2594,13.353,0.3498,2.1466,1.343
2024-12-28 00:00:00+00:00,0.8895,6.615,37.74,451.6,722.13,95300.0,0.32439,7.113,0.8085,26.57,3404.0,21.99,100.74,14.77,195.5,0.2584,13.575,0.3563,2.1843,1.43
2024-12-29 00:00:00+00:00,0.859,6.294,35.84,439.1,694.71,93738.2,0.31435,6.865,0.7765,25.54,3356.48,20.96,98.51,14.0,189.94,0.2578,13.006,0.3382,2.0942,1.339
2024-12-30 00:00:00+00:00,0.8615,6.351,35.97,444.0,705.36,92792.05,0.31396,6.704,0.7736,25.44,3361.84,20.58,99.4,13.9,191.38,0.2534,13.325,0.3319,2.0587,1.354
2024-12-31 00:00:00+00:00,0.8451,6.19,35.71,434.5,702.3,93576.0,0.316,6.643,0.7748,25.06,3337.78,20.01,103.28,13.55,189.31,0.2548,13.243,0.3327,2.0836,1.286
2025-01-01 00:00:00+00:00,0.9222,6.547,37.78,450.5,707.84,94591.79,0.32513,7.051,0.8123,25.81,3360.38,21.73,105.24,14.36,194.28,0.2559,13.629,0.4258,2.3328,1.367
2025-01-02 00:00:00+00:00,0.9612,6.701,39.28,461.7,706.25,96984.79,0.33893,7.177,0.8209,26.9,3455.67,22.07,105.14,14.62,208.31,0.2651,14.381,0.4321,2.4024,1.368
2025-01-03 00:00:00+00:00,1.0894,7.423,41.94,473.9,714.88,98174.18,0.37989,7.754,0.9259,28.44,3609.01,23.48,112.71,16.15,217.99,0.2702,15.213,0.4481,2.4547,1.437
2025-01-04 00:00:00+00:00,1.0707,7.295,42.63,478.9,713.41,98220.5,0.39483,7.677,0.9009,28.36,3656.88,23.6,111.21,15.92,216.67,0.2697,15.277,0.4504,2.4201,1.418
2025-01-05 00:00:00+00:00,1.0911,7.342,43.11,470.9,709.29,98363.61,0.3823,7.671,0.9017,28.13,3635.99,23.58,115.72,15.96,213.41,0.2627,15.159,0.4407,2.3994,1.448
2025-01-06 00:00:00+00:00,1.0934,7.453,44.05,483.0,729.42,102235.6,0.38782,7.768,0.9175,28.67,3687.45,23.83,114.01,16.52,218.22,0.2684,15.077,0.4466,2.42,1.449
2025-01-07 00:00:00+00:00,0.9892,6.772,39.21,436.9,698.01,96954.61,0.348,7.014,0.8206,25.9,3381.31,21.38,102.72,14.74,202.17,0.2526,13.531,0.4178,2.2712,1.308
2025-01-08 00:00:00+00:00,0.9468,6.461,37.43,434.4,696.03,95060.61,0.3423,6.76,0.7945,25.26,3327.29,20.44,101.43,14.58,197.48,0.2505,13.118,0.4255,2.3731,1.325
2025-01-09 00:00:00+00:00,0.9045,6.397,36.2,421.9,685.48,92552.49,0.321,6.559,0.7821,24.88,3219.2,19.65,102.23,14.91,184.95,0.2402,12.867,0.3913,2.2722,1.274
2025-01-10 00:00:00+00:00,0.9303,6.651,36.67,450.1,693.21,94726.11,0.33388,6.732,0.7977,25.66,3267.04,20.24,103.96,15.14,187.68,0.2445,13.941,0.4143,2.3414,1.284
2025-01-11 00:00:00+00:00,0.9955,6.616,37.13,441.0,696.7,94599.99,0.3412,6.742,0.8051,25.55,3282.83,20.21,104.39,15.3,188.09,0.241,13.645,0.4459,2.5764,1.28
2025-01-12 00:00:00+00:00,0.9677,6.459,36.56,447.9,693.34,94545.06,0.33591,6.632,0.7873,25.26,3267.3,19.84,102.34,14.81,188.51,0.2336,13.631,0.4224,2.5046,1.257
2025-01-13 00:00:00+00:00,0.9444,6.285,35.29,428.0,688.64,94536.1,0.33807,6.396,0.7638,24.59,3137.51,19.35,98.37,14.37,182.87,0.2228,12.893,0.4196,2.5232,1.236
2025-01-14 00:00:00+00:00,0.9972,6.272,36.57,437.9,698.89,96560.86,0.35591,6.665,0.7945,25.4,3225.63,20.32,102.45,14.88,187.57,0.2209,13.314,0.4303,2.6673,1.272
2025-01-15 00:00:00+00:00,1.0755,6.665,39.82,460.3,714.59,100497.35,0.38537,7.165,0.8696,27.13,3451.52,22.1,116.96,16.13,205.86,0.2381,14.542,0.4881,3.1429,1.35
2025-01-16 00:00:00+00:00,1.0892,6.594,40.06,461.7,708.1,99987.3,0.37649,7.15,0.9258,26.7,3308.05,23.03,124.41,16.13,211.14,0.2371,14.097,0.4819,3.2451,1.354
2025-01-17 00:00:00+00:00,1.133,7.055,41.38,489.4,721.76,104077.48,0.41525,7.503,0.9862,28.26,3473.63,25.09,137.04,16.94,219.51,0.2487,14.98,0.4877,3.2922,1.418
2025-01-18 00:00:00+00:00,1.1045,6.595,39.25,466.4,709.52,104556.23,0.39641,7.043,0.9254,26.93,3307.71,24.12,125.4,15.78,261.97,0.2423,14.171,0.4907,3.2697,1.33
2025-01-19 00:00:00+00:00,0.993,5.892,35.68,427.7,683.19,101331.57,0.3584,6.247,0.8144,25.43,3215.12,24.34,115.57,14.15,252.42,0.2287,13.287,0.4332,2.9587,1.22
2025-01-20 00:00:00+00:00,1.0094,6.072,36.03,430.9,682.51,102260.01,0.35456,6.381,0.8232,25.8,3284.0,25.09,118.58,14.38,242.19,0.2383,13.524,0.4472,3.1053,1.239
2025-01-21 00:00:00+00:00,1.0058,6.24,36.95,446.5,692.21,106143.82,0.37177,6.622,0.8474,27.12,3327.54,26.67,119.11,14.57,250.33,0.2448,13.507,0.4423,3.1738,1.223
2025-01-22 00:00:00+00:00,0.9827,6.201,36.8,435.4,695.52,103706.66,0.36291,6.447,0.8082,26.83,3242.6,25.3,115.38,14.19,257.36,0.2536,12.89,0.4285,3.1803,1.181
2025-01-23 00:00:00+00:00,0.9867,6.122,35.56,437.3,689.74,103910.34,0.35206,6.351,0.7989,29.02,3338.21,25.65,116.42,14.14,253.11,0.2527,12.81,0.4309,3.1194,1.171
2025-01-24 00:00:00+00:00,0.9712,6.215,35.34,432.0,680.45,104870.5,0.35085,6.32,0.7965,27.39,3310.09,25.18,118.71,13.75,253.37,0.2543,12.464,0.4309,3.1009,1.144
2025-01-25 00:00:00+00:00,0.9766,6.194,36.61,445.4,686.4,104746.85,0.35352,6.323,0.8046,27.04,3318.77,24.93,123.92,13.97,256.41,0.2534,12.093,0.4172,3.108,1.154
2025-01-26 00:00:00+00:00,0.953,6.098,35.75,425.2,667.37,102620.0,0.33605,6.177,0.7751,26.19,3232.61,24.88,117.11,13.64,240.5,0.2462,11.432,0.4063,3.0223,1.117
2025-01-27 00:00:00+00:00,0.9345,5.994,34.2,427.6,679.74,102082.83,0.33397,5.953,0.762,26.0,3182.44,24.21,115.06,13.62,234.89,0.2465,11.006,0.4075,3.0552,1.101
2025-01-28 00:00:00+00:00,0.9169,5.668,32.08,410.5,661.29,101335.52,0.31871,5.649,0.7239,24.98,3077.72,22.61,109.92,12.68,227.06,0.2399,11.142,0.3927,3.0572,1.046
2025-01-29 00:00:00+00:00,0.9399,5.823,32.8,415.0,667.97,103733.24,0.32404,5.768,0.7354,25.54,3113.9,23.66,115.9,13.06,228.16,0.2402,11.733,0.3927,3.0683,1.061
2025-01-30 00:00:00+00:00,0.9595,6.213,34.29,434.7,677.53,104722.94,0.33153,6.125,0.7666,26.28,3247.39,24.46,130.15,13.81,238.31,0.2519,11.967,0.4286,3.1276,1.091
2025-01-31 00:00:00+00:00,0.9429,6.242,34.42,424.2,677.47,102429.56,0.3289,6.321,0.7868,26.83,3300.99,25.17,128.09,14.34,231.77,0.2537,11.774,0.4142,3.0361,1.094
2025-02-01 00:00:00+00:00,0.8948,5.818,32.11,404.0,652.94,100635.65,0.30792,5.905,0.7377,24.96,3117.54,22.98,118.04,13.48,213.03,0.2443,10.861,0.3922,2.8778,1.007
2025-02-02 00:00:00+00:00,0.8052,4.882,27.63,360.4,617.8,97700.59,0.26808,5.153,0.6402,22.5,2869.68,20.46,109.12,11.47,203.51,0.2255,9.184,0.354,2.58,0.888
2025-02-03 00:00:00+00:00,0.812,4.927,28.39,353.2,617.21,101328.52,0.28485,5.176,0.6455,22.05,2879.9,21.64,106.91,11.65,216.28,0.2287,9.956,0.3705,2.7001,0.938
2025-02-04 00:00:00+00:00,0.7439,4.69,26.46,329.7,572.69,97763.13,0.26345,4.742,0.6134,20.66,2731.19,19.97,101.07,11.07,206.64,0.2245,9.069,0.3408,2.5274,0.878
2025-02-05 00:00:00+00:00,0.7325,4.676,25.84,328.0,569.55,96612.43,0.25619,4.689,0.5998,20.69,2788.25,19.19,103.38,10.78,196.12,0.2225,9.274,0.3271,2.381,0.864
2025-02-06 00:00:00+00:00,0.7052,4.408,24.5,316.2,571.72,96554.35,0.24789,4.49,0.5769,19.69,2686.64,18.58,101.66,10.41,189.54,0.2316,8.984,0.3182,2.325,0.832
2025-02-07 00:00:00+00:00,0.7072,4.373,24.46,318.6,577.71,96506.8,0.24651,4.593,0.5839,19.81,2622.1,18.39,103.11,10.4,191.99,0.23,9.01,0.3268,2.3968,0.839
2025-02-08 00:00:00+00:00,0.7005,4.569,24.58,323.1,612.39,96444.74,0.25288,4.745,0.606,20.12,2632.46,18.45,104.69,10.8,199.32,0.2313,9.139,0.3315,2.419,0.877
2025-02-09 00:00:00+00:00,0.6814,4.57,24.87,324.5,615.81,96462.75,0.2489,4.762,0.602,20.15,2627.18,18.26,107.2,10.48,200.47,0.2322,9.13,0.314,2.3928,0.881
2025-02-10 00:00:00+00:00,0.7121,4.819,25.67,329.3,618.65,97430.82,0.25542,4.845,0.6392,20.68,2661.19,18.81,120.21,11.05,200.47,0.2462,9.458,0.3132,2.4237,0.892
2025-02-11 00:00:00+00:00,0.7781,4.704,25.39,331.4,642.11,95778.2,0.25305,4.809,0.624,20.22,2602.59,18.66,119.27,10.89,197.96,0.241,9.381,0.3181,2.4131,0.864
2025-02-12 00:00:00+00:00,0.7997,5.067,26.49,343.1,696.93,97869.99,0.26418,5.227,0.6603,21.38,2738.27,19.2,122.04,11.63,196.78,0.2433,9.951,0.3331,2.4734,0.919
2025-02-13 00:00:00+00:00,0.8107,4.99,25.39,335.0,664.72,96608.14,0.26245,5.131,0.6446,21.14,2675.87,18.56,126.61,11.32,194.25,0.2342,9.889,0.3371,2.5599,0.899
2025-02-14 00:00:00+00:00,0.7998,4.91,26.39,341.5,659.71,97500.48,0.2718,5.17,0.6659,21.39,2725.95,19.38,124.91,11.43,199.39,0.2315,10.056,0.3506,2.7384,0.914
2025-02-15 00:00:00+00:00,0.7811,4.83,25.48,332.9,662.21,97569.66,0.27174,5.022,0.6455,20.8,2693.04,18.99,133.86,10.99,194.48,0.2375,9.811,0.3489,2.7619,0.886
2025-02-16 00:00:00+00:00,0.7714,4.765,24.85,326.3,673.1,96118.12,0.26555,4.88,0.6305,20.45,2661.41,18.69,125.71,10.88,188.27,0.2424,9.585,0.3426,2.7283,0.898
2025-02-17 00:00:00+00:00,0.8089,4.815,25.03,323.8,667.51,95780.0,0.25819,4.89,0.6368,20.9,2744.05,19.12,122.31,10.89,177.53,0.2388,9.947,0.3341,2.6599,0.891
2025-02-18 00:00:00+00:00,0.7541,4.573,23.52,316.3,648.18,95671.74,0.25137,4.769,0.6147,20.18,2671.99,17.88,129.75,10.48,169.32,0.2392,9.632,0.3235,2.5628,0.854
2025-02-19 00:00:00+00:00,0.7738,4.689,23.74,322.8,653.38,96644.37,0.2548,4.886,0.6336,21.17,2715.5,17.98,134.88,10.64,168.93,0.2424,9.434,0.3419,2.7378,0.873
2025-02-20 00:00:00+00:00,0.8036,4.924,25.15,325.9,656.36,98305.0,0.25474,5.047,0.6432,20.93,2738.04,18.28,130.82,10.96,176.0,0.2464,9.341,0.3447,2.6877,0.896
2025-02-21 00:00:00+00:00,0.7621,4.771,24.54,313.8,647.47,96181.98,0.23966,5.061,0.6216,20.22,2663.0,17.43,128.1,10.41,168.94,0.2379,8.743,0.3261,2.5721,0.872
2025-02-22 00:00:00+00:00,0.7734,4.965,25.83,320.9,668.57,96551.01,0.24656,5.043,0.6438,20.47,2763.22,17.76,125.9,10.77,172.07,0.2393,9.039,0.3344,2.574,0.894
2025-02-23 00:00:00+00:00,0.7697,4.878,24.85,327.8,658.42,96258.0,0.24285,4.953,0.6423,20.75,2819.69,17.62,129.85,10.6,167.94,0.246,9.019,0.3331,2.5763,0.865
2025-02-24 00:00:00+00:00,0.6816,4.358,21.88,291.5,614.2,91552.88,0.21043,4.416,0.5656,18.64,2513.52,15.26,114.77,9.4,141.81,0.2401,7.975,0.2979,2.2783,0.774
2025-02-25 00:00:00+00:00,0.6832,4.457,21.94,291.8,623.49,88680.4,0.21158,4.64,0.5636,18.89,2495.7,15.31,114.55,9.56,144.33,0.2309,8.312,0.2955,2.3222,0.778
2025-02-26 00:00:00+00:00,0.6474,4.609,21.87,294.0,611.57,84250.09,0.20355,4.754,0.556,18.76,2336.37,15.26,124.68,9.46,135.32,0.2272,7.908,0.2866,2.1982,0.761
2025-02-27 00:00:00+00:00,0.6451,4.572,22.52,296.8,605.41,84708.58,0.20687,4.934,0.5618,18.71,2307.72,15.1,126.86,9.53,137.68,0.2286,7.868,0.2833,2.1985,0.762
2025-02-28 00:00:00+00:00,0.6328,4.635,22.37,315.8,588.07,84349.94,0.20184,4.712,0.5614,19.57,2237.59,14.81,128.04,9.6,148.18,0.2333,7.497,0.2863,2.1453,0.767
2025-03-01 00:00:00+00:00,0.6593,4.494,21.86,311.4,607.93,86064.53,0.20673,4.664,0.5625,19.05,2217.39,14.75,124.31,9.62,143.66,0.2341,7.5,0.3115,2.1916,0.764
2025-03-02 00:00:00+00:00,1.135,4.907,24.95,334.2,623.94,94270.0,0.23931,5.205,0.6411,21.0,2518.11,17.42,127.89,10.27,178.71,0.2441,8.268,0.3511,2.9396,0.859
2025-03-03 00:00:00+00:00,0.8578,4.226,20.95,321.3,576.1,86220.61,0.19913,4.473,0.5522,18.7,2149.01,14.46,109.89,8.72,142.16,0.2312,7.126,0.2925,2.3873,0.742
2025-03-04 00:00:00+00:00,0.9409,4.161,20.0,320.5,584.01,87281.98,0.19905,4.33,0.5341,18.96,2171.51,14.86,103.66,8.75,144.79,0.2426,7.07,0.295,2.4543,0.736
2025-03-05 00:00:00+00:00,0.9741,4.325,21.73,392.2,598.24,90606.01,0.20471,4.526,0.5541,20.5,2241.59,16.43,104.73,9.17,146.28,0.2437,7.52,0.2995,2.4998,0.776
2025-03-06 00:00:00+00:00,0.9065,4.256,20.99,395.0,596.5,89931.89,0.20153,4.431,0.543,19.96,2202.2,17.06,103.39,8.98,143.31,0.2401,7.103,0.2962,2.6001,0.766
2025-03-07 00:00:00+00:00,0.8181,4.263,20.14,389.0,594.77,86801.75,0.19844,4.413,0.5458,20.41,2141.6,15.94,103.71,8.89,139.39,0.2436,7.07,0.2834,2.3855,0.762
2025-03-08 00:00:00+00:00,0.8052,4.109,20.49,385.9,593.1,86222.45,0.19234,4.289,0.5346,20.23,2203.58,15.26,102.34,8.74,137.01,0.2438,7.165,0.2758,2.3261,0.742
2025-03-09 00:00:00+00:00,0.7215,3.806,17.97,357.5,554.65,80734.37,0.16809,4.019,0.4816,17.93,2020.41,13.81,94.62,7.96,126.51,0.2321,6.397,0.263,2.1387,0.68
2025-03-10 00:00:00+00:00,0.6712,3.58,16.26,331.7,531.49,78595.86,0.15408,3.868,0.4595,16.88,1865.1,12.65,87.48,7.43,118.32,0.2292,5.906,0.2418,2.0216,0.639
2025-03-11 00:00:00+00:00,0.7241,3.884,17.51,340.2,551.61,82932.99,0.16454,4.042,0.4866,17.86,1923.43,13.13,90.46,7.73,125.35,0.2244,6.096,0.2553,2.1711,0.675
2025-03-12 00:00:00+00:00,0.736,3.887,18.91,354.0,569.87,83680.12,0.17244,3.968,0.497,17.98,1908.2,13.49,91.51,7.9,126.62,0.2229,5.912,0.2594,2.2396,0.687
2025-03-13 00:00:00+00:00,0.703,3.91,18.5,325.9,579.8,81115.78,0.16523,3.981,0.4966,17.9,1864.59,13.04,88.08,7.69,123.37,0.2253,5.89,0.274,2.2527,0.676
2025-03-14 00:00:00+00:00,0.7373,4.29,18.58,331.4,587.76,83983.2,0.17194,4.187,0.5026,18.02,1911.65,13.66,91.31,7.99,133.54,0.2224,6.026,0.2762,2.3564,0.709
2025-03-15 00:00:00+00:00,0.7468,4.649,19.4,342.3,619.83,84338.44,0.17594,4.349,0.5038,17.95,1937.17,14.01,92.47,8.17,135.86,0.2215,6.271,0.2746,2.3911,0.712
2025-03-16 00:00:00+00:00,0.7049,4.614,18.25,332.9,602.2,82574.53,0.16817,4.298,0.4762,17.48,1887.0,13.37,90.22,7.76,126.13,0.2119,6.139,0.2625,2.2938,0.681
2025-03-17 00:00:00+00:00,0.7175,4.636,18.82,337.5,631.69,84010.03,0.17332,4.37,0.4996,17.83,1926.31,14.03,92.3,8.17,128.01,0.2206,6.297,0.273,2.3382,0.717
2025-03-18 00:00:00+00:00,0.7017,4.722,18.97,335.3,627.81,82715.03,0.16802,4.45,0.5739,17.69,1931.54,13.91,90.03,8.36,125.33,0.2371,6.374,0.2733,2.2851,0.709
2025-03-19 00:00:00+00:00,0.7436,4.752,19.74,345.3,618.7,86845.94,0.17799,4.538,0.5816,18.55,2056.06,15.03,94.09,8.55,135.33,0.2309,6.984,0.2907,2.5469,0.729
2025-03-20 00:00:00+00:00,0.718,4.684,18.74,333.8,630.47,84223.39,0.16949,4.399,0.5551,17.89,1983.79,14.22,93.29,8.24,127.6,0.2339,6.912,0.2814,2.4361,0.709
2025-03-21 00:00:00+00:00,0.705,4.594,19.18,323.2,635.17,84088.79,0.16727,4.499,0.5496,17.7,1965.75,13.97,90.84,8.05,128.48,0.2335,6.781,0.277,2.3809,0.685
2025-03-22 00:00:00+00:00,0.7014,4.886,19.43,322.4,627.01,83840.59,0.16737,4.446,0.5498,17.67,1980.69,14.25,91.37,8.11,128.51,0.237,6.737,0.274,2.3711,0.692
2025-03-23 00:00:00+00:00,0.7107,4.807,19.82,325.4,623.79,86082.5,0.1726,4.502,0.561,17.81,2005.99,14.47,91.48,8.09,132.84,0.23,6.688,0.2831,2.4393,0.695
2025-03-24 00:00:00+00:00,0.732,4.956,21.48,332.5,637.08,87498.16,0.183,4.62,0.5728,18.31,2081.2,15.13,93.77,8.21,141.01,0.2282,7.088,0.2907,2.4501,0.723
2025-03-25 00:00:00+00:00,0.7448,4.836,22.9,336.0,629.82,87392.87,0.19062,4.637,0.5714,18.42,2066.15,15.44,94.36,8.0,143.64,0.2272,6.967,0.2938,2.4492,0.732
2025-03-26 00:00:00+00:00,0.7287,4.877,22.04,335.1,617.99,86909.17,0.1949,4.694,0.5802,18.0,2009.52,15.24,92.42,7.7,137.34,0.2314,6.721,0.2854,2.3494,0.722
2025-03-27 00:00:00+00:00,0.7381,4.806,22.02,324.7,637.36,87232.01,0.19046,4.625,0.5824,17.8,2003.66,15.52,92.79,7.43,138.43,0.235,6.725,0.2864,2.341,0.73
2025-03-28 00:00:00+00:00,0.7062,4.549,20.36,307.7,619.81,84424.38,0.18024,4.282,0.5718,17.14,1896.9,14.25,87.35,6.79,129.49,0.2325,6.174,0.2747,2.2073,0.679
2025-03-29 00:00:00+00:00,0.6732,4.243,19.6,303.3,602.99,82648.54,0.16957,4.05,0.546,16.6,1828.08,13.55,85.46,6.4,124.58,0.2318,5.96,0.2673,2.1351,0.652
2025-03-30 00:00:00+00:00,0.6612,4.314,18.86,299.2,602.2,82389.99,0.16652,4.042,0.597,16.5,1807.74,13.41,86.1,5.92,124.82,0.2319,5.871,0.2669,2.1369,0.654
2025-03-31 00:00:00+00:00,0.6618,4.375,18.77,303.5,604.81,82550.01,0.16666,4.02,0.6172,16.78,1822.43,13.51,82.97,5.32,124.54,0.2388,5.971,0.2639,2.0899,0.653
2025-04-01 00:00:00+00:00,0.677,4.372,19.82,308.1,611.13,85158.34,0.17398,4.171,0.6881,16.91,1904.98,14.04,84.48,5.5,126.67,0.2378,6.265,0.2721,2.1387,0.662
2025-04-02 00:00:00+00:00,0.64,4.213,17.99,293.0,590.68,82516.29,0.16383,3.965,0.804,16.09,1795.22,12.9,81.54,4.6,117.42,0.2341,5.836,0.2581,2.0237,0.637
2025-04-03 00:00:00+00:00,0.6508,4.65,18.15,301.3,592.67,83213.09,0.16231,4.059,0.8581,16.23,1817.23,12.9,83.45,4.75,117.17,0.2382,5.869,0.261,2.0648,0.65
2025-04-04 00:00:00+00:00,0.6603,4.989,18.19,301.4,597.71,83889.87,0.17128,4.035,0.7824,16.25,1816.87,12.94,84.41,4.84,122.79,0.239,5.909,0.2596,2.1302,0.655
2025-04-05 00:00:00+00:00,0.6547,4.804,17.87,304.1,593.13,83537.99,0.16898,3.956,0.7509,15.88,1806.01,12.85,82.67,4.76,120.32,0.2375,5.866,0.2525,2.1442,0.656
2025-04-06 00:00:00+00:00,0.5737,4.441,16.04,272.2,555.54,78430.0,0.14927,3.683,0.7168,14.16,1580.76,11.28,70.62,4.73,105.91,0.2301,5.101,0.2263,1.9218,0.582
2025-04-07 00:00:00+00:00,0.5864,4.33,16.68,275.4,554.6,79163.24,0.14958,3.593,0.7688,14.49,1553.04,11.45,70.99,4.79,106.99,0.2287,5.121,0.2322,1.8987,0.595
2025-04-08 00:00:00+00:00,0.5583,4.171,16.15,269.2,553.72,76322.42,0.14225,3.378,0.6702,14.07,1473.41,10.93,69.15,5.19,105.4,0.2306,4.776,0.2212,1.7963,0.575
2025-04-09 00:00:00+00:00,0.6315,4.537,18.44,301.4,582.32,82615.22,0.16031,3.643,0.7042,15.3,1669.51,12.65,76.03,5.59,119.05,0.2385,5.414,0.2422,2.0529,0.605
2025-04-10 00:00:00+00:00,0.6094,4.336,18.31,289.8,578.03,79607.3,0.15357,3.463,0.6192,14.79,1522.25,12.08,73.81,5.31,112.81,0.2363,5.023,0.2303,1.9658,0.543
2025-04-11 00:00:00+00:00,0.6239,4.246,19.12,312.9,585.93,83423.84,0.16004,3.557,0.6192,15.17,1566.85,12.64,76.19,5.5,121.41,0.243,5.235,0.2339,2.0225,0.543
2025-04-12 00:00:00+00:00,0.6595,4.352,20.49,344.7,597.29,85276.9,0.16763,3.713,0.7038,15.54,1644.18,13.15,78.62,5.59,132.24,0.246,5.502,0.2463,2.1598,0.558
2025-04-13 00:00:00+00:00,0.6383,4.147,19.59,342.8,584.28,83760.0,0.1626,3.668,0.6094,15.22,1597.76,12.62,77.85,5.25,128.38,0.2547,5.332,0.238,2.1196,0.504
2025-04-14 00:00:00+00:00,0.6353,4.133,20.11,323.6,584.54,84591.58,0.15854,3.677,0.6121,15.23,1623.77,12.63,77.18,5.2,129.42,0.2521,5.347,0.2399,2.1275,0.494
2025-04-15 00:00:00+00:00,0.6091,3.98,19.01,319.6,579.52,83643.99,0.15356,3.519,0.5895,14.87,1588.78,12.24,75.27,5.33,126.11,0.2505,5.185,0.2355,2.0842,0.494
2025-04-16 00:00:00+00:00,0.6105,4.022,18.76,321.6,582.8,84030.38,0.15471,3.557,0.6,14.85,1577.14,12.35,74.33,5.53,131.33,0.2476,5.151,0.2357,2.0834,0.492
2025-04-17 00:00:00+00:00,0.6167,4.112,19.05,334.0,590.49,84947.91,0.15588,3.634,0.6261,15.08,1583.62,12.54,74.95,5.46,134.83,0.2478,5.181,0.2394,2.0673,0.498
2025-04-18 00:00:00+00:00,0.6275,4.122,19.07,335.0,591.71,84474.69,0.15759,3.675,0.6219,15.45,1588.6,12.56,76.0,5.53,134.04,0.2398,5.174,0.24,2.0619,0.5
2025-04-19 00:00:00+00:00,0.6282,4.211,19.89,335.4,591.73,85077.01,0.15735,3.88,0.6375,15.95,1613.27,12.94,76.1,5.61,139.87,0.244,5.317,0.2462,2.0877,0.505
2025-04-20 00:00:00+00:00,0.6202,4.149,19.51,336.1,592.77,85179.24,0.15526,3.878,0.6558,16.06,1587.36,13.28,77.79,5.57,137.86,0.2438,5.252,0.2436,2.0787,0.495
2025-04-21 00:00:00+00:00,0.6242,4.062,19.92,345.0,597.34,87516.23,0.15939,3.78,0.6304,15.62,1579.57,13.11,78.15,5.51,136.56,0.2463,5.274,0.2501,2.0855,0.501
2025-04-22 00:00:00+00:00,0.6794,4.31,22.11,362.3,618.51,93442.99,0.17863,4.007,0.6659,16.66,1756.26,14.13,83.49,5.87,148.79,0.2483,5.81,0.265,2.2139,0.534
2025-04-23 00:00:00+00:00,0.6977,4.409,22.33,358.3,605.71,93691.08,0.17864,4.093,0.682,16.78,1795.07,15.02,83.28,6.04,151.1,0.2462,6.033,0.2663,2.2184,0.541
2025-04-24 00:00:00+00:00,0.7219,4.551,22.37,356.7,601.55,93980.47,0.18254,4.269,0.6811,16.76,1769.65,15.06,84.29,6.27,152.55,0.2454,5.811,0.281,2.2049,0.553
2025-04-25 00:00:00+00:00,0.7135,4.543,22.17,373.1,599.91,94638.68,0.18159,4.254,0.6836,17.24,1784.6,14.92,86.28,6.48,150.82,0.2419,5.828,0.2835,2.1812,0.566
2025-04-26 00:00:00+00:00,0.707,4.587,22.42,355.4,607.23,94628.0,0.18192,4.263,0.6814,17.03,1820.88,14.86,87.06,6.44,149.21,0.2519,5.813,0.2906,2.1912,0.572
2025-04-27 00:00:00+00:00,0.7032,4.378,21.71,345.5,603.46,93749.3,0.17933,4.09,0.6687,16.56,1791.29,14.56,85.39,6.2,147.98,0.2454,5.5,0.2841,2.252,0.55
2025-04-28 00:00:00+00:00,0.7056,4.461,21.84,364.1,606.16,95011.18,0.17907,4.242,0.6902,17.0,1799.88,15.03,85.67,6.31,147.84,0.2483,5.436,0.2825,2.2949,0.555
2025-04-29 00:00:00+00:00,0.6958,4.377,21.57,363.8,601.0,94256.82,0.17466,4.147,0.6822,16.73,1797.81,14.6,85.57,6.11,146.31,0.2438,5.271,0.2777,2.238,0.555
2025-04-30 00:00:00+00:00,0.6816,4.301,20.92,366.1,599.88,94172.0,0.17224,4.065,0.6724,16.51,1793.61,14.3,83.51,6.04,147.54,0.2464,5.269,0.271,2.1908,0.552
2025-05-01 00:00:00+00:00,0.705,4.433,21.64,360.8,599.63,96489.91,0.18065,4.177,0.7034,16.89,1838.11,14.74,88.85,6.21,150.85,0.2447,5.317,0.2735,2.2123,0.565
2025-05-02 00:00:00+00:00,0.6981,4.368,21.25,382.8,600.69,96887.14,0.18151,4.161,0.7209,17.23,1842.2,14.65,87.97,6.15,148.05,0.2478,5.248,0.2746,2.2093,0.571
2025-05-03 00:00:00+00:00,0.6995,4.217,20.52,362.7,599.36,95856.42,0.17564,4.028,0.7251,16.6,1833.52,14.24,86.55,5.85,146.71,0.2456,5.089,0.2692,2.1872,0.557
2025-05-04 00:00:00+00:00,0.6762,4.095,19.91,356.2,586.03,94277.62,0.17049,3.92,0.6943,16.01,1808.86,13.86,85.05,5.6,143.95,0.2471,4.985,0.2654,2.156,0.536
2025-05-05 00:00:00+00:00,0.6622,4.074,19.69,353.3,597.61,94733.68,0.17062,3.918,0.7037,16.0,1820.19,13.65,83.25,5.7,146.72,0.2483,4.975,0.2583,2.1306,0.54
2025-05-06 00:00:00+00:00,0.6789,4.108,20.01,374.6,602.57,96834.02,0.17219,3.971,0.6905,16.23,1817.0,13.82,91.6,5.37,146.88,0.2459,4.966,0.2628,2.155,0.536
2025-05-07 00:00:00+00:00,0.6715,4.17,19.55,383.5,602.7,97030.5,0.17202,3.969,0.8194,16.19,1811.11,13.82,89.53,5.65,147.32,0.2487,4.875,0.2603,2.1265,0.541
2025-05-08 00:00:00+00:00,0.7693,4.541,22.16,421.8,629.17,103261.6,0.19817,4.456,0.8559,18.63,2207.39,15.88,94.99,6.3,164.46,0.2571,6.151,0.2912,2.3272,0.597
2025-05-09 00:00:00+00:00,0.7774,4.946,23.27,413.7,666.29,102971.99,0.2053,4.799,0.8549,19.21,2345.04,16.01,100.52,6.55,172.78,0.2602,6.353,0.2953,2.3439,0.631
2025-05-10 00:00:00+00:00,0.8406,5.384,25.82,431.2,663.9,104809.53,0.25063,5.309,0.9394,20.7,2583.23,17.34,105.27,7.12,177.89,0.2662,7.555,0.3217,2.4711,0.69
2025-05-11 00:00:00+00:00,0.8053,5.31,24.78,408.4,651.15,104118.0,0.23181,5.097,0.9265,19.96,2514.57,17.1,100.12,7.11,173.19,0.2651,6.929,0.3064,2.367,0.667
2025-05-12 00:00:00+00:00,0.817,5.235,24.83,410.8,660.07,102791.32,0.23101,5.068,0.8813,19.79,2495.47,16.74,103.84,7.29,174.22,0.2717,6.888,0.3127,2.5439,0.683
2025-05-13 00:00:00+00:00,0.8299,5.262,25.72,411.2,664.13,104103.72,0.24078,5.195,0.886,20.67,2679.71,17.39,103.41,7.38,183.75,0.2709,7.092,0.314,2.5829,0.694
2025-05-14 00:00:00+00:00,0.7986,5.091,24.96,402.7,652.47,103507.82,0.23278,4.98,0.7955,19.87,2609.74,17.01,100.95,7.04,176.64,0.2746,6.607,0.3037,2.5503,0.671
2025-05-15 00:00:00+00:00,0.7624,4.866,23.5,396.1,651.88,103763.71,0.21939,4.779,0.7842,18.95,2548.69,16.04,99.26,6.7,169.16,0.2733,6.229,0.2931,2.3856,0.639
2025-05-16 00:00:00+00:00,0.7588,4.812,23.06,395.9,646.76,103463.9,0.22111,4.755,0.8415,18.7,2537.12,15.76,99.48,6.62,167.4,0.2717,6.076,0.2932,2.3798,0.6354
2025-05-17 00:00:00+00:00,0.7427,4.718,22.17,392.3,639.51,103126.65,0.21457,4.612,0.8092,18.12,2475.08,15.32,96.06,6.44,165.94,0.2696,5.739,0.2864,2.3531,0.6121
2025-05-18 00:00:00+00:00,0.7596,4.963,23.06,406.5,651.53,106454.26,0.23304,4.793,0.8164,18.72,2497.78,15.88,100.94,6.69,173.3,0.2679,6.128,0.2925,2.428,0.6356
2025-05-19 00:00:00+00:00,0.7425,4.779,22.25,392.7,649.62,105573.74,0.22445,4.596,0.7764,18.52,2528.14,15.78,98.25,6.48,166.86,0.2667,5.929,0.2867,2.3803,0.6154
2025-05-20 00:00:00+00:00,0.746,4.848,22.6,394.1,650.0,106849.99,0.22625,4.677,0.7861,18.42,2524.19,15.71,94.46,6.57,168.59,0.2691,6.024,0.2875,2.3565,0.6244
2025-05-21 00:00:00+00:00,0.7693,4.974,23.17,407.2,673.31,109643.99,0.23404,4.74,0.7558,18.99,2550.99,16.1,97.09,6.68,173.53,0.2683,6.212,0.2932,2.3952,0.6352
2025-05-22 00:00:00+00:00,0.8093,5.219,25.26,444.4,686.57,111696.21,0.24558,4.948,0.7645,19.69,2664.82,16.74,100.26,7.03,179.68,0.2759,6.431,0.3042,2.4311,0.6569
2025-05-23 00:00:00+00:00,0.7471,4.792,23.07,426.4,656.98,107318.3,0.22521,4.561,0.7295,18.49,2526.5,15.53,95.26,6.47,174.01,0.2688,5.982,0.2852,2.2966,0.6166
2025-05-24 00:00:00+00:00,0.7467,4.715,22.96,421.4,668.01,107761.91,0.22512,4.545,0.732,18.4,2530.4,15.34,95.63,6.5,175.87,0.2703,6.117,0.286,2.3303,0.6157
2025-05-25 00:00:00+00:00,0.7598,4.79,23.45,422.7,669.44,109004.19,0.22491,4.523,0.766,18.34,2551.22,15.54,95.6,6.52,175.74,0.2723,6.161,0.2878,2.3417,0.6192
2025-05-26 00:00:00+00:00,0.7604,4.776,23.07,415.4,674.29,109434.79,0.22596,4.468,0.7799,18.24,2563.7,15.54,95.02,6.48,174.91,0.2739,6.503,0.2858,2.3103,0.611
2025-05-27 00:00:00+00:00,0.7583,4.754,23.38,414.6,686.91,108938.17,0.22598,4.535,0.7799,18.62,2660.81,15.91,95.9,6.66,176.71,0.2779,6.326,0.2871,2.3168,0.6215
2025-05-28 00:00:00+00:00,0.7476,4.845,23.6,424.8,686.89,107781.78,0.22096,4.587,0.7799,18.46,2681.6,15.69,95.37,6.55,172.21,0.2738,6.846,0.2853,2.2742,0.6444
2025-05-29 00:00:00+00:00,0.7221,4.614,22.25,409.6,675.02,105589.75,0.21487,4.332,0.7799,18.12,2631.39,15.05,93.21,6.43,166.71,0.2747,6.559,0.2788,2.2442,0.6164
2025-05-30 00:00:00+00:00,0.6889,4.291,20.56,398.4,655.36,103985.48,0.19357,4.049,0.7799,16.94,2531.34,13.9,85.64,5.78,156.2,0.267,6.206,0.2651,2.1398,0.5633
2025-05-31 00:00:00+00:00,0.6858,4.348,20.8,415.0,658.01,104591.88,0.19251,4.076,0.7799,16.94,2528.06,13.97,87.03,5.88,156.45,0.2657,6.053,0.2641,2.1738,0.571
2025-06-01 00:00:00+00:00,0.6855,4.366,20.88,403.4,660.77,105642.93,0.19363,4.066,0.7799,17.1,2539.21,14.06,88.39,5.97,157.68,0.2708,6.312,0.2674,2.1792,0.5711
2025-06-02 00:00:00+00:00,0.6896,4.468,21.15,403.6,665.93,105857.99,0.19507,4.148,0.7799,17.56,2607.41,14.07,89.52,6.14,156.83,0.2688,6.445,0.2719,2.1965,0.5805
2025-06-03 00:00:00+00:00,0.6837,4.415,21.14,400.7,661.59,105376.89,0.19311,4.137,0.7799,17.56,2593.36,14.11,89.5,6.17,155.19,0.2702,6.634,0.2728,2.2446,0.5862
2025-06-04 00:00:00+00:00,0.6654,4.267,20.09,400.2,663.23,104696.86,0.18812,4.006,0.7799,17.25,2607.68,13.83,87.99,6.03,153.26,0.2744,6.309,0.2666,2.2009,0.5757
2025-06-05 00:00:00+00:00,0.6256,4.081,18.75,385.0,633.32,101508.68,0.17105,3.814,0.7799,16.29,2414.01,12.89,83.58,5.65,144.29,0.282,5.898,0.257,2.0936,0.5404
2025-06-06 00:00:00+00:00,0.6554,4.174,19.64,395.6,642.7,104288.44,0.17878,3.884,0.7799,16.7,2476.1,13.56,87.25,5.81,147.83,0.2779,5.989,0.2628,2.1598,0.5551
2025-06-07 00:00:00+00:00,0.6645,4.309,20.65,409.4,650.82,105552.15,0.18511,4.031,0.7799,17.22,2524.63,13.83,88.31,6.04,150.06,0.2869,6.347,0.2646,2.1769,0.5705
2025-06-08 00:00:00+00:00,0.6703,4.267,21.04,410.8,652.0,105734.0,0.18418,4.025,0.7799,16.95,2509.83,13.73,87.18,5.96,152.45,0.2817,6.326,0.2677,2.267,0.5718
2025-06-09 00:00:00+00:00,0.7049,4.433,21.95,424.9,665.58,110263.02,0.1949,4.151,0.7799,17.86,2680.13,14.36,90.73,6.28,161.16,0.287,6.845,0.2749,2.3211,0.5932
2025-06-10 00:00:00+00:00,0.7167,4.601,22.57,438.2,673.51,110274.39,0.1985,4.294,0.7799,18.56,2816.4,15.45,93.33,6.46,165.12,0.2927,8.665,0.2805,2.3074,0.6225
2025-06-11 00:00:00+00:00,0.698,4.509,21.57,428.9,667.43,108645.12,0.19294,4.189,0.7799,18.09,2771.61,14.89,91.56,6.23,160.97,0.2795,8.157,0.2768,2.2704,0.6129
2025-06-12 00:00:00+00:00,0.6613,4.214,20.28,424.0,654.75,105671.73,0.1811,3.919,0.7799,17.11,2642.65,13.97,86.13,5.81,152.32,0.2718,7.489,0.2673,2.1899,0.5877
2025-06-13 00:00:00+00:00,0.642,4.131,19.41,448.7,655.35,106066.59,0.1804,3.838,0.7799,16.9,2579.19,13.44,86.55,5.71,148.6,0.2697,7.759,0.2608,2.1472,0.5714
2025-06-14 00:00:00+00:00,0.6247,4.087,18.93,430.9,645.61,105414.64,0.17824,3.781,0.7799,16.63,2530.76,13.15,85.18,5.57,144.64,0.2711,7.302,0.2564,2.1394,0.5597
2025-06-15 00:00:00+00:00,0.6334,4.093,19.1,460.4,648.19,105594.01,0.17553,3.821,0.7799,16.68,2547.61,13.3,86.3,5.56,152.97,0.2739,7.18,0.2587,2.1655,0.5613
2025-06-16 00:00:00+00:00,0.6303,4.141,19.06,463.7,650.74,106794.53,0.17272,3.847,0.7799,16.94,2544.17,13.56,86.67,5.65,150.72,0.2741,7.446,0.2616,2.238,0.5628
2025-06-17 00:00:00+00:00,0.609,4.021,18.58,462.6,648.08,104551.17,0.16936,3.719,0.7799,16.47,2509.95,12.99,84.22,5.43,147.57,0.2715,7.438,0.2519,2.159,0.5395
2025-06-18 00:00:00+00:00,0.6039,4.014,18.16,459.7,644.77,104886.78,0.17068,3.622,0.7799,16.54,2525.0,13.11,85.08,5.51,146.34,0.273,7.586,0.2524,2.1705,0.537
2025-06-19 00:00:00+00:00,0.602,4.038,18.06,497.1,644.65,104658.59,0.17092,3.548,0.7799,16.71,2521.12,13.07,85.11,5.58,147.04,0.2748,7.679,0.2496,2.1648,0.5324
2025-06-20 00:00:00+00:00,0.5774,3.928,17.37,473.7,641.61,103297.99,0.16234,3.437,0.7799,16.12,2406.49,12.51,82.91,5.4,140.11,0.2722,7.068,0.242,2.1194,0.5168
2025-06-21 00:00:00+00:00,0.5561,3.794,16.82,467.3,628.97,102120.01,0.15448,3.324,0.7799,15.58,2295.73,12.03,80.23,5.13,135.43,0.271,6.465,0.2372,2.0632,0.5055
2025-06-22 00:00:00+00:00,0.5419,3.719,16.53,454.9,615.81,100963.87,0.15129,3.153,0.7799,15.19,2227.7,11.65,80.21,5.02,131.71,0.2635,6.259,0.2289,2.0172,0.4955
2025-06-23 00:00:00+00:00,0.5823,4.073,18.06,462.7,640.49,105333.93,0.16376,3.416,0.7799,16.38,2411.66,12.82,84.91,5.57,144.51,0.2727,6.797,0.2457,2.1584,0.5327
2025-06-24 00:00:00+00:00,0.5875,4.074,18.23,453.8,643.53,106083.0,0.16571,3.439,0.7799,16.43,2448.45,13.42,84.84,5.64,145.92,0.2738,7.06,0.2488,2.1898,0.5363
2025-06-25 00:00:00+00:00,0.5671,4.0,17.57,482.8,646.07,107340.58,0.16459,3.352,0.7799,16.22,2418.49,13.13,84.67,5.45,143.57,0.2731,6.974,0.2413,2.1859,0.5277
2025-06-26 00:00:00+00:00,0.5543,3.892,17.23,489.2,642.3,106947.06,0.16001,3.299,0.7799,16.11,2415.96,12.94,84.27,5.33,139.06,0.271,6.807,0.2342,2.1054,0.5233
2025-06-27 00:00:00+00:00,0.5587,3.926,17.58,504.8,645.71,107047.59,0.16104,3.359,0.7799,16.19,2423.17,13.05,84.83,5.36,142.09,0.2732,6.91,0.2368,2.1419,0.528
2025-06-28 00:00:00+00:00,0.5654,3.994,17.97,491.0,648.6,107296.79,0.16363,3.407,0.7799,16.27,2435.62,13.39,86.31,5.5,150.72,0.2747,7.126,0.2389,2.1854,0.5352
2025-06-29 00:00:00+00:00,0.5773,4.204,18.73,504.5,654.9,108356.93,0.16944,3.541,0.7799,16.96,2500.09,13.7,87.96,5.69,153.32,0.2769,7.394,0.2403,2.2061,0.5497
2025-06-30 00:00:00+00:00,0.5722,4.093,17.96,505.7,656.9,107146.5,0.16518,3.397,0.7799,16.59,2485.47,13.38,86.0,5.46,154.81,0.2798,7.129,0.238,2.2362,0.5384
2025-07-01 00:00:00+00:00,0.542,3.929,17.1,500.2,646.33,105681.14,0.15778,3.281,0.7799,15.95,2405.01,12.9,83.22,5.22,146.88,0.2788,6.59,0.2254,2.172,0.5163
2025-07-02 00:00:00+00:00,0.584,4.175,18.51,510.9,659.71,108849.6,0.16869,3.545,0.7799,16.96,2570.41,13.56,87.32,5.7,152.27,0.2844,7.348,0.238,2.2336,0.5504
2025-07-03 00:00:00+00:00,0.5992,4.184,18.54,496.4,663.59,109584.78,0.17201,3.539,0.7799,16.99,2591.25,13.67,89.08,5.68,152.36,0.287,7.473,0.2426,2.2569,0.5517
2025-07-04 00:00:00+00:00,0.5724,3.999,17.8,483.9,653.6,107984.24,0.16288,3.358,0.7799,16.28,2508.04,13.16,86.84,5.41,147.7,0.2827,6.931,0.2377,2.2205,0.5303
2025-07-05 00:00:00+00:00,0.5755,4.011,17.92,489.3,656.16,108198.12,0.16421,3.356,0.7799,16.37,2516.41,13.23,87.55,5.4,147.55,0.2832,7.332,0.2383,2.2178,0.5271
2025-07-06 00:00:00+00:00,0.5858,4.079,18.29,491.5,663.13,109203.84,0.17196,3.395,0.7799,16.64,2570.35,13.48,87.35,5.45,151.86,0.287,7.422,0.2505,2.2709,0.5295
2025-07-07 00:00:00+00:00,0.5805,4.047,17.99,496.6,661.06,108262.94,0.16792,3.369,0.7799,16.68,2542.29,13.44,86.05,5.42,148.88,0.2867,7.39,0.2481,2.2708,0.523
2025-07-08 00:00:00+00:00,0.5884,4.125,18.36,501.1,660.63,108922.98,0.17094,3.448,0.7799,16.94,2615.25,13.96,87.75,5.53,151.67,0.2874,7.659,0.2596,2.3108,0.5356
2025-07-09 00:00:00+00:00,0.6227,4.313,19.5,514.5,668.68,111233.99,0.18053,3.62,0.7799,17.66,2768.74,14.25,90.61,5.91,157.05,0.2899,8.301,0.2883,2.4038,0.5602
2025-07-10 00:00:00+00:00,0.6775,4.618,20.7,518.4,685.8,116010.0,0.19507,3.881,0.7799,18.49,2951.29,15.23,94.85,6.21,164.34,0.2939,8.466,0.303,2.5471,0.5927
2025-07-11 00:00:00+00:00,0.7094,4.64,20.68,531.5,689.99,117527.66,0.20103,3.907,0.7799,18.26,2958.22,15.28,94.26,6.16,162.93,0.3009,8.692,0.3603,2.7322,0.5993
2025-07-12 00:00:00+00:00,0.7089,4.58,20.69,506.3,685.86,117420.0,0.19742,3.891,0.7799,18.14,2943.28,15.11,92.77,6.17,160.69,0.3022,8.392,0.3929,2.7395,0.6232
2025-07-13 00:00:00+00:00,0.7367,4.679,21.2,508.0,692.0,119086.64,0.19855,3.984,0.7799,18.45,2972.03,15.66,94.62,6.35,161.15,0.3028,8.511,0.4706,2.8361,0.644
2025-07-14 00:00:00+00:00,0.7352,4.555,21.26,504.9,689.12,119841.18,0.19749,3.95,0.7799,18.55,3013.62,15.75,95.64,6.37,162.21,0.3025,9.131,0.4636,2.9582,0.6385
2025-07-15 00:00:00+00:00,0.7466,4.668,22.51,497.9,689.92,117758.09,0.19919,4.083,0.7799,19.06,3137.89,16.11,96.35,6.53,163.98,0.3005,9.345,0.4515,2.919,0.6513
2025-07-16 00:00:00+00:00,0.7644,4.744,22.66,498.7,708.61,118630.43,0.2127,4.156,0.7799,19.88,3371.35,16.67,97.47,6.64,173.63,0.3096,8.901,0.4533,3.038,0.6564
2025-07-17 00:00:00+00:00,0.8216,4.855,23.91,500.0,720.65,119177.56,0.21826,4.26,0.7799,20.26,3476.87,18.0,101.6,6.78,175.87,0.3156,8.932,0.4973,3.4814,0.6704
2025-07-18 00:00:00+00:00,0.8158,4.855,23.51,514.5,729.92,117924.84,0.2358,4.227,0.7799,23.18,3546.92,17.83,101.73,6.86,177.28,0.3261,10.132,0.4588,3.4135,0.6966
2025-07-19 00:00:00+00:00,0.8298,5.016,24.5,513.1,733.2,117840.0,0.24143,4.409,0.7799,24.37,3592.01,18.39,113.16,7.17,176.96,0.3179,10.172,0.461,3.4244,1.0343
2025-07-20 00:00:00+00:00,0.858,5.174,25.04,548.0,756.82,117265.12,0.27375,4.48,0.7799,24.69,3756.69,19.27,116.59,7.52,181.43,0.314,10.657,0.4625,3.454,1.0727
2025-07-21 00:00:00+00:00,0.8891,5.186,25.43,522.6,766.22,117380.36,0.27142,4.499,0.7799,24.01,3762.33,19.5,115.43,7.43,195.72,0.3143,10.829,0.473,3.5495,0.9927
2025-07-22 00:00:00+00:00,0.9034,5.11,25.88,526.1,786.68,119954.42,0.27093,4.549,0.7799,24.24,3746.21,19.66,119.65,7.38,205.7,0.3158,10.774,0.4723,3.5504,0.9675
2025-07-23 00:00:00+00:00,0.816,4.702,23.95,512.2,776.74,118755.99,0.24083,4.113,0.7799,22.53,3628.29,18.18,112.05,6.67,189.4,0.3095,10.178,0.4278,3.1838,0.879
2025-07-24 00:00:00+00:00,0.806,4.625,23.67,513.0,770.74,118340.99,0.23218,4.0,0.7799,22.27,3706.94,17.91,112.26,6.53,182.87,0.3139,10.124,0.4246,3.1453,0.8752
2025-07-25 00:00:00+00:00,0.8158,4.709,24.01,557.3,785.45,117614.31,0.23673,4.088,0.7799,22.69,3724.96,18.28,113.78,6.56,186.76,0.317,10.426,0.4313,3.1423,0.8956
2025-07-26 00:00:00+00:00,0.8198,4.765,24.94,559.1,793.29,117919.99,0.23543,4.124,0.7799,22.81,3741.1,18.41,113.91,6.61,184.88,0.3201,10.557,0.4352,3.1662,0.8991
2025-07-27 00:00:00+00:00,0.832,4.874,26.06,590.0,844.0,119415.55,0.24071,4.24,0.7799,23.3,3872.1,19.24,114.78,6.81,188.64,0.3199,10.985,0.4442,3.2389,0.9027
2025-07-28 00:00:00+00:00,0.7932,4.643,25.21,572.6,824.07,118062.32,0.22615,3.965,0.7799,21.91,3799.0,18.12,109.02,6.38,183.11,0.3224,10.46,0.4192,3.1235,0.8615
2025-07-29 00:00:00+00:00,0.7828,4.616,24.37,564.2,805.1,117950.76,0.22392,3.905,0.7799,21.76,3793.79,17.83,108.52,6.5,181.48,0.3385,10.307,0.4211,3.128,0.8513
2025-07-30 00:00:00+00:00,0.7634,4.417,23.31,590.1,793.51,117840.3,0.21999,3.805,0.7799,21.4,3810.0,17.71,110.5,6.3,177.77,0.3274,10.008,0.4077,3.0966,0.8309
2025-07-31 00:00:00+00:00,0.7392,4.21,22.47,561.5,783.14,115764.08,0.20974,3.682,0.7799,20.56,3698.39,16.92,106.09,6.02,172.22,0.325,9.344,0.4009,3.0224,0.7773
2025-08-01 00:00:00+00:00,0.7141,4.14,21.51,536.2,757.08,113297.93,0.20097,3.547,0.7799,19.78,3488.2,16.07,106.59,5.77,162.71,0.3234,9.037,0.3822,2.9613,0.7548
2025-08-02 00:00:00+00:00,0.6975,4.092,20.86,520.2,736.42,112546.35,0.19098,3.509,0.7799,19.19,3393.94,15.65,106.09,5.66,158.48,0.3221,8.757,0.3671,2.7695,0.7388
2025-08-03 00:00:00+00:00,0.727,4.273,21.37,544.2,751.21,114208.8,0.19876,3.602,0.7799,19.86,3496.74,16.3,110.39,5.84,161.97,0.3275,9.148,0.3994,2.948,0.7606
2025-08-04 00:00:00+00:00,0.7549,4.311,23.11,574.5,768.63,115055.03,0.21039,3.72,0.7799,20.99,3720.99,17.11,121.22,6.09,169.55,0.3328,9.961,0.4137,3.0716,0.7882
2025-08-05 00:00:00+00:00,0.7258,4.23,21.92,551.8,755.13,114129.75,0.19981,3.621,0.7799,20.18,3612.0,16.38,120.27,5.94,164.09,0.3338,9.581,0.3959,2.9623,0.7676
2025-08-06 00:00:00+00:00,0.7413,4.321,22.23,571.1,769.55,114992.27,0.20524,3.673,0.7799,20.3,3683.31,16.67,119.22,5.98,168.09,0.3373,9.697,0.4001,2.9908,0.7801
2025-08-07 00:00:00+00:00,0.7874,4.471,23.36,582.2,788.67,117472.01,0.22228,3.867,0.7799,21.55,3910.31,18.48,122.89,6.33,175.36,0.3384,10.425,0.4395,3.3197,0.8081
2025-08-08 00:00:00+00:00,0.7911,4.604,23.79,586.0,793.5,116674.74,0.23039,3.979,0.7799,22.38,4009.5,19.89,123.78,6.43,176.78,0.3378,10.861,0.45,3.2859,0.823
2025-08-09 00:00:00+00:00,0.8029,4.73,24.23,566.1,798.83,116462.25,0.23995,4.138,0.7799,23.6,4260.62,21.94,120.18,6.58,179.95,0.3352,10.979,0.4469,3.2259,0.9061
2025-08-10 00:00:00+00:00,0.8014,4.662,23.83,570.5,807.22,119294.01,0.23385,4.046,0.7799,23.17,4250.57,22.06,123.75,6.53,182.66,0.3383,10.948,0.4446,3.187,0.881
2025-08-11 00:00:00+00:00,0.7728,4.487,22.79,578.5,805.09,118686.0,0.22207,3.854,0.7799,22.21,4223.22,21.07,120.05,6.21,174.84,0.345,11.042,0.4305,3.1295,0.8169
2025-08-12 00:00:00+00:00,0.8411,4.706,24.67,618.8,832.47,120134.08,0.23582,4.157,0.7799,23.68,4590.52,23.6,130.46,6.59,191.78,0.3524,11.601,0.4493,3.2676,0.866
2025-08-13 00:00:00+00:00,0.9042,4.853,25.47,616.2,848.01,123306.43,0.24482,4.276,0.7799,24.26,4749.3,23.98,130.91,6.79,201.51,0.3621,12.13,0.4519,3.2744,0.8873
2025-08-14 00:00:00+00:00,0.9258,4.521,23.67,593.2,840.42,118295.09,0.22382,3.986,0.7799,22.18,4546.84,22.46,121.29,6.21,192.47,0.3575,10.875,0.4235,3.0792,0.8344
2025-08-15 00:00:00+00:00,0.9453,4.461,23.77,592.5,827.81,117342.05,0.22886,3.896,0.7799,22.23,4439.47,21.76,119.14,6.16,185.72,0.3526,10.722,0.4303,3.0779,0.8331
2025-08-16 00:00:00+00:00,0.9211,4.571,24.3,587.3,838.71,117380.66,0.23115,3.966,0.7799,22.38,4421.99,22.64,121.05,6.34,189.6,0.3478,11.011,0.4265,3.1055,0.8484
2025-08-17 00:00:00+00:00,0.9609,4.622,25.06,582.0,855.38,117405.01,0.23456,4.051,0.7799,22.24,4472.33,25.64,120.71,6.3,190.99,0.3534,11.017,0.4245,3.0877,0.8571
2025-08-18 00:00:00+00:00,0.9236,4.463,23.7,568.8,846.99,116227.05,0.22262,3.914,0.7799,21.52,4312.99,25.78,117.77,6.08,182.94,0.3503,10.484,0.4145,3.0616,0.8194
2025-08-19 00:00:00+00:00,0.8464,4.291,22.37,548.5,824.11,112872.94,0.20943,3.719,0.7799,20.53,4075.59,23.56,112.67,5.86,176.22,0.3477,9.95,0.3908,2.8608,0.7817
2025-08-20 00:00:00+00:00,0.8808,4.472,23.46,560.9,869.05,114271.24,0.22169,3.884,0.7799,21.56,4336.16,26.45,116.06,6.33,187.94,0.3545,10.61,0.4046,2.9512,0.8197
2025-08-21 00:00:00+00:00,0.8519,4.429,22.77,554.7,839.49,112500.0,0.21473,3.797,0.7799,21.01,4225.3,24.82,114.76,6.683,180.29,0.3537,10.227,0.3913,2.8519,0.7998
2025-08-22 00:00:00+00:00,0.9314,4.819,25.25,599.8,900.21,116935.99,0.24054,4.18,0.7799,24.5,4832.07,26.79,122.96,7.026,200.69,0.3667,11.438,0.4249,3.0744,0.8679
2025-08-23 00:00:00+00:00,0.9143,4.89,26.26,591.3,880.42,115438.05,0.23631,4.228,0.7799,24.21,4778.4,26.28,121.45,7.22,204.14,0.3624,11.347,0.4167,3.0485,0.8577
2025-08-24 00:00:00+00:00,0.909,4.791,25.83,583.2,876.51,113493.59,0.23182,4.11,0.7799,23.23,4780.15,25.82,118.19,7.75,205.98,0.3614,10.925,0.4079,3.0258,0.8302
2025-08-25 00:00:00+00:00,0.8371,4.414,23.35,543.6,839.32,110111.98,0.20965,3.734,0.7799,21.07,4376.18,23.38,109.13,7.281,187.2,0.3417,9.703,0.3842,2.8584,0.7811
2025-08-26 00:00:00+00:00,0.8663,4.526,24.17,550.9,863.7,111763.22,0.21839,3.887,0.7799,21.67,4600.63,24.38,113.48,7.037,195.86,0.3518,9.951,0.3946,3.0123,0.7936
2025-08-27 00:00:00+00:00,0.8509,4.491,24.42,550.2,855.18,111262.01,0.21892,3.837,0.7799,21.51,4506.71,23.78,112.18,7.072,202.95,0.3451,9.854,0.379,2.9688,0.7872
2025-08-28 00:00:00+00:00,0.8576,4.782,24.93,557.9,873.47,112566.9,0.22437,3.981,0.7799,21.69,4511.21,25.18,113.64,7.117,214.43,0.3451,10.018,0.3822,2.9665,0.7842
2025-08-29 00:00:00+00:00,0.8266,4.483,23.55,530.7,862.3,108377.4,0.21391,3.774,0.7799,20.92,4360.18,23.43,109.91,6.656,205.08,0.3385,9.633,0.3614,2.8195,0.7335
2025-08-30 00:00:00+00:00,0.8224,4.505,23.78,552.8,862.0,108816.33,0.21595,3.811,0.7799,20.94,4373.7,23.51,110.84,6.926,202.7,0.339,9.726,0.36,2.8181,0.7369
2025-08-31 00:00:00+00:00,0.8113,4.467,23.4,544.2,857.65,108246.35,0.21371,3.742,0.7799,20.68,4391.83,23.2,108.89,6.677,200.62,0.341,9.619,0.3528,2.7757,0.7199
2025-09-01 00:00:00+00:00,0.8014,4.395,23.21,545.1,845.68,109237.42,0.21073,3.693,0.7799,20.51,4314.5,22.51,108.73,6.437,197.32,0.3373,9.351,0.3574,2.7589,0.7064
2025-09-02 00:00:00+00:00,0.8349,4.43,24.46,584.7,851.8,111240.01,0.21489,3.82,0.7799,20.81,4326.5,23.49,111.76,6.565,209.65,0.3381,9.581,0.3681,2.862,0.7264
2025-09-03 00:00:00+00:00,0.8366,4.521,25.2,603.7,854.76,111705.71,0.2203,3.865,0.7799,20.83,4450.46,23.69,112.98,6.587,210.77,0.3406,9.676,0.3622,2.8443,0.7267
2025-09-04 00:00:00+00:00,0.8093,4.386,24.21,586.6,843.63,110730.87,0.21241,3.764,0.7799,20.18,4297.55,22.32,111.05,6.42,202.32,0.3346,9.288,0.352,2.7946,0.706
2025-09-05 00:00:00+00:00,0.8307,4.441,24.47,606.8,850.14,110659.99,0.21788,3.828,0.7799,20.36,4307.45,22.28,112.05,6.507,203.36,0.3313,9.393,0.3596,2.8147,0.7154
2025-09-06 00:00:00+00:00,0.8184,4.409,24.38,595.3,860.85,110187.97,0.21595,3.823,0.7799,20.2,4273.14,22.19,112.13,6.466,200.16,0.3145,9.333,0.3558,2.8098,0.7073
2025-09-07 00:00:00+00:00,0.8351,4.484,24.68,603.2,880.05,111137.34,0.22877,3.995,0.7799,20.49,4306.19,22.47,114.9,6.641,206.35,0.3312,9.396,0.3616,2.877,0.7098
2025-09-08 00:00:00+00:00,0.8651,4.539,25.29,588.4,878.08,112065.23,0.24164,4.045,0.7799,20.75,4306.37,23.04,112.75,6.695,214.11,0.3313,9.555,0.3776,2.9697,0.7277
2025-09-09 00:00:00+00:00,0.8652,4.591,25.93,580.5,880.01,111546.39,0.24063,4.14,0.7799,20.47,4310.09,23.05,111.92,6.581,217.21,0.3351,9.539,0.3723,2.9474,0.7208
2025-09-10 00:00:00+00:00,0.8854,4.68,29.48,581.1,893.77,113960.0,0.24536,4.216,0.7799,20.95,4349.32,23.57,117.66,6.685,224.07,0.3383,9.736,0.3833,2.9834,0.739
2025-09-11 00:00:00+00:00,0.8939,4.692,29.15,596.4,902.77,115482.69,0.25603,4.242,0.7799,21.42,4458.82,24.47,115.83,6.74,228.73,0.3463,9.986,0.3961,3.0398,0.756
2025-09-12 00:00:00+00:00,0.9169,4.748,28.99,598.3,924.8,116029.42,0.2755,4.319,0.7799,21.98,4712.16,25.13,118.03,6.847,242.18,0.3525,10.179,0.4046,3.1054,0.7763
2025-09-13 00:00:00+00:00,0.9294,4.823,30.08,598.5,933.68,115918.29,0.28938,4.492,0.7799,22.06,4666.53,24.88,119.22,6.939,242.38,0.3497,10.122,0.405,3.1193,0.7971
2025-09-14 00:00:00+00:00,0.8879,4.635,29.44,601.6,926.51,115268.01,0.27796,4.316,0.7799,21.13,4604.49,24.09,115.1,6.731,239.76,0.3485,9.414,0.3896,3.0279,0.7688
2025-09-15 00:00:00+00:00,0.8632,4.51,29.81,593.7,919.68,115349.71,0.26831,4.151,0.7799,20.36,4523.74,23.56,113.72,6.532,234.31,0.3448,9.161,0.3805,2.9969,0.7552
2025-09-16 00:00:00+00:00,0.8803,4.547,30.08,598.8,955.65,116788.96,0.26995,4.253,0.7799,20.52,4501.29,23.48,115.03,6.654,236.96,0.3423,9.321,0.3839,3.0376,0.7688
2025-09-17 00:00:00+00:00,0.9138,4.613,31.82,616.7,989.98,116447.59,0.28256,4.403,0.7799,20.89,4590.53,23.99,117.0,6.79,244.84,0.3433,9.551,0.3954,3.0841,0.7885
2025-09-18 00:00:00+00:00,0.9244,4.672,35.19,624.4,981.04,117073.53,0.27857,4.533,0.7799,20.99,4587.66,24.62,118.19,6.785,247.5,0.3505,9.604,0.3963,3.0735,0.7918
2025-09-19 00:00:00+00:00,0.8904,4.477,33.75,600.6,984.1,115632.38,0.26527,4.359,0.7799,20.2,4468.59,23.47,114.04,6.581,238.53,0.3437,9.162,0.388,2.9901,0.7553
2025-09-20 00:00:00+00:00,0.8931,4.453,33.17,594.5,1043.77,115685.63,0.26759,4.356,0.7799,20.19,4480.42,23.34,113.92,6.614,239.48,0.3467,9.185,0.3861,2.975,0.7605
2025-09-21 00:00:00+00:00,0.884,4.4,33.04,593.6,1047.8,115232.29,0.26074,4.262,0.7799,19.88,4444.97,22.96,114.0,6.471,236.16,0.3426,9.043,0.3797,2.9701,0.7493
2025-09-22 00:00:00+00:00,0.8256,4.161,33.86,567.1,992.9,112650.99,0.24122,4.037,0.7799,18.71,4199.08,21.65,105.65,6.001,220.38,0.3399,8.231,0.3683,2.8526,0.6986
2025-09-23 00:00:00+00:00,0.806,4.127,33.61,556.7,1015.98,111998.8,0.23709,3.966,0.7799,18.8,4164.26,21.52,106.07,5.921,213.3,0.336,8.057,0.3645,2.8247,0.6994
2025-09-24 00:00:00+00:00,0.8127,4.153,32.31,556.4,1018.49,113307.0,0.24107,3.992,0.7799,18.6,4152.81,21.6,105.52,5.962,211.6,0.3382,7.899,0.3746,2.9257,0.6978
2025-09-25 00:00:00+00:00,0.7637,4.012,28.64,536.5,945.9,108994.49,0.22292,3.804,0.7799,17.89,3874.36,20.14,102.28,5.559,192.74,0.3319,7.455,0.3505,2.7435,0.6578
2025-09-26 00:00:00+00:00,0.7919,4.114,29.09,548.1,960.8,109643.46,0.23244,3.924,0.7799,18.4,4032.24,21.07,104.55,5.734,205.17,0.3383,7.619,0.3619,2.7835,0.68
2025-09-27 00:00:00+00:00,0.7809,4.111,28.74,543.7,968.45,109635.85,0.23077,3.889,0.7799,18.25,4018.38,20.91,104.46,5.665,203.46,0.3366,7.617,0.3608,2.8047,0.6704
2025-09-28 00:00:00+00:00,0.8086,4.183,30.01,556.4,993.01,112163.95,0.23735,3.997,0.7799,18.54,4142.16,21.68,106.88,5.835,210.83,0.3357,7.751,0.3676,2.8674,0.6741
2025-09-29 00:00:00+00:00,0.8061,4.113,30.41,561.0,1029.79,114311.96,0.23478,3.98,0.7799,18.63,4215.07,21.74,106.76,5.775,212.75,0.3368,7.744,0.3718,2.8801,0.6693
2025-09-30 00:00:00+00:00,0.8072,4.1,30.01,560.6,1008.51,114048.93,0.23293,3.909,0.7799,18.44,4145.15,21.3,106.88,5.773,208.68,0.3336,7.641,0.364,2.8468,0.6683
