date,ADA_USDT,ATOM_USDT,AVAX_USDT,BCH_USDT,BNB_USDT,BTC_USDT,DOGE_USDT,DOT_USDT,EOS_USDT,ETC_USDT,ETH_USDT,LINK_USDT,LTC_USDT,NEO_USDT,SOL_USDT,TRX_USDT,UNI_USDT,XLM_USDT,XRP_USDT,XTZ_USDT
2020-09-23 00:00:00+00:00,-0.0611234572379536,-0.09225073167562944,-0.4086284164003794,-0.05659727808648954,-0.051790693996207886,-0.027747100849892316,-0.03809543852200975,-0.03789834462482312,-0.05166582458829686,-0.02241173448637672,-0.07068346789739553,-0.13499534331121907,-0.034545354321995826,-0.02607317413473613,-0.01853254498247293,-0.005215658764295894,0.11338348132882566,-0.06142723208756642,-0.050069842792646126,-0.07589099880151151
2020-09-24 00:00:00+00:00,0.07429437934212282,0.1550805491546417,0.2722381077587383,0.03890256933479564,0.07349808237653699,0.047188198471375946,0.03297490541979694,0.08842017033575342,0.03674046672701024,0.02715246617409806,0.08441749028802611,0.2565735655070229,0.04461367966963322,0.10264919794032855,0.09627141535238294,0.05440590295506768,0.1646627485960412,0.043974290839057746,0.04895343578932027,0.09841447346859417
2020-09-25 00:00:00+00:00,0.16070604418008078,0.06644669272768287,0.01545810886458344,0.001386514064151876,0.004786184032957858,-0.00463521561603508,0.026937403059674313,0.008120971372381682,0.004253482053835626,0.0016891216563829786,0.00841791841818661,0.08334797108860394,0.02419295473697733,-0.023282751000840537,0.01590691580287021,0.03334266536909031,-0.04952145395984892,0.058459096290291286,0.037027211058759966,0.025108988855699028
2020-09-26 00:00:00+00:00,-0.015177006494574754,-0.039162271947205125,-0.04189752212771805,0.021926696101131814,0.05925627317088035,0.0039159023986676655,-0.0015929764236936028,-0.019006369935267744,0.008219224353132106,0.0744882054780771,0.005667021853450953,-0.03906449720286771,0.00021727322193022567,-0.014510475559576023,-0.020562536456888575,0.0014727543162744601,-0.009424678006282182,-0.011042396070221536,-4.140186723016017e-05,-0.018219266089770886
2020-09-27 00:00:00+00:00,0.059274349244695844,0.02571386585731933,0.0280110805224417,0.0355523962459716,0.0019523063999940281,0.004245955171710726,-0.0006675815253679103,-0.008021371396866893,0.00938864748690785,0.015158395391803423,0.01003649082095064,0.045197832416258375,0.0004344048721658038,0.006785155684235151,0.00925799979251144,-0.021946203468069247,-0.004652990627073468,-0.00679350438839809,0.007465953379303923,0.003128596984862929
2020-09-28 00:00:00+00:00,-0.009920716286747878,0.02072721539174059,-0.10093867403560787,-0.015733821978785867,0.027595601161130034,-0.007277969114733297,-0.016836044349372928,0.03519565677803233,-0.010519670793451546,-0.006080166128621522,-0.0099234773157165,-0.048489113500331214,-0.017967179211564027,-0.05028084767528755,-0.06472009862415079,-0.012869216217295677,-0.13112278171080402,-0.0016373315160122474,-0.009372294611415708,0.03075913034753194
2020-09-29 00:00:00+00:00,0.007944431058535812,0.09538552639869446,-0.015033550532992598,0.014555785672475435,0.06835504173719861,0.013406216589902006,0.008378625409021739,0.010461702658631705,0.01429675074829453,0.0004988591011286966,0.01633661551259001,-0.014497266343090157,0.01011887208542844,-0.021055525221527593,-0.0031808364664140183,0.0019029501460860636,0.030652586898778637,0.011405418952219252,0.007356621043866531,-0.006435201186102928
2020-09-30 00:00:00+00:00,0.0025684099864579173,0.011796785059456728,0.04485501633002373,-0.004813803002771312,0.012758038391072717,-0.005911086565506154,-0.014206015419245054,-0.03417840904720518,-0.008421590374577969,-0.0030524771872317874,0.00011116978416697862,-0.026555718579932816,0.011965768788941922,-0.0316258398400168,-0.018402489492243948,-0.003427921848403845,-0.053233462350617426,0.01034190938069122,-0.004705308334539538,-0.013586613567016495
2020-10-01 00:00:00+00:00,-0.03330297735297186,-0.045120435280469655,-0.04229753188539763,0.0007016313215393307,-0.06341655860561815,-0.014719097354311225,-0.003954678513276492,0.0002300807593612997,-0.012924061740592407,-0.012772994584803545,-0.019588660249067243,-0.023580195302507073,0.00021623959431210394,-0.015423927150692537,-0.010340851395074523,-0.015379003604792475,0.02008381879510344,-0.022977088684653833,-0.014669985945391185,-0.003733556219680025
2020-10-02 00:00:00+00:00,-0.05428257606813616,-0.04562089754422403,-0.05918740209960874,-0.037790909928138335,-0.004758768345677755,-0.004599449436267366,-0.013193410672699411,-0.05159846558853939,-0.02623923753542875,-0.02826364042503824,-0.020761000516938747,-0.04484181009130128,-0.030069202743993217,-0.037807892852825806,-0.0888363600794663,0.003480954974969508,-0.08598053191621323,-0.030259074719911155,-0.0183460287996507,-0.04932173504228402
2020-10-03 00:00:00+00:00,0.004512740010406639,0.02097696926047583,0.026564633595360248,-0.005157591478138865,0.030612797597186926,-0.0026846721814158783,0.0020440834777970653,-0.01648610407282526,-4.0344542397421883e-05,-0.00893910531552683,0.001012219014919437,0.005658442963473596,0.013939820814109587,-0.015768539568018384,-0.03069661001911311,0.04860628993888725,0.0035153028694532803,0.0005635390399914175,-0.004843662355598933,0.013139917691484159
2020-10-04 00:00:00+00:00,0.03766091437290082,0.05890893224084838,-0.01323194927061712,0.010741535166674044,0.027300111099172363,0.011747206689254342,0.014344704229025588,0.028237912969843442,0.015612182119423064,0.003771535245583867,0.01838750395991022,0.013204058684225573,0.025597926954295115,0.017756721589259044,-0.009360073075732705,-0.027971243660893753,-0.046638335372775876,0.026408761973297223,0.06330779805342727,-0.0014199169367858336
2020-10-05 00:00:00+00:00,0.005354213779471804,0.009737904665810582,0.0043547826614345805,0.0038857811409538767,-0.012191333749303618,0.011704400948838524,-0.005636821750310582,-0.0035735309220977923,0.0032121852615309356,-0.010494381024013621,0.0035411303452131263,0.02371519572483948,-0.007524489978615425,-0.025763530646053568,0.05105122080790583,-0.00037828636728781965,-0.11572541486627885,0.005608386220882661,0.009473417027727927,0.014856180334999218
2020-10-06 00:00:00+00:00,-0.04720485335512532,-0.12488985442172784,-0.1168039355969955,-0.009606308863027933,-0.0332055304243561,-0.018002652442652742,-0.008130126083250288,-0.105197683770712,0.06521384834441428,0.02691075000241424,-0.03707381967330129,-0.092383382379438,-0.007581537452397691,-0.06399519050752477,-0.19882069556234394,-0.03347109910686381,-0.20112943948266596,-0.012905176357458888,-0.019566937933667143,-0.03887171437496732
2020-10-07 00:00:00+00:00,0.00910899509513064,0.02851686627966462,-0.028751765742833082,0.015137769012764474,0.0003106319217336038,0.006275751163339584,-0.0028921257988022866,0.027692538460782148,-0.019590475759844458,-0.012523693322864772,0.00243284161440357,0.023777375471320725,0.012103022171243627,0.011700250475665013,0.05655770191436856,-0.0019580973556140007,0.08736438299286256,-0.0005528680168469085,0.013154090305297544,0.0030034416803151882
2020-10-08 00:00:00+00:00,0.027150989065950898,0.03250513285175481,0.12868600036482608,0.048025335972799815,0.001897814475609742,0.0240082372384519,0.0078087831642003605,0.06644009233009147,-0.014094934499678434,0.00017394497584461994,0.027061850985385043,0.06253621719280483,0.01407873083511935,0.015096636949714604,0.02714400298261692,0.008198367215698454,0.12303201839712981,0.010726175444035096,0.010837721803108933,0.021390934055711897
2020-10-09 00:00:00+00:00,0.050311708138194924,0.023752220755799122,0.08196849765095811,0.013501096645793081,0.02369478619269086,0.011382431304897278,0.01739702781685803,0.032928522175910496,0.012959473948481407,0.017794166051990478,0.03930838342544397,0.0838865340612688,0.012001407339468036,0.021564961353651928,0.06850201578020788,0.02115870432802992,0.009950626413890374,0.025789588348516905,0.006027697990226076,0.03872709781167578
2020-10-10 00:00:00+00:00,0.035305771471113655,0.07094376389581081,-0.05467930283748082,0.0005480722749389005,0.001189115164127918,0.02171420080767896,0.0024446671445229424,0.0015267716449533675,0.00034077355926991797,0.0007211584393921484,0.014955277783952257,0.011847698073283792,0.02276117296567651,0.008246524800202135,-0.05334543955705729,0.006450411286037132,-0.025292041487857398,0.0299392109396348,0.004300233473479629,0.0059037410348088916
2020-10-11 00:00:00+00:00,0.014663712917036642,0.09277715872859472,0.017982994769555647,0.007181434807328543,0.003008682505158913,0.006689566668831729,0.003000639886935377,-0.0036681756706552293,0.00607652225465977,0.029312701355149528,0.009776089031804207,0.031044123556902795,0.032208903369617646,0.01432600022694653,0.009455550895321128,0.00452830962474761,0.0191254046914938,-0.0022016456474683024,0.005574544330353047,0.01914985532354344
2020-10-12 00:00:00+00:00,0.0275106498820158,-0.016941112688818098,0.07386380172154797,0.0028832312140849347,0.07178793759229175,0.013908432475919988,-0.001161679694448469,0.014615869656637099,-0.0055844987032998405,0.003732891437802851,0.03247422749635573,0.05157938901587545,0.0019790230088613157,0.010959013789719602,0.06430115446170585,0.01975833148877061,0.02852520265517485,0.0062039749201395,0.002307076707117087,0.03971263740686783
2020-10-13 00:00:00+00:00,-0.0018289899931724118,0.007010544486217302,0.015882276571937307,0.05598476739954761,0.0024537330704902105,-0.009385304987830363,-0.010743671336291843,-0.014074202486085855,-0.001704190827327436,-0.018169690023673742,-0.01425338442138165,-0.03784199152844066,-0.01373565936887299,-0.022039459566291386,-0.07113503555889349,-0.010762768580192645,-0.030907148639348115,-0.01636825320140599,0.001834039497180558,0.024834212587276347
2020-10-14 00:00:00+00:00,-0.020529664979415326,-0.04856563847900766,-0.07433805022675115,0.021892275799459838,0.0036515124161298797,-0.00023381621889088832,0.00018948365760163447,-0.01527870104691375,-0.012126445120242472,0.005777454242499105,-0.006186428059725072,-0.010232511441888852,-0.002006421218854655,-0.03658874125550508,-0.04049823068496344,-0.0014936522567833646,-0.07497053558037538,-0.031533245260333416,-0.02943483331782183,-0.0541620817964526
2020-10-15 00:00:00+00:00,-0.003462963823827992,0.0073069218630320825,-0.007892396003099343,0.012238082649900232,0.01568795887986223,0.007610730096360131,-0.016697940648885655,-0.020261744364747446,-0.0030739697596640363,-0.00916624079998341,-0.0027765675685641512,-0.013060602791036024,-0.00523561405394494,0.01643359887428348,-0.01856394353323052,-0.009009069942365968,-0.01065970427029196,0.001350803933615925,-0.01252491020773344,-0.01599750510264903
2020-10-16 00:00:00+00:00,-0.023910057437703223,-0.0655444004128238,-0.020465329570057617,-0.04667617966554954,-0.0415197504729035,-0.016281153381309317,0.0033466074740214945,-0.04705222661216308,-0.024267457647697364,-0.030157056965249958,-0.03267508167448254,-0.015054652532949908,-0.03974578536277197,-0.012784389409710918,-0.05827419867672397,-0.030630265948243123,-0.011989885380958938,0.06544085419340194,-0.02407176941258373,-0.03296852189423119
2020-10-17 00:00:00+00:00,0.017514249329863132,0.011592732643947761,0.03673679353307366,-0.022790706818958287,0.00629594237986825,0.003605018472487021,-0.007942363530544705,0.014142855291986247,-0.005733620563165417,0.003877506666740409,0.007685846343684527,0.0036767520113820348,-0.014175631431048094,0.00993811523352039,0.030151187343645344,0.0007773027985620129,0.004590774064707471,0.030261944383143495,0.0019139558143618264,0.009785757919558486
2020-10-18 00:00:00+00:00,0.01284412726017406,0.052737549156460256,-0.01806618699034973,0.018867720321879514,0.0137241955968193,0.012504022806047878,0.0015471496858863757,0.03481046624064885,0.0095509448106228,0.006601444046547215,0.02623303304324833,0.029138358508673214,0.012914332125721623,0.013692117195839213,0.004388849431084371,0.007739976720317252,0.07087554491555381,-0.026098163211363854,0.006794010971188143,0.017987481776873326
2020-10-19 00:00:00+00:00,0.01148479790401908,-0.04617297415995395,-0.01701491565506,0.0022035706747090115,-0.02471976622084426,0.021358297570117018,0.0018148474910787108,-0.02985591465206953,0.014041339941393343,-0.0037559449336248742,0.0031422901180872343,-0.0023975560085651225,0.009421193938106334,0.008057877127721382,-0.07293484563737362,-0.001929385124851588,-0.03435251139180824,0.07025120813216465,0.013817641274131449,-0.017621800920761935
2020-10-20 00:00:00+00:00,-0.058887941199371956,-0.09088523333648524,-0.06266373643530392,-0.03722326966377006,-0.037053004787733906,0.013399204588298025,0.0008869180182279546,-0.02094025357563862,-0.021730197488272356,-0.024862058270595976,-0.02883246445412198,-0.10173590398702331,-0.023401510601397005,-0.03598615261860425,-0.08838973695975116,0.0011580777206276467,-0.10363416456978716,-0.05364347173250407,-0.009656376179513202,-0.06368274129788697
2020-10-21 00:00:00+00:00,0.03370943841292577,0.04228589065413152,0.0398120209462076,0.07113949552908633,0.03109090569639166,0.07057901976281855,0.010963424873765419,0.057687726684728255,0.03082923084789168,0.0493832698256792,0.05762563947773333,0.08990220983605351,0.12232333857516645,0.07849833388256489,0.001960940819689167,0.028524466709848893,0.0272306439199488,0.0344462949170033,0.031008353609189514,0.03423270330719444
2020-10-22 00:00:00+00:00,0.04505516008647832,0.038001764969190485,0.09166350062205583,0.036018025465891466,0.030039113136267427,0.014568318834834563,0.008730364808027387,0.03167992660375865,0.024191670387220168,0.05007484504145126,0.05869703976117985,0.10278077460538558,0.02553012972329484,0.017358824415547786,0.03613692221817053,0.0152561098501514,0.03548689338342783,0.02294600969702043,0.024451480981905322,0.03132205643571003
2020-10-23 00:00:00+00:00,-0.024861896575946448,-0.014804119369787594,-0.01901096195138474,0.00910127198404537,-6.201317618791868e-05,-0.0035107961066538486,-0.001399315698331178,-0.0011721132196627132,-0.011226760472818719,-0.023437164359620465,-0.011833594941792215,0.016979153364554946,0.019495925867613884,-0.028108077857197673,0.00040845502456987533,-0.01450648462764154,-0.010637343869337328,-0.021750266400176903,-0.009300575052546731,0.011565016992360035
2020-10-24 00:00:00+00:00,-0.0007406721938459293,0.03282590501823553,-0.017704191575642087,0.019699659428589592,0.0008547901390923252,0.014493163177937982,-0.0021974700060453383,0.020959580763056422,0.007623829196823699,0.008536969475201802,0.007379028915992946,0.043573129118369226,0.06648763085404143,0.009657669445037787,-0.0231343581827347,0.013767659326209337,-0.023896682332924447,0.02280209843778143,0.005832746371232222,0.0008563766777630142
2020-10-25 00:00:00+00:00,-0.014741823230774314,-0.04633962418495839,-0.008211330651559398,-0.01715132277722731,-0.017631095004996135,-0.006342655085969485,0.006163405970451296,-0.0052046268143550786,0.017775430291191118,0.005321320335736742,-0.01535482490502241,-0.0444370884919677,-0.006606274555636888,-0.024713091174892624,-0.06563270083854479,-0.002590195712728673,-0.05859005904453366,-0.030479679336815797,-0.012055198710499995,-0.02495282845836144
2020-10-26 00:00:00+00:00,-0.03180024462819646,-0.028170876966696335,2.4108294459917824e-05,-0.04430758459460814,0.030037550623314493,0.0017913414618498272,0.004588371658969029,0.08242340352796827,-0.02934718246867228,-0.022468767118359968,-0.03342078121052994,-0.0367637607697261,-0.034933519307194925,-0.044701138496152974,-0.0649328121070928,-0.008931953687897775,-0.02232040145898688,-0.024379559477150564,-0.020071300054378478,-0.03511441583298143
2020-10-27 00:00:00+00:00,-0.00486334972771829,-0.0013614705983210744,-0.006360590751405674,0.018148625044166505,0.013942489722532142,0.04376988541595295,0.0019493183560499005,-0.0066132163540076816,0.016896498521767885,0.004259544500761288,0.02746507295622274,0.0180099654648458,0.01900170481165649,-0.004517328968943637,0.018343727076024906,0.009672694462508546,0.035577017795508634,0.009701064598862327,0.01848983449723712,-0.0031625882893667593
2020-10-28 00:00:00+00:00,-0.038464368988444096,-0.06742317600500446,-0.015181253023349179,0.014845153018818207,-0.037172409914860254,-0.027491298279312352,-0.034325218101546394,-0.0698249022711453,-0.008073190310068793,-0.03482308315165494,-0.0384546167928271,-0.04127677426840747,-0.03765399083623595,-0.06919448947195878,-0.11968431593661821,-0.004824652149575316,-0.054302553312017096,-0.04384092631703542,-0.02943219291818123,-0.04140008760933934
2020-10-29 00:00:00+00:00,-0.03484888723438133,-0.03603611624817599,-0.0724721658137202,-0.0023903798638310572,-0.015401274458894963,0.01416828517726635,-0.0026390359555072992,-0.07047762839497657,-0.005178518877408204,0.025305951481175783,-0.002837393566833842,-0.014359221077888876,-0.016269339330578423,-0.03814756517504788,-0.05783290305624857,-0.012352767967000938,-0.046929883614817904,-0.010525061862953662,-0.012341533058039051,-0.03305497727701303
2020-10-30 00:00:00+00:00,-0.021314629096236434,-0.0028099013408637748,-0.01424365923050409,-0.020857704672853365,-0.04727658984443564,0.007728849021307219,0.0038785294712883433,0.005893203059458341,-0.05127933226678396,-0.027775135436225423,-0.012058044800868684,-0.016739186943873885,-0.015797536466084294,-0.032466928288884304,0.0037620219930072714,-0.03643739620243098,-0.05077314587446205,-0.010506614582533455,-0.013875264146659546,-0.016473291248843214
2020-10-31 00:00:00+00:00,-0.003220614700042172,-0.0008661758878491927,-0.020847660580765946,0.00041991945798483803,0.0005228372989811462,0.016884548375875077,-0.006485585559868628,0.02440295702464503,0.00842143691622768,0.0028485178492879295,0.010325860652868219,0.012340137863410542,0.03116993430680526,-0.005832502122489643,0.07473856590095533,0.006230549750636163,-0.06293212169303435,0.01372722928257573,0.0026319652567423544,0.03841173343477593
2020-11-01 00:00:00+00:00,0.05511929922107953,0.027141317689646262,0.009772153648948952,0.02271624357286537,0.0009116793764408962,-0.0021413673004317957,0.0030732746758353486,0.008493478763767751,-0.0037649900810428874,-0.005705172937100769,0.026076330976647653,0.030221730835982417,-0.0021559476550682528,0.016125572917051884,0.03692980694562235,-0.00077669906817236,0.04752439710759804,0.011000366746321703,0.0012925554783904231,0.009314101318171623
2020-11-02 00:00:00+00:00,-0.06365020782328555,-0.029961582060340372,-0.01764816164652371,-0.04093392855391493,-0.026044386970223304,-0.015534786411904644,-0.022905513569165453,-0.04593243808961412,-0.03453842240218267,-0.048312534803592835,-0.035017493625088485,-0.07078324288334271,-0.03290973408879798,0.018172671479986465,-0.08714707140601281,-0.051415986247099595,-0.05292240145434255,-0.03943953877303656,-0.02003349689630476,-0.05193969403013312
2020-11-03 00:00:00+00:00,0.014641234736771678,-0.027085218408210418,-0.08477696359750371,-0.05209552758572572,-0.03419521234786287,0.03439658130142223,-0.0008349403105171039,0.0011403357788922761,-0.0281356477123198,-0.02216084294329098,0.01260880629793201,-0.03687275664129547,0.0029695641718164986,-0.036068276855898765,-0.04297861337152716,-0.0012277472383224036,-0.05283560301473116,-0.0019868872024174753,0.018407107330354153,-0.013123478201440275
2020-11-04 00:00:00+00:00,0.020416428198863086,-0.020977424242817105,-0.046568739290093676,-0.012691780715711136,0.00357463064431789,0.00855457982732576,0.01260861351083844,0.014926934885882865,-0.006318801372449018,-0.0018844741340882736,0.03697423839314045,0.007688510916560992,0.0130720815673527,-0.04366228762352126,-0.01469880192129846,-0.009049835519917927,-0.10333575053964036,-0.011468321452875251,-0.008466457379900665,0.003257070984146646
2020-11-05 00:00:00+00:00,0.020931237686331473,0.026320268653312277,0.05011345747195772,0.03420147075506346,0.02662676176124798,0.09733975303388694,0.03424582338407079,0.03029150565962458,0.0399469414760442,0.04421639922758799,0.034672288230809624,0.04738260832596799,0.07537451407647215,0.02474642974573116,0.006805427604927814,0.02971926437282578,0.12741214282317107,0.07528561996253381,0.03324050319507282,0.0037777054157904946
2020-11-06 00:00:00+00:00,0.1122074076660091,0.08017932902766665,0.07410154638897554,0.03256615154901333,0.04781365830485561,-0.0006480603012701369,0.045373808522373923,0.08174442682011954,0.035536632340647856,0.0500793131410372,0.08995288155332784,0.102846291464907,0.06961467416943183,0.08712710299686459,0.30488177450953063,0.0481596290535314,0.15828414098812452,0.04249741569384962,0.05165355683347703,0.10377136195945842
2020-11-07 00:00:00+00:00,-0.07437593444315914,-0.054966988416587474,-0.051039789832269325,-0.015165426473324582,-0.04501486976636334,-0.050120002204518566,-0.03206465962950146,-0.07909573188151778,-0.015024129979905397,-0.0541677709245268,-0.046466748394703127,-0.03384006171729802,-0.07046321049527075,-0.05891957801219497,0.061985923926293846,-0.05097144050643284,-0.03578895005516818,-0.05337864368540063,-0.037544046621808734,-0.03423340981185167
2020-11-08 00:00:00+00:00,0.050725400148760175,0.04031093084705733,0.018235116194989506,0.06440066751820299,0.02296487940341876,0.04336937714861154,0.013762538220006068,0.0324156778370649,0.015497409420804348,0.02008412866181435,0.04292909954643718,0.07736206567419426,0.035360588630982716,0.04210382974383919,0.06432207426670257,0.019518643954627254,0.14623066090732395,0.024594457898498574,0.018455698444317523,0.03327550945602556
2020-11-09 00:00:00+00:00,-0.008861294786243111,0.06947795517339778,-0.018264419794938886,-0.024409233248306066,-0.011185125865989859,-0.009524311280312406,-0.013013754957764983,-0.006261560154628973,-0.015337236433636221,-0.029742406285171934,-0.022212749206868294,-0.01580480705216743,-0.029773508999649836,-0.0046710867337654,-0.060175353608806006,-0.02233838399009306,-0.06603570343196187,-0.022333434450647765,-0.01249198327652777,0.013847802717405173
2020-11-10 00:00:00+00:00,0.002742188848977769,-0.013868764141715773,0.045484514653793814,-0.027156196431039642,0.004428832605952988,-0.0020375104761155144,0.03276567727361817,0.017515899275438358,0.00020018016281437456,0.02049143121954076,0.013457829473024563,0.03849583999356012,-0.022192785180340964,0.013370996609311347,0.11007376150215678,0.0016122534729761215,0.1369601880673154,-0.00037648240389450994,0.012728417844362854,0.016963060788101933
2020-11-11 00:00:00+00:00,0.0008494974318027702,-0.010082125532984543,-0.024691212540949754,-0.001283921973864492,-0.007212646943732497,0.024985927702935035,-0.001087153576907308,0.005186499697354382,8.006084628597384e-05,-0.00796162302576145,0.027918566613755066,-0.019313580097992663,0.02286789069121414,-0.012525990221483456,-0.12491311169879663,0.0060229051773562,-0.04832211805834633,0.008996686947594774,0.007888426141780496,-0.01253055482769719
2020-11-12 00:00:00+00:00,-0.013201198408341018,-0.000596243682575147,-0.017341391360126114,0.01211197935249241,-0.011798339482812876,0.03800921004285134,0.007513400465478828,-0.009468676326861273,-0.014109154921518303,-0.009253753204305314,-0.001512728818530903,-0.02776366076757287,0.024169857287627522,0.004214354472345112,-0.046620020635226196,-0.0032077012267697313,0.009305551951460822,0.0037248615205455974,-0.003563670039998011,-0.02477024804958304
2020-11-13 00:00:00+00:00,0.016027655914667784,0.03573552167432097,0.0705199977229928,-0.002966046742173215,0.018252339051273894,0.0017686441983009846,0.011663400078939686,0.030918890198234395,0.05335757995134187,0.017604981564796097,0.02991211696392684,0.03679512912797151,0.08277536460402368,0.03502884909439853,0.053645285571979485,0.019881370553828995,0.26644883676444664,0.022062422012225146,0.0422489868669043,0.03688253866762729
2020-11-14 00:00:00+00:00,-0.020723175058828754,-0.03275785198039657,-0.05168726732312461,-0.015943099293426934,-0.009489011755685358,-0.015452058926512477,-0.015232450499455409,-0.01749950276856489,-0.024270293958640835,-0.019887158759171762,-0.03316140497998663,-0.024487873163311344,-0.03251191521284974,-0.02038504213447541,-0.04878519918498488,-0.010686822468990092,-0.011696039763191298,-0.018968934424920723,0.008761803908998757,-0.02508780060039644
2020-11-15 00:00:00+00:00,-0.03568839416476293,-0.013168586145526568,0.01589298097396127,-0.05930503581331408,-0.00908121192059686,-0.007084577418178802,0.0010467992364921156,-0.022039147547687446,-0.01581908981365385,-0.0018294991878784702,-0.02818761490910145,-0.035519161379873314,-0.02489623551275071,-0.02367776174766815,0.061905639941189375,0.007927112458082987,0.0076478714779617835,-0.010557137112128682,0.004834700183040078,-0.04041494359852194
2020-11-16 00:00:00+00:00,0.03338047891782159,0.02086928566716192,0.04271003701255304,0.037430649606784466,0.0095823197372688,0.04632335988450774,0.041759573471775696,0.029760676650558114,0.03422200030650287,0.07122626528369275,0.027449639532667772,0.040674119041700915,0.17026024322879912,0.025970464318643482,0.10322170825732634,0.006296754374440264,-0.07626649846661732,0.02964729100504447,0.06669496483850394,0.03299952868327725
2020-11-17 00:00:00+00:00,0.05251042187674593,0.038774265994993354,0.035966984767035096,0.022932152068802718,0.021597184946670216,0.055046122658961215,0.017085049701409203,0.07670082668831153,0.05028233057412731,0.06808297356515497,0.04583384152214885,0.059371618256518745,0.03303443694543426,0.026986262667604826,-0.028148147369350056,0.03848108489595437,0.06701902523678116,0.04734612059719821,0.048570331819638095,0.028870911997033993
2020-11-18 00:00:00+00:00,-0.02675466224782979,-0.034652167705571994,-0.024011707709929265,-0.03652573008437143,-0.01631506153406786,0.006588896577796588,-0.010704067457070967,-0.03716636900001074,-0.029554016154772267,0.04536155303940043,-0.007787163528402725,0.01227282398074479,-0.038738649071342716,-0.027113497224682304,-0.03916980072991183,0.010888036979048122,-0.09626328975849327,-0.033502986505000554,-0.03061566362728621,-0.02843883248768323
2020-11-19 00:00:00+00:00,-0.006400624261275449,-0.0015683202587242324,-0.028331887963484795,-0.0014224464408952124,0.0016218584500448411,0.00150088816654907,-0.000584664608335312,0.016320145193765075,-0.00030340956731424683,-0.020783399668411067,-0.015079366665770106,0.004334315154208966,0.10477467260613112,0.023702112306788307,-0.014427791160202742,-0.03689332653250399,0.07806917286047463,0.0042944119439228675,0.034278731826844384,-0.003028484468285705
2020-11-20 00:00:00+00:00,0.11055944237691566,0.03299865252312991,0.0204224694259226,0.05587647977555463,0.02916673510631939,0.04679324961628493,0.027216719473628956,0.09485712757227069,0.05300256370277612,0.02415346546846729,0.07925725339647866,0.034255658851495466,0.012190812929773361,0.021452004284860434,0.008738684648129855,0.018426625011267465,0.02988283273749103,0.05240563824620181,0.08317472279223947,0.014244982751021644
2020-11-21 00:00:00+00:00,0.11984756220563747,0.11702344579836496,0.08091612259491258,0.15978838675742396,0.05194182505016224,0.0025765904402387323,0.16225776382685256,0.10040754333894067,0.1502888958290001,0.08255270112935709,0.07953591115958518,0.09198069107369673,0.05435415708470328,0.10803269021035239,0.12451689056576888,0.15083049716095334,-0.0048363286238856055,0.20800640460618594,0.33853992604529265,0.1275808359470737
2020-11-22 00:00:00+00:00,0.09063586902197467,-0.07738666361542011,-0.03509131981127006,-0.054393257645344306,-0.01630398180971125,-0.0155921153820781,-0.05010749509183761,-0.04571658586872659,-0.05317511225005575,-0.08782757673456322,0.013808450404584349,-0.0628559150167594,-0.050242905828344855,-0.06424744268987491,-0.1019056374488954,-0.0613813686593836,-0.04267974611047389,-0.04446010288918383,-0.03679425765472924,-0.04822840687765761
2020-11-23 00:00:00+00:00,0.056332293152702224,0.05846510702898916,0.046593643397501015,0.11221798499405469,0.0318754697715216,-0.002524576253394546,0.09771502325592923,0.06742514553958473,0.09805744649215845,0.08527318041792224,0.08313802089309089,0.05136703493182348,0.07170027672462867,0.10557585917521807,0.05744242626611029,0.09893994785490345,0.12940871515778432,0.2382598747143598,0.3223404379383803,0.1390239750696581
2020-11-24 00:00:00+00:00,0.07938008810998692,0.026324012999588368,0.04447203593041287,0.07404167278553045,0.09078898307121565,0.04221527432609045,0.1449465179937386,-0.0302186580959597,0.06302245639501186,0.1023919668078635,-0.005949504591442188,0.025575882912057448,0.002468029074168585,0.07105432873542337,0.001622487145816342,0.10432027725488323,-0.029467749554118555,0.3914863176625581,0.11956596418690807,0.019495120422549084
2020-11-25 00:00:00+00:00,-0.0775688449729964,-0.01044659879438549,-0.05171344688437039,-0.1062036375580403,-0.08114695769850302,-0.023280367279034576,-0.13856173316240694,-0.07826233744980006,-0.04955879249765928,-0.045935803158588466,-0.06042008713728028,-0.09841256673138102,-0.08777561088238572,-0.039199248921958474,-0.007123414168952664,-0.06417904370036888,-0.09966898997100589,-0.014202883733249946,-0.09640299573036587,-0.027770078570937273
2020-11-26 00:00:00+00:00,-0.11131687980193768,-0.10227884912041818,-0.1321021832279521,-0.142430120672013,-0.10288433340622172,-0.08757765783988204,-0.13211080386158694,-0.09755722324534508,-0.1484632215162166,-0.12385177295979151,-0.09125694783968574,-0.11941975346072828,-0.14098593273604737,-0.13673269620458306,-0.17038129974594343,-0.11604423347948584,-0.06961852606443779,-0.1363859423765444,-0.16092784816900718,-0.14634637277609772
2020-11-27 00:00:00+00:00,0.0239117777272279,0.00710416149162752,0.013867904946828222,-0.022314621446294286,0.00793708153976629,-0.000580361234278455,0.007970123730226378,0.001267651170885704,-0.027054657526277687,0.011512526054685182,-0.002214712366867659,-0.008294240419326335,-0.02640181893054817,-0.004196788626613214,-0.02656501485268478,-0.0013605444275602884,-0.036609547954824906,0.20662533731261568,0.04689439869072468,0.0028903681993936174
2020-11-28 00:00:00+00:00,0.15100202448600555,0.01148373427646332,0.009111995800220781,0.038865665127495175,0.024846343482605636,0.03329857201976857,0.03577753883467682,0.016232718161818174,0.04251611100159569,0.01839216643560225,0.035678845931211,0.045848822298927686,0.05006332642870651,0.023837448774395194,0.0137682947678559,0.03642842225188643,0.04578019670551428,-0.03330366723609112,0.10697933626277054,0.029660967036033117
2020-11-29 00:00:00+00:00,0.010497200637655146,-0.00018417902252989036,0.020250678376092613,0.03233735714040499,0.03130764409895446,0.02591104840521473,0.012297036819958237,0.059129447773559225,0.010913481347096389,0.010346492285682043,0.06966238983072606,0.022271591965126562,0.08196657799346985,0.008575456476005478,0.014991995898508817,0.008171315281853797,0.025610982014059338,-0.030323791839566513,-0.03307590218719265,0.01654414137277021
2020-11-30 00:00:00+00:00,0.031951222365003334,0.025819616115364197,0.00029714872512221147,0.10781680047616214,0.04510651309061137,0.07981244056034183,0.03558789271611785,0.03495582367602357,0.07326162231083994,0.05377901760875322,0.06768946009239209,0.06423718650318203,0.10504364883430002,0.0492639804452704,0.02638104456324864,0.052009183910819594,0.06301683684698994,0.04391661944086525,0.09259919143050949,0.05477657879612265
2020-12-01 00:00:00+00:00,-0.10030986972675143,-0.05820428985636894,-0.040823119917027785,-0.09884092601672786,-0.04195249607231637,-0.0484176681386951,-0.0697453509421454,-0.056645438225666304,-0.08551012822041436,-0.09302100558709672,-0.05226162559488984,-0.06677403386815874,-0.02975962103520714,-0.05801055747612401,0.003705305866042575,-0.06775754087895869,-0.06341112530226294,-0.09900262535494324,-0.08363760026686066,-0.07037285279934692
2020-12-02 00:00:00+00:00,0.018021947948145663,0.04719434198251372,0.05092747332624801,0.02248444555344994,0.0029064068826490396,0.023131976224671752,0.01235895135527462,0.07284326128244506,0.020593386453043854,0.014696409598717843,0.019676648869148508,0.04639637636915274,0.04392015218782249,0.02790146120107481,0.07187990814339375,0.030611312318298178,0.10636283007427151,0.007155277709101678,0.03037473560904533,0.028193605177371125
2020-12-03 00:00:00+00:00,0.034305383031101755,-0.001816530926397894,0.01914707011467364,-0.006993631916769505,0.013739272424004339,0.011278018177224554,0.019613668772013447,-0.011929229663184987,0.007756524352917438,0.054502516645302757,0.03127058557822175,-0.0003577203237597548,0.0011242272122809105,0.04485689229022809,-0.011475846730107634,0.015277190823235766,-0.016728136427230728,-0.004221927786757678,0.0011744355331093212,0.006884349709844926
2020-12-04 00:00:00+00:00,-0.10381680394405017,-0.08555788836164654,-0.07557596087940184,-0.04387927078476712,-0.056382293934992535,-0.04052726761991646,-0.04351103496132773,-0.07690548403730581,-0.07925305318745222,-0.10145472103275836,-0.08222093279434803,-0.09723691437141875,-0.11262780738382135,-0.08608116454012615,-0.12328893656040604,-0.07168125770326275,-0.09925831731143454,-0.13213757783815736,-0.1298808702828786,-0.054822877461884675
2020-12-05 00:00:00+00:00,0.07880855427879792,0.041130918871891506,0.028832333184266434,0.035180125376477155,0.023997297999772037,0.02630648721030668,0.032573632102626794,0.03548296724533147,0.05546821920201719,0.039647146881605116,0.0507995542964057,0.03827996503746999,0.04451737147617277,0.03839101572279049,0.06576854395539847,0.036319167548716356,0.04651225885643799,0.060995977889279664,0.05533356191029098,0.020433716781590363
2020-12-06 00:00:00+00:00,-0.007531573918629159,-0.0091656169627013,-0.009028596471301492,-0.011566444224996418,-0.0076109675761468,0.01099757468367193,-0.0017705909544946303,-0.010439196805900016,-0.0036637397763134624,-0.003461946351755176,0.007910984729755429,0.024805904509335692,0.004919321216911303,-0.00474000608648263,-0.0673884147199746,0.011387791845705077,-0.009602343408691408,0.02433742074752488,0.0595413936910167,0.0
2020-12-07 00:00:00+00:00,-0.03018711021377589,-0.02191496605568892,-0.061778039485793974,-0.008349460889297337,-0.004504649844752521,-0.009993256658502918,-0.01478819517108746,-0.013728035541108493,-0.016078382019665046,-0.0029699858725735365,-0.01720335514267521,-0.03276168695041788,-0.002156722618880615,-0.025360806715833954,-0.012671132364519604,-0.020262131104879025,0.02949333358038434,-0.04588414234977346,-0.02097290621515333,-0.021356530109222997
2020-12-08 00:00:00+00:00,-0.08684021031123261,-0.07362543399368619,-0.0837472549016144,-0.058614208344805005,-0.05960688146292203,-0.044967153911558415,-0.050315607642479734,-0.06473760889439771,-0.05080976687549595,-0.06406511296368472,-0.06342967868240751,-0.07420684989147978,-0.0826048612830229,-0.058190938454137885,-0.09410140978559675,-0.08219093621182595,-0.13035036373852887,-0.09618535437415072,-0.08450032450716079,-0.05466335229993545
2020-12-09 00:00:00+00:00,0.046764641905111676,0.013833798481143354,0.04638585360779517,0.0037285650951388123,0.01700996120104969,0.011781918605685223,-0.005088104522125291,0.027652682102111994,0.0019602608076991876,0.04932886594421236,0.03218277264944643,0.039234658041814266,0.00843230007712286,0.026564296230030624,-0.0023477722008312975,0.028270433938255526,0.015911785035639288,0.11982656126617139,0.04161609674361991,0.009565913190604495
2020-12-10 00:00:00+00:00,-0.04196033705883217,-0.03150699348870675,-0.035950310293184115,-0.011039498399388158,-0.01621159546019139,-0.015580851185682042,-0.016580525196647378,-0.014990304579336125,-0.024656116905982118,-0.028560702570636257,-0.024911188536239134,-0.05739520504062628,-0.035635879077850395,-0.039900274140431964,-0.05634332833488393,-0.0207717378471349,-0.034024009958979584,-0.0681173146121523,-0.01727702843835214,-0.03215380503903061
2020-12-11 00:00:00+00:00,-0.01863894039102048,0.011108851689974693,0.027430720723776295,-0.024801743662542036,-0.012744905362282044,-0.01201960068239654,-0.01006888312390513,-0.04001681355398906,-0.017041579901790786,-0.017515621622774577,-0.02639220810912035,-0.024093867629965227,-0.034040046239991045,-0.021160859289333776,-0.08611329737100705,-0.011809047592242808,-0.08929864655540545,-0.06397044179022264,-0.041391856687987116,-0.01261786085263976
2020-12-12 00:00:00+00:00,0.03610602319661439,0.0723157208803688,0.029131376500258547,0.03282217493340889,0.029492860516002452,0.041919851281025024,0.02813743316335551,0.027059027521299996,0.02688314245824442,0.030868485494664644,0.042452462978501596,0.04966778519783457,0.06007045167202247,0.034922123514963876,0.035702232161954756,0.027340598775821477,0.052667969383808945,0.05239370350603538,-0.08123551998346946,0.026859354028594514
2020-12-13 00:00:00+00:00,0.06489342421380474,0.026330141251816715,0.0021876928574802983,0.029896878366969772,0.03478526624950819,0.019287828659587614,0.03087039820391811,0.032636638894749034,0.02972859951663594,0.024794726970819813,0.03911643553637746,0.05670481107637532,0.07061756721395342,0.047334182738667234,0.051558146650149274,0.02285418029763032,0.06853373220485955,0.10290281520529816,0.013859841752809087,0.044103582723264464
2020-12-14 00:00:00+00:00,0.030114477164600372,0.006140875179594008,-0.060847292916236737,0.0033275493666739464,0.02962496322455893,0.005105590997883581,-0.010484215675599096,0.0002450830231004799,-0.0012987698615572884,-0.013503827824231344,-0.007493726603094527,-0.006902087936978237,0.0008503918388929238,0.007905635680796795,0.015483609486919157,-0.003772942222202711,0.039950801744878625,-0.03407779936288684,-0.03214756829296846,-0.0034557851415171837
2020-12-15 00:00:00+00:00,-0.03173853962570117,0.01216976419120994,0.04907341746414538,0.042106646000706814,-0.017753505890637043,0.007922093279086292,-0.005657635781876691,0.06754737601009418,0.0050801545711194555,0.0018364262690821057,0.0040002436463691185,-0.013191480652176617,-0.012586467863503455,-0.01710137036779435,0.09789511687650668,0.002745368917192748,-0.04438646207753073,-0.024384199520024578,-0.06107581928833445,0.0028731781830518034
2020-12-16 00:00:00+00:00,0.08907889124343193,0.03764932375108734,0.011893610837034068,0.07731999939185585,0.03504679146028972,0.09373877942102818,0.06355800754673978,0.023690728676184165,0.08070110188732721,0.06642313894572106,0.0792373988673141,0.06142489300547531,0.1335621348966864,0.04844764262273124,0.013723214095822972,0.07491544005180982,0.060179264657380056,0.1511876636540429,0.19628202495508057,0.05926564450802923
2020-12-17 00:00:00+00:00,-0.02884061129079538,-0.025812642574921323,-0.040623714319754006,-0.004303153717873249,-0.010930760724688316,0.06626267735967427,0.08511780675217878,-0.0035853710608228194,-0.019663372002319414,0.002039555713190075,0.00862586215346231,-0.0030598779128819384,0.08326539818426065,-0.01002107756243127,-0.059447458643419986,-0.023485074866978005,0.04309449034387064,-0.037386053296844246,0.013068204226793254,-0.03023840275728352
2020-12-18 00:00:00+00:00,0.010110324259841636,-0.004680341783515623,0.060538433811001144,0.008332580340223208,0.02492054789888044,0.013516512987803837,0.03834714524502507,0.0017569441176093828,0.00583512555500034,-0.013535455013497972,0.017199914975270656,0.004164182961497084,0.0792427716257603,0.008125342397532037,0.012657648144479438,0.011972315791190952,0.01979519079987447,-0.004685362800251592,0.011152692154036118,0.012377359727974994
2020-12-19 00:00:00+00:00,-0.0041900774829985825,-0.007534411230802394,0.016586540994699327,0.01520315603213259,0.07245228591795172,0.030440672117046565,0.015802088556245774,-0.0035732029375147175,-0.0019303446259755974,0.0036544268556228648,0.006372555638657232,-0.0018832397279647064,0.09177866741354,-0.004642975364531707,-0.018208741278051298,0.0048131009008227105,0.050973207044803175,-0.0210568548063182,-0.011568795353631919,-0.0005592961618895797
2020-12-20 00:00:00+00:00,-0.014218539470871816,-0.04901707590174216,-0.04760763659555243,0.0932133561661135,0.02951797521061732,-0.015487290255670515,0.1658944075972548,-0.028321889958920175,0.02669151605380736,0.01239384406365951,-0.030630147776589726,-0.031229101845767476,-0.04496769189996157,-0.016621820949211705,-0.0663158023658367,-0.0006404098841991698,-0.05190320485326659,-0.026422428052891824,-0.0367363740803968,-0.024526942276068917
2020-12-21 00:00:00+00:00,-0.05865908360911316,-0.0009933446729192546,-0.06722169794575981,-0.10816122292219994,-0.06827956462198718,-0.03187303196066846,0.029800962817374675,-0.06298193267954419,-0.06838720691097039,-0.06149972939546329,-0.04913652142708067,-0.059587194218360125,-0.09256478097785686,-0.06033249186640639,-0.019635068581487405,-0.06483751949530771,-0.06942590018756672,-0.06713065474993697,-0.07741809516103189,-0.0392630532927983
2020-12-22 00:00:00+00:00,0.02380140814372084,-0.017646337184359276,-0.004249596845078903,0.029179872525992787,0.04469890017741502,0.046906009597780754,-0.05650125988352834,0.056832113455875355,-0.010571938925398667,0.0020118921019197846,0.046422006528945556,0.038212476424974495,0.09029304561903716,0.00012110202860700767,-0.028515709376903706,-0.014111402637869684,0.061793904984834655,-0.018759524806941635,-0.14183815589095297,0.0010544413584429669
2020-12-23 00:00:00+00:00,-0.13757527696533697,-0.1175049031876819,-0.04304453557206188,-0.15817707936702174,-0.07208132050705222,-0.02457548767882941,-0.18720958820945297,-0.08923941051615572,-0.2246975531809441,-0.18248497417865955,-0.08333720601323273,-0.1527176452751786,-0.10962665893670316,-0.20490450479325156,-0.2181226202641102,-0.1512663397831721,-0.11995852721492169,-0.24722530622794592,-0.5386573517374446,-0.1821382891310207
2020-12-24 00:00:00+00:00,0.11547421584039988,0.12073657636985649,0.05097761585429371,0.0751834375256837,0.04100219717498037,0.02114300567337218,0.19979639757690307,0.08078475979964374,0.14208079704502216,0.09427557393251525,0.04467003591079995,0.05313056452869332,0.08132581251264623,0.12639952597078247,0.12771316395135607,0.11022768401193393,0.06194728057072157,0.22262212955910926,0.26230520469898805,0.12441908326550465
2020-12-25 00:00:00+00:00,0.029424302055452184,-0.010133852431081381,-0.0492143655924323,0.07193140978009994,0.021620867445069337,0.04060161725614667,-0.003987735345766351,0.01904819497069441,-0.000787357332166506,0.027061748768542972,0.023420727863460878,-0.0015652906550108992,0.13960934797664215,-0.0063070966582705,0.06071104701116126,0.030235274865819894,-0.0053796472159480845,-0.037356224046407635,-0.06386347906941361,-0.01536008284173148
2020-12-26 00:00:00+00:00,0.004936718886879184,-0.020373170958245694,-0.011551367902034365,0.013878307202055426,0.013062067314254147,0.06958729338063542,-0.00921929776512327,-0.0033646436864032707,-0.02019428719633857,0.013989378357320725,0.016800736878707048,-0.05090026212037177,0.01421990626108651,-0.012534567401316764,-0.08706165983062072,-0.026270591352098985,-0.025055855677136057,-0.03778323782548804,-0.07471350578055089,-0.02460265311520585
2020-12-27 00:00:00+00:00,-0.023766531024280564,0.0066307743981969345,-0.005223020601532718,0.043833524529503703,0.0011261312642623395,-0.008023910388927925,0.007483396033882287,-0.009073471742693054,0.038995465213973214,-0.004773360711738724,0.07211925435543146,0.10150916148789747,-0.01343761724364317,0.008506165057421146,-0.016809675138558074,0.038459493781552605,0.05116891218282538,-0.01000008333458331,-0.03711039437892686,0.012401936378065897
2020-12-28 00:00:00+00:00,0.13072309538181365,0.10740303795366501,0.01880505221284288,0.06489892645883691,0.06543087395626135,0.02990230298266988,0.011914662453901033,0.24867433826879748,0.017188635939210353,0.018535943226583234,0.06402661100357473,0.03667290313288221,0.015133578180521433,0.03370301423417695,0.15166015514601086,0.0239409519339745,0.036741946020394295,-0.00545299021611697,-0.13397906861518885,0.05688392507354952
2020-12-29 00:00:00+00:00,0.07852727464449111,0.041956576014808435,-0.01118583698927457,-0.02199923381877322,0.0831135415248898,0.011221757725855123,-0.022038309403069466,0.13345182230420996,-0.04616859444264565,-0.03433976071306289,0.0021744936461266283,-0.06805513889624494,-0.00796508870190888,-0.03754840782104498,0.09619658787357567,-0.0670876726132838,-0.01664768334268748,-0.0436435470320588,-0.11518026761700882,-0.037658741284697136
2020-12-30 00:00:00+00:00,-0.03620643232359153,-0.035853921846245584,-0.002944703377645875,0.016217103345763553,-0.023592664087120022,0.05299945173010715,0.027153964458561275,-0.04225866434829179,-0.010206890608081049,-0.006860337988902977,0.02718184826973824,-0.04649414176515515,0.009658178224407265,-0.022300762975826154,-0.08453273766702214,-0.026365496443828365,0.12379963033479337,-0.04859135521514475,-0.04640388885011945,-0.026738367139635448
2020-12-31 00:00:00+00:00,-0.013964030534851759,0.17556946158572626,0.08845342477569387,-0.04720926830116085,-0.021109284699199815,0.0016640381201618827,0.00985378024660662,0.2479191686774035,-0.008148563364307991,-0.004181338296253549,-0.02116175408829565,-0.0006316754288126799,-0.045945310338558296,-0.032165102908060676,-0.01821041020481387,-0.006701439822745183,0.21516108862508235,-0.03184908898127079,0.03810470967669883,0.010850920277629286
2021-01-01 00:00:00+00:00,-0.03507359477968463,-0.09808277472952864,0.13591014875990706,-0.0009356999425350669,0.011110781765496321,0.014009593427538712,0.19559946013418728,-0.11235613988752473,0.01786274043743487,0.00662557489827793,-0.010250340545636229,0.05297524744974769,0.016211175541461648,0.014277499904201652,0.20058625434168798,0.002983963422612542,-0.08397104935930137,0.034274986615512,0.07823701697974597,-0.0015927533106848326
2021-01-02 00:00:00+00:00,0.013219675654215477,-0.07822442204273737,-0.04313993766439656,0.03653584229403426,0.012022357875586262,0.09262474311680098,0.6169351546165364,0.10605250580918271,-0.0021632297473547293,0.014385475753610223,0.06074485859426622,0.031062939885483955,0.08150405529586795,-0.002423236551174267,-0.023175117372738013,0.013318731840281437,0.025252340084128366,-0.03513729216026224,-0.07346677419265449,-0.004143066300173982
2021-01-03 00:00:00+00:00,0.1500842560604683,0.07274964361185791,-0.007609840447897149,0.17796384087518238,0.07613128186406368,0.025215831986554423,-0.06937361948829748,0.09596484043357816,0.06130155268698473,0.1284155817166707,0.23350080143632587,0.11284055033822472,0.16320502585553298,0.10505546428203628,0.19063000197112967,0.08046667003202995,0.12726488773961636,0.06834957780120965,0.021344187560684118,0.06548532667727419
2021-01-04 00:00:00+00:00,0.08874001381676858,0.036220585347080336,0.037010872975121865,-0.04371700828625956,-0.0030149020055078644,-0.031126048570094073,-0.006087179584881898,-0.06295318193524176,0.007334125725714706,0.06905986275679593,0.06255412006085227,-0.006445508824147192,-0.03727767525746377,0.021484960266639465,0.1342829811795315,0.04832177630342012,-0.016765633625378626,0.1835659298271982,0.0444710517640639,0.08694890919956359
2021-01-05 00:00:00+00:00,0.1384409739365227,0.024837878144129192,0.16603644477280102,0.030600508014524602,0.01660211334564015,0.059491981974053296,0.02115499569732987,0.020374254530844304,0.02352307294484829,0.03265504989454243,0.05431533107655984,0.06567352984091047,0.01969659239545034,0.0298457772541568,-0.14087058993882257,-0.08176740358450989,0.14207274548235033,0.16211345837593946,-0.043008058574253494,0.020657851962613428
2021-01-06 00:00:00+00:00,0.25262767682808357,0.07551342137994274,0.0744944429909063,0.08116623614886243,0.009987759024552104,0.07978987964728743,0.0441464523514739,0.03636065461749816,0.15529834257998912,0.04060301854566615,0.09440362142142147,0.17151445950435715,0.06411237467879127,0.14678939262272056,-0.10836413871914607,0.06580875192092069,0.02587868908200998,0.5648966646448822,0.09626420358236218,0.10781438088457398
2021-01-07 00:00:00+00:00,-0.10703313369439328,-0.06459838524606282,-0.023891959144564042,-0.012069724087330399,0.031025217666323768,0.06991988054158309,-0.06708558813612182,-0.04302655364073564,-0.05387112910633073,-0.048445546246285685,0.013520994711918555,-0.07651871142991158,0.002542349198038032,0.06701497612148537,0.19673420895516527,0.015958651663589212,-0.02544690669362198,-0.08655610479595058,0.26480015359637304,-0.04567144879889186
2021-01-08 00:00:00+00:00,0.015286203780416993,-0.05462612583191249,0.2429211789228844,-0.024905804957106387,-0.02832301489838598,0.028759807724559636,-0.00040033053465532285,-0.036332696572107435,-0.026938189959995376,-0.03637483166750571,-0.006503422053272033,-0.04646214466030267,0.0166309390343138,-0.0573865362666396,0.30967247642328766,-0.01793039071842902,-0.061625402228681236,-0.04683217994602984,-0.011083455847365824,-0.02997756627690162
2021-01-09 00:00:00+00:00,0.08430388580455847,0.09774433261251775,0.2319050569827826,0.27427389590732976,0.03461673956727783,-0.012262052365310671,0.044075832619746486,0.04577583228306506,0.15052375192471146,0.10969238312374881,0.047398891059545104,0.14126077733103884,0.029019063012157457,0.0786533524073899,0.04891728212471854,0.10660973505825827,0.05609410430711034,0.04458057875032412,0.012009267541687923,0.0711442471754965
2021-01-10 00:00:00+00:00,-0.09210016592010796,-0.020233912947017603,-0.0941894479576566,0.04273499796203648,-0.03350535436266686,-0.04955624359220215,-0.03589582790781567,-0.046711774129354455,-0.16810847652904531,0.1293069728466825,-0.017192400540372875,-0.07967810386280576,-0.04140746430592984,0.15522130075577464,0.019351004155543375,-0.03214938138917336,-0.03931589453175951,-0.08757946398663818,-0.029042879952727616,0.04684245861743908
2021-01-11 00:00:00+00:00,-0.08955619567500717,-0.11268604584616647,-0.010804768178986636,-0.2298411527646011,-0.10523972465742121,-0.07468819862209011,-0.10597170035648928,-0.11653127667768233,-0.13615331337143477,-0.20153006093092798,-0.1431069766534545,-0.10167185085615393,-0.20267187329303304,-0.05200949740149899,-0.10616622658012152,-0.1226421503000019,-0.13121690265195507,-0.04791357133631877,-0.09130753138492435,-0.17089582314776938
2021-01-12 00:00:00+00:00,0.04669805893945137,-0.0026230669931973714,0.17643734835004102,-0.05363851070391613,0.002268995955242152,-0.03897163438842312,-0.08897091956599401,0.004669156513977096,-0.026373317586922088,-0.02349423371776166,-0.03448827421575572,-0.04711969063097779,-0.04003619642991961,-0.06595412516282444,0.15880103882227908,-0.011107368620510438,0.06334854020615659,0.03171988968397364,0.017622057128050705,-0.01305625740543949
2021-01-13 00:00:00+00:00,0.07795288731983056,0.0889065041658618,0.09265711100761476,0.09328022929212769,0.04740983911615217,0.09303872186648503,0.07082848529049876,0.27601676166559974,0.06344527483397638,0.07383860042620002,0.07317774934014597,0.13196559757421392,0.09951223805748399,0.04765429911197534,-0.031065686044368233,0.07203651877566064,0.1248883469567178,0.0810397126216718,0.04439528412106299,0.08421155164756965
2021-01-14 00:00:00+00:00,-0.000929025711130697,0.036802391966801004,0.0954443420818502,0.060503661390506655,0.042963927267727534,0.04635475642223115,0.07941285009810413,0.28001939291670547,0.015029246826027269,0.02509395146221716,0.0862100931218444,0.12072667561144464,0.03415031070861306,-0.005395735362280477,-0.06812780112831462,-0.02133676873805969,0.09460489784546118,-0.00019767403615913757,-0.03121932605123625,0.02094006490776313
2021-01-15 00:00:00+00:00,-0.03300565116123467,0.19825326631579182,0.006599977961217707,-0.07136760544550458,-0.024306512983100256,-0.06333342468810564,-0.004076150592330121,-0.09544893738573373,-0.018794911352614598,-0.028787399797568763,-0.05258382736684979,0.14266137977950272,-0.05978481062216767,0.016696741726494647,-0.01364018946156097,-0.01403297334879103,0.05817970627844159,-0.06732328461571357,-0.057309244600183565,0.06042182506417524
2021-01-16 00:00:00+00:00,0.14993008372270908,0.13419606529771355,0.31421304120324445,-0.0019583050605781805,0.05417900310110569,-0.020547018278436267,-0.012383226464222933,0.31199508696137285,0.007373172046461143,0.02774679692487206,0.04950183505149615,-0.030955219816868326,-0.0009053871148125678,0.0036963906723145763,0.05312840707435835,0.012040279232080531,0.12887726668834681,0.024405465514934378,-0.002396495826384861,0.051108898008572955
2021-01-17 00:00:00+00:00,0.08234089193723426,-0.055323085211054904,0.025561897144614536,-0.021401896215872667,0.06125980469821257,-0.004632748030488363,-0.01512891460104753,-0.051681612257670824,-0.004692302419239103,-0.012403239730946421,0.003755674500836476,0.1466877989534846,-0.005029348405001973,0.011007892516927223,0.11101506818489919,0.003981425299185043,0.03492199031457135,0.043905798762898726,-0.006394848449621191,0.04031170316647074
2021-01-18 00:00:00+00:00,-0.025478746464724793,0.11015937594523183,-0.036413187387600104,0.05987703807894189,-0.01154069384551747,0.02215551096647076,0.008699560800243922,-0.029307475767308806,0.018070189095733234,0.0030925582411974704,0.02087674680638684,-0.05510767366245488,0.0621722784139408,0.12646504346854645,-0.010507609549276127,0.046580218518629236,0.056101603134589756,0.005383769815764825,0.027794375462250748,0.020551976597924456
2021-01-19 00:00:00+00:00,-0.010915157865550635,-0.0703491290240691,-0.07915686145056425,-0.0037598839557382102,-0.06414513738841997,-0.020402027184059653,-0.014862246015609972,-0.011915333903611599,-0.008886726697710717,0.014157590501575354,0.08153732516148945,-0.06943028624628124,-0.0006582845343371393,-0.029330035211677905,-0.0426468778602918,-0.03244222205476931,-0.06911023685987078,-0.02640636414233795,0.029972549545840214,-0.053706452737831506
2021-01-20 00:00:00+00:00,0.021872336675513363,0.002022472599504924,0.05310306782565965,-0.020100478528596123,0.0019452379534897158,-0.011862853824953393,0.0006522400253338523,0.09243180716476143,-0.004995428260189247,0.010472365823892769,0.008481827427658765,0.06098026354104859,-0.014392554857943437,-0.007679854347760298,0.023934814445106013,-0.005565573377668113,0.044234263971169356,-0.013196821306012333,0.004852813460082661,0.012239970250559451
2021-01-21 00:00:00+00:00,-0.19816634406462968,-0.216180533290572,-0.08903185597448987,-0.1713825124273315,-0.09787572905540862,-0.13949640193442464,-0.10360980225827274,-0.1178539471401108,-0.08669699808186486,-0.1019065717835248,-0.21467545114703554,-0.17112134358574121,-0.14318820748802719,-0.16546534486832404,-0.21756932983016214,-0.09787419948586973,-0.16680769120807673,-0.15510487837294018,-0.09723491252867102,-0.16775413500787212
2021-01-22 00:00:00+00:00,0.12451326478328607,0.1066833132190411,0.1155735850127236,0.04919043526747083,0.05683308865212057,0.06570370018688361,0.04193682866633491,0.06883768293254668,0.029309672715221422,0.04046199364159855,0.10391747886940719,0.15746678501688452,0.05940859553110086,0.060283804704117074,0.10929270555719892,0.03381706826153573,0.13493736015009986,0.06918908665607393,0.015365266472757223,0.1674104215240456
2021-01-23 00:00:00+00:00,-0.008178591304429559,0.04217861928622768,0.012292640892313984,-0.019354331970266373,0.0004229596234413774,-0.02667422755262735,0.00824100090473871,0.09061745320827752,0.030808658019269134,0.0026347642611333232,0.0007947385485328255,0.14056514012526317,7.26401046337308e-05,0.039926796557793215,0.05048492024779529,0.023522357435183806,0.0731928361362044,0.0013353613023320706,-0.001838776628711188,0.08403044099542063
2021-01-24 00:00:00+00:00,0.021794707780887306,-0.010743057031823159,-0.030522746623577464,0.01874021406307613,0.022128797068234896,0.005654535963060998,0.015684418820897543,-0.04195162412791146,0.003951041825439983,0.023956259652763996,0.1211711502951343,-0.00044759779851720336,0.02397129277428703,-0.0009830828629379196,0.033608836109486784,0.024984419083052045,0.2545001596705701,0.005950308603253548,0.006311252740016987,-0.03833738394326596
2021-01-25 00:00:00+00:00,-0.029778376494742246,-0.0628570876430591,-0.024208759185306322,-0.016609695911998852,0.0002008104141288903,-0.00017670555784965065,-0.04250422963298254,-0.04363780903752322,-0.0243969128091626,-0.017426235913607514,-0.055083489227751255,-0.06033577733600647,-0.028339065605848878,-0.04561297017069368,0.02073291570403616,-0.01681276993373288,-0.06273828093262752,-0.03892301997842526,-0.02151813282991962,-0.04229548699076816
2021-01-26 00:00:00+00:00,0.0006410443414256232,-0.0007756949322367364,0.0022303866501423956,-0.0112128096873003,0.00011712078871527127,0.006599637655448867,-0.0124955686855395,-0.006161793760225277,-0.007695407486574982,-0.008491994401435592,0.03584041408047057,-0.010495381644683275,-0.01766440278133937,-0.006670851705133479,0.08713286645056842,0.0,0.2061394819344387,0.0016077789322565632,0.0028736188161000557,-0.003913361899240533
2021-01-27 00:00:00+00:00,-0.09739799716144612,-0.10619434022920374,-0.09000027377119141,-0.12516470255534062,-0.023138714825738912,-0.06691940379282074,-0.10671947529232105,-0.10284081763572589,-0.04981626315140823,-0.078737658067266,-0.09753598354584739,-0.09720129973379073,-0.0952062273847386,-0.096247660297141,-0.09493905343153677,-0.043665980561786825,0.05868827017899558,-0.09481688044383223,-0.069235130836086,-0.04010712089278609
2021-01-28 00:00:00+00:00,0.09969654775956215,0.14538023244913126,0.06953642929516236,0.07057357836542061,0.039396999813531695,0.09417474914995402,1.594144288356765,0.08888529519946747,0.0802488320287816,0.10778361051043642,0.07061701692996554,0.09357538874233284,0.08475603151442387,0.05602463136506488,0.03607605647380959,0.04569850158670909,-0.04499955027903763,0.20898943498207306,0.05319451718877774,0.07069323784495637
2021-01-29 00:00:00+00:00,0.009918966243753453,-0.008241804895103868,-0.029326918415137723,0.005617300242106531,0.007879441894444427,0.026247545889008964,0.22929508724643155,-0.004010569498693158,0.005228096293959894,-0.005253344541582421,0.03677528231630388,-0.011647222626679797,0.010301673665972335,0.013573454809369244,0.005052829725886531,0.12097402850952553,0.10375074425541776,0.0005458143002392965,0.06887925879250394,-0.029142569700292012
2021-01-30 00:00:00+00:00,0.046331650331224807,0.009111964686475113,0.03614224840124189,0.02424728947952356,0.04389004267042911,0.00031175618817061364,-0.48514627185453185,-0.01571509343781716,0.07384301763384489,-0.003592321829366173,-0.0010516582717556365,0.03845873296595381,-0.009626580815069265,0.013872902120137243,0.09904704914349503,-0.036334328050866976,0.2223939960876789,0.1118159999782322,0.45010025456293734,-0.004302414264045539
2021-01-31 00:00:00+00:00,-0.054334350963329385,0.01198062869662496,0.11198619689665942,-0.04342116821019889,-0.010227426909725739,-0.03474137711240443,0.26947053538784294,-0.025859311461491983,-0.000750648322404658,-0.0227188568022456,-0.0486976464073162,-0.04669991332737935,-0.030453023173687144,-0.026053755460089496,0.0057779772798886315,-0.01946686277587342,-0.09738730892883647,-0.06576114822896084,0.10950543384160848,-0.019048194970694474
2021-02-01 00:00:00+00:00,0.1703086700705971,0.13153431077173866,-0.019119436327088672,0.03731170843735718,0.14951287238545505,0.013011118061134976,-0.060803522953424026,0.020012157412885256,0.04187956391520064,0.014538797953346325,0.04587810249698651,0.013839162703149282,0.020202707317519254,0.03714492454617846,0.08176148478311764,0.04373467941362395,0.1430391572243036,0.05138611186205391,-0.2883353921133357,0.027873953250468063
2021-02-02 00:00:00+00:00,0.038913922249578056,-0.04367410240824397,0.01911201261500995,0.037481156668264626,-0.009191635788922469,0.056248964732994594,-0.10493521094675742,0.04391602594994718,-0.018867549069842345,0.03389490634054052,0.09549738273185211,0.033634566101517965,0.07288428002486884,0.02650659890792141,0.12573530663390936,0.006654592010444686,-0.07609902512479932,0.048579470818090414,0.003980640006124699,-0.005347972979445214
2021-02-03 00:00:00+00:00,0.039018873332857945,0.045072478368918485,0.09683897585005073,0.036037262959421626,0.021583913535648428,0.05892452811562625,0.17273313486719502,0.19399401529580798,0.022624802530185048,0.020070881323015474,0.096171474979772,0.05864000579190608,0.09372098598555441,0.03810220826681669,0.09090364767424888,0.03989301325626627,0.03930351130887799,0.021516237751443675,0.06412069348288053,0.04706672065742101
2021-02-04 00:00:00+00:00,-0.005787381540404585,-0.016364494148979673,0.028544234932891988,-0.05812410802742843,0.07108661054833168,-0.018301232416527882,0.3506441326241115,-0.058558489604985685,-0.014419457930018083,-0.03627390516677615,-0.042225059473644654,-0.024003250063992995,-0.07219080404598331,-0.03768106696768848,0.11171774980858595,-0.042005583832210064,0.02100912335330891,-0.06251384398115306,0.11461989907891579,-0.028067817505980808
2021-02-05 00:00:00+00:00,0.20475731928201193,0.2866435088557382,0.15877939080856274,0.061749002914276076,0.1904582026103528,0.03599047963365647,-0.12439909070433475,0.05789652065497707,0.09167636509533722,0.1063080452998633,0.07455953893923797,0.0713516747789262,0.06653126099564731,0.09320269746476018,0.044556916290404355,0.09063019879176147,0.04919719899497658,0.07640593993534547,0.015017438323894695,0.1582856987011098
2021-02-06 00:00:00+00:00,0.16271179996730753,-0.00848544861586026,0.01245473345665983,0.022220682343435442,0.07311128124941388,0.023148494595260992,0.2103352276647564,-0.02264408844905574,-0.0317720683518566,0.029123048591198072,-0.025234438863582294,-0.04989881015165264,0.0033481455525720505,-0.048571545950760006,-0.09021164063396035,-0.032817417022691926,-0.09389760500934655,0.07092718685290508,-0.020374674384218902,-0.09045370313081878
2021-02-07 00:00:00+00:00,0.041147267885125675,0.135504707037245,0.26858139941673265,-0.02876397642812958,-0.06350183695544837,-0.010034370035014157,0.3012503925945885,-0.031861755340252755,0.06944978648794316,-0.057548227301365995,-0.03937892652140006,-0.011968342907534653,-0.031406622700095435,-0.012479902654816,0.08977874342535784,0.025339193555445966,-0.031166543869405698,0.021002620482190853,-0.05707477632489001,0.04072744528366979
2021-02-08 00:00:00+00:00,0.022865060364010044,0.02342127766752492,0.23737631191758618,0.08443950240978966,0.1552890566333984,0.1784485597042829,0.009900179632997937,0.15248650806758546,0.043710841037951136,0.048958683446164115,0.08246161426252417,0.027370772131526853,0.10397988672144348,0.11007904052046841,0.159401018438041,0.11663945426794223,0.03479115471821652,0.02864646010542965,0.07479217152641401,0.03030760749174094
2021-02-09 00:00:00+00:00,0.04232180067758599,0.06078651975881661,0.060151667140793265,0.06097580707026357,0.2960735800616411,0.0009817309404045217,-0.11697507116921614,0.004310847376600784,0.14707767663967952,0.09682416723455152,0.010786401775912181,0.08273712607485909,0.08153150064793113,0.12626896365535437,-0.006962437502417461,0.13105430441216095,0.010181022248392645,0.00908617982772194,0.05472870459194234,0.09886102949165504
2021-02-10 00:00:00+00:00,0.2864412587443168,-0.006128858036244133,0.5383955883776865,-0.03878536607372566,0.18352270185089173,-0.03536212709216373,0.03564511009686903,0.02132222112787901,-0.008951574413877257,0.07996881767001719,-0.016154611680890132,-0.029085675379796193,0.00038562181995557766,0.072174670439906,0.1529870739842204,0.0045469386555432156,0.05786522176103783,0.03614363513103934,0.05697762851969067,0.02266251886399718
2021-02-11 00:00:00+00:00,-0.012529479297453116,0.1651349501026385,-0.15215794890359005,0.06937675252895259,-0.03862153361597771,0.06818827920686066,-0.041792909718791085,0.05928347403189113,0.10511084804169138,0.12190182576447048,0.025432405216073647,0.037889917575171204,0.011282227127289012,0.08347863927188731,0.012072053181324621,0.20478641152585647,0.03671574268626879,0.09442249392106213,0.046058414194289486,0.06671485353901792
2021-02-12 00:00:00+00:00,-0.003995211067288331,0.17728586093973853,0.027934396080353755,0.083222471088758,0.0961918842751664,-0.01431749606359439,0.002648000657450886,0.135573973113442,0.035493749589884854,0.01742336967260548,0.030141172127228267,0.09512245152005902,0.0687604805462474,0.03452399890481868,-4.3477315717448195e-05,-0.029655620869524113,0.05310114575878504,0.14751904316135955,0.1426083540961216,0.1985107574730459
2021-02-13 00:00:00+00:00,-0.012268489709190249,-0.040078929104216406,-0.09130725347585554,0.14788326455661374,-0.024184447915936335,-0.0028358377938660748,-0.05187622693197576,-0.025414898816418962,0.1570014090838103,0.3329083896582814,-0.013843437079733154,0.11018746730905096,0.13784360284270253,0.12124298112742897,-0.050824296832611714,0.08345413577401188,-0.03828619706842912,0.06594709856569618,0.03879432442243437,0.06803667237840724
2021-02-14 00:00:00+00:00,-0.07899906431505202,-0.059205735588962374,-0.11813952749126333,0.07512496195183237,0.018667621813196197,0.029754163680420775,-0.0552767631266393,-0.03883076041507751,-0.09222470325459865,-0.034592577173159104,-0.008043457889004254,-0.03081433872393673,-0.055882494940271164,0.035368509274480354,-0.003241716708924677,-0.08272910402211338,-0.04457723398914178,-0.09011433502835693,-0.06692016369820533,-0.09895663825571815
2021-02-15 00:00:00+00:00,0.020867935721921634,0.1641760131224878,-0.022254374473130258,-0.006852585382231847,-0.04177936515466688,-0.013819220219635515,-0.10377465707866003,0.034011819830207415,-0.07198322073957089,-0.09041550829207085,-0.011828043820220503,-0.017236351423515983,-0.02686955533325087,-0.055371557455187084,0.01546076312611565,-0.08308229263825627,-0.03702858713723492,-0.04189995961421066,-0.07421060907829008,-0.06851411237440781
2021-02-16 00:00:00+00:00,0.009899412609294037,0.10852593929526064,-0.047271831138031614,-0.014258709739000628,-0.0009213547637028352,0.025192855227892837,-0.05500768303151912,0.0788553189901276,-0.014979712766101654,-0.020080954612124058,0.0015387901633503094,-0.01941718337653445,0.011624422316702989,-0.015269322356839919,-0.06431862274179263,0.023928775207351812,0.020571793301803004,-0.019182695792090896,-0.0557491662495941,0.0009245603493922696
2021-02-17 00:00:00+00:00,0.025040183243210962,-0.05060694896095825,0.0205883451242376,0.015557619814987562,0.23896179783820418,0.05900312258279128,-0.07688257910851197,0.061337683382607866,0.042034684969372314,0.06136869820010788,0.037390054760958566,0.008386916797013725,0.12178065717740183,0.038473653783701635,-0.007801247844908187,0.010327114155849745,0.04919317321609443,0.024484539661567346,0.027917081046639567,0.013376079137713303
2021-02-18 00:00:00+00:00,0.024756589615532704,-0.031459053911963554,0.09373132062322763,-0.017956332190108656,0.16816880686920857,-0.010940542497739106,0.1717761726526282,-0.02777524887515693,-0.006108501502205797,-0.023520538896738698,0.04736614981642389,0.007655436267127291,-0.04698330033162023,0.028542257681555213,0.08619852723855771,0.04392220672341509,-0.016125603579265773,-0.0016298938140862573,-0.004931059667785873,0.05029844449958077
2021-02-19 00:00:00+00:00,0.012379045500461369,-0.008436666697066464,-0.05618533028551955,0.021481411949976888,0.5324040101698472,0.0810690632665145,-0.06619354336055382,0.11277749334045073,0.08212713571349389,0.029131666359125872,0.007903271499352892,0.06566819030160206,0.042805990938521395,0.08876280582131839,0.24690463475819596,0.10056022900971365,-0.053235806655737274,0.03214258118041994,0.05948739568458376,0.025902429363149924
2021-02-20 00:00:00+00:00,0.186550333464866,-0.05613649907318832,-0.07307008892921267,-0.0582586158183227,-0.275086279043044,-0.001159939811759115,-0.015790987421732208,0.11176655544343303,-0.0770720159736544,-0.019973818740301297,-0.021717502979213217,-0.02173982822301631,-0.04254123054512935,-0.08686888746949295,-0.14030729085568158,-0.05066084083664183,0.35924739595854616,-0.053370825442383904,-0.09852618417973136,-0.06953620211699799
2021-02-21 00:00:00+00:00,-0.015118005645887358,-0.003655972788195205,0.005181215181598509,0.04043683433043978,0.1544658193242579,0.027681826201509746,0.03353640518390662,0.016409739113218868,0.052689302362522436,0.03809606659163931,0.010674657390529932,0.004492130170095832,0.0021155633964665766,0.22437381597625114,0.10344316940649752,0.027675151982834913,0.0007995884284057059,0.020120009968580644,0.06251858026642668,0.00839718443708748
2021-02-22 00:00:00+00:00,-0.0017395506146661204,-0.019522634970961104,-0.11823981459886973,-0.11591229974206109,-0.09868078995456449,-0.05958734671550698,-0.044956189260433516,-0.0510988015648592,-0.08445533312070444,-0.11721599369803032,-0.08409445913382413,-0.08051556681506894,-0.08644718176312058,-0.15794353453225857,0.263836312993728,-0.08984912863510815,-0.03871556385077338,-0.06750926748235896,0.039208002716105486,-0.08959077266117886
2021-02-23 00:00:00+00:00,-0.13137854206388883,-0.0520101688457475,-0.1528782990189931,-0.1983028198143274,-0.14517969689016516,-0.10101291813933688,-0.11670949674527213,-0.0854833876498113,-0.19632360291411025,-0.20392098821431837,-0.11916437721265055,-0.19332862271254975,-0.1610065650683434,-0.1930230389497954,0.05434568735824535,-0.18671830511572757,-0.10964620059045711,-0.18190320719854736,-0.17442988855862004,-0.18534821333967189
2021-02-24 00:00:00+00:00,0.08662840884321985,-0.03342083196034945,0.07493911855733326,0.02138493315105126,0.09532801847071923,0.015932614704777116,0.17536688624817065,-0.02619696516434524,0.009585026814475718,0.04371123596711023,0.028428043912497793,0.0800352897700703,0.022801110430210856,0.04968916240119535,0.12021185257674252,0.06431632360304965,0.017671431398297882,0.047641285678710704,-0.015227054340164832,-0.005505144967952851
2021-02-25 00:00:00+00:00,0.026239434213513033,-0.09353009670963557,-0.10781592563622866,-0.053233692502947856,-0.08010079583625582,-0.053810849213675946,-0.12908210567915382,-0.07419349772786439,-0.05771213627576991,-0.07282403514081828,-0.0912927337288582,-0.12785311688837442,-0.011474945058221915,-0.05251332771704417,-0.21524488416870538,-0.06010392406970556,-0.07279372689666408,-0.06407486624633789,-0.07208434720786545,-0.05693529432855386
2021-02-26 00:00:00+00:00,0.14345611817135043,0.06426991105176813,-0.02774079290110038,-0.03091301194322663,-0.05782024996055563,-0.017072827721116277,0.011216307151555971,0.006449648416508956,-0.034191838483902635,-0.02976183036915701,-0.025398277406601846,0.018910155762453737,-0.052127014294228155,-0.022593160009419886,-0.01807603042589254,-0.0006639371716726391,-0.015880538861028345,0.05146423343504732,-0.018822396427899783,0.038881787544207264
2021-02-27 00:00:00+00:00,0.05553919325253284,0.013743930305510814,-0.008037761396566347,-0.0022938396724712443,0.01640958820666886,-0.0036898485630648403,-0.00804186958822952,0.06231588157211548,0.03430079171583579,0.03519139728290114,0.009329248569763962,0.039066159926338925,0.00883020854090368,-0.010672459890771872,-0.030210078543879103,0.029449177983950883,0.018250152769986684,0.08982197929384089,0.018547135501743958,0.04652001563489291
2021-02-28 00:00:00+00:00,-0.0015155845326010212,-0.08010808296039365,-0.07264115110244942,-0.049253703882804874,-0.06968627403952847,-0.02127979822740345,-0.038980530306445584,0.01018482580058044,-0.05457425735259256,-0.06837139261749471,-0.02707555282154277,-0.058494366534117,-0.03882023443616628,-0.05567945250110085,-0.007831000852934498,-0.019536110794221684,-0.05790405274973557,-0.07600333400899024,-0.047546357962576724,-0.05913820506948151
2021-03-01 00:00:00+00:00,-0.012084646549095133,0.057897873816154355,0.1383311598992904,0.08633560029632475,0.19299607403601152,0.09405668615894246,0.049327731572302004,0.052651395419352584,0.06363022727355672,0.06649560861226003,0.10090720338220756,0.11498307923180608,0.0625808805098742,0.07796154146971171,0.13533380437425727,0.0475158927861343,0.14618301445984774,0.059355662489962754,0.06906183739135824,0.05891806197558197
2021-03-02 00:00:00+00:00,-0.058347598530498604,0.007988964518192157,-0.014668667725841675,0.031418456992408264,-0.06179937576003976,-0.023389970343295822,-0.004542522319652782,0.01426871794808439,-0.009192163315795056,-0.015482607419979068,-0.05437373576751944,0.027242134209048308,0.017973833728531514,-0.010204035646309262,-0.0720481018837795,-0.020484297707761542,-0.007046530208100188,-0.028568324944562094,-0.02195146424505905,0.01534836367237104
2021-03-03 00:00:00+00:00,-0.00795600093028193,0.1282725090677637,0.0040456450437834955,0.00616311029821897,0.0036897168423202665,0.03864676941605752,0.001004181527665702,0.026195621672767493,0.04130349122171896,0.031004708235284967,0.052990490658437174,0.04709160753385059,0.0466926000874924,0.048294075120742956,0.009308369016271441,0.04096706613895411,-0.006635009738704103,0.004671791878850986,0.02886555822198822,0.0407851354746617
2021-03-04 00:00:00+00:00,-0.08667645633909057,-0.12806034124221838,-0.05442670297135382,-0.030232390289092883,-0.046512157348420284,-0.04002176686968146,-0.008527846695535966,-0.05205897518007991,-0.02046519187405124,-0.022578704986436708,-0.018320906916699742,-0.07495822399342524,-0.03785307067442145,-0.045805984901235976,-0.07549389947273377,0.05168232376417454,0.10869885296522236,-0.020905680027629613,0.06996461521922501,-0.048020309155441074
2021-03-05 00:00:00+00:00,0.04111573323189791,-0.009806612727121774,-0.061463378943075506,-0.016139518236662327,-0.01830604418703982,0.007775933948251446,-0.009204707505981409,-0.04641428104780765,-0.015567550600891284,-0.005167687549823859,-0.007119741635654105,0.005042457279345052,-0.002438349781121994,-0.01113854806954106,-0.0400694503397919,-0.02421139817090112,0.0006542338889558361,-0.017119134780868205,-0.05643218940469037,0.026640229770334443
2021-03-06 00:00:00+00:00,-0.026294301829542895,0.012719364687167374,0.027247557679701887,0.006335225679427596,0.00402786584612154,0.002673048282055846,0.02846920164035918,-0.007757694290303238,0.008176969364453935,0.015387639213016046,0.07682483688188557,0.011203678323183702,0.0144323315906765,0.017778363784491852,0.039402602245298894,-0.0007972892588976965,0.008035056451257398,-0.00845896516778544,0.01805111035330096,0.028793857283247584
2021-03-07 00:00:00+00:00,0.0012569599162266813,0.0285674138828698,0.06884085211810638,0.03182363854977774,0.05887596419563541,0.04185823565066163,0.01997814777621905,0.05071308317139819,0.029214043092584158,0.03823943390061605,0.044911901618905486,0.015696175870407888,0.042297525569176125,0.031027075839576188,0.05774608102261913,0.03101936960747924,0.1837040927318665,0.027591515307346184,0.0058809126549409915,0.08009833231844696
2021-03-08 00:00:00+00:00,-0.010618624386319638,-0.0033976866663318985,-0.04085899921072102,0.024080497221522085,0.0018345578916773428,0.02716106637595351,0.1917231559943138,-0.0034623197283585117,0.017363389219425936,0.013898429683200158,0.060152875459970855,0.10777111872286872,0.005750146528395017,0.021010446386912053,-0.015653013595803948,0.02557391282437988,-0.03054185938993828,0.013383922673778408,0.018176514043138494,0.04773503919143801
2021-03-09 00:00:00+00:00,0.06801487629897486,0.0847441291315767,0.2922621082652564,0.030100832778195495,0.1979409956251074,0.04679835308017754,-0.08379933017259013,0.08793021691534889,0.06677908915137835,0.057052119910560604,0.020158957246936827,-0.011225553358038156,0.06047437060532674,0.059848571083331914,0.08698319611990499,0.002446599507795172,-0.010958168305472043,0.03211776293421375,0.02248222990000688,0.014978174089798115
2021-03-10 00:00:00+00:00,-0.055460793095365904,-0.07356509881022581,-0.14825891766807098,0.001740580693932681,-0.051634554284760104,0.017467017083068827,-0.03590619229008034,-0.016869167981965576,-0.0432265180227194,-0.03594106047244952,-0.04113924888249015,-0.05173561819617926,-0.01742187098514696,-0.04122615097638218,-0.043678914366410276,-0.03403119450985522,-0.06226926936294676,-0.05465529043231615,-0.04935229367514603,-0.07494534162212682
2021-03-11 00:00:00+00:00,-0.007364084127464047,-0.014226159857889935,0.04023640712083334,0.006532154745081822,0.040746559793126476,0.03382631374464177,0.0010626328172734867,-0.01737539011856006,-0.009516448546705159,0.024884322171338968,0.016935420913125228,0.007097640267179109,0.005328034513919422,0.025845600749513212,0.12094441204995729,0.001748761739750397,0.0034484966004976417,-0.007980104470573861,-0.02119586259126471,-0.005298890923619625
2021-03-12 00:00:00+00:00,-0.08559412555715523,-0.041235880397134474,-0.09689550095586202,-0.02096944398105117,-0.09699414638138987,-0.009590761378339105,-0.011789524664985014,-0.026011071463914192,-0.044060901360671686,-0.02668389996558253,-0.033233567266347144,-0.060262553199335996,0.09234410658878328,-0.0499174893968568,-0.09626690954687446,-0.030353138221380215,-0.002409787612555868,-0.048153102566704235,-0.028120927058856156,-0.03779911372144378
2021-03-13 00:00:00+00:00,0.06374368558790311,0.042786428568030596,0.09947006415122857,0.09818641442820707,0.04843224280877329,0.06702391904951818,0.1274967315964339,0.032472082211780176,0.12386229535249754,0.1431310027804029,0.08477467022646717,0.04762517843363851,0.023361993346741144,0.052465686200863434,0.049811053255297076,0.057169531559926635,0.04811568857634736,0.05054153091049238,0.04131170024239488,0.0482009161875981
2021-03-14 00:00:00+00:00,-0.04420840375524073,-0.048624914176802134,-0.06826242722576385,-0.073278206699305,-0.04836424119570324,-0.03695728467773086,-0.07553696976447845,-0.019001855968056373,-0.0868075657181609,-0.07944632069629011,-0.03939031163708202,-0.040890791217704434,-0.055104848884600266,-0.059483611898976954,-0.05664769713653956,-0.03578681230536578,-0.05685041823356645,-0.04605050539802877,-0.04197199922243009,-0.05942489041233387
2021-03-15 00:00:00+00:00,-0.02054347347445645,0.0728601759793429,0.0036304212777330063,-0.05362047736180535,-0.03370115000719732,-0.05872345889857389,-0.02173709881885957,-0.06070368741545407,-0.028080630958929344,-0.04546273969403528,-0.03000021776153359,-0.0370314897454546,-0.06443257804137854,-0.026058523818971373,-0.021162148585457147,-0.007076892126416536,-0.028210680831526273,-0.010406513794814465,-0.007567566607816691,-0.023824155727506593
2021-03-16 00:00:00+00:00,0.19197706383262916,0.05730402723663834,0.13212439508713833,0.010079005167303185,0.015674438968608404,0.023031800001562738,0.029090494657918322,0.03163761966836982,0.0632457342648649,0.022265895019937025,0.0064692050214343365,0.014464605571534344,0.005022512360607391,0.05533594481992486,-0.03731064602507805,0.0326052558071383,0.0075690313382724955,0.02908195515448592,0.05470235735685005,0.05253065608382034
2021-03-17 00:00:00+00:00,0.09737185333926085,-0.0053455644664196925,-0.010868266253892084,0.02442952332081922,0.04261054106786511,0.03475274808665303,-0.013020304461768422,0.019717487056943064,0.0050534893140500095,0.010993517875475659,0.010174530410139519,0.10687173976284012,0.02149354050044217,0.12939222744329182,0.0404207174682696,0.045903581124560666,0.041207868963205864,0.017662770811996006,0.02055897966977449,0.08835153640112428
2021-03-18 00:00:00+00:00,-0.11350299243660612,0.05629131179474318,0.016217777571206363,-0.02505412704900037,-0.0312784782181466,-0.02170294068462528,-0.009432517729476902,-0.0213799461257533,0.013778908416108971,-0.032190553595296406,-0.026392913379087828,-0.05503201445014485,-0.030962836275886203,-0.06185982263297448,0.0001548979436875067,-0.028488793107266187,-0.042747787138559555,-0.020801934423758866,-0.0018535686493228326,-0.03524512598826747
2021-03-19 00:00:00+00:00,0.05190567548338089,0.003792672055738976,0.11649088059743797,0.007920534741135157,0.005542935601973353,0.006601961060385554,0.01554933457506531,0.07712892036910685,-0.0014249661264699985,0.007197309367836345,0.018420795444552582,0.012915093521208287,0.0013011061236002663,0.008669321743277912,-0.003441567333857005,0.0953272389740555,0.10393514618077693,0.0011910042586189898,-0.005174047290619737,-0.007919713293975674
2021-03-20 00:00:00+00:00,-0.07560508611945588,-0.05917513205034085,-0.0871482983782071,0.00688870397900228,0.0051866704620714375,0.001244615245755456,0.009762108793558313,-0.025083077432224963,0.04496758905236356,0.004387882177031069,-0.0016596595975975677,-0.004392208799379905,0.0010496589572448118,-0.0216533723284919,0.0024131592329055835,0.03815723943310507,-0.03743360315128694,0.05160095105273807,0.12026887420570627,0.03126346536366062
2021-03-21 00:00:00+00:00,-0.01244740660181358,-0.019066584591592946,-0.0415048103827742,-0.023518504997393656,0.001319586635361092,-0.013004861172545526,-0.023054125725652068,-0.014687802097632083,-0.0410839016679657,-0.027146517727898497,-0.012883702679304781,-0.014843228739570136,-0.0245789656538146,-0.015415329643558705,0.010362351106729516,0.03975738861957418,0.02769054442408949,-0.030030087245253297,-0.018453681034085463,-0.044364193427642036
2021-03-22 00:00:00+00:00,-0.07358452281176242,-0.06758408984986936,-0.1176443752226112,-0.028123403652010596,-0.03794360593868067,-0.05867551851751849,-0.046109260300262946,-0.04036482891853437,-0.01844232411465906,-0.027543656957483748,-0.058915114020876964,-0.06970056785482616,-0.050617135429420125,-0.04153828786562425,0.03152634985177064,-0.06688728753567874,-0.004372087110085469,-0.02787137751088474,0.05203840403538901,-0.028601171341275447
2021-03-23 00:00:00+00:00,0.01342737801669951,-0.024009807014875227,-0.02427583281131885,0.0033142809036359297,0.002614343684092345,0.004752456139708097,-0.028360788183773314,-0.029271562535652898,0.0029874159051365996,0.049028729380566356,-0.007697743330170708,-0.017096395262618348,0.0008613728661796312,0.00944049273093468,-0.04430186019140578,-0.012734699647823297,-0.05670687977310584,0.007110599312988658,0.010421522239265459,0.018576991017272323
2021-03-24 00:00:00+00:00,-0.043357924335163674,-0.07195755724721951,-0.09699158301700356,-0.0742284635176491,-0.027546037339214697,-0.038210823911918046,-0.035359916555580385,-0.12420054861510844,-0.10186478141838273,-0.08072097020347152,-0.05308453798669118,-0.07410596156798799,-0.05406423168449784,-0.03851114776392642,-0.04021080412631518,-0.04974756012575942,-0.129483621811161,-0.08899633159826104,-0.1353310675044294,-0.0354710918920329
2021-03-25 00:00:00+00:00,0.024559817464989364,-0.018770102681990378,-0.000530353045605438,-0.00299888294694281,-0.06044492665950522,-0.019496661048352345,-0.004546276231523917,-0.013827377510934614,-0.005238669472885042,-0.018267143630490233,0.002462448917272808,0.02645213889345519,-0.026009867179327868,-0.022953631174772296,-0.046561691443685396,-0.0072098365667497555,-0.02696522383422184,-0.0011347126381846756,0.06132382620913155,-0.01718442327875921
2021-03-26 00:00:00+00:00,0.10278326530741055,0.10219762424931807,0.08984601324096614,0.06748863860887937,0.0869958106381186,0.07022885249165932,0.05067768731467669,0.10718667325103372,0.13006573980655833,0.05881705012859206,0.0688944898645591,0.07022649443974534,0.0671839723795573,0.07526843809640886,0.12904477735219141,0.15642223475342557,0.08600458103244886,0.06299352008545382,0.09874421493135514,0.06727256549554064
2021-03-27 00:00:00+00:00,-0.03130352879485913,-0.012538683028219665,-0.022558370241475487,-0.010393678558729797,0.05345282338793033,0.014282640925523643,0.00932024796568245,-0.017936636912897878,-0.022644483238562215,0.0028362790752772355,0.008084535469532356,-0.019020534979935694,0.003319640609419896,-0.013195290418832545,0.10851203481103591,-0.016219943866763495,-0.024192651026888206,-0.007175971820286178,-0.028892558663373993,-0.020982320473997465
2021-03-28 00:00:00+00:00,0.011028544856189851,0.032972620209842,0.0388481770660678,-0.007096920386599693,-0.0029651298382876176,-0.0007080977298643483,-0.014253499355641235,-0.010962521948125746,0.004730677699986143,0.00606162374432854,-0.015072469453262603,-0.008136717074704359,0.0009774641017189032,0.08522780907757725,0.09308232204629592,0.00031441597492153447,-0.011459644265539267,0.040292851013099366,-0.0036595224914312517,0.03045993865675415
2021-03-29 00:00:00+00:00,0.010500802946583029,0.04757992654650206,0.02691142827451331,0.0419994758117753,0.025281754607797628,0.0327652838371849,0.008505510058967807,0.06332571671710933,0.04003347762120133,0.0631737412554139,0.07408595493625687,0.050359395568221964,0.05022618158642472,0.01630844236701237,0.04787635309857321,0.01760581425864918,0.04033315122786216,0.01723213174590989,0.03575860323432245,0.0824856782678594
2021-03-30 00:00:00+00:00,0.007869881730250591,-0.015158959299039555,0.003414502927410856,0.01415583301559533,0.1228867275163578,0.019094591554397786,-0.0022881082969998445,-0.010612221418138262,0.013372845726059205,0.02946330895237216,0.012971854211305785,-0.0073605292768907996,0.010321810898818907,-0.012206329826181797,0.0062127194562313,0.018817965220788074,-0.01617323385804095,-0.00919009970234022,-0.005818301438690521,-0.007692345623155837
2021-03-31 00:00:00+00:00,-0.01662406201542938,-0.045437916638812574,-0.030148349962393153,0.02870436384421577,-0.029085500199897515,-0.00010247931867370034,-0.004275771057648239,0.08727597555481287,0.10207799563659288,0.08202881971632306,0.04198146681880179,0.0554443715130865,0.004892477397339871,0.12197917204879914,0.01651855547750458,0.34281762730316573,-0.01832449085623993,0.012004707885911256,0.013640751474886784,0.05727418850358485
2021-04-01 00:00:00+00:00,-0.006852801602161911,0.02033581517123648,-0.01671872306136686,0.028424462196048345,0.10187128014090138,-0.00034241155632151754,0.14485307688511176,0.010317046065539254,0.15276639878474874,0.013099748917018718,0.025046197616483582,0.021912246117065607,0.030836360552836315,0.030030189556879607,-0.01778847021755227,-0.08447196594007372,0.022302557339285288,0.0450732999313058,0.0018409914991090724,0.0594552913046878
2021-04-02 00:00:00+00:00,0.005232239424744853,0.04233063872024907,0.027574637878709167,0.04217630284168684,0.010382324642468313,0.003901919152452414,-0.07630652737583965,0.09093243216477762,0.11167332710561427,0.06296987965678268,0.08080967041185695,0.07734675381157155,0.04151976935653087,0.012005767092304883,0.03639071042418782,0.07756347559626213,0.05248502881578118,0.03399032140196369,0.06138375240635058,0.033967919427224894
2021-04-03 00:00:00+00:00,-0.023466872914742008,-0.01397861564017468,-0.02994595773023074,-0.09014134852748741,-0.04951765292008555,-0.03272771563018565,-0.036673776924430045,0.00856968159260061,-0.1451145736222794,-0.11634265510762734,-0.06045474277576091,-0.1034729605876018,-0.07985750460966963,-0.04339573692905811,0.1303567545849227,0.09410810262811486,-0.027554020347763428,-0.07294333529679452,-0.04843520831076606,-0.10590995354637249
2021-04-04 00:00:00+00:00,0.016789051772136625,0.07183413651427899,0.03413893686300248,0.05533907680906709,0.08028024643103172,0.019957809235045493,0.033358391627157674,0.06848686547498811,0.14899150597339925,0.06958022628576953,0.03289549607977363,0.0484471012319038,0.03512841065292756,0.0733258947896627,0.05514032949415854,0.22960983235798055,0.05061403123002663,0.04882633667494792,0.09351494181508199,0.07428176377800244
2021-04-05 00:00:00+00:00,0.024848178411842517,-0.004376578361255614,0.0695028481010275,0.1433421450528632,0.053478834413484264,0.015818350490323988,0.044386233541128174,0.033001270283543285,0.06412541830642135,0.09971255500320328,0.015151841243722527,0.05171747206598825,0.09102553060712812,0.07926001818571447,-0.03439261516438972,0.06771211017382904,-0.002717749472940791,0.2257957451225064,0.3662166780353397,0.1728870169194546
2021-04-06 00:00:00+00:00,0.032635415149155154,0.010444080359461249,0.006619985464090435,0.023349741061174305,0.0916869604019086,-0.019447828016770405,0.07085538301387939,-0.054983938090476386,-0.00784141354382199,0.09819372690249101,0.0022893229482022137,0.06994673571234987,0.06789661131054335,0.06501666914829744,0.08680240240104996,-0.09632864040503313,0.013012935350557593,0.00926687630883943,0.18015544295387023,0.009846674820452293
2021-04-07 00:00:00+00:00,-0.06467484565830343,-0.1018981424219166,-0.06420739856867011,-0.07288723714759464,-0.07143962683476521,-0.035770317641772804,-0.09143769124061715,-0.09297312046863765,-0.12168914334283139,0.07916042889825187,-0.07302147663878487,-0.10996272225263445,-0.0789288890054022,-0.05306829146905068,0.057531082902942066,-0.1157992776485547,-0.08904101103249569,-0.13719081231064953,-0.18061414352873578,-0.10912941311741542
2021-04-08 00:00:00+00:00,0.03817669031816653,0.04913584042029076,0.04130176879160197,0.04355557891821654,0.10876440044108912,0.03725857482507307,0.0498922736045487,0.04535182308120062,0.09087420900913168,0.02243615332091705,0.057875707028077115,0.052577627913810966,0.031721592263580824,0.05805299167143965,0.014956269134561322,0.11159725126360479,0.05551697280607475,0.06637254516626749,0.14285101817123336,0.1093078440610586
2021-04-09 00:00:00+00:00,-0.01424896179180647,0.040543515403902254,0.024629951550487025,-0.01905028738579438,0.08091718427828852,0.001118911946587532,-0.003177395201143551,-0.012795012794039782,-0.03712914231140462,-0.044721110053293225,-0.006553637468456162,-0.0372563386441503,-0.0223160659441832,-0.04108445575692794,0.024885989048947354,-0.06395025249232486,-0.022886577741645993,-0.03820578282480078,-0.037415130116381784,0.10342527418779154
2021-04-10 00:00:00+00:00,0.012779779467974322,-0.01735155985526457,0.008158822263319253,0.06425529477146255,0.037406208145553926,0.027591725106052453,0.03398289564698918,0.018892416177098092,0.06343334660246494,0.08538740602681405,0.03172375086109794,0.009611990133566398,0.1477991477223727,0.014434553318141927,-0.029958524371721702,0.08645010071903911,0.008265234756454827,0.14500684455613794,0.2997888643256804,-0.04050393242966065
2021-04-11 00:00:00+00:00,0.037150284664948775,0.10552697029337776,-0.005630119521283514,0.024290315504861458,0.10967384109965288,0.003895754468994307,0.1540679441136677,-0.00644584555970148,0.01692656020539848,-0.00357713759919399,0.008341063797419682,0.060426890998262275,-0.01584619808538932,0.035622800556486346,0.03841376314706617,-0.03349210156145676,0.004739313594043707,0.03922618886984728,-0.01587416500743877,-0.01754619660942492
2021-04-12 00:00:00+00:00,0.039386593410943554,-0.059651416954877086,0.06754234280321435,-0.02832458993268763,0.12626853303175875,-0.0023765589774449635,-0.049584034966315055,-0.021023131922871287,-0.03773518195133787,-0.04253976532950016,-0.0063743935312508965,-0.023082391766113052,-0.03177043320643412,0.01132451513795215,0.02449669521187777,0.052626938829481065,0.20428243603041402,0.010400890418496466,0.0832155180881582,-0.025955499720916715
2021-04-13 00:00:00+00:00,0.07202105196357958,0.07931556712159236,-0.004723388622390577,0.10571248759915501,-0.07852863033181302,0.060211808883630515,0.2886316555968166,0.05925937986755544,0.13065578382808107,0.08275895386696362,0.07283108022698058,0.07036883231591008,0.09056790133819985,0.029521258080220283,-0.038999032473722266,0.12731747024070011,-0.03481243515922009,0.106712668773888,0.2014294123882292,0.042252020016710023
2021-04-14 00:00:00+00:00,0.02686497293860908,0.12744889205087434,0.13057014064126957,0.08943192703400163,-0.002951904650120972,-0.009728172284078391,0.2517995874848276,-0.009666863657846442,0.03770018732999398,0.033040926841677996,0.05640375720793445,0.15226957754191137,0.041253905418820666,0.03733476119771355,-0.03877390270878147,-0.04061684527345906,0.01771715581372754,-0.0339955031186005,0.02124686415787627,0.0013105962039944615
2021-04-15 00:00:00+00:00,0.01862729337663067,0.026180078356690905,-0.03508219079148546,0.05951734557008716,-0.01490236486051157,0.0031787337071748686,0.4066203601266895,0.021285543743625894,0.02856326635678294,0.26649013782152065,0.03293037673824547,0.028503839773718082,0.02398740319883478,0.07936138588295787,0.05075616522765307,0.15665060491203525,0.04558875125933121,0.0072330492401102165,-0.042801363316816166,0.0334714794123433
2021-04-16 00:00:00+00:00,-0.047313444206234255,-0.0874237035974094,-0.043264819393949806,0.24374801876081306,-0.06402774124548637,-0.02932349103283781,0.6951292038579793,-0.048157418029012446,0.0745063633827947,0.29089747284182815,-0.0370207831812446,-0.01357858352909796,0.07679764625702715,0.14878122336759256,-0.09358534572820437,-0.020300894032687238,-0.04355823746238055,-0.04739586416909556,-0.1270726416740575,0.05860482119316623
2021-04-17 00:00:00+00:00,-0.03014724818588479,-0.04490533967689541,-0.04369989758092214,-0.10678826902300666,0.012535937788996148,-0.021891825636385424,-0.2583068704049122,0.01600801133035031,-0.08744582881136984,-0.014410927400864167,-0.04433807028619631,-0.05061898776778714,-0.024849872953059158,0.07888242604436117,-0.01793083278917327,-0.03516456663200244,-0.03955915966710022,-0.031099041977893867,-0.00588921077172298,-0.02001988820376792
2021-04-18 00:00:00+00:00,-0.06890567940351977,-0.128672154333939,-0.14564883083707594,-0.019600784313807837,-0.06678244184956031,-0.06642869678323018,0.13277101479668654,-0.1183615750716182,-0.0664420600567385,-0.017460663439805357,-0.036004626931238994,-0.021111355040129016,-0.09585543246264129,0.24329670440266146,0.2633172230425973,-0.08269615521880633,-0.09385877881836915,-0.08240866107299984,-0.08895791292511368,-0.133320878239945
2021-04-19 00:00:00+00:00,-0.06673107178928336,-0.1086729047744074,-0.11367563723418471,-0.08723294634665289,0.045865396497896005,-0.00924779241999631,0.23790240887186204,-0.07286687233732078,-0.09872694174499515,-0.10383076458190382,-0.03390093471144763,-0.08945248257040665,-0.044814320638146624,-0.09363519549348008,-0.02710531119542137,-0.09598863672560504,-0.008424986757845065,-0.08578518436381397,-0.0725417489664258,-0.12481670038149127
2021-04-20 00:00:00+00:00,0.05883739052817503,0.10168691860648471,0.04565578249938472,0.05407253596674018,0.15129974951383177,0.014133255844769198,-0.25356565997181757,0.019273418209177638,0.014125952269679982,0.009601655763104499,0.07525453720088406,0.08728790470793275,-0.002681685704710184,-0.00912247946117026,0.0073353406684362795,0.02177308910759116,0.018875369074301727,0.05630552109760433,0.0561001581055931,0.04540122471330328
2021-04-21 00:00:00+00:00,-0.0512646294924278,-0.08351867693215057,-0.059872554822179236,-0.034154855857782634,-0.07566606944011706,-0.0478688076233732,-0.03689893421170545,-0.046765716228775726,-0.05714084004318195,-0.0553088900901259,0.011533936687040168,-0.07362795185506853,-0.01153628937058317,-0.11028610121952549,0.02647681282641745,-0.07878211239281918,0.044673655363514184,-0.07831377214405637,-0.07031348603549406,-0.06816679754391071
2021-04-22 00:00:00+00:00,-0.0507695558618683,-0.04316690661506964,-0.07406655099063048,-0.0637117622489961,-0.07323809390663874,-0.03976060378705051,-0.15979073920841683,-0.02511502383230299,-0.07683451891549452,0.04851029023619096,0.01719495572334584,-0.03074319304894832,-0.02034606337818205,-0.07522535730290267,0.1781124327397332,-0.10941554985807257,0.01471407693106759,-0.08408168195492231,-0.11138877245126529,-0.08126485067553331
2021-04-23 00:00:00+00:00,0.012733272020945988,0.09129679649086626,-0.01846711568923746,-0.016237461012997875,0.04128339445657012,-0.011006558547651292,-0.042499985302706496,-0.022237660367223983,-0.04907543115649591,-0.027059004874902197,-0.012821952956106254,0.002317227984372404,-0.045328834754984726,-0.042433777969231125,-0.039609683393940325,-0.00784818775539141,-0.028709676417771415,0.002621641137180919,0.013622384526102998,-0.01907050787552058
2021-04-24 00:00:00+00:00,-0.04934829203404687,-0.10565844505076458,-0.07404226916357481,-0.08569302804673182,-0.05774520615549487,-0.02129700475873513,0.07769931359218496,-0.10695335474063249,-0.09192553639266152,-0.09507504535124664,-0.0672808775731172,-0.11955281399004893,-0.07109374060870023,-0.0791526250692914,0.08827987464283042,-0.06295785015248137,-0.08890196380847915,-0.058525880498196785,-0.11042906404018586,-0.08203123923020673
2021-04-25 00:00:00+00:00,-0.010546226807598305,0.01233021409673338,-0.010502370185569983,-0.015092355941148754,0.015984499887759226,-0.019797324384079943,-0.0706211805899488,0.029498897901081452,-0.0170171298677884,-0.011622457770952326,0.04727116536137015,0.014227323557488035,-0.0038784793285708565,0.0006535126536468728,0.14906326649663168,-0.007148133251659565,0.1305648742120777,-0.02108794728471102,-0.012700381421433173,0.0026090296169977707
2021-04-26 00:00:00+00:00,0.12572356932380135,0.1658472529438369,0.2014901557988532,0.11208734883682113,0.058324949893789585,0.09582776337101846,0.07656643544956969,0.11304130145599764,0.15933234869634755,0.11309108977268159,0.08746807276063732,0.1029911831747402,0.09997710341152677,0.125132103371885,-0.07731465285305333,0.14228814451743818,0.10525862411400848,0.1550427099409596,0.27511674204376285,0.1603151957523072
2021-04-27 00:00:00+00:00,0.05410549804967227,0.04346967862035958,0.05508745601274127,0.04795510229939383,0.060610336957670506,0.018541010943021647,0.0026106315270136324,0.042353754907827536,0.033528502643841364,0.029359135757858174,0.05138153972385659,0.04611623876271527,0.04870932669313403,0.042442745444719314,-0.016800165317494887,0.07090035895134632,0.037667541951909994,0.047476348326433895,0.02807100323554474,0.03821929930899077
2021-04-28 00:00:00+00:00,0.023902506987056104,-0.004829771163789642,0.010110085759019437,0.02205506327325517,-0.01060492812072681,-0.003017528793609669,0.17101497713672256,-0.025372998972719222,-0.018243456801670836,0.036539845672411524,0.030332724032828818,-0.015201399255728686,-0.004862246208034302,-0.02498085923585474,0.03833158520253256,-0.026389302862758895,0.07930872848326326,-0.025356549762044264,-0.031967350748995454,-0.033199390501484474
2021-04-29 00:00:00+00:00,-0.023902506987056087,-0.031232466178708024,-0.011434802660287558,-0.03351757464596767,0.06354074216837106,-0.023824105906546798,-0.05836980764639807,0.05739877899993083,-0.009807723854215118,-0.01528985096094245,0.003196933669113188,0.00643743626109667,-0.012455884835068829,-0.02590037906710203,-0.053816940942613606,-0.01172673243934567,-0.044104299787169815,-0.010622362118047858,0.029181137123012166,-0.002153756085897916
2021-04-30 00:00:00+00:00,0.0352734444140358,0.021458331255869743,0.16137181150562493,0.1228447441651976,0.03755503299269317,0.07444869860711945,0.10182396989485751,0.01497938382214864,0.08985301587102452,0.050486400544467576,0.005562944541741023,0.04380654008683635,0.06011991757046929,0.08069263780313725,0.007083411814928346,0.08685326281023935,-0.010431810936114429,0.07452923091014949,0.13435377579413993,0.06818099204335022
2021-05-01 00:00:00+00:00,-0.001183082066418528,0.04718647618378336,-0.030805005259330435,0.008263021685451203,-0.004265085128020141,0.001837315218213768,0.14692803911275854,0.010513510976467182,0.025081700660202395,0.20782176959699072,0.06031013057980837,0.0796065132208295,0.020624556142598668,0.05258158912139988,0.14919018284503763,-0.008429896133157274,-0.007040282034542842,0.019333848301335145,0.03212781708295949,0.03674439747828688
2021-05-02 00:00:00+00:00,-0.018594419917263703,-0.03041459456995522,-0.01664459445365722,-0.03190521730680822,0.002866854385043733,-0.02137124828966742,-0.0441994435894684,-0.0076699589975526335,-0.013304708222819511,0.004775409070596884,0.0016252911032897802,-0.04450795296152058,-0.028957783380933848,0.044185412119292826,-0.05744742159779141,-0.027290936501922203,0.055004883742691114,0.029217140142033873,-0.05637488220929396,-0.0380106154904361
2021-05-03 00:00:00+00:00,0.026406383884346938,-0.006518078089184366,0.1369502539284423,0.04305062267939878,0.08382861249518785,0.01039468653491475,0.1658212228787465,0.01689357410681166,0.04202822405409223,0.14707187414924913,0.15120741553197212,0.06359410532162026,0.09226939782979746,0.0021415587317244475,-0.021227186715406382,0.030869030228397393,-0.008080423720428848,-0.010068321303272976,-0.00378800491471489,0.0693818245123965
2021-05-04 00:00:00+00:00,-0.07024163207086845,-0.09003594496058523,-0.16921059205976083,-0.06526520757808288,-0.10410418766492022,-0.07196003096966748,0.19886497107410464,-0.06869569608896987,-0.07086703423040298,0.28575370051047916,-0.0575956946599089,0.07939860884065575,0.034531009532113056,-0.10404730148679724,-0.07402755397917096,-0.09913998305933455,0.019465391784542967,-0.09307447143136795,-0.11357057741915458,-0.09037258709577363
2021-05-05 00:00:00+00:00,0.15304753575510097,0.17118470284089288,0.15197387631775988,0.4243244518931307,0.06635248298836771,0.07661461528794215,0.19424557721086616,0.15041794246997914,0.3187978072774515,0.3051817406876746,0.08440275759095238,0.08518111785161957,0.15397749331196997,0.17470287203124812,0.05351897970427905,0.20674738362910305,-0.016017926740836023,0.18713859046039305,0.15063407029513345,0.1846787712769551
2021-05-06 00:00:00+00:00,0.10832274104327373,0.026380474251432157,0.07497265011507565,0.03765852917347094,-0.026630058800645923,-0.018316104117848727,-0.11825332971353784,0.02843747290914609,0.2735612833333685,0.35393391397462715,-0.009846115823277535,-0.05006783329376679,-0.003855304405175766,0.06659393541943104,-0.03354896668754994,0.03763417006526218,-0.05327655838133808,0.0734971234863634,-0.006529670910108737,0.13768544217584908
2021-05-07 00:00:00+00:00,0.0023621342862997496,0.11451510160993544,-0.0033738401490940972,-0.11841930712715626,-0.015402159374472127,0.016200912209963583,0.17157667225004294,-0.042338003136620464,-0.09977132533966446,-0.11130956929444762,-0.002927142130709903,0.041030650698888914,-0.02796225407437005,-0.04165571602139568,-0.007245238089897323,-0.030223455251083508,-0.01205587248874035,-0.031559881193807524,-0.014770388885980585,-0.06673598920742065
2021-05-08 00:00:00+00:00,-0.019486887673496735,0.030364234223800215,0.013740153758391143,0.0410200774126265,0.034323268496421463,0.02663856290765698,-0.07953545761012339,0.0008775999459992042,-0.003524037072248092,0.06116524956174296,0.11670664075614831,-0.01088769120487127,0.006387397256555635,-0.011192952074423973,0.05474709804138982,-0.031794585661152674,0.01889435305340672,-0.027050177533026173,-0.011591009913387998,-0.015617539042312865
2021-05-09 00:00:00+00:00,0.0857820320138703,-0.027888338062499768,0.014735040668759514,0.02190793757911554,0.02391843898199066,-0.010609743743877945,-0.1101542227507211,0.010000208027534672,0.018124372969661406,-0.07680930543492429,0.00349493157185186,0.0728416605027674,0.11087681994081078,0.026484993788879405,-0.028509191038149972,-0.0004196391165232355,-0.026725642287541762,0.022934716521685213,-0.017186105902830078,0.01699967028271429
2021-05-10 00:00:00+00:00,-0.07278926481788245,-0.12426032780383577,-0.11741101422879015,-0.0775111293728853,-0.04740840095591666,-0.04252375198618774,-0.23585033704233974,-0.09936802954323798,-0.12759637609262967,-0.11501554625850285,0.005573197073655093,-0.12052742826060052,-0.07747380795762898,-0.1307271346631828,-0.03386265917842805,-0.11704878272571881,-0.0807277000258694,0.04421220330334871,-0.0984692863948733,-0.1362370012523353
2021-05-11 00:00:00+00:00,0.07103264161508005,0.05914580724491947,0.060142401146991264,0.15802351887793878,0.062660074392295,0.01518224822672772,0.09014574180157749,0.057226927169243706,0.448808551246592,0.05623235881285596,0.056071035288974565,0.05238692501552984,0.05081949942042324,0.0977907000904192,0.03854376778493082,0.08852407311816826,0.05724852794126279,0.11257813331128562,0.06136038545808205,0.14035793450380235
2021-05-12 00:00:00+00:00,-0.11643695926522264,-0.15618481428534287,-0.11506932978478723,-0.2243947295084257,-0.12215140580923467,-0.13262323703978,-0.23079550773574165,-0.09521183331922665,-0.33794475945080127,-0.2684833500195107,-0.08765264799631596,-0.15963408423258818,-0.19597364596228203,-0.20487532944120246,-0.018788726809888943,-0.15333525384193747,-0.0436495635588761,-0.20992563833742972,-0.152787706306881,-0.18199317583541522
2021-05-13 00:00:00+00:00,0.20661934683949346,0.020729250400647197,0.06706011059842677,0.017683969318950454,-0.04040867150243701,0.0007985717571492955,0.22304140105108394,0.1295808758455179,0.021252997788466028,0.03907544689830887,-0.027928701444750428,0.03922348535200906,0.024032349404353184,0.02513589805147948,-0.0627875554877931,0.02001977398949421,0.012800821562976883,0.09311878161357871,0.07211357158728897,0.03083696478922611
2021-05-14 00:00:00+00:00,0.03927851541177116,0.0957976129369907,0.05340225926343606,0.029639337427210127,0.0537058956437493,0.0034263093346637553,0.134136480744578,0.18218400607190907,0.052816339713832185,0.15608357179715746,0.09171151823394462,0.07303977678209286,0.02570851636240782,0.042284631603488824,0.03943244516879625,0.025496671829290777,0.07863075115807429,0.02297248114349094,0.026050677199942335,0.05533640626847727
2021-05-15 00:00:00+00:00,0.08016152145224179,-0.05407366724814681,-0.07170124211862947,-0.10107740700833275,-0.06726261665104098,-0.06375488905286,-0.09585525338041223,-0.09472051230344164,-0.08544385851266648,-0.08296043663064746,-0.11105603605137421,-0.1153914981957397,-0.08282067908654009,-0.08400728257731511,0.018240126978287922,-0.03375503902211655,-0.09859030601643871,0.0177234460113379,0.06257230368402865,-0.11362098747289284
2021-05-16 00:00:00+00:00,0.05624331126160161,-0.009475244704258198,0.06085859727398919,-0.004327678193417397,0.0016138618242163146,-0.007113969892819319,0.01007589840161719,-0.028045844276376557,-0.012503972053047136,-0.01300912248056807,-0.017867944012732465,-0.020009917650448367,-0.014794211355272818,0.0018960823581283654,0.07451196147156419,-0.007909128353753994,-0.00024588484517024236,0.04236191368381304,-0.02775688399866383,-0.018285365518561757
2021-05-17 00:00:00+00:00,-0.12461551447580932,-0.14014736118280238,-0.08344100723433741,-0.08675505133466416,-0.09716013204339065,-0.06434306949225864,-0.052349147035320405,-0.09233835347475891,-0.10072976343173982,-0.04557933021412664,-0.08734084696477265,-0.08980042942355784,-0.049748749796595326,-0.08155964515155342,-0.003035552470962812,-0.05895955110992178,-0.09648032697173899,-0.09914282086863922,0.03057095620747486,-0.09318156231093487
2021-05-18 00:00:00+00:00,-0.01343499869920983,0.07966697558433199,0.09092658148700072,0.018138020060060912,-0.00821613524276065,-0.0159345278743997,-0.024418803925539335,0.04798620119214351,0.01979061445445177,-0.01234209569830459,0.027807691201481986,0.13536552204503677,0.0432727239764253,0.020653127851888504,0.18102543586975317,0.030387390028691397,0.05263447452622158,0.0033679210497545606,0.06118334039813159,0.10493867351728185
2021-05-19 00:00:00+00:00,-0.3122033415004283,-0.506965599308951,-0.46978128108556394,-0.4501023663959667,-0.4167118605862704,-0.15519381949293082,-0.3674468891525336,-0.4830106284313458,-0.4944568702753939,-0.3989721268372045,-0.32486074648231034,-0.4842663980584126,-0.4581414790218702,-0.4611503353868151,-0.46993574652561315,-0.3888751803149586,-0.41333256340474145,-0.37596196643345436,-0.4077964786862057,-0.46472217152088324
2021-05-20 00:00:00+00:00,0.2053777216913429,0.2067121341313836,0.08455738802806297,0.16322781123957136,0.15560890948817027,0.0994528443006428,0.18797157434654627,0.14521222647616586,0.1566473031568241,0.21569953258405158,0.1267936827452267,0.15440665368664502,0.12525488737941018,0.26297528716827706,0.2386846729086729,0.12473760626744254,0.12800772723571105,0.11002299057366928,0.10984514563961428,0.14805666081686888
2021-05-21 00:00:00+00:00,-0.15031672667213034,-0.22025107268825855,-0.13916218604554237,-0.17337254263767324,-0.18221419236062075,-0.084253632547951,-0.10547789934330579,-0.17130435650648196,-0.1793428081872496,-0.13911057612672142,-0.130054532879971,-0.1807153195482595,-0.1578349758382701,-0.21468974060619084,-0.13205310074621943,-0.13635154575629824,-0.1822835823507502,-0.166442318338815,-0.1589097607905116,-0.13016935723537312
2021-05-22 00:00:00+00:00,-0.05738244901820563,-0.1035446979184526,-0.14945045292248219,-0.08758013374241433,-0.08394590125743795,0.005293597223083863,-0.045136775494036406,-0.10091213602229712,-0.08577084933667678,-0.09249649423223258,-0.057618271205140875,-0.0921990766063096,-0.060999754680388464,-0.11852443849794839,-0.22051374318558697,-0.03341475061280752,-0.07604826577125157,-0.07347271927050808,-0.10578022429783583,-0.06703794302761407
2021-05-23 00:00:00+00:00,-0.10742095333626402,-0.04932965754920094,-0.18604182693988894,-0.13126358421005507,-0.13953511995612564,-0.07755027101425602,-0.11011854463347676,-0.20815913253399718,-0.1727706988282374,-0.12638216092326174,-0.0904593791755005,-0.16037997757547298,-0.17322064385981975,-0.1757537008212439,-0.24098154772252448,-0.18126026722763863,-0.19654356095693937,-0.07237205432298213,-0.13637616490683332,-0.16656974176539982
2021-05-24 00:00:00+00:00,0.1652551172655158,0.22183775407701845,0.21735984519736093,0.31117425641969904,0.2819507364438923,0.11287539419061506,0.1776697895445876,0.2613072591313169,0.2734336168245778,0.3575416370934673,0.23375019374596437,0.2859167578935224,0.2635142887555444,0.22613191283620573,0.24717589046375807,0.2025348713211945,0.3902077640468141,0.19431199837492846,0.22895091519262367,0.1977049001264754
2021-05-25 00:00:00+00:00,0.0020623879442199294,-0.0426403489234215,0.0026260924955348614,-0.04782312527100761,-0.007142680115723509,-0.012229504705664857,-0.05595177186131244,-0.048489276548687475,0.00891074914154366,0.061212596436381564,0.02117556530759306,0.04047663729931112,-0.008453502167604845,0.04626680411653794,-0.047020340856717316,0.0023361464226306214,0.01695160093719619,-0.02398660220736395,-0.01870353363576671,0.03262954860803699
2021-05-26 00:00:00+00:00,0.13579029958321748,0.09208198851124089,0.06716735214831862,0.06094618903800532,0.09970318872736596,0.02365018953907607,0.019633726471734815,0.10152646025037522,0.12204070676108425,0.019235980170016848,0.06436152561075188,0.21259470666026403,0.07922190273612649,0.09917523953381978,0.16726194245838943,0.07466339401089025,0.15856785377727486,0.03313397387413235,0.05683914359778394,0.0697739657686887
2021-05-27 00:00:00+00:00,-0.0721857710093965,-0.05054258238119307,-0.08417844589421312,-0.018402226044576375,-0.025347563810685782,-0.018308668772305418,-0.054783887088191235,-0.02251177317221676,0.08769786549847872,-0.06851373192660266,-0.050732644515115596,-0.06956416085214348,-0.02334617642305227,0.007126545741843502,-0.04866739439858204,-0.04465411920595059,-0.030052805954408655,-0.053468870846909974,-0.05673654266402548,-0.01287362310620263
2021-05-28 00:00:00+00:00,-0.0896291507383527,-0.1341905722157925,-0.13360611931169905,-0.08591747384542056,-0.11710022719142424,-0.07730916315521141,-0.0706986206161412,-0.11625180928260782,-0.13848800698852332,-0.08965698448388104,-0.1282737206263049,-0.12948778813206177,-0.09149388118952914,-0.14554299370072143,-0.1519750767935173,-0.0984097072772659,-0.09834465763334971,-0.051846568293520384,-0.08140302511955061,-0.1340920051821734
2021-05-29 00:00:00+00:00,-0.07575117396825391,-0.051869461400727034,-0.03399020022855189,-0.05421252153352474,-0.07506757303342255,-0.030124961488519942,-0.027459667122939905,-0.07194134242952961,-0.014915195539699071,-0.05897914136467028,-0.05687507874505124,-0.09446757628904134,-0.07808500192937035,-0.08288879408169189,-0.0568114864264646,-0.04645391697601065,-0.1104620733302966,-0.08366364278607093,-0.07713467891480237,-0.055961201639462825
2021-05-30 00:00:00+00:00,0.11577723958296306,0.039989074556853785,0.02141671528720547,0.014768618484239417,0.06513457674201051,0.02950172116854018,-0.003341110304682089,0.02960571269926231,0.0022059503235761957,0.028081006570117032,0.0459872827806308,0.055703032838797205,0.0388665444550426,0.029253298204033808,0.04288208809891589,0.045342805750587536,0.10429818802420383,0.019894448091946074,0.08522650381330231,0.025242113753051423
2021-05-31 00:00:00+00:00,0.09801342159216407,0.1065390098699005,0.09366874929846536,0.05983663124933508,0.08182497213991989,0.04424998538763259,0.07584608103270724,0.12819099140674248,0.09385114847476629,0.057234866599951716,0.12591701917386455,0.17972041904151395,0.09748842959844391,0.07982345309348139,0.1359159127235285,0.06496401426011982,0.09359063495375265,0.0715022206576002,0.139022471399309,0.09301940574282794
2021-06-01 00:00:00+00:00,-0.0005757715497617759,-0.014791568069351158,-0.02184661117032746,-0.016260520871780405,0.0253185155378845,-0.015165767520091036,0.12808766236225114,-0.018393716563299415,-0.04991528214817922,-0.032720796322738006,-0.026806979763833352,-0.043912367232656804,-0.02685086908890817,-0.03486183878575493,-0.0569177602667878,-0.008500672388100856,-0.029212532655530636,0.039490193373439446,-0.029343627007383608,0.016583854348802038
2021-06-02 00:00:00+00:00,0.009800347804393246,0.07712525381075448,0.0515552614234551,0.008973837490094356,0.10258617485630918,0.02358227059865497,0.1346049662758638,0.12634715379990136,0.009876701410651785,0.009370845847842167,0.026832846435921022,-0.0015963775401473545,0.022425493308170896,0.06891254846478548,0.09419883664068658,0.02464776480055924,0.007265889700105878,0.00038211693242950134,0.013072081567352921,0.03910216280360245
2021-06-03 00:00:00+00:00,0.05108510572794691,0.11463767247008991,0.08121519267354513,0.030434399330252555,0.06493690767737545,0.04369893289158691,-0.054857472603436076,0.04112446459191326,0.025421813879359257,0.021133811795610424,0.054306796538697875,0.048619360693942314,0.033420512622069756,0.05913358608532952,0.15269558358044308,0.05229868322789364,0.03768670019720585,0.01540132326320605,0.02020270731751947,0.017214904012950224
2021-06-04 00:00:00+00:00,-0.07749442998923894,-0.1008037899405516,-0.1052618428075811,-0.06935459552328375,-0.0923040604417829,-0.06358407913456297,-0.06307910122224725,-0.07758929354830062,-0.08281944769707167,-0.07648022236119568,-0.06050060290809493,-0.11062658115919155,-0.0810251022097725,-0.08631632067913181,-0.05886804722046685,-0.06389824620272237,-0.0822470620188116,-0.10085101331388917,-0.07623020778142588,-0.0877358745330581
2021-06-05 00:00:00+00:00,-0.03128600594669858,-0.013968481089536851,-0.05712939426624402,-0.03247131991315193,-0.0015881557681182341,-0.03638111995464031,-0.01332318592071623,-0.049929359308204004,-0.04013496820893587,-0.025000911036524385,-0.023238665269225783,-0.06067449123445819,-0.03130769672777985,-0.010993541474865713,0.059650529749190905,-0.021224430942836436,-0.03000436360417183,-0.025337814186213222,-0.047912722114633266,-0.03540801269571667
2021-06-06 00:00:00+00:00,0.01320468139108727,0.017810563187290716,0.008840666599565065,0.01040295575369438,0.00931354890610139,0.007940357113332096,0.0003500599176752475,0.01722490715403757,0.011717976691303877,0.015156569621901468,0.0315365154997358,0.014745698109665018,0.01986611777603033,0.018961711124042598,0.0628765928713565,0.02523504502563249,0.008543409504312533,0.014959043061066527,0.025669858683226035,0.11113508007687575
2021-06-07 00:00:00+00:00,-0.06860537278618478,-0.11662667970032337,-0.11233280559043424,-0.09531780062287692,-0.09524414688435066,-0.06472479604498639,-0.11385328240531194,-0.10902436642716674,-0.11908826467397578,-0.09961052185764042,-0.045207802690552336,-0.11325313970793428,-0.08552318569097624,-0.10438117956936797,-0.09878737093949483,-0.07714181925730304,-0.06353622659810346,-0.09425956641217562,-0.0942758680043406,-0.0943921168525354
2021-06-08 00:00:00+00:00,0.010165917653136658,0.007401958295667739,-0.049073417464145355,-0.0019131374567179533,-0.01537062606233404,-0.005138835456786614,-0.017039297420588986,-0.0016614366014914143,-0.02719023709493568,-0.023176351903576337,-0.03327051034015327,-0.02088033114265914,-0.008184062047663532,-0.04699557337516524,0.07577856681650644,0.009991756731920398,-0.03543867797929861,0.008568441393257534,0.01302687163502437,-0.011507805992485146
2021-06-09 00:00:00+00:00,0.02866418440993039,0.027064069991505266,0.040281015334759834,0.06296667616598907,0.06331436791234175,0.11336995068009252,0.05178724958266608,0.0697500904979321,0.05587271007035434,0.09484334398809635,0.0402406263865517,0.06079074857153072,0.0716414185112263,0.05123481314539231,0.018901339630489004,0.03979412593061245,0.06894733310947601,0.0440508576658338,0.05427818346964582,0.018195647090547818
2021-06-10 00:00:00+00:00,-0.060194712397868055,-0.08248011923655156,-0.08161862410246282,-0.05327100836346188,-0.06490428364104965,-0.019236178908744933,-0.05117367734596669,-0.023139799702188293,-0.05000898017653525,-0.07366864929619109,-0.05475983562962982,-0.10156774770380554,-0.025829094952259928,-0.014451742810542515,-0.022301464339087345,-0.03772501697806205,-0.062224761733895455,-0.0743081974605511,-0.05944556018568632,-0.06873653791012177
2021-06-11 00:00:00+00:00,-0.06446893413639482,-0.07097695488968359,-0.056897341577393463,-0.04086635787834688,-0.017744735978747865,0.01773537623175507,-0.022831192088217607,-0.07947709887609578,-0.032857411739352985,-0.017933714629893877,-0.04853909192677941,-0.07340933911722475,-0.032209195352512064,-0.06365153765994645,-0.12825920112364392,-0.04769526977932574,-0.07637432498307775,-0.0630621521074811,-0.02506396866321639,-0.043687867723804785
2021-06-12 00:00:00+00:00,0.02867137409252227,-0.028347820295079377,0.01016593179733114,0.005116515345047844,-0.005946786689079457,-0.04901960505525715,-0.020734344548489627,-0.009978016200604177,-0.017546289943220512,-0.0298076681660929,0.007081885780932287,0.008899660112242847,-0.006345707151737551,-0.02546752650564236,0.008783942590966242,-0.01676057598305865,-0.025590122518648062,0.029971283591154606,-0.017265416676630136,0.0018152004092486154
2021-06-13 00:00:00+00:00,0.051205387352564365,0.07574231082553662,0.08597109201780118,0.056086958810908305,0.06231755210097714,0.09325821606697823,0.03704243658344958,0.06069835411717114,0.0518790198811812,0.06663117555575906,0.0568136425416618,0.07303943390458134,0.05442497393690932,0.06185248453652607,0.05934011670674056,0.05002117459263128,0.08800090102330459,0.05061285308139586,0.05899834076195576,0.05285745384375212
2021-06-14 00:00:00+00:00,0.012956938886253452,0.05971345146318228,0.02356673303312394,0.04469412170431766,0.011929651392073904,0.03761517248338315,0.011448690909041848,0.1597610465476479,0.040788971212873594,0.005173212328344623,0.028072018778686522,0.06882699179510728,0.05155957441329381,0.030702059236085846,0.025205415991907117,0.006965756780979152,0.038178210390553996,-0.005408090406045544,0.008343717364771108,0.010477272708785113
2021-06-15 00:00:00+00:00,-0.013856739705366591,-0.026666215129709,-0.026755879077910903,-0.02259154779611514,-0.01007243777035245,-0.009230129428558456,-0.02281139116285946,-0.07698579200318345,-0.022596381267569972,-0.0195820931372762,-0.014530992500364865,-0.019857087594635586,-0.02670280333109889,-0.011816859356148374,-0.003988393523812596,-0.004034226797135052,-0.031236118746738706,-0.02802761359339856,-0.027664123991507382,-0.02341673581172097
2021-06-16 00:00:00+00:00,-0.04612204466927498,0.03594563515347826,-0.04418612632413295,-0.05479296568857707,-0.05398536476468425,-0.04574527341953061,-0.039907848139870125,-0.03870626860840975,-0.06274889432156232,-0.049399938378364976,-0.07155754827824162,-0.06053272178318404,-0.05022710815447945,-0.030373470138855982,0.004844579519556496,-0.03966686786482569,-0.07026870499589002,-0.048721205165532466,-0.04039882807488601,-0.04886659631683028
2021-06-17 00:00:00+00:00,-0.001684806814280244,0.014273806665846538,0.0529824480124112,0.008753451606341096,0.016084452633036775,-0.006698961944875928,-0.005081940767483476,-0.02194706884878392,0.0013965622199622663,0.0036247931991075883,0.0022737013530689876,0.015159635710642574,0.0030570981399583555,-0.00032900824873708756,-0.011722691938972851,0.06933122371484522,0.0161777589894915,-0.00047231450726104897,0.011828801522409753,0.07853521316471807
2021-06-18 00:00:00+00:00,-0.04574946600226861,-0.08790631530529958,-0.08458909078303509,-0.06152556180931942,-0.04548544231755785,-0.06152782082782359,-0.04307804020568458,-0.050095769129676955,-0.06540772039974953,-0.05521194944231826,-0.060438978275987466,-0.09700849238112264,-0.06643961683679023,-0.06810010081390323,-0.06429236102190619,-0.05966094557086311,-0.08442481583568164,-0.06593577832885672,-0.05455565400497866,-0.0841367473040138
2021-06-19 00:00:00+00:00,-0.023142236988466194,-0.05115826417433518,-0.01902140760107871,-0.01988714641264305,-0.009386662481017006,-0.00942793009744289,-0.02629048561836727,-0.05811401157310015,-0.02311793280421048,-0.03295216542711991,-0.03156606142284994,-0.04759933202309689,-0.024934102665263518,-0.021744099479763183,-0.045279224471438104,-0.019581450953104,-0.0312868001580735,-0.029774468893738398,-0.05015838525640527,-0.019428213926539716
2021-06-20 00:00:00+00:00,0.03017807829749206,0.01066027638422958,0.03912586962347905,0.007290608681594935,0.015065135091940343,0.0032761324830971688,-0.01812098118150215,0.019344857519223626,0.010528056558731827,0.0018071110790935925,0.03575584948671751,0.06686343669639483,0.015551603401345886,0.005251122878201972,0.0019021397703593965,-0.008679716132221016,0.04666722599876833,0.030245342035762963,0.020753861128433207,0.012755692166323771
2021-06-21 00:00:00+00:00,-0.1946669571413348,-0.2296983426962015,-0.21719733613666747,-0.19987986900733323,-0.225003248099798,-0.11891045662276035,-0.4508400300892381,-0.2720095053275358,-0.2476884846013591,-0.2556496728555762,-0.17383604031182356,-0.22036399367691745,-0.21866624438719504,-0.332331221986152,-0.28212888584892476,-0.23492216297475466,-0.27196390334269105,-0.23201801268783914,-0.24366662926241564,-0.21348124978731453
2021-06-22 00:00:00+00:00,-0.014845598086685806,-0.05584302639842721,-0.05713740565726064,-0.025216465192209186,-0.03250670931104606,0.028094524319938106,0.06493009667469779,-0.06707563898276066,-0.03800602240630334,-0.07676846445960923,-0.0032990093058491046,-0.030106029397666434,-0.039497145379324514,-0.06214898409000389,0.013744894061149489,-0.04745485724733322,0.04019798853390111,-0.003313230454239707,-0.10395133009845772,-0.04551851521559524
2021-06-23 00:00:00+00:00,0.07853196748969085,0.065669574212938,0.0797372375745016,0.06269162683856504,0.12247758211998014,0.0353126837670968,0.20741650018067417,0.07247264881299108,0.0811481680105419,0.10923042928387316,0.046200209547868486,0.08772823175836689,0.07610006409084956,0.1051180821556503,0.13443516838281683,0.12751194027576135,0.08074980702703943,0.08335267604379387,0.15472528741221725,0.12410247408804022
2021-06-24 00:00:00+00:00,0.08367568334199375,0.07734239633844804,0.0032245441683319883,0.029530668909674034,0.04090705419371781,0.028828548379449724,0.11685462724160091,0.026926505737136106,0.06604832494588644,0.05693078501570458,0.010804469300155899,0.035513009669318335,0.0415715199075753,0.04457782377566493,0.009810011229238523,0.13139438599384523,0.013890274369584498,0.05090176703436364,0.053085514754655935,0.05150155179445727
2021-06-25 00:00:00+00:00,-0.08295663245813845,-0.13592759290346956,-0.11592493527336886,-0.08066923871502009,-0.09443246258990144,-0.09301052120369376,-0.10512043630412936,-0.11767516993369398,-0.10487926325996909,-0.09220961736852054,-0.09521870463650212,-0.12205500166817898,-0.07384508045787094,-0.11337214213779487,-0.08368602124412727,-0.07407306590608183,-0.13179970830711976,-0.10954418888931133,-0.09663329511579767,-0.11530888397386563
2021-06-26 00:00:00+00:00,0.0,0.056815192458790506,0.008076723709205298,0.022800283456141397,-0.004139462785560404,0.021895999249812816,0.034683165136771985,0.006152164014388028,0.010669395321652599,0.030163102658895873,0.011444527214784062,0.004848924408120996,0.015006832106522098,-0.0019873075327003003,0.03624044578986398,0.021752247323127163,0.018783422262204547,0.034634613486253005,0.008310974261697692,0.006716738013535684
2021-06-27 00:00:00+00:00,0.0663538200132719,0.049901121095250224,0.0586272576721947,0.03885827648679465,0.03933761069272121,0.07218857505595316,0.07320101116645134,0.033809663136414835,0.055922460200540376,0.042293479472422464,0.08012847118323362,0.08229087745066697,0.04401650834293893,0.025156566763464762,0.07143225800737812,0.03215206769933373,0.05871821065956302,0.04081557910272379,0.05093620369895352,0.03212271774826552
2021-06-28 00:00:00+00:00,-0.009009069942365968,0.07659747087217084,0.03423053511981523,0.049090111506509104,-0.002995508979798451,-0.005938288050668354,-0.028492829949216928,0.05091347543001861,0.01943081598924799,0.0243772140165067,0.05023814421215937,0.02277464425239578,0.037667703704518954,0.0371595907084053,0.03402590255640782,0.008146997640398427,0.036185891510675076,0.014141804248475925,-0.0061881385587017595,0.03127072985020712
2021-06-29 00:00:00+00:00,0.034831235022163114,0.06746124306684044,0.05146992602273568,0.04324935118831711,0.03653142386169746,0.04025278594807432,0.024666995247998456,0.031534986737327464,0.06975607771687084,0.27071698780301423,0.038086933196143376,0.036756385837973006,0.04619644339456756,0.05789171740522244,0.028939918134836925,0.03917949510094628,0.05086447791442733,0.07213794522242907,0.09172042511205741,0.09575694804821393
2021-06-30 00:00:00+00:00,0.00891859589586225,0.03334345605512511,0.0024299312304131896,0.005310201760714677,0.00966095189821636,-0.024431033120821895,-0.03703554307721867,0.006238170801502824,0.0022740478156682686,0.012624752397289378,0.049706134058565464,-0.000973086553443221,0.00041600222467782583,0.04179113895084428,0.044336564782504036,0.005139134723029048,0.03301117041570189,0.0024334773686862186,0.0,0.021791986463084917
2021-07-01 00:00:00+00:00,-0.03976081422596186,-0.08775885428866573,-0.06643168370238584,-0.0606685198945958,-0.05509394640954189,-0.04494752092035272,-0.04059064008669393,-0.07781984169833643,-0.053504883271539405,-0.08094666253735067,-0.07729383221470298,-0.07058257464986963,-0.051490326500773384,-0.07214945270472212,-0.0651282002678108,-0.053701148857064965,-0.08094656382734176,-0.05424727591343206,-0.06916480835620235,-0.033853962250042786
2021-07-02 00:00:00+00:00,0.04645172734903891,0.06678493108146943,-0.006190303713188375,-6.0511320678140276e-05,-0.0009049774373291173,0.008377365268202767,0.005073037922333236,0.0075501786625936,-7.648086070178369e-05,0.012376928615506686,0.02240185311990071,0.004827217272707847,-0.0012414650880649882,0.0385752868561587,0.021674377928975613,0.028338276543437648,0.024117639281972206,-0.02267994987982656,-0.005324421188999666,0.003732107202246951
2021-07-03 00:00:00+00:00,0.007073731757388068,0.0004238186119808495,0.03510373253431144,0.0189416252519225,0.03745525809687284,0.025786871340954098,0.00533160946328601,0.014995899176596031,0.03211193031867583,0.056789264198314315,0.03326396817441365,0.014613074768817014,0.023970536188278137,0.02535449109722285,0.014540826726275552,0.0038980559103663766,0.0669446177401578,0.00406219119369104,0.0264916154469765,0.02527970911772656
2021-07-04 00:00:00+00:00,0.039781938007002166,0.042068674718580494,0.07012178481078887,0.041654519381852995,0.03133562203322888,0.017651072284598005,0.0002840966759505799,0.028895485508525817,0.0026136070305983624,-0.009078126633561126,0.04207509883646496,0.0370030305938269,0.033532883692698266,0.03240103171874678,-0.0063392576128579745,0.00789928841109252,0.06380329662821932,0.01578742758473161,0.03330719801776855,0.0040531912540370954
2021-07-05 00:00:00+00:00,-0.040209227573395165,0.09481514309130759,-0.02485058375488678,-0.043496924934961885,-0.018372014676021186,-0.04629552498009569,-0.06422746021445795,-0.047889161743347564,-0.06377381319083021,-0.04871653701641441,-0.05584715432301095,-0.04681207821756471,-0.05123883062862987,-0.04435733489328516,-0.04084630442289512,-0.04369627173569859,-0.034006216486719934,-0.05709260315095275,-0.0643852761751994,-0.07219734637347172
2021-07-06 00:00:00+00:00,0.008370030422545967,-0.029626796571434865,0.10565942464226682,0.014254173972283256,0.057577724190919895,0.01560534774517823,0.013196830033585929,0.057854986983674354,0.017560970035698602,0.01783453835543176,0.05576534927301046,0.08909231674728144,0.008388218972254327,0.026486520029831092,0.03926979984857612,0.007108668476327096,0.10911163320159477,0.027917482049363864,0.018521859382018155,0.012540340322699198
2021-07-07 00:00:00+00:00,-0.008298802814695179,-0.015110546376256561,-0.021066126909153167,-0.0043099292888735844,0.02344762442172482,-0.010513575195606917,-0.0450264908527996,0.044012437291918345,-0.013684082403134597,-0.03417354366526927,-0.0025565482865500294,-0.014299935103327438,-0.010569086367605876,0.0031944584408040945,0.06905520032613602,-0.00943768125179087,-0.005512124915679667,-0.015556385225789846,-0.019134980186019612,0.004631975823046562
2021-07-08 00:00:00+00:00,-0.05640455025354887,-0.08236397148277984,-0.0799536870906472,-0.03811795437888787,-0.05449478052428494,-0.029562898272273284,-0.07878527170962409,-0.09603994011342663,-0.061738015599496196,-0.06537073322161084,-0.0904041869515329,-0.07528264448912714,-0.03903151629338469,-0.08397406083729737,-0.1012394292737939,-0.052169098116177114,-0.08924850981323681,-0.0542925802203635,-0.04821535240445288,-0.06695979613315009
2021-07-09 00:00:00+00:00,0.01748008950948526,0.10089436387929274,0.03683986574600883,0.027876229351776912,0.022161836817909952,0.028194357383748637,0.05970872757516356,0.023486465716477525,0.15942451688137912,0.012314956500114249,0.014383404756169537,0.016374761291746805,0.018221176709873707,0.019100330271795918,0.00520638580689828,0.01833722780906608,0.030627227564977152,0.011463320485275371,0.024476746426554164,0.02157418430556453
2021-07-10 00:00:00+00:00,-0.011020215772193361,0.09018641366383474,-0.043724146242299186,-0.014424383546182626,-0.0030637569171382494,-0.009297337803434783,-0.02713720450979138,-0.026166819035624685,-0.06214181285749655,-0.019129983992311212,-0.01705195297545401,-0.024526460013686302,-0.004393647459655366,-0.017807733147051752,-0.049911909704907685,-0.0124587001031216,-0.03599709538388773,-0.003588618156755837,-0.01950121252834184,0.011891348218004796
2021-07-11 00:00:00+00:00,0.009612234510285393,-0.02442055254833505,0.03419835878236813,0.0023516417048315497,0.018926428206424168,0.022317905214544593,0.010332401332451542,0.014234421876441642,0.02818629609721201,0.011513800947002679,0.014001179053283616,0.009784974346338984,0.002162001811317557,0.004130966103048402,0.015311453727365778,0.006814889266490202,0.022275246919491752,0.004768415287156392,0.018715851614653372,0.021645328211262055
2021-07-12 00:00:00+00:00,-0.026982960540162283,-0.08105550993497092,-0.02244909239714355,-0.03791021530163074,-0.01892642820642417,-0.034819738727865,-0.03880407541376365,-0.042854283023988284,0.026792827149059804,-0.04138464942765997,-0.05220227186284738,-0.04819740075983735,-0.006724974907673968,-0.013421835040893957,-0.04486710070300811,-0.02953939751390526,-0.05828436718066451,-0.031430037578688695,-0.012014055348634894,-0.013272886731959074
2021-07-13 00:00:00+00:00,-0.03693778087800188,-0.07094267299364578,-0.020526752206448166,-0.030658284635931236,-0.02297480505066965,-0.01084421199366593,-0.03816807843864591,-0.04512561704377195,-0.07341564147849988,-0.04602187168495209,-0.04604852576506507,-0.03769202718302026,-0.014651723475147522,-0.00845117364459472,-0.05456566634869833,-0.01122195848267719,-0.055701538879510355,-0.026013027463799986,-0.015384918839479568,0.0009971510797742583
2021-07-14 00:00:00+00:00,-0.0011864743333715756,-0.028946188075462797,-0.009872248259375884,0.0048474024093794,0.0014878548528607454,0.002753633750060858,-0.011871963976200314,-0.027796437866048327,-0.024086895125872778,0.0014480990748282755,0.02766821218840126,0.003904637274687086,-0.0028189420975584674,-0.01882351738352216,0.07371809856345433,0.008720497993786961,-0.03218542150016739,0.0327036938879219,0.0008071676925444782,-0.03381072771822266
2021-07-15 00:00:00+00:00,-0.03029195577661765,-0.02351428266206958,-0.034682565190057954,-0.024826351420035152,0.02145531614058032,-0.029059841124266395,-0.064103415162166,-0.052510575346227675,-0.0341712186386182,-0.05347663831121549,-0.038363556727093254,-0.07171267449980685,-0.04056135353266665,-0.04461787598791965,-0.09421083213248402,-0.034828968425861764,-0.046757007385227554,0.003619348724813119,-0.03581197408120319,-0.05288358233203815
2021-07-16 00:00:00+00:00,-0.045906416233900516,-0.02873379839424494,-0.05198197895796184,-0.040008915784974924,-0.04275356681853324,-0.015684787261425026,-0.07458122703521183,-0.08515950534229837,-0.004861006895582915,-0.049353523936962324,-0.022789511403690434,-0.03419908738216088,-0.04227638602774676,-0.05703105775215546,-0.08301612020802544,-0.039137729044690435,-0.04377289128138209,-0.02386968813208049,-0.01448812404299095,-0.06714792917902462
2021-07-17 00:00:00+00:00,0.0011097359114037,-0.01145653232439077,0.013228192156410936,-0.0044617905135164145,-0.007822379960052897,0.004330419138805793,0.08531439865765103,0.02204036586744078,0.0009029840128689027,0.007408158607937768,0.012357639681334047,0.007715986754802497,-0.005818802785337179,-0.0025652290706404176,0.02001084238983948,0.0062729840974494544,-0.014737433372829494,-0.01081831259495069,-0.012293137566178046,-0.0016203755337163136
2021-07-18 00:00:00+00:00,0.007818515225339698,-0.004546702385686901,-0.024761058079270246,0.004233464371464735,0.005243780891666568,0.008167362765899914,-0.031283893498408925,0.028308694413021623,-0.005732718161750594,0.010103398918967183,-0.004193895729117328,0.007656905879576019,-0.006523944182988764,0.004854869452714898,-0.004824693790925026,-0.0008937349777134241,0.012776768569740393,-0.012241431494952172,0.00770090226566089,0.010012495726370675
2021-07-19 00:00:00+00:00,-0.051057186338064914,-0.09476348275198405,-0.04858906184742549,-0.05390231382737547,-0.07404177110110102,-0.029990648832101084,-0.04477225131891379,-0.09855732161124581,-0.05609264066140037,-0.007141004681139446,-0.039305722370065674,-0.06282484272603728,-0.052013445164339395,-0.07075292733977413,-0.08461142077302226,-0.04517546045450058,-0.035139509521023994,-0.08294837722236241,-0.05177791661606661,-0.060192456352076415
2021-07-20 00:00:00+00:00,-0.06306077167651836,-0.05530936404244051,-0.05490229438769729,-0.04047662269996543,-0.05910193482614808,-0.03461668416799106,-0.018309674800828304,-0.04479292817036953,-0.0529945094037692,-0.056163003391350316,-0.018143175687965012,-0.05562098525005329,-0.05300215128972054,-0.06938745410490439,-0.043146971356157166,-0.057763890671436134,-0.07846642979536371,0.0020784135965648573,-0.05271166727911386,-0.06120956901019679
2021-07-21 00:00:00+00:00,0.10544590910820052,0.10429036790710816,0.07838939888303412,0.07775448329503687,0.10344520508355569,0.07605715848404894,0.11088287060306641,0.1190193176455677,0.07190106139249937,0.08748399132923781,0.11089936588098752,0.10719989413224407,0.09294335495146026,0.07676039476751279,0.12877013972827156,0.06577660474254521,0.13915831040497695,0.07423267451126364,0.07911057827310022,0.1083494440045483
2021-07-22 00:00:00+00:00,0.012305497493730869,0.08202967936953932,0.038390263278565165,0.026237398961679245,0.0003409362141375357,0.0044487049941116285,0.004034693308983091,0.06348473755203252,0.017574348996247782,0.011355857837124004,0.01445774749165598,0.04935967482580459,0.024580743485394116,0.03600156557252826,0.036732746052396834,0.025289967953107232,0.049680827487882225,0.14383952657054125,0.03454248396273511,0.04234235970068968
2021-07-23 00:00:00+00:00,0.018468748739507213,0.005697022288757537,0.02308602003418255,0.028164594513901152,0.019945652192780487,0.040849756917323884,0.01895840475904997,0.01875549272426722,0.019281588629321045,0.05424549417017467,0.04806640590320617,0.026465180115218246,0.029155631754922195,0.02181357647122996,0.02906902179678136,0.013302371239878761,0.05661785021809664,0.021359269990878806,0.028475822958433254,0.07094461636145329
2021-07-24 00:00:00+00:00,0.020489161276144068,-0.001399335544066212,0.005038700601010637,0.008124695672209508,0.007622825387650054,0.01838406474345351,0.010159109248867591,0.026000359859552957,0.00912147665093146,0.07564406358678673,0.028082606624002943,0.010908651191385125,0.013987359882106698,0.037960762239222796,0.003500668701334691,0.022425235670616602,-0.019760699453990015,-0.008166963780679836,-0.000985545414856951,0.047881776424136734
2021-07-25 00:00:00+00:00,-0.003494375990806445,0.0017488636846396904,0.009379674823260924,-0.007663040520402533,0.0033106035666461836,0.03225131745929758,0.005319026749843204,-0.001455180699159709,-0.0023750710718384305,-0.020052385281182274,0.0023042432941544413,0.003769186908703537,0.01332459497896044,0.0015291766575672775,-0.01294334333063125,0.01111315483193242,0.0025188930194839864,-0.020198122254280054,-0.0026328795857724946,0.026276736045472877
2021-07-26 00:00:00+00:00,0.021502741099733255,-0.005255793458020478,0.018761284864708953,0.05577892210249149,0.004748096496074253,0.05114348533727734,0.028342078846406018,0.013811275614863202,0.005668980323427748,-0.0012395927459651645,0.01733457924346726,0.07376668104616166,0.026128099909852195,0.05354862496019837,-0.0022682175871487427,0.008768215721896445,0.013148075966531168,-0.005863096637064086,0.026824334491427116,-0.01899034274454799
2021-07-27 00:00:00+00:00,0.019566699195345535,0.02737523683715438,0.039103240822075495,0.04236645796016524,0.030707860778442175,0.05791451692422995,0.010892236536864101,0.03110890661790519,0.020471186017738625,0.02333384714724388,0.03154713115377506,0.07792409901148532,0.02769176192116297,0.04874467330465016,-0.0028781088320104526,0.02984792860008459,0.019244727145833328,0.010361598371361622,0.03421697620495928,0.008702114636251845
2021-07-28 00:00:00+00:00,0.005920403676145216,-0.009703395013790366,0.033258005996704657,0.018750796080834502,0.0010202781142683631,0.014134814167452743,-0.0005345125130297589,0.012521349301095936,0.0427160352443846,-0.004858800934482113,0.0006129915264366464,-0.01969077558065281,0.04129093605658882,0.014076324922445236,-0.008146102426643228,0.008437472505773041,0.009380338595818117,0.027240644341476616,0.1273309976277222,-0.017267325915441164
2021-07-29 00:00:00+00:00,-0.0014768181145883802,0.01795840976552818,0.009130269865426725,0.05235840810850768,0.010240566324503366,-7.696532715802908e-05,-0.0035057003476284972,0.047525722009697804,0.011970420128770592,0.0021083795593817285,0.03502627568090282,0.013566049159670171,0.007237667300230603,0.01937411930617868,0.1138090311652503,0.018768400773044338,0.026654443792837122,0.008404030295805484,0.021735583997464104,0.013276562374910561
2021-07-30 00:00:00+00:00,0.01941210240135651,0.028491003513570146,0.04290138822817624,0.02541197686627558,0.01735476086560066,0.05327978825254109,0.017934015402559584,0.03472504014587064,0.025315286993893564,0.03157464663471626,0.03257022532996052,0.13947009938461497,0.028369213882853836,0.1676150589832896,0.03519839996196904,0.022383028769132677,0.06605358836941873,0.024724841140931094,0.004397368668975147,0.03991660740544242
2021-07-31 00:00:00+00:00,0.006463655065071307,0.03703228556838502,0.0412842085335686,-0.012359656768347759,0.02992772521034065,-0.017797912555153794,-0.005187580681052443,0.060859247766023764,-9.832358299054987e-05,0.007058599799890059,0.02773738465118003,0.019741870985759895,-0.007865364130464033,0.09496097206582503,0.12723728611599,0.01116276035812389,0.039832835960917086,0.017605338649666524,-0.008143693628596491,0.022824814279666907
2021-08-01 00:00:00+00:00,-0.0038731774259633087,-0.022963674663159222,-0.050962577604550495,-0.036786957846033634,0.0006316074619343728,-0.03976527538307319,-0.01655819714353419,0.09290239564523402,-0.03161548804196824,-0.021247439531849852,0.009688009499400239,-0.02908077624208926,-0.028525188235818715,-0.08440716240044427,-0.07277321879075073,-0.011953586812941671,0.009692390602436629,-0.03283204452917617,-0.029658002872220122,-0.02840150807326524
2021-08-02 00:00:00+00:00,-0.004499530946937088,0.013232402208978807,0.010833503772604534,0.03186626636613206,-0.006152566381724273,-0.017663231962589804,-0.004760628362357776,-0.02384597358789455,0.021485691724971962,0.02126692340407543,0.01985103789973777,0.06195154985343602,0.007384823733694767,0.03011070726149809,-0.029646322535551304,0.022374398121992357,0.01816961236069892,-0.002438981205772595,0.01887622726893183,0.05745963567327846
2021-08-03 00:00:00+00:00,0.045790141870647144,-0.028949818104388556,-0.03413247189377246,-0.008688473179978685,-0.02177522656045091,-0.024324684058787516,-0.0350948337925231,-0.03157651706469302,-0.0006210023176657709,-0.03719568259383106,-0.03827307394071198,0.01982601742855214,-0.020440963284972934,-0.04516333966627954,0.027888595409492237,-0.009326975744093354,-0.04833007879984765,-0.0001457991619130909,-0.033621243334672854,-0.022752895059377425
2021-08-04 00:00:00+00:00,0.005025319195184337,0.055212995053245145,0.08682554039255941,0.013132843317174896,0.03446102164658327,0.03891484283709042,0.026497942901050286,0.09439675898006732,0.02204372498458529,0.0420741676971527,0.0824874810472735,0.010429096292472273,0.02903498631124317,0.050931547871444924,0.04738594919863083,0.05084809144185762,0.09860417826309399,0.02245584456506922,0.024090878483978884,0.039224490427562424
2021-08-05 00:00:00+00:00,0.006805702492094747,0.017337895605330562,0.010025510779006664,0.004880688962166625,0.009335858971216514,0.028276896761954197,-0.002882132784187735,-0.001358624862798037,0.0176833729268259,0.01644157144401467,0.03682485047539158,-0.005637320628649248,0.006710965417419397,0.0057351267090263985,0.043583279333071795,0.04015084757625055,0.07779157461283966,-0.0012125968888371558,0.0023228814161397287,0.013351249680891871
2021-08-06 00:00:00+00:00,0.011906610322094797,0.04185277063861638,0.06546876636489536,0.016332282622797883,0.013170850396682107,0.04718738719477047,0.019075423752081478,0.0653748163985225,0.030919269755219393,0.012678908795559374,0.02259052414762768,-0.006966053155283085,0.03033030626292965,0.013172975783107922,0.056520153457150446,0.025759746533513175,0.028596624897606192,0.01803634846675189,0.01986417588546524,0.04193952117781383
2021-08-07 00:00:00+00:00,0.0488410923352649,0.030225167294965535,0.06956143020595365,0.04577686900707239,0.03948578281424136,0.03971879398871793,0.2457930236249947,0.026440071819366015,0.061246834558376366,0.13190342036221253,0.08886705851891687,0.03310033780783368,0.052468676353086684,0.05428613558631209,-0.0014178294397326004,0.04497123996410831,0.07794244127966446,0.07470111498964138,0.08805890592032196,0.019086969700477435
2021-08-08 00:00:00+00:00,-0.03257482137938977,-0.06390090257364098,-0.06577713051471393,-0.04911925023869231,-0.04123970766972553,-0.01761270403291667,-0.08745232548739393,-0.06468164066647533,-0.06688889319881508,-0.05983680935753768,-0.04811561615229547,-0.06980600787967275,-0.040776566272160954,-0.041373217677063055,-0.04718259940990054,-0.045527258883075815,-0.057374608482489604,-0.06827292069119635,-0.04690514947366071,-0.07403155100120885
2021-08-09 00:00:00+00:00,0.03379631990260431,0.038227872361155615,0.08671343252314943,0.062465264995431286,0.03600394623680863,0.05462970446216788,0.06505670241105445,0.04556188849172866,0.053824548337044344,0.0338700098591155,0.048182063122100834,0.04947436727007639,0.1052870277549041,0.03167863637216405,0.026110322546906088,0.027834798993444057,0.05921037825596807,0.03906533339680758,0.047884821361958166,0.03363195376831021
2021-08-10 00:00:00+00:00,0.12928365877182052,0.03271656543311904,0.015404275266604687,0.0011661020562062645,0.048478317767386564,-0.01455647910352678,0.004791501346852821,0.002428246543065022,0.014239637732007841,-0.0025441422159167017,-0.005985248375036194,0.013953523884991196,-0.0056076603880279305,0.0038634119012087615,0.05030952647741783,0.009287367382279456,0.014114090743046951,0.038080127851437,0.0408905356229126,-0.006838677239895413
2021-08-11 00:00:00+00:00,0.06651065149079569,0.03161132624210646,0.016189794234134386,0.04670809313412407,0.0499264755795699,-0.0016244406865866849,0.02733175096918944,0.03484374122889854,0.032675443399654266,0.030720195094202724,0.005978920282418204,0.05429241968711739,0.031075778763558094,0.04318333537609682,0.02385204431675979,0.11109164971443206,0.006758538853286764,0.08343189943112822,0.17167090636076027,0.053530168227009504
2021-08-12 00:00:00+00:00,0.02151332349463991,-0.03480678431354733,-0.006794362186490362,-0.02308961354026521,-0.013649100670440315,-0.02473710831782772,-0.0016652162951771667,-0.028124033073960338,-0.019386713800190095,-0.011945039767868836,-0.03691412051983386,-0.037841289792643576,-0.031075778763558142,-0.0026707222711712603,-0.012548065468257739,0.00883271438329468,-0.03026336817913413,-0.025288911107355847,-0.045036702631157687,-0.027883859844071834
2021-08-13 00:00:00+00:00,0.1545248263099691,0.07875070368349424,0.0841969627223051,0.07655344742136141,0.06305295003863524,0.07380869283538957,0.08234474720200485,0.09059044588465867,0.10184916359976998,0.06865503664941067,0.08684721165506971,0.10653045320763431,0.10293285243725273,0.13116287019541828,0.08682077604861964,0.06174943024603266,0.08264932963724012,0.09074825200626901,0.12086087992179499,0.07024018976551462
2021-08-14 00:00:00+00:00,0.022745063363134442,0.022618928684232365,0.0034326243427282893,0.05592164775724312,-0.0051011179284606144,-0.015421439567330678,0.025316063817003413,0.004916819247301606,0.06060751617140059,0.04568504178899208,-0.01796728302571902,-0.022007738041125987,-0.00300489203620265,0.006922433763990377,-0.0155111573387577,0.034370662941837396,-0.013098822983467715,0.09215106703939319,0.1598872704710344,0.02810283734286739
2021-08-15 00:00:00+00:00,-0.00969119997302903,0.022244323599449983,0.03630842456679989,0.016252597087399425,0.013078755078075495,-0.002013774690601655,0.14482712637769907,0.013700333895280761,0.03804033122837539,0.10865679545253303,0.013372597588089221,0.027506502996978065,0.01001750537368109,0.05412663267303881,0.19289452451560404,0.0033407003427679957,0.004275139487836756,-0.01005698902106168,0.0037456149916905764,0.010846998299460354
2021-08-16 00:00:00+00:00,-0.04498056555788297,-0.007951073629381232,0.016335308918622275,-0.04374830529816941,0.004025217240511801,-0.023097203992741226,-0.061529868999678,0.05389896794403357,-0.03142068095561205,-0.08271332844387977,-0.049768390285118105,0.0015399770256237669,-0.03680110755000676,-0.04465701692877249,0.1471314909241065,-0.039388559406507914,-0.039356970327663936,-0.051213836371979425,-0.07973769409157777,-0.028098217694671995
2021-08-17 00:00:00+00:00,-0.0738703313318516,0.01377943594353887,0.20653104802725517,-0.05200409788735589,-0.03405750433938693,-0.02661032775885209,-0.06539840589921654,-0.03698026478075859,-0.08638870273191641,-0.09322503846102265,-0.043788914213628044,-0.06650629236486244,-0.053801858728855685,-0.08279913595839343,0.03341069765242232,-0.04896363489947926,-0.09580562447604309,-0.08448767931539625,-0.07685644938967125,-0.06530239578176017
2021-08-18 00:00:00+00:00,0.08962849442165068,0.11470248344988378,0.24626411645272783,-0.011249066490694813,-0.01416152496958324,0.00020894564849409231,0.012846010053591907,0.013625165964317528,-0.016015640521815727,0.016729732760833636,0.0009392211792826106,-0.031272577726199055,-0.01169255103614063,-0.005937030947300069,0.12502920021157574,-0.006248178299483788,-0.0039067735404179765,0.0009081455414611463,0.04043569291594371,-0.017702201300889283
2021-08-19 00:00:00+00:00,0.1484658871261436,0.04040291853207961,0.021766515772210185,0.04302954280126438,0.08494141667054166,0.0449495565754806,0.04696666569200439,0.10769564533930566,0.0535788331632838,0.047365462951722025,0.054725390405797096,0.06696247810200125,0.05225592721749052,0.05248158645949483,0.0013890132676706297,0.04271235425142404,0.06078333192827866,0.07285644158633628,0.07708415554196515,0.08514987142777206
2021-08-20 00:00:00+00:00,0.0059630955982793174,0.012760700590214488,0.2447975913283264,0.05047532509652602,0.05340921687977816,0.05333836243326847,0.02960951687489602,0.057277534976881206,0.03770719634131574,0.04585004611107564,0.031135900200595323,0.05674416277737683,0.044553278500875024,0.03983354282492418,0.07769729623622872,0.026170135867790396,0.032510603113342064,0.04672417643264592,0.02258263807842646,0.023916337345069663
2021-08-21 00:00:00+00:00,-0.008834774631131994,0.15674362004445974,0.10927062394891883,-0.02691557463136821,-0.01369990552993965,-0.010201389940111036,-0.03326651968948558,-0.010212186158113661,-0.018778591682368378,-0.039042951176100064,-0.01886584590860062,-0.029512774986427386,-0.02180583069136999,-0.020981915287389807,-0.06354634198607247,-0.029120660023727134,-0.0227238739916011,-0.03495121538221009,-0.03800836733750222,-0.01035412491295487
2021-08-22 00:00:00+00:00,0.10548786468264862,-0.012635957408847235,-0.0002976906100598242,-0.004852181497416264,-0.0001337166546085439,0.008512092205915797,-0.006177846004009328,-0.006408893542978195,0.01108780291439636,-0.0022688356374920096,0.004509845249292537,0.004943943004674056,0.03436350586138163,0.002291117064380414,-0.0139997920184389,-0.00045470047390216105,0.005755970479786554,0.001747335758224383,0.008354541181534655,0.028904672812471062
2021-08-23 00:00:00+00:00,0.07487348504512176,-0.0024730949174668316,0.06189693201164827,0.008781924030427782,0.10641639022715067,0.005056931265299252,0.009992177998766205,0.006911225810448444,0.03245492444244946,0.013243468690121836,0.025394395539343882,0.02016553987676506,0.005899405718502834,0.09068812449328958,0.03838798008861786,0.02159571048671503,0.01398624197473987,0.017069850594821308,0.01594078339589033,0.12559055493455215
2021-08-24 00:00:00+00:00,-0.06978460320235552,-0.10991558772342594,0.1775164489648767,-0.06367584988854441,-0.05655275241915132,-0.03736100600577641,-0.09633641176612953,-0.10624973601376983,-0.1004495977457308,-0.08281549507264156,-0.04642309843336153,-0.10414709319130333,-0.07544569341161418,-0.0900936530599497,-0.06976485449631008,-0.0607845878761512,-0.07912588271563951,-0.07783381119021915,-0.09280068772155908,-0.08308579978528587
2021-08-25 00:00:00+00:00,0.00743906539979447,0.026167073625241448,-0.1827614992479238,0.02177631376746297,0.0647942557897512,0.026889274355853948,0.013455355359986166,0.03585175050193204,0.029434227515790706,0.014865405449596317,0.017585474802417882,0.03378234888308505,0.024661670734335873,0.013878182541946888,0.02029543346197738,0.03497306757912132,0.0169549270521465,0.024165504642546576,0.03309380312059019,0.2507703052171385
2021-08-26 00:00:00+00:00,-0.08016441399633001,-0.11372764800928313,-0.11180629901892324,-0.07052719400441096,-0.051147916742715585,-0.044455503018913885,-0.08615718713671822,-0.08268906149111006,-0.09442755027871316,-0.06482604044908737,-0.042306473411100186,-0.08718902965181204,-0.05820139985418714,-0.0913219795750911,0.040129828889915634,-0.053350673099313066,-0.05913389932468729,-0.06962190498581008,-0.09121122091411552,-0.13746685618475787
2021-08-27 00:00:00+00:00,0.15301984175582764,0.13171409988981034,0.19347244847870962,0.04815357438288272,0.03372723543070911,0.04642565518730656,0.09246098175719426,0.10356123906721736,0.07124069485544614,0.06978448267997261,0.056638320858238035,0.06546060511253955,0.049443044672916034,0.07729971519441094,0.16068863834468602,0.06131159311459638,0.07183737816097438,0.06448251598508242,0.1066852539359158,0.16611767382254874
2021-08-28 00:00:00+00:00,-0.034182509744538056,0.0426616333740062,0.001195933967536278,0.016529301951210506,-0.016927089180743808,-0.0035635122599486395,-0.028947576034868628,-0.021719276313759042,-0.016241196764633932,0.001559089807551313,-0.008889383828903476,-0.01197619104671565,-0.003411032301062821,-0.01835914512235964,0.08952772035073396,0.00011326952495542635,-0.022132958066826563,-0.02696346120916565,-0.039274414880476075,0.07214312052279033
2021-08-29 00:00:00+00:00,0.001404001634634419,-0.005175264432558959,-0.05760379071818662,0.01899566921117445,-0.0134591533740048,-0.002611425769036323,-0.01799307670965456,-0.010065899934715145,0.010132201512001723,-0.01506856325316493,-0.006496671711105125,0.0011652749425002074,-0.007430728675040902,-0.0011013216972199401,-0.020898634052642775,0.002036660581803555,-0.0011196119848413733,-0.01303044352683294,-0.004460583772370897,0.04479137880775414
2021-08-30 00:00:00+00:00,-0.04190407162877709,0.0433847456025242,-0.13416463802826933,-0.041201429167190357,-0.041282457684822464,-0.03728695560163383,-0.03219666781420055,0.012758727105300066,-0.04839490724729009,-0.022390188500044483,0.001912256843651099,-0.0283483550042552,-0.040989344533196886,-0.0541488489257708,0.15701191210829052,-0.026457478647161373,0.0022379718404546456,-0.0401421518290874,-0.03623778921867374,-0.0885251011939636
2021-08-31 00:00:00+00:00,0.011997962503031102,0.03331420668398442,-0.047945926044151425,0.006619409512675675,0.007790560934502168,0.0025079782457921107,0.022178694943921873,0.18596454807245566,0.04403673870100437,0.031364506780266886,0.0599563219078398,0.06418901917430607,0.024794658613216274,0.009838991303901484,-0.018122407004148477,0.029617395507392008,0.09042085864225022,0.029004873754867693,0.07475699410046474,-0.04301942348513564
2021-09-01 00:00:00+00:00,0.036199836194439027,0.1056226045074461,0.07249727241810353,0.02956185242158127,0.053511139250873224,0.03565396658703159,0.056618893999507904,0.05673301768336858,0.05315774541061937,0.07472354619593657,0.10970717328448963,0.10715665444335458,0.053361125795254954,0.057808785694309625,0.022286062548568603,0.06805346324501578,0.0649000963331986,0.04071588809541154,0.041793182683350506,0.049122077653698415
2021-09-02 00:00:00+00:00,0.031225731336741232,-0.052452522802536025,0.11361456054963173,0.013030487401621538,-0.01171527117963377,0.008895278543618722,0.0013582345042219318,-0.04279550983958709,-0.01059813099182336,-0.01672083544409411,-0.010771663031670611,0.0077091047118998755,0.01317976244440982,0.003978305427848437,0.14691135659964907,0.046582214657431335,-0.046352945214322136,0.01572182860268278,0.01373791439230361,-0.02444835776224396
2021-09-03 00:00:00+00:00,0.0020249753797713828,-0.0012435234763058054,-0.036165276468069406,0.07172885130582629,0.009874591653899995,0.015164663339698799,0.004739345363896347,0.05448103606923217,0.07599518784958166,0.03445358583695557,0.03943840471242703,0.026360669691068633,0.14969841705377449,0.033016843526507696,0.1325170750561868,0.020682849239817957,-0.04370787870385909,0.026932103194160006,0.02940463422366531,0.0035832192982821693
2021-09-04 00:00:00+00:00,-0.04693753206059413,0.011956440106076566,0.02708678067272434,-0.006607179444894197,0.018658014381671074,-0.0016714247769793876,0.010415010992776775,-0.03547438819365988,0.0036962111957150705,-0.016860403725153465,-0.013444089791113096,-0.028700633987910344,-0.004708106625180368,0.011803643379994838,-0.05273235061517125,-0.0014773233592462293,-0.0031463056893649482,0.00297820715596949,-0.028208509524618976,0.0162453390620171
2021-09-05 00:00:00+00:00,0.02787636952825487,0.053074493994496603,0.020987129164668127,0.07536649883698948,0.01416482536249491,0.036222989665486205,0.0492356977031998,0.06047936798510975,0.10053511841460905,0.06648039265873741,0.016532170943003768,0.11584750315307422,0.0914846039895377,0.12673527097515022,0.022216806689220717,0.036103606612639,0.027966607739145187,0.07221377594401059,0.041217198533532666,0.031001753371381537
2021-09-06 00:00:00+00:00,-0.026816860335021665,-0.025586910528932968,-0.022048137221762385,0.025824546803970387,-0.017384791920000146,0.017372841164721087,-0.017006666905776503,-0.002035772115035032,-0.012470185576868693,-0.0008162155262011042,-0.005971788941050193,0.03686783840565681,-0.05670252142266118,-0.03338795443991297,0.145379934679382,-0.01320593354602877,-0.018210432793780405,0.06405110357617251,0.06067860340872498,0.005372505759224688
2021-09-07 00:00:00+00:00,-0.11946111068032392,-0.17374599209155836,-0.21653064532156457,-0.15270706544611318,-0.16962284628190566,-0.11668618261666851,-0.1912937254271107,-0.2054695114544901,-0.2405479947773286,-0.21339266148779998,-0.1339254691106614,-0.2084573245669661,-0.20630794662143614,-0.24411001184180028,0.05474003297566706,-0.19533330728563925,-0.17046425531878212,-0.2329818337151511,-0.20736258187944634,-0.23803328007934602
2021-09-08 00:00:00+00:00,-0.017656959528169657,-0.018674231915709737,-0.024824443056583156,-0.016017107632792855,-0.008876152794399373,-0.017552965928858206,0.005860536406459954,-0.007536371575264505,-0.02948718622612643,-0.01101052878303043,0.018585477497661956,-0.03970207456588607,0.0067001925698195654,-0.014144507386164738,0.09643110935028192,0.08235520111198148,-0.04930427656572321,-0.018029334517941913,-0.02638107230561982,-0.01760246615006505
2021-09-09 00:00:00+00:00,0.01924678498226947,0.26061532919742203,0.09702860418693775,-0.001812415539170856,0.015066648754272641,0.007503649579212201,-0.01649683916168011,0.07158317369798863,0.014644613188197732,0.003570521518334907,-0.021396179836424688,0.030816286581521884,0.004441983983422384,0.029673388023944976,-0.016468228187171873,0.003337822748971096,0.007316580950048702,0.008454156633328743,-0.011890746521521786,0.25241570766895144
2021-09-10 00:00:00+00:00,-0.055104737505550304,0.09106893161102987,0.18997756421748233,-0.050537722005552795,-0.04838673262273321,-0.03385083421309653,-0.05202310727507589,-0.021353124470568946,-0.052879511047226976,-0.04530845232790233,-0.06516529967132847,-0.05957643875678452,-0.03610093099879227,-0.05127249982740662,-0.04517775055132041,-0.024813548635507155,-0.04427635303785061,-0.04835430006195217,-0.029507276149087866,0.10259733947882428
2021-09-11 00:00:00+00:00,0.10166085617851771,-0.07334975262592712,0.14547800243588152,0.011383522135300975,0.009175513846407145,0.007170959564001218,0.005408792050316231,0.07838111770387685,0.02315870191380443,0.013581653342108438,0.01802067583050709,0.02248127651468049,0.025518821668255406,0.019358100373570608,-0.003122911304484159,0.051541197541321845,0.0186506294200107,0.02585411097678028,0.02202628997827863,-0.010566626804717396
2021-09-12 00:00:00+00:00,-0.021844133558646072,0.24421525525870624,0.03785723918891917,0.01621741452715362,0.027272203992284857,0.018675103944809108,0.03746366454215564,0.12546122220803416,0.042720063677062284,0.01719538677532288,0.04107649122685121,0.08620828814337832,0.024337484399022224,0.050313822407844704,-0.02688866603002482,0.16250323078742357,0.04347575131706999,0.0225001890851718,0.035874203771939187,0.13821886936323174
2021-09-13 00:00:00+00:00,-0.07187519707868492,0.026306141433883014,-0.10814121788548828,-0.05141541687655862,-0.04219414214624155,-0.023845431156868973,-0.05927660992954007,-0.026902372793632234,-0.028487215873747328,-0.04131003047235362,-0.03553970977302178,-0.08732042912918518,-0.019868203216725173,-0.06262672165584893,-0.027690676223728526,-0.0718181635312406,-0.046560133581661625,-0.04300416928287923,-0.049313510106323864,0.019450930354829993
2021-09-14 00:00:00+00:00,-0.0025010434045889484,-0.046280752564006225,-0.031536297118266485,0.04240354730962233,0.03737833702866787,0.047173046597374216,0.020151815437307912,0.06983446137633965,0.025613060743884582,0.025165247891022022,0.044360311577683144,0.13316040393542253,0.020414502055769307,0.06784967578647737,-0.0648807020129992,0.12221255745375852,0.12511122322190024,0.03908791182990189,0.029623567633495818,-0.00784757390606043
2021-09-15 00:00:00+00:00,0.044488054283625136,-0.002341921445081255,0.11609877018081881,0.018403055514244357,0.04021355457044122,0.021209635319469546,0.028678737269862534,-0.02411060854005303,0.04796745741796847,0.035079250169436596,0.05085716590548916,-0.004229711853368633,0.0317145633791774,0.018352646633909706,-0.0005666257588566007,0.020677979233583214,0.06738202128542203,0.028858167977666806,0.022012616377487935,-0.030134375843250648
2021-09-16 00:00:00+00:00,-0.035761632815482204,0.08292429453916256,0.15533551408909013,-0.020746989707155328,-0.016363151445518268,-0.00800323656818104,-0.023703602629748778,-0.026957308339218753,-0.017195798751214735,-0.020313065083714298,-0.012691059324419891,-0.028776584614801475,-0.020310692847563448,-0.04197502371854693,-0.0417959766744064,-0.04015245871821978,-0.04619070622840019,-0.030670857295769755,-0.027592324427801754,0.00563870502908658
2021-09-17 00:00:00+00:00,-0.0281117735652783,-0.10245732160396302,0.037049345279276974,-0.028564303177532866,-0.042610851014032884,-0.009214083189828333,-0.007055434953484661,-0.07211645707867183,0.04578573132510266,-0.022496371154642845,-0.048280061613189144,-0.07235421918965637,-0.028479471321868573,-0.037231385395016706,-0.03141619623337881,-0.09483590898680319,-0.07560473678081599,-0.034454346170157524,-0.0223540356737511,-0.12581695141142485
2021-09-18 00:00:00+00:00,0.008896478927200814,0.19735051279584598,-0.015669119549018933,0.01533576381435114,0.01003311976826648,0.02077136613693967,0.00498546940377846,0.0542106212848613,0.040128552850153994,0.008604847193518428,0.010483677933386986,0.02388279616317745,0.007747686790825957,0.017883020769220298,0.1368292418661342,0.0038805595050579347,0.009005382184799156,0.007483664487173048,0.008406550534752843,0.04523344009050747
2021-09-19 00:00:00+00:00,-0.037821439535609944,0.08260603838952571,0.015098424712585025,-0.035663319589004455,-0.005126338578991145,-0.0220032032815168,-0.0345734265892745,-0.029687861329275655,-0.10747683242996091,-0.03306380101720645,-0.031645421956531194,-0.0369548777305301,-0.03249585648001999,-0.030469589490615987,-0.10233158113903942,-0.02071178785965464,-0.02768199893202658,-0.026760608382842034,-0.025243876032655314,0.01857926178507916
2021-09-20 00:00:00+00:00,-0.09360335867178245,-0.26365264772494573,-0.2006706954621511,-0.11476885443051955,-0.11530812720213396,-0.09371472997414354,-0.11104900347503933,-0.17872390023447582,-0.1555096526531067,-0.11925257685886519,-0.1115476716565549,-0.1491073758063099,-0.11068980120591013,-0.1471500477360195,-0.1402497544495047,-0.12616020011008258,-0.13287328137997356,-0.10557325898380697,-0.12881379351690023,-0.20644829178740937
2021-09-21 00:00:00+00:00,-0.04576444325289514,-0.110568604863198,0.028374356466838755,-0.07120648611526544,-0.055624782627812126,-0.054490852225822076,-0.03761127074578346,-0.07022994860857541,-0.07818025146756029,-0.06956027215250239,-0.07364405272892738,-0.09564965192843695,-0.05693392175235181,-0.10330452251672535,-0.06600076315039059,-0.03495847461870303,-0.09215726074470923,-0.05878677268913928,-0.052687723754781486,-0.12390678246460754
2021-09-22 00:00:00+00:00,0.12791393221241787,0.26551705098725403,0.22781218863806768,0.08037749683558189,0.09573243252885077,0.06669051131367976,0.11106843536142033,0.1801719700776337,0.10123467174426824,0.11240831303727425,0.10656301735282846,0.13230515090127828,0.08330079759309422,0.13549665148864842,0.17472985501190028,0.11240566063557746,0.1260269139850062,0.09568619033704971,0.13762627974472183,0.17320865534829288
2021-09-23 00:00:00+00:00,0.030543386484756015,0.04433131692178729,0.031495527346874545,0.009087667049541726,0.011803415724884421,0.029900811262542855,0.0004453351220338586,0.05569813577579861,0.01706289955505923,0.0009749440179483882,0.02426669220503795,0.03851258141119168,0.015370729913935536,0.022343437844656398,0.012687714254902808,0.004747723449171345,-0.0055658770774451175,0.03492631692334505,-0.0016958455857330693,0.10923023993217736
2021-09-24 00:00:00+00:00,-0.021721097238552076,0.025450297400386016,-0.05554368718521172,-0.07356532947060439,-0.07722183133189509,-0.04687874118217047,-0.07150843586975487,-0.0816652944322561,-0.08240794739826027,-0.07421292046677408,-0.07369519820941212,-0.0884076502415543,-0.07471828648453686,-0.09955608295745474,-0.07462636617043789,-0.07282970979647568,-0.0899755968183469,-0.07502232759688289,-0.05922783420033348,0.11724646859945799
2021-09-25 00:00:00+00:00,0.010050335853501286,-0.07635061217345003,-0.05734553426062066,0.006405923099779139,-0.015328145694035336,-0.00327393879868255,-0.0038332581676615435,-0.03201065259981665,-0.00422938806839987,-0.006317140401261455,-0.002324684052454036,0.05234605044950292,-0.007258362450322842,-0.01854021360510574,-0.022312782936870636,-0.018708493800251975,-0.009202518931161894,-0.015415254168971788,-0.004246290881451097,-0.02375202173702697
2021-09-26 00:00:00+00:00,-0.0412749956605046,0.008832864998508664,-0.022363020056462516,-0.026668247082161294,-0.016147986407982103,0.011423896898211428,-0.015969369128518207,-0.033415996919844065,-0.010022634638801469,-0.003173598347541848,0.04603310581959574,0.003665245398295874,-0.0019887311824746306,-0.007461761110188807,-0.0030916476594769608,-0.032094316538158106,0.21084429028289856,-0.0028943580263644146,0.0038224722694705335,-0.04711342324303627
2021-09-27 00:00:00+00:00,-0.03551214755326563,-0.06728936993186077,-0.006611594332312818,-0.030672299533083543,-0.025019700961661912,-0.023763181042317418,-0.02619373871663867,-0.03996995354186126,-0.03641427965395689,-0.03933091206242367,-0.0447128426697441,-0.06681753889104255,-0.03855736321187531,-0.033349552445147736,0.005220792034159713,-0.019576857368459155,-0.0715514067832277,-0.04067103973092786,-0.02337406724711214,-0.07577569385338105
2021-09-28 00:00:00+00:00,-0.04464384247666492,-0.09907970500021507,-0.07544252031718772,-0.02868623222184205,-0.007479466431292624,-0.026952637413386934,-0.01615380911245346,-0.05184426382268578,-0.038876035032229354,-0.008410850822791532,-0.042124716846513546,-0.040351295523567345,-0.030814763044009912,-0.041434108837801166,-0.030909181874011708,-0.03478817436350128,0.03036536930188325,-0.032211373804686215,-0.03196568865936134,-0.09794872565518042
2021-09-29 00:00:00+00:00,0.014136233452777987,0.005327032425537544,0.06223950585275742,0.022313510480001398,0.09912489832678247,0.012059142038448096,0.011133718248455228,0.03620473792306008,0.01669397950625469,0.011711546964994558,0.01610542365492962,0.03337350881650667,0.028743654260873632,0.0315051395722269,0.022808990309004996,0.03269271375972576,-0.0026041681383877436,0.04942092685661598,0.03737520093117458,0.030599939676150132
2021-09-30 00:00:00+00:00,0.02344044180079469,0.06706263512313204,0.017715657501411387,0.035851940998185214,0.05244846048617542,0.053905577976211407,0.027303756172794107,0.04795194115304346,0.05025136324775095,0.03220855521796362,0.05133872477868343,0.04910271300773182,0.0577341522403304,0.05687370353076307,0.04425564915235023,0.04132064653906022,0.022347298691996618,0.03319655544975065,0.028191856941311374,0.07379136215759931
2021-10-01 00:00:00+00:00,0.06453852113757096,0.04374347497647197,0.015488023669688482,0.07860299904238312,0.08410392864850838,0.09396298154418624,0.08627653311087936,0.10975336865856149,0.08211112217178983,0.09895844513580382,0.09810539735495885,0.0918952647042557,0.08079509654357922,0.07648912041005043,0.13349602381627096,0.0584186925717781,0.08587742931319818,0.07464604050138206,0.08915949297558182,0.0967611572246988
2021-10-02 00:00:00+00:00,-0.003997340432620289,0.020139297116910492,0.020622303034343703,0.015331565138123887,0.01319840040551071,-0.01058119005719298,-0.018590424305799547,0.002189211194905144,0.010934155695970622,0.024175537344404138,0.023247937341022602,0.021805375228571955,0.01611494139240658,-0.0009445101056354502,0.04490377402948647,-0.015197699387076808,0.01969555845846262,0.05222526090421428,-0.006063249411057856,0.09313360432933628
2021-10-03 00:00:00+00:00,0.0017785687214031676,0.0031023809784815727,-0.005661625052687636,0.0336600203660112,0.00792914602036459,0.01179354266560912,0.014990060380621837,0.0031191541196509036,0.07034934732462945,0.009546165147179195,0.008807651981751716,0.02497375475493214,0.009428472909816977,0.04931874998977273,0.023395616153667042,0.016567923580381023,-0.005752652489449811,-0.005069719350250622,0.018459708339048423,0.17083911636728158
2021-10-04 00:00:00+00:00,-0.027016501311265706,-0.05137481280396468,-0.05076474302724806,-0.03619901338757437,-0.009804000096620856,0.02104117710619458,0.08467923374716442,-0.030353262867960397,-0.009316501142417164,-0.02070467336169128,-0.00923575503416948,-0.03581700924805191,-0.01775194545845034,-0.03338215772696017,-0.03440402817753199,-0.01517673067581657,-0.025712363128489006,-0.01407572823418457,-0.012108647730148312,-0.04112816774014485
2021-10-05 00:00:00+00:00,0.01898791224469138,-0.0013596195160394844,-0.010624474409986175,0.07653051986240057,0.036392777061032895,0.04463737058465869,0.04138521616285428,0.007675125620400198,0.029174098236935207,0.03329276998120789,0.03737550299278515,0.023408090898014804,0.03692186156617063,0.08466420851633445,-0.015132165156335795,0.028153053402161256,0.011769457159476408,0.026702158606996197,0.038943973148747854,-0.04714677842570196
2021-10-06 00:00:00+00:00,-0.01080604842004068,-0.04451360740217178,-0.07370319578713469,0.03731036919618479,-0.01641998122860492,0.07200634327060802,0.00988736549983299,0.025166474456854503,0.003798274243580003,0.008608900133014085,0.016818070473447688,-0.015917419168857215,0.02668338838840205,-0.01052302204723944,-0.06753169747521112,-0.007199905887405429,-0.015327476331100454,0.11541022415855892,-0.006850610017286578,-0.02282914616116841
2021-10-07 00:00:00+00:00,0.030757940587010247,0.042334363826560736,0.02485111019596715,-0.009443248292341562,0.008243692208645067,-0.02804541125150523,-0.045489831140775275,0.054116270933069074,-0.005491038084100374,-0.008976885417755372,0.003512812239617455,0.0011187769207216631,0.0005600672227049029,-0.005194816877104023,0.002531400436566223,-0.00020946795216938012,0.010636302755220308,-0.04078705941221469,-0.00811458073833181,-0.020870548186701844
2021-10-08 00:00:00+00:00,-0.018162182516997773,-0.04546871601504399,-0.016553684563158564,-0.025011655790708548,-0.04501167880540539,0.00308548914159256,0.005339918213571263,-0.01871434388215311,-0.016010588560479946,-0.012220111334775444,-0.006807846616126461,-0.01653551392230002,-0.015233016698886118,0.015931445675129028,0.029383820699133003,0.02319184594631008,-0.03023301066019365,-0.021183492916180206,-0.00394107669722109,-0.04460062924908937
2021-10-09 00:00:00+00:00,0.013762703357512973,0.003418806748785461,0.001981179449409357,0.0313712369474632,0.006420186123460568,0.018334387918285084,0.010595046136396648,0.08558607387147786,0.07321606233125898,0.03568213142377558,0.0032754531627249253,0.03938101744030687,0.022485489212974854,0.040189586134295414,-0.01279713378085513,0.053307434943826296,0.014434893783602484,0.04874768418811696,0.08710539287838416,0.0430274773777198
2021-10-10 00:00:00+00:00,-0.035453567324779646,-0.08113355650944605,-0.07037220644188741,-0.05084852300980935,-0.04310594704586484,-0.005304699876692706,-0.07532476402966819,-0.053715568882678186,-0.08839415076259535,-0.051454144433077234,-0.04596576239303148,-0.07133753844620562,-0.028758677735052345,-0.07297228951801334,-0.06105907603518237,-0.0557667045509596,-0.0385521468846062,-0.06433085838114014,-0.021955926401416193,-0.0892801159474068
2021-10-11 00:00:00+00:00,-0.008256927644571255,-0.012727162325758514,-0.021644705113462878,0.027995082863898076,0.02202732231829091,0.05017267734198954,0.010434877292579494,-0.00875151443181659,-0.005916528708646065,0.02041842969501095,0.03677635511606598,-0.013391298972560525,0.024301845845231013,-0.004202151489243477,-0.019020825222996206,-0.004112270624983621,-0.0004138216487774923,0.03967364590051266,0.00105652413420009,-0.010527171989612566
2021-10-12 00:00:00+00:00,-0.024715643716940097,0.04489989163950278,-0.017512304530087317,-0.02253711263731375,0.07258521705760816,-0.02598969495671528,-0.022305757514298162,0.03001668356727542,-0.012161565039275408,-0.02250235580675726,-0.014405431106841837,-0.022860430048074417,-0.03696753041733848,-0.018792499349367286,0.05083729487710279,-0.016410837762023775,-0.029401529841284746,-0.03455238150665973,-0.030920164941416837,0.03139527257335181
2021-10-13 00:00:00+00:00,0.033429296649194674,0.030880265780626442,0.012254382889164923,0.009817275868420575,0.05815846392579458,0.024172357303921338,0.028342860800639903,0.17006784540681433,0.023959822936052633,0.013187832427301512,0.03267284855359334,0.04015645869879132,0.02855705190874206,0.012344450326911855,-0.028501063525099967,0.025231407770592,0.050696355811857635,0.10054122922187746,0.02305758633821725,0.02469946568402935
2021-10-14 00:00:00+00:00,-0.008253141756720301,-0.0207761679314667,0.02104583478873091,0.009054387813249559,0.004027562413069003,-0.00033230196825961595,-0.00043001505715304484,-0.023787529377817994,0.004118354146452113,0.019828315699518366,0.04958951913336564,0.04047898948095463,0.020619287202735825,0.0017829289322985912,0.013286111023535241,-0.0065567287453668025,0.06850652957901085,0.004879380784093709,0.005395616999637232,-0.021613476420537302
2021-10-15 00:00:00+00:00,0.02095748685648618,-0.022123473314943735,0.0031988653543818324,0.04344249391443872,0.0038006802507919023,0.07269990621610015,0.006430890330290331,0.0612168720233386,0.004316864031696275,-0.003676474729308637,0.020411136536652923,0.010794819136079334,0.04476347206011594,-0.004016069654889943,0.08408526745916389,0.013476467356901372,-0.020256759910705812,-0.02242369043500315,0.006769554183083621,-0.041756137512052004
2021-10-16 00:00:00+00:00,-0.017739832965692492,0.0015103461563139757,0.021936476713812207,-0.0004795779805770342,-0.01850526059974191,-0.013004884546981205,0.013582551765868912,-0.035991183241361566,-0.015847504131671256,-0.0033204236373024112,-0.010139131794052639,0.008112138881144069,-0.01916991610772017,-0.005379972626806209,-0.03517449172547598,0.0010135820855588019,0.043813654037149874,0.0926416990022631,-0.006152242994557332,0.00930239266231363
2021-10-17 00:00:00+00:00,-0.00968418912653987,-0.021046987064592453,-0.026560351215641084,-0.0208425026048588,0.010889399799268097,0.010665774343540647,0.0025263171331111355,0.008823235968910144,-0.035185103514857395,-0.018838568868279518,0.004400272314298231,-0.025666277781606874,-0.012442681492121358,-0.02803602429303781,0.016244139849194754,-0.00010131199036081265,-0.04342762816862336,-0.034101496908740266,-0.03580945269671089,-0.04286159237669994
2021-10-18 00:00:00+00:00,-0.013999295356544891,-0.01741337532519789,-0.011113217082019844,-0.0016339872916550239,0.029296926861797728,0.007795362977312687,0.03957647570170603,-0.022812851483961328,0.0020378134528501496,-0.012886287849866366,-0.026843695583821218,-0.031773007626263276,0.010289828131020343,-0.007424628074277698,-0.018913689518217053,-0.006097579868118445,-0.010475362521549274,-0.00996076387577139,-0.010748346551433523,-0.01108507288913796
2021-10-19 00:00:00+00:00,-0.00849462399142297,0.0933692075673994,0.02351373028047477,0.011382236705315641,0.006577618781795369,0.035964637291379095,-0.008116927681576467,0.004120718471808911,0.008558610801233232,0.00835712366291731,0.03465846059629758,0.007748973296220359,0.017094433359300255,-0.0006988934472016229,-0.008565089114353264,0.024667749647343497,0.01471184103188982,-0.01566473024433468,0.007728440344200378,0.02889591563538521
2021-10-20 00:00:00+00:00,0.03721359634043427,0.026781022677642007,0.04912545335949689,0.041487900484031864,0.026684421376355984,0.0264183860137485,0.03758939142119723,0.07185926421265912,0.0788862091456098,0.0501672587180194,0.0707220817771679,0.059193307603135716,0.09347876573033358,0.05882718302511718,0.12612180362005926,0.026401258631751984,0.04140598998783556,0.04729816901900209,0.04865486123249709,0.04026999528972156
2021-10-21 00:00:00+00:00,-0.02449856749139888,-0.04581822869772625,0.030050139583792726,-0.033596724983337906,-0.06255896701994888,-0.05943124037142096,-0.049889669502848996,-0.03621757288673336,-0.03350856119171097,-0.004326669810732279,-0.026336598042769006,0.0276250750792271,-0.05197903482358085,-0.011047394723709265,0.07508563545489386,-0.03609503363637639,-0.03795308036115741,-0.04917308586662482,-0.050948755893450486,-0.05326009956473838
2021-10-22 00:00:00+00:00,0.008851676709740111,-0.008187180234787251,0.06394872460027351,0.0008017317835039368,0.01768094891607672,-0.024495255024330125,0.009034969057912675,0.015518551153040667,-0.011207013847676457,-0.014558946875566177,-0.020134782952406817,0.014403902638897046,-0.02991455657152324,-0.013645217866662241,0.0299409629830014,0.002407222827426545,-0.018554842335057716,-0.0024157842912387963,-9.186532549747862e-05,0.00808266636467748
2021-10-23 00:00:00+00:00,0.004627495532048062,0.04674686226752666,-0.0024442419746040903,0.008300127459243358,0.012852581565793999,0.009814059457965237,0.026227042910467215,0.01006182739859731,0.028417679817619036,0.024088822109681263,0.04790505233930084,0.08968191558692855,0.027370673235785486,0.007628486623804511,0.007410449098006195,0.008379937306750697,0.046129771727501365,0.01573156026701082,0.004491505786296633,0.004759080963253205
2021-10-24 00:00:00+00:00,-0.02146605989487769,-0.04089204460609512,-0.013086169348316124,-0.01909710608697814,-0.020181689862522254,-0.007115367573461971,0.09309927297596433,-0.03802915939920991,-0.000632177873756726,-0.016964853721633366,-0.020557245877644018,-0.05438614967355312,-0.030516978925150484,-0.021462475248676647,0.02195691999875321,-0.015316381303407886,-0.03990649221022763,-0.015194214740916418,-0.010388509883295816,-0.040574745168025075
2021-10-25 00:00:00+00:00,0.011257154524634468,0.030187717044321216,0.07750040928517093,0.006620936580642206,0.019357457382313547,0.03593611946449075,-0.03884342584452369,0.051588689184842156,0.015478242497255188,0.008698858767704565,0.03325489808536082,0.08639390244083534,0.02643325706815543,0.017206673103511316,0.03671741126135776,0.01611082027269827,0.03654765344876212,0.04130535874460224,0.011942085704110445,0.02472276076867003
2021-10-26 00:00:00+00:00,-0.0032702668715450453,0.19680132056789515,-0.015463853203373477,-0.015245186601153322,-0.014535139619113199,-0.044574653976376374,-0.03532037012923663,0.008493569165250271,-0.02139792151755499,-0.022259630989231834,-0.021277423925354973,0.004314336430120725,0.010684405888347008,-0.0040485885260002205,-0.048110852750541694,0.0037649900810429954,-0.007504725654067693,-0.03915885939616137,0.011259539637577125,0.027211551855787455
2021-10-27 00:00:00+00:00,-0.11125316170780111,-0.1568293048493445,-0.10899204910642724,-0.10956392278033551,-0.06346540265012009,-0.03226376706842764,-0.07293632585683123,-0.10528632892979799,-0.12809364132439366,-0.10679656062714925,-0.052043650230062355,-0.11870597065498453,-0.09718440470268015,-0.123121805169357,-0.07997182368765848,-0.10941231367879642,-0.09391755297255618,-0.12184514783036822,-0.10711776476069786,-0.14616349471715293
2021-10-28 00:00:00+00:00,0.03847614894047028,0.033447934067540125,0.044006782887761595,0.05377926089163381,0.09192093081935654,0.03635095878154798,0.23093155701370552,0.03355529984821686,0.058964446478223534,0.068814931890131,0.0887568356219197,0.04436142969412199,0.05691050556474039,0.05214686830217975,0.05755582704652305,0.0498193489989371,0.02935392166410905,0.036562253493275555,0.061298352834136156,0.04075408049937953
2021-10-29 00:00:00+00:00,0.013993231828966472,0.03997953448727707,0.008203745414083707,0.027441006006206695,0.07516744034179022,0.027321172837900806,-0.039127290757195836,0.0553500950831649,0.022689954655586247,0.033173038003001434,0.03052996993308751,0.025185305002778928,0.03570883921918579,0.04610200601458522,0.025214179649139943,0.04444719887186444,0.025388114873891875,0.05590901201101195,0.02298736988391593,0.06698052479312296
2021-10-30 00:00:00+00:00,-0.03022900196131727,-0.05857236756389303,-0.0396215950989186,-0.016100678288824794,-0.0037785799728142166,-0.006357458874696461,-0.06894330396358257,-0.033823539427718964,-0.00489869605764659,-0.0185242456641683,-0.02201295305292249,-0.03852328199633552,-0.03360357528372348,-0.016540854698165113,-0.023782393763306445,0.0150468685127553,-0.0245849019793035,-0.010822916800256212,0.0019380745303153154,-0.04123493545968719
2021-10-31 00:00:00+00:00,0.004593016494945064,-0.0016098742409033594,0.033901551675681416,0.01962505887742905,-0.007028236737496669,-0.009084092793678443,0.040078223567410524,0.0009356725828838651,0.03444455898242984,0.02646445911041383,-0.008239408555731414,0.0070246149369644385,0.008898252902364462,0.048152355523966295,0.03410762820914745,0.0040467903028244155,0.002806175423342549,0.03858735671883874,0.0256681062022728,0.009014056448524257
2021-11-01 00:00:00+00:00,-0.007666789406850313,0.0018779348242001143,0.006644542718668732,-0.016895147610315332,0.0496430581628645,-0.006360992003154558,-0.030459207484708574,0.15578600316798902,0.000431220360282943,-0.009053179615665933,0.007487277385632659,0.05385667279071062,0.029270382300113237,0.011352375675829817,0.006939174969231418,-0.01029712068624369,0.025297791771156486,-0.017876965794453116,-0.019326464619234623,-0.0177895415634983
2021-11-02 00:00:00+00:00,0.01122460764515938,-0.00564441761967707,0.042367080869230044,0.019404979095978738,0.005607322280055546,0.03720496031871912,0.008432680584491384,0.03306086226088821,0.013276426272386649,0.024384744753789937,0.06073260953753246,0.01877401824419661,0.016562486507121405,0.026429407723795217,0.07971821243058132,0.06734608102740205,0.02162246401316571,0.044368581241429436,0.03899164431709487,0.0032000027306708497
2021-11-03 00:00:00+00:00,0.045620205918531616,0.036781497682265275,0.10911784132912301,0.02083753251132778,0.024938948347252146,-0.005130348313391929,-0.018423512994213537,0.03200273108617395,0.0012755103770118134,0.00487849915067746,0.00292824066767199,-0.009342951798988771,0.03135974762084517,0.012850894351072114,0.09723502904300908,-0.015092857392002093,0.026758709799019474,0.007034026657379982,0.06415845949691354,0.00969723837815446
2021-11-04 00:00:00+00:00,-0.039550384551455826,-0.02579090320185889,0.04427334479074114,-0.025527658361741378,-0.017212739757842335,-0.024161638804099172,-0.022185531097054307,0.008958626544891492,-0.03568331873563853,-0.03354112636992332,-0.0155503496356356,-0.030497916412927702,-0.022933427627151004,-0.012635353882514822,0.01508877823326989,-0.024671360336746252,-0.04409684398712052,-0.04377937468387158,-0.008048166237794856,0.0033167526259938207
2021-11-05 00:00:00+00:00,-0.000504413629862683,-0.019925268780615166,-0.062438663308055066,0.0035196550203545084,0.08341024643842634,-0.007486048650989339,-0.008016840035081726,-0.039027495106114626,-0.008845701198826274,-0.009927963908529108,-0.012897444774280788,0.058268908123975824,-0.018431405954656414,-0.026866309565696706,-0.04558568728634691,0.0016444985568269345,-0.006237836990557538,-0.027496920701861948,-0.03587410337588003,0.017970637528174432
2021-11-06 00:00:00+00:00,0.011537624850736202,-0.015070842857913458,0.05926788254256339,-0.01738293706568892,0.04884505041769643,0.008716661568431403,0.003443661333116573,0.005010609827860392,-0.012516926942535643,-0.004528309624747511,0.009732913144382904,-0.02495892924244307,-0.006557400546159164,-0.0037706598961931106,0.09057754868904175,-0.009127163079498651,-0.016164357470855432,0.0011145166938001574,-0.006149601468449268,-0.0027915650882834216
2021-11-07 00:00:00+00:00,0.007948377662951485,-0.01362078041994896,0.10654122079013499,0.021890080994787123,0.018488835526242295,0.02890884809094554,0.017418085190434772,0.0038373032504772637,0.03383407301578208,0.022439236191277804,0.020720103325595696,0.009007670782282026,0.022022912087437254,0.029127209658237247,-0.034483460727440726,0.01912916990899539,0.006734032181343899,0.012453461071286557,0.058055781140473384,-0.01108780001396454
2021-11-08 00:00:00+00:00,0.05017936395489624,0.024603867211046217,0.040397101251162436,0.06136894637629202,0.005985744216808349,0.06504216884637133,0.05655345945383256,0.021595838336385537,0.05499376686597917,0.04536785941972401,0.04148751611907041,0.06349437695082259,0.1254543061530348,0.08796422887528792,-0.005703513874722304,0.05065672818590686,0.03567652502404892,0.03883983331626396,0.04934435594177002,0.020362870370129908
2021-11-09 00:00:00+00:00,0.06600802911693127,-0.02152995113963476,-0.031755774028254614,0.11680790149817713,-0.028717534171584944,-0.008599071276880508,-0.029885212371671424,-0.04955882533083587,0.06955524333928848,0.07257952827910374,-0.015859355851561986,-0.018746887629349295,0.1346225002068572,0.03782085595354904,-0.03784568214334925,0.039507567863338595,0.004181720596673605,0.08782674113894842,-0.019223785883340377,-0.030939967952293312
2021-11-10 00:00:00+00:00,-0.07927207957352847,-0.11176740474005085,-0.03572631622283454,-0.07914879838643038,-0.03346721755733807,-0.03133425720348249,-0.06922786150095715,-0.08290224716582045,-0.0732665878054971,-0.07187293930782254,-0.02212434718279934,0.011465655519079151,-0.006125593426682731,-0.08580091150436878,-0.025206256865874157,-0.07008025605949601,-0.04262559271196137,-0.0744248850519329,-0.05468612071003383,-0.08423069587650321
2021-11-11 00:00:00+00:00,-0.008620743043906975,0.027390541382815308,0.030618762982203094,0.01927302503284373,0.023019125046112563,-0.0016685606442103456,0.020163536945983412,0.014865425578758019,0.016593641011306618,0.0019405492549916753,0.01930357828813424,0.013933461992145032,0.007269976538413899,0.006202211322824447,0.0012005318082142491,0.02143436269973913,0.004739345363896347,0.020155721092305918,0.019964063485582075,0.011842582410876929
2021-11-12 00:00:00+00:00,-0.016489219381110906,-0.027390541382815225,-0.03591258159191832,-0.011459311348757788,-0.002389868101543306,-0.010117196545531833,-0.004617168648803059,-0.03300063762297047,-0.014942453845648821,-0.02209640862831646,-0.01141047666102849,-0.012472968085684532,-0.04323945227878441,-0.02525439443279274,-0.02117649773557294,-0.008944685944550218,-0.03284235900729994,-0.03117945477435405,-0.02156170940035309,-0.016688559357016495
2021-11-13 00:00:00+00:00,0.0024420036555515873,0.013942905969012886,0.14020288435741554,-0.003748973424432832,0.03541579783073153,0.004011920193832118,0.007683479981948059,0.025170738346551574,0.03246379625226464,0.014133878723546465,-0.004550081214127238,-0.007617968279812369,0.02554668306427583,0.03611849636831533,0.055793395324343624,0.04163677920293737,0.003657797209757457,-0.001849161800198126,0.0007570978279620176,0.020944971674005386
2021-11-14 00:00:00+00:00,-0.004889985294191681,-0.017694082609001117,-0.0221839718276657,0.02066834408419943,0.0019995392342285136,0.01753867731607232,0.005724114083888643,-0.014551936649398554,-0.010435575337042978,-0.003024644241675016,-0.003835712162146753,-0.007380107297622534,0.08049035529281175,-0.01168884425031306,-0.012285934269070197,0.03877636744501493,-0.003250713955611255,-0.002382529254092193,-0.0010937698284487513,-0.01007436165034391
2021-11-15 00:00:00+00:00,-0.011338548884050373,-0.015147023580241175,-0.015848192240023616,-0.020668344084199566,-0.026468928088062327,-0.029622263612827583,-0.023874834428919363,-0.035545646510778135,-0.030727530126613122,-0.023619596176235047,-0.013649415199348564,-0.05199529511838033,-0.06013244077336651,-0.029515486348008067,-0.001845483285293318,0.056493425452739415,-0.02347235618514216,-0.0013260842680568373,-0.013475351158535997,-0.018883194260817086
2021-11-16 00:00:00+00:00,-0.0735360751558442,-0.10589059783297372,0.04110310516469957,-0.10743263965716143,-0.0738167312226046,-0.057394191714532264,-0.08157024424954841,-0.0918762789564094,-0.10519872766907598,-0.07558268116600708,-0.08074558856416793,-0.09418721505970107,-0.1332055358899823,-0.09439706378577133,-0.08385629538106094,-0.12420506678364239,-0.10166365377650018,-0.09427568323333346,-0.07464631603715334,-0.0932311951370657
2021-11-17 00:00:00+00:00,0.0010666667678024464,0.03984590854719978,0.09536592789728983,-0.004694844304207618,-0.018342847361838256,0.004750691928607092,0.003798274243580003,0.04570720208630432,0.009430777199856162,0.008230499136515444,0.018368141946262656,0.0006856359541821666,-0.002609831842370897,0.010451842910946446,-0.00045664186372749527,0.016778156248304525,0.009182800982334982,0.009866591939501727,0.006962923229896239,0.006315206138160262
2021-11-18 00:00:00+00:00,-0.049163368129725556,-0.10069148089370991,-0.06724899533096497,-0.07067495766993628,-0.08330638986345816,-0.058927885424531284,-0.07248916777262744,-0.0910386141902456,-0.06649403386046378,-0.05640102061339573,-0.07025472023755505,-0.09445379540669167,-0.11723875871484621,-0.08281920182182849,-0.1157468803762619,-0.10227746548837019,-0.08535079872693734,-0.054901785098647016,-0.051230828473497664,-0.08912939656581306
2021-11-19 00:00:00+00:00,0.04220960916514413,0.05481825397549852,0.10642325195593441,0.03526545999455733,0.0884832780429919,0.020195240460608506,0.05335186248735506,0.05507807795623563,0.04800921918636066,0.045017188158391404,0.07187661429380714,0.0627714240175511,0.06493633622000917,0.041062929348549874,0.09874930400769084,0.03417713301293255,0.053779002851123685,0.0766107210416884,0.04564601194340138,0.0944566542178694
2021-11-20 00:00:00+00:00,0.031178218928649266,0.04553349530291724,0.11705811370270035,0.01760487304187245,0.039320006515601504,0.028114513307780045,0.0004292766754053381,0.020639081539576543,0.012284312548955689,0.007864767239808659,0.026970956981331097,0.003178529958427865,0.04003232990302286,0.013638206364507013,0.010996229818135504,0.01262812151146265,0.03794994961656718,-0.015950209979462185,0.006679807058338399,0.04707187299377485
2021-11-21 00:00:00+00:00,-0.046321829041567085,0.04809416291119403,0.020763624439641727,-0.017430763178108707,-0.03416978053928571,-0.018347414213866074,-0.03271829462296751,-0.003807715214561946,-0.02283417009726869,-0.012811843718798371,-0.0354942639726857,0.021626235228609646,-0.025453483990196493,-0.012193815164908332,0.05749787231761041,0.01171925330177015,-0.018332319083471618,-0.014168228908580419,-0.0367831938426413,-0.0571797115067901
2021-11-22 00:00:00+00:00,-0.03268083693655519,0.0409256160943597,0.04839347632234165,-0.030940327138391545,-0.04321498100068481,-0.0413544874234942,-0.026967926427507,-0.06019255017521577,-0.02602510496061125,-0.03677181967672771,-0.04131321373002092,-0.07932407936027516,-0.055802481428812695,-0.03276576730284928,-0.06691578967367047,-0.04428094357876299,-0.03148016584291557,-0.02118972748885991,-0.020552269547500487,-0.039090378538139584
2021-11-23 00:00:00+00:00,-0.01417659126626363,-0.0037371578842560504,-0.0851792331388528,0.025178635075194387,0.05529920600278164,0.022746522987712518,0.03183411607867993,0.0321442898477511,0.023429233296421766,0.019564512358185154,0.060186153304300265,0.006330313449956925,0.033391298770519995,0.0012420818886647658,0.02817216541977319,0.009870590766909337,0.05795364251008704,0.014469468450084875,0.02921930448862843,0.018562934284026483
2021-11-24 00:00:00+00:00,-0.049761509559063825,-0.07884737452702616,-0.07189274701067949,0.08021779302809375,-0.0013543255836802584,-0.007027959623695437,-0.04328899505344633,-0.06326419856155557,-0.026821531194563267,-0.025964864546666147,-0.016281374425884006,-0.05180137483152136,-0.01867467902522511,-0.028454645413549542,-0.07513182453077741,-0.04964144539901404,-0.06513930217096138,-0.04129850791746535,-0.03192723651088078,-0.04440729618963394
2021-11-25 00:00:00+00:00,0.005387621532378821,0.005051366188032224,0.03437292037425003,-0.0032372964497913107,0.07943005440959254,0.0313908838384089,0.01781275688561196,0.03061332309000218,0.03130108601521805,0.045945549237149656,0.05812049432818608,0.03193193015834425,0.04919401421194047,0.04958046178799897,0.020545866710646475,0.02363268942908636,0.02797053638704198,0.04276328040728009,0.010788006763764221,0.036353034006583324
2021-11-26 00:00:00+00:00,-0.08858656538735274,-0.09507507140147521,-0.13440614178907584,-0.10144112767362905,-0.08452517412776235,-0.09295843321180253,-0.09142457422885802,-0.1328439457389008,-0.09856175544077402,-0.0798613855047561,-0.1130427498597328,-0.09735695306179216,-0.13014036598979267,-0.10228632830025142,-0.08728418043643953,-0.08213258999368628,-0.10437404066803932,-0.037278805965120614,-0.10538180561641813,-0.08453998476843212
2021-11-27 00:00:00+00:00,0.006501973491346824,-0.01263957347538219,0.08499534405028547,0.009642931863742727,0.021227212130573596,0.0183411757514558,0.016236519047640573,0.017212128881121207,0.011871107149489964,0.0023542011943086904,0.013295855296929508,0.005826067249360688,-0.0030706267729649363,0.010446057222369699,0.0016616474900229378,0.011420076710246418,0.011352031093194352,-0.010384943667106456,0.006155171719858136,-0.008839121902355949
2021-11-28 00:00:00+00:00,0.032518006986999505,0.024391453124159263,-0.027687755995888626,0.010606427873520658,0.018824862375632207,0.04561403694585218,0.011644964196879834,0.016920877488337177,0.017294429012235168,0.015273949884562486,0.04756279890436802,0.027017607319785947,0.02230198870085256,0.013497624530259936,0.04041929852745026,0.019413965705232693,0.03181283171206913,-0.006468527097851158,0.024558421119586477,0.007550461930207694
2021-11-29 00:00:00+00:00,0.00438185364655429,0.02559159306471335,0.0864451960910364,0.010843058316491098,0.01960053029855705,0.008715658399547181,0.03647100868592878,0.03678701930807618,0.0090362060639373,0.015044161712429399,0.03427379481970036,0.009246297030465474,0.02963179760637115,0.009158771335516727,0.01679964407448739,0.014291173181558956,0.0069341535889987874,0.014724192393936663,0.021547936085446515,0.18703854667209363
2021-11-30 00:00:00+00:00,-0.029796182069121914,-0.021220001403216872,0.00016611295719247922,-0.00785824352915903,-0.0014447389943739687,-0.014394268550105557,-0.001396323242927416,0.022652534228249487,0.0004996252914324798,0.0020716808735345353,0.04093889543660272,0.012723829710171594,0.01113004472883786,-0.023456076036341204,0.021521842755425024,-0.00031076811769247827,0.047708396549888545,0.022283367065167186,0.008550929824593864,-0.023628116978326355
2021-12-01 00:00:00+00:00,-0.0038684767779203176,-0.031010236742560208,-0.006331771549745236,0.0007010165025950737,0.00800004266707637,0.004091840063051094,-0.025473075432781246,-0.03185920635415275,-0.0032520353863772318,-0.009774435727596184,-0.010270126445922146,0.0003950227189428171,0.004800777343356729,-0.0037403196157232924,0.0971699647883104,0.00372285848800588,-0.014218249002279137,-0.025027689568133744,-0.008449904416617818,-0.04364736070801817
2021-12-02 00:00:00+00:00,0.1047789512331768,0.06179291062683702,-0.10447870184903169,-0.016070986064294104,-0.012185496298065299,-0.012382750098007033,0.0009551099102383413,-0.02786002834746956,-0.006788209598855301,-0.017285421942006694,-0.015777485369650516,-0.03088274303544588,-0.025710851125834024,-0.02246677255345074,0.016357370385257298,0.006379278758964778,0.06870643428634898,0.03628039936188554,-0.018659730797744273,-0.028426935894336813
2021-12-03 00:00:00+00:00,-0.09962430064451233,0.14479134203579686,0.004997696658614157,-0.05357281301743056,-0.04099676916224394,-0.05232395555977342,-0.046906497855838086,-0.05905243178170059,-0.04462377993354373,-0.04701627596906466,-0.06774264277089759,-0.05182940119286385,-0.07922404205270049,-0.041643574739000544,-0.09867628398713929,-0.037835007020978736,-0.11711480977117761,-0.041484758269247565,-0.053375589133827554,-0.060232388040078515
2021-12-04 00:00:00+00:00,-0.09146155414303059,-0.1525762362708575,-0.15195282607570507,-0.11787695441672484,-0.04538420632873028,-0.08664155778315352,-0.11547205121073832,-0.13718366661258494,-0.18713396196723764,-0.13178183354417386,-0.023637302670389607,-0.12165151243430374,-0.14453394860495714,-0.16770290448271682,-0.05327219916850644,-0.0765691281698689,-0.14940245148855996,-0.11951104714564424,-0.08635033083539084,-0.14937045665426865
2021-12-05 00:00:00+00:00,-0.03002369902170261,-0.1360211680526116,-0.07472817849557213,-0.04362600662119772,-0.019176724023510925,0.004949030282182365,-0.03951272658797431,-0.03709907162192308,-0.03627340678683487,-0.013825104991842318,0.01905108203737565,-0.05784264239897293,-0.04013077679756108,-0.04875641516080594,-0.02135563405224131,-0.030829158019901718,-0.039150907561825044,-0.035560867200934695,-0.048997310726361244,-0.06573258966406555
2021-12-06 00:00:00+00:00,0.030023699021702478,-0.00981602973765658,0.07386805587507901,0.04700153725247889,0.0518757708249256,0.020946445463868552,0.03670136685042796,-0.006378476622042748,0.07648452773891828,0.013570813827090026,0.035385121775086834,0.016293639486100533,0.03148874770373225,0.039942798785860774,-0.014718591821067113,0.034616823954206136,0.04552958967080044,0.05236798551731594,0.02576829692774483,0.06959546264709597
2021-12-07 00:00:00+00:00,-0.03002369902170261,-0.0012338064489283214,-0.037256417980662655,-0.0010536298519769195,-0.015092037438520832,0.0029105975984963822,-0.007914117055990643,0.08089006111160058,-0.015704710764260884,0.00709582298146908,-0.009519380320032963,0.0631170567901937,0.003095019493228137,0.010162689092201837,-0.017563969431548178,0.030462644298598778,-0.009291588334099527,-0.027238367282616874,-0.012310472975029645,0.30960859435166455
2021-12-08 00:00:00+00:00,0.012977831748713815,0.041118246929472545,0.039619977310460214,0.012779057322292448,0.04807401750162701,-0.002330494560926045,0.01576609233867581,-0.021876908277805834,0.12417678745730244,0.033522692038643644,0.02985589995078007,0.08277450197472101,0.02019034630169081,0.04835673210312181,0.022973983399504135,0.026103697558661473,0.08871160328636332,0.0669168511007931,0.05580847192788107,0.004762333720712764
2021-12-09 00:00:00+00:00,-0.0797442803831304,-0.1203039830877122,-0.08659198958168525,-0.0684874681197205,-0.06287104960284857,-0.05971363822672122,-0.05689554993622029,-0.1037234887277667,-0.125108319895414,-0.08801087732271333,-0.07759655003333575,-0.12341870291285606,-0.087286730131772,-0.1080759668047442,-0.07189297441662922,-0.04155753254530761,-0.14696884286698159,-0.11268815822283548,-0.004533573588859977,-0.16056454158644415
2021-12-10 00:00:00+00:00,-0.062420259386094974,0.004000894423366827,-0.058425718920369234,-0.02254378610232016,-0.03171475494343465,-0.008555687528783013,-0.030014257808489403,-0.017248271624307785,-0.05721323689854067,-0.03059667397746759,-0.05191342972413053,-0.08714606619449371,-0.02002737165042378,-0.04350896434108038,-0.078778162361916,-0.010208800095920728,-0.06515714163363744,-0.04758342824327757,-0.07134246138983047,-0.11019311049603511
2021-12-11 00:00:00+00:00,0.11161670991912796,0.07929162368752586,0.07109957032670873,0.04611575534795993,0.021667962054579635,0.0466144194002914,0.028830825717709084,0.05051765326238779,0.11544111421130225,0.0438419007274882,0.047942715502466884,0.0732224200696693,0.06335778388308025,0.046367129916669254,0.028039770670004287,0.04339535371679436,0.04831857727080773,0.05232882864312597,0.04883782974774364,0.042453880263200856
2021-12-12 00:00:00+00:00,-0.0059259432675471575,0.0036817386649201428,0.01661453285598822,-0.0028344072175628256,0.01022215457277628,0.013352652721007085,0.004725348426426295,0.06034960885736033,-0.023425830303829963,-0.0026350476380051138,0.00988648301255014,0.02179382939402973,0.006309169193264756,0.003561257325068392,0.0037686665854225784,-0.006461881090820375,0.006269613013595395,0.003635045805632747,0.00011915400669449742,-0.00287833698111913
2021-12-13 00:00:00+00:00,-0.09583037451750077,-0.11911098927101298,-0.10725625082272543,-0.08233791606951073,-0.09041249640912621,-0.06929737535263912,-0.07587736217594848,-0.12918838526734447,-0.07537813617562336,-0.10301790843717079,-0.08804294563350627,-0.1379507467359949,-0.09493289249556731,-0.10524202522578995,-0.10735581770686202,-0.06867113757381424,-0.12216763397420753,-0.08635187686680107,-0.07096925772992738,-0.10782721646456274
2021-12-14 00:00:00+00:00,0.03455546701694919,0.0027560881019799838,0.0977796713680037,0.03494415638602116,0.01353561795952069,0.034524176232671906,0.19359492066746967,0.007292298675042502,0.08136080433411222,0.035061062472602496,0.020171029867780976,0.03644798804268925,0.039327101791075215,0.03949409903915957,0.03823893059378272,0.024414139825074187,0.05762911283663642,0.055772960872170776,0.03580559610782505,0.10893524981892444
2021-12-15 00:00:00+00:00,0.03492788105957822,0.024468823846011244,0.14963370065343862,0.024424552007075013,0.024318444935802094,0.010733758816394861,-0.05435828277362582,0.03715946389579115,0.0026805675023322604,0.0204060190402701,0.04064752951085382,0.06558867452258632,0.021053409197832263,0.029919958091588213,0.10168267050419326,0.005383438922225214,0.01258711550547136,0.019633896117558943,0.019432325495984587,-0.006220859875102394
2021-12-16 00:00:00+00:00,-0.055678825164617224,-0.02309362307920217,-0.030385892507240407,-0.02099636901300675,-0.02792273604249713,-0.025548202428183887,-0.042944451829741354,-0.042143181322363894,-0.04626509784449945,-0.027491212347106286,-0.015286382109833728,-0.04838394907295553,-0.031076881023608414,-0.026508925790525238,-0.009342180613480092,-0.025569739214255854,-0.052021184750878476,-0.06439179675905257,-0.025870381656729093,-0.04047846836014535
2021-12-17 00:00:00+00:00,-0.017901210329240178,-0.02881240198526134,0.1207089797785513,-0.03199160167336154,-0.0013311782891865993,-0.03202327139996514,-0.02751124633591823,-0.0544943344190401,-0.01855107436678698,-0.02476371864508201,-0.021112594579608644,-0.027561863549578212,-0.03276743668448695,-0.039750554591706996,-0.007662437807990435,-0.07064329263510145,0.037432066574733955,-0.0066732337927469165,-0.010613822558391264,-0.0400100707964781
2021-12-18 00:00:00+00:00,0.01951281422358172,0.08752201195565192,0.04491072739747198,0.02604192737199443,0.015858365189134742,0.015130173120065147,0.022301393741467588,0.03391507972270486,0.028470560538346797,0.02105948303750131,0.021572304313848916,0.06829856658613605,0.030750629278182447,0.017948199319220665,0.04058722250445681,0.011380101555735893,0.03865532031870856,0.005498835536805514,0.03648420421512036,0.024103302655230665
2021-12-19 00:00:00+00:00,0.0008048290172870418,-0.04370591865315993,-0.07421417013340514,-0.00667820559112466,-0.007708978668171298,-0.0032775271061218484,-0.016974361315929987,-0.028249342187027588,-0.017110387878285015,-0.004577976521835779,-0.009079129396085642,-0.035420369409325234,0.0304861250228321,-0.021497798786678724,-0.015715357479628163,-0.01226088173221096,-0.03865532031870851,-0.007864767239808558,0.010594849888191168,-0.024344877725858194
2021-12-20 00:00:00+00:00,-0.004838719118223221,-0.029306126585499474,0.05372968833926654,-0.006025510698642112,-0.011007892516927065,0.00497739217481098,-0.013670346616605928,-0.029070624406015884,0.00031372549276942725,-0.00921931047388085,0.005233291944611535,-0.004250803425194488,-0.003924138456134258,0.01334399705974582,-0.03408746500419002,-0.023563466831059136,-0.03121013153544058,0.016056738154396694,0.05226288406376394,-0.008004894169853559
2021-12-21 00:00:00+00:00,0.03417098452117482,0.09353435590523285,0.08189040517689973,0.01728352736321994,0.008172619849227802,0.041250873237454126,0.021315194199046934,0.04428918003725918,0.03785649763714061,0.022041825522080463,0.017445107992705444,0.033510989083062076,0.013667638728663835,0.028062575672389966,0.032418758420506955,0.015981929378661285,0.03653992429878833,0.03699182495388883,0.07328764422022607,0.030225375959256454
2021-12-22 00:00:00+00:00,0.03606067741854457,0.14693043185377136,-0.05461282791045119,0.0009134506230031686,0.009982190431144006,-0.0061905422711137255,0.013383964697384032,0.07869656539108014,0.011710087271865852,0.010701313049834264,-0.008666922744595622,0.025922671361524367,0.004514680354526834,0.034280554901745544,-0.006870959634835216,0.003671587336582741,0.07548339033161501,0.0007485030289581124,0.0073669034500211525,0.0711329868628518
2021-12-23 00:00:00+00:00,0.10573723444171278,0.035532178611339074,0.03957003280738196,0.03916803675317427,0.028451946908116525,0.04528015945422746,0.06706423058054584,0.06884590991713735,0.04437388802668494,0.04998992436133611,0.032607339228882204,0.10651388940351679,0.05142198623509958,0.08392358658475431,0.06315373428735732,0.04461109141216336,0.11291050088158,0.07250335050005123,0.04148864863323276,0.04832895789723725
2021-12-24 00:00:00+00:00,-0.057916427879555366,-0.05285341505613336,-0.05468062554580249,-0.00837562753912425,-0.012647955243238123,-0.0003700613889668522,0.006465539764641811,-0.03560585545421441,-0.03634649246022945,-0.003202564786874855,-0.01594832381346089,-0.03161775398755625,-0.014778594096118832,-0.02524008475666425,0.0017350618196435399,-0.02310757501014949,-0.038142593377569256,-0.03361363689646655,-0.08674621109938178,-0.058948526724697324
2021-12-25 00:00:00+00:00,0.04220035449037647,0.09767305010199268,0.0006088280248945642,0.007277570988693355,0.009729310340286124,-0.008305548869195585,0.024404394171219323,0.024571260730505327,0.009137867563638637,0.017751161563109775,0.011907490847253626,0.0284553388830433,-0.021317421660753854,0.01712370607859138,0.014291173181558956,0.00837546465170359,-0.0017167386190543629,0.03916535136397411,0.014918336238566346,0.019165692935596904
2021-12-26 00:00:00+00:00,0.002063984220851649,0.07967955236877473,8.694518111803747e-05,-0.007720342747089249,-0.0018284883499983778,0.007429328815574095,-0.005254872838358697,0.082493558705854,-0.0038218479564097784,-0.003946854222356981,-0.007665765703513949,0.03904666389690235,-0.013397329571821394,0.0023740896346760346,0.024098784593515884,-0.0004907373426910018,0.0664696450077416,0.008270205648672424,-0.005636260314198102,0.059507339136878765
2021-12-27 00:00:00+00:00,0.041069386596723934,-0.0779951996040445,-0.01022423377585954,0.02988552657509594,0.031170886830949207,-0.0014594452777345129,-0.010060979756407736,-0.011237877137490984,-0.0011788978671578845,-0.008206531827923252,-0.0065006234506166825,0.0017391308731268974,0.0012836972237783492,0.0020304575503819213,-0.010877407237977223,-0.004304255553827301,0.024352712204057582,0.023737974568501317,0.007472014838700836,0.047771475055753826
2021-12-28 00:00:00+00:00,-0.07960305059896707,-0.11094848421958783,-0.06149236754451336,-0.05818294577543147,-0.0537518944116688,-0.06430418312979821,-0.07742948505918232,-0.10690441844731208,-0.0804113984567565,-0.07418976505414364,-0.06246746360159126,-0.12230017305502211,-0.06766506286257178,-0.09126159127832464,-0.09847355691315453,-0.05068374783239337,-0.038927869007025544,-0.0853067619415355,-0.08484618477904396,-0.12755722561401878
2021-12-29 00:00:00+00:00,-0.04979066450301545,0.04952414857388743,-0.03769003394232107,-0.020481673285480666,-0.03757474540175632,-0.02295810578396181,-0.03451644195697833,-0.036966697684266886,-0.0318208666110789,-0.022876341452445974,-0.043806361141283154,-0.03141619623337904,-0.0013736265896118678,-0.03543529430763005,-0.038458540337679224,-0.008201569113417745,-0.07097572628020124,-0.02625404997759172,-0.041238013712081203,-0.026626121674817378
2021-12-30 00:00:00+00:00,0.020067563050809173,0.07645718931093959,-0.013180566700209824,0.0037131627717410156,0.007744472395477762,0.01402397902343454,0.018284201494888803,0.026491615446976285,0.015062498264238652,0.013094905582782866,0.021550103255039157,0.009579100219367942,0.0170361871525678,0.003065136499376933,0.01101570224046885,0.017107726723917433,0.03836714496201101,0.0044859888314350135,0.02597234834600046,-0.006653689799149202
2021-12-31 00:00:00+00:00,-0.03824988213399967,0.07133319004348254,0.07276625110764726,-0.003480685727802112,-0.013787964812495813,-0.019369821492674983,-0.004686593229505139,-0.03247517854994616,-0.014073215413564266,-0.015440947714535181,-0.008947321214971451,-0.021298979589683416,-0.011552965738036375,-0.017364897074283604,-0.014773559988964026,-0.03172382733279704,-0.04598511324182338,-0.005985801636014299,-0.010669645066422723,-0.0009212345193208752
2022-01-01 00:00:00+00:00,0.05358424613410626,0.11561953612604019,0.04205307413515697,0.03337452610274305,0.0306175836793378,0.03205994678177879,0.016885408459692122,0.07024240307524439,0.03974032864951412,0.023789923806236672,0.02400350671726048,0.06210090366266798,0.030295147547777,0.02650433616737627,0.05198133341533155,0.01592243652293505,0.027844026171173396,0.03683657735649021,0.024995350311598986,0.0894278099012585
2022-01-02 00:00:00+00:00,-0.002176279422595406,-0.023091859276342375,-0.009684879362868862,0.0064986223105472155,0.006992374705514876,-0.009188052743592882,0.00747774551414705,0.03740357094986146,0.029340431745913668,0.015080667083033307,0.016521726756629256,0.05208777639098857,0.0026490081715768625,0.023601020515355828,-0.015250288523948935,0.013228049194214598,0.05129329438755048,0.05488538843130583,0.009243615808621685,-0.019575093133471964
2022-01-03 00:00:00+00:00,-0.043033346011340255,0.09957403419548172,-0.044504042897959714,-0.029467227252173503,-0.036632727778401354,-0.01792557472959721,-0.024363153973839164,0.014047053717974064,-0.017375553492270185,-0.019678376331662837,-0.016428782919867397,0.08120273944084809,-0.01801850550267825,-0.01416876797868345,-0.035790255735146194,-0.007370564174635486,0.0032555644597662002,-0.006525868943607855,-0.030990061270980866,0.03151365780258725
2022-01-04 00:00:00+00:00,-0.00761038680741472,0.07009629645991829,-0.045221477078416505,-0.017637960147325524,-0.009815547985233925,-0.013309745191831738,-0.011219485860416297,-0.04830871250036895,-0.008486613877318581,-0.016846172425854837,0.005090727455432364,-0.012728215959953307,-0.013559529785632362,-0.02278868081936682,-0.01438447864435282,-0.01477440746445223,-0.013635335335189546,-0.039000199907810965,-0.011599936740677292,0.04876042041190104
2022-01-05 00:00:00+00:00,-0.06224931754343674,-0.08524226690815097,-0.05889622184786694,-0.06705475686570612,-0.06689547557023087,-0.0533458970167032,-0.057437899587994785,-0.07113628132482853,-0.08976999942870961,-0.06661057457942815,-0.06677027114101414,0.074839679503441,-0.07879206797894735,-0.06302858470307945,-0.08197238450448127,-0.06531156309602329,-0.0623078058354146,-0.047697962558633074,-0.0629517075466212,-0.11192574365564104
2022-01-06 00:00:00+00:00,0.03984590854719978,0.03607198299642466,-0.023997411884102482,0.0010010010845850261,-0.003168905155265239,-0.00852438625717462,0.00564441761967691,0.0,0.008937838805037991,-0.009753105469309005,-0.03852830782695031,0.005531424613229258,0.0036859606789233345,0.012604354711304572,-0.027956410857066114,-0.0008440006127681429,-0.0029265458405690697,0.005621150270429911,0.008377957104631538,-0.012721966025648845
2022-01-07 00:00:00+00:00,-0.05623971832287608,-0.03814344929902638,-0.09211897808707402,-0.03590455685211769,-0.05323294296071009,-0.03581839879060997,-0.031123502920661825,-0.0705445451977831,-0.028816435837673703,-0.038020043161651425,-0.06286308798825013,0.02336554895621191,-0.033673215106587835,-0.0454623740767574,-0.09640887978666712,-0.04108002574346463,-0.07926145763379991,-0.04080642413823548,-0.020357267025683107,-0.04572881714180183
2022-01-08 00:00:00+00:00,-0.024258822393424407,-0.07283271593339188,-0.033289524934059525,-0.03374957802940697,-0.04146379828986157,0.0027210861918856148,-0.02680775114544333,-0.03723072661905878,-0.03148739554839668,-0.03679344788180053,-0.03767529061248328,-0.025732413966478015,-0.015337723983709946,-0.02483004275227964,0.04085424024440156,-0.04207522327623178,-0.05477248965411827,-0.007423358957411825,-0.024129501583695995,-0.06008103575117393
2022-01-09 00:00:00+00:00,-0.009357788405560563,-0.025124821953735225,0.06271176424058712,0.01040425551743289,0.020263184669932564,0.00442591939892638,-0.0026542815848728286,0.026328135280843275,0.015151805020602246,0.012864090735900736,0.02278966319823475,0.08404489602453322,0.011525290849053977,0.025252786364578395,-0.009330008307761924,0.01095067977230205,0.057307345257306366,0.022873646984256653,0.010412589072460232,0.05158039424410022
2022-01-10 00:00:00+00:00,-0.041000073053358586,0.07911867619072087,-0.05724402210317385,-0.03566018039888422,-0.03243277085294279,-0.0010068457032168852,-0.050419397626525086,-0.0376466380029218,-0.03312404742503265,-0.042954550466231325,-0.02222830567176738,0.01585047593682632,-0.03419136474827931,-0.04230237969068939,-0.035857535327831105,-0.04154075223528545,-0.04465316374827304,-0.031143038466763296,-0.01755018586838833,-0.04635064754682302
2022-01-11 00:00:00+00:00,0.05542543987122498,0.021944454254559365,0.060150350998913193,0.01690795664970067,0.08763907414637134,0.02145040043967803,0.07210937050913832,0.07471005537980932,0.024494004650817705,0.0405972501660111,0.049687557804675944,-0.05095476398240668,0.039524710723641894,0.04904208506760269,0.031445030837333694,0.023530497410194036,0.05472881573701459,0.039159878501845144,0.040265007427414866,0.03466297723346615
2022-01-12 00:00:00+00:00,0.10012357489436624,0.03852478430876977,0.0684792894644308,0.037159264620575026,0.05088337431622317,0.027090276943410884,0.056869396496896325,0.06659040519325536,0.04138521616285428,0.04933588429276153,0.03979965540945987,0.005999268087087116,0.0753555652747803,0.038703883889241286,0.07758165477125442,0.04707990255236423,0.01985176855273153,0.07046200724094907,0.03620535656442304,0.05029711698560634
2022-01-13 00:00:00+00:00,-0.06210246633969002,-0.06736033394865705,-0.06780979602277587,-0.016551014884520217,-0.026169717733384834,-0.03105748088409937,0.05322631433498979,-0.05763221480933594,-0.03418835170632718,-0.028647792433299405,-0.03952497803790752,-0.07327438725945058,-0.03733384043609326,-0.050953245077124204,-0.03608656300867235,-0.02770920612979716,-0.052328357230639846,-0.04679003960116044,-0.039195672775671056,-0.06188025807523707
2022-01-14 00:00:00+00:00,0.04674118117820277,0.07232066157962608,0.008220441759177627,0.02122999404731114,0.03066962305623712,0.011676133382902501,0.06482968433660016,0.07324902029919009,0.026186917470626018,0.054310534502502034,0.02040684557339173,0.03400881328685364,0.05687388990753425,0.05498388334329381,0.00020526153812966524,0.021666891673834694,0.026191212862947476,-0.018362891840021867,0.006748014186503724,0.039734024254404976
2022-01-15 00:00:00+00:00,-0.0007742934959047795,-0.032690866808858514,0.02825077445211923,0.012883455706187964,0.00914175995809451,0.0005648665034966843,0.007071011240552042,-0.005420067469339145,0.015939353397086544,0.026849321512477566,0.005613977894932952,-0.021616090222193973,0.020520555899896004,0.01833451119341041,0.010006550260596473,0.011317824932661437,0.0377403279828469,-0.02140754535078593,0.007601660002636547,-0.002335358371068408
2022-01-16 00:00:00+00:00,0.08817259252557146,0.10956943711899467,-0.007990540301635147,-0.006420980067717991,0.008257020026690712,-0.0002931892710942959,-0.043762175310722226,0.003616640470188515,-0.0020646944705717102,-0.017199441182479517,0.006246161427139561,0.013025643017155843,-0.008840588010122784,-0.006339165443735654,0.0023002513356070436,0.021114305716397285,0.0793418876855,0.00038632413074669484,-0.0008988764650171609,0.003034903695154111
2022-01-17 00:00:00+00:00,0.12828716923733913,-0.10931384606329007,-0.062286072814549905,-0.01951408351281155,-0.04806840304102245,-0.020406631301085873,-0.03339400681539018,-0.07533060207150052,-0.02440846419411323,-0.041106008413025474,-0.04186044046482609,-0.06941312784951423,0.03226086221822126,-0.049287107975315554,-0.05686429969769481,0.013785480870833667,-0.06967413867021267,-0.01165514359174887,-0.021687753493052776,-0.05756985182147794
2022-01-18 00:00:00+00:00,-0.09481124004094954,-0.0230073480391206,-0.00776050689274581,0.0020997383042694736,-0.008028777546404438,0.0035598699462948903,-0.03394193042838726,-0.021243914576044052,-0.00282785624997522,0.05280925255359631,-0.015643570001207946,-0.03551175286350055,-0.06630374666214023,0.059567941904383914,0.010106128288490895,-0.03431533303465023,-0.039870352866707634,-0.0070588528396248,-0.014280290272904237,0.015192647034416357
2022-01-19 00:00:00+00:00,-0.08663733546666033,-0.032423781037849084,-0.04021655767909378,-0.03332308856368879,-0.02035857306547108,-0.016476803005825883,-0.022046208263371028,-0.04472289999397791,-0.03091547431746329,-0.04253298999621145,-0.02429061735337126,-0.0633777549016089,-0.03817532336788046,-0.06459097465065743,-0.04319404036160986,0.010028425008728043,-0.05598116405348048,-0.03483835804930732,-0.017193170329831572,-0.05858997133240394
2022-01-20 00:00:00+00:00,-0.06011054305759611,0.05159038693406317,-0.040514371260502405,-0.03139024246856755,-0.04811924834419834,-0.023782735226194826,-0.03914641250806987,-0.04420609250449568,-0.03833027364068022,-0.06432555127200205,-0.027128440411799574,-0.06617946458363634,-0.048900302393013836,-0.0481399349931836,-0.058694876839465344,-0.02074884488395502,-0.0439705595540295,-0.05830965875052225,-0.02496700330074942,-0.046446342669154296
2022-01-21 00:00:00+00:00,-0.11698906975520675,-0.11890603643216181,-0.18305294735126795,-0.12688023402708343,-0.13684706708560937,-0.109946159879111,-0.09023614598864435,-0.15683427164630676,-0.10637266149322097,-0.12466355170008687,-0.15591970501576202,-0.14657738054176364,-0.12464926832810372,-0.1493186915107959,-0.12752335641643756,-0.10416366667040869,-0.13451982801190726,-0.13235960180926074,-0.12265667894508388,-0.10440053478371877
2022-01-22 00:00:00+00:00,-0.04473589384139164,-0.1686050227656752,-0.09989226310685179,-0.0761864920182936,-0.06901147769584376,-0.038426226985850784,-0.06327082605970813,-0.07383426201105246,-0.0644822639296016,-0.06827636141137798,-0.06265489239063485,-0.0944494711010672,-0.05474673398874847,-0.09204353745480785,-0.17188365910559766,-0.07182922082929785,-0.12542689081258357,-0.052643733485422145,-0.0652087624495251,-0.11995931507897888
2022-01-23 00:00:00+00:00,0.04830096000588766,0.1686050227656752,0.08109730233111248,0.03601264138221093,0.06901147769584373,0.032902471390134344,0.0625658559917383,0.029128272923023637,0.022692853652967863,0.037709718392860046,0.05124333832710833,0.048639935069773,0.03534577273885167,0.042255943502296,0.05394473706780099,0.012596387685685566,0.023926706321736418,0.043230733589282554,0.05177088732825319,0.04009150465375526
2022-01-24 00:00:00+00:00,-0.05391895231011104,0.03993168210055733,-0.027681805069989438,-0.034300605353695814,-0.033371740823717536,0.011406764386201865,-0.03224930132410182,-0.042906391132747135,-0.0330978332977821,-0.04143565936242115,-0.040067227918663954,-0.06582139495046038,-0.02524931248784199,-0.02723479875883732,-0.08194034455722803,-0.04370921369833011,-0.06699337069581539,-0.015550852632276959,-0.02661232769209823,-0.03671654363722939
2022-01-25 00:00:00+00:00,-0.02087362314275305,-0.00417304820361892,0.0755680990706327,-0.002397671982697151,0.03649267963782888,0.008095001638556682,0.038576211708865354,0.015965106506227452,0.010854923409435465,-0.0033236424447020785,0.007978613695370262,-0.005793386013824901,-0.01564689078165874,0.007152712750863157,0.02936974226513644,0.01478303467429992,-0.009407407101895368,-0.006085211475545563,0.01008302574088761,-0.016304709024943697
2022-01-26 00:00:00+00:00,0.03207822215561616,-0.10297819935390023,-0.03197165053494577,-0.008610351112202657,-0.02631038373302161,-0.004039173875103207,0.0027991620796145524,-0.012641003722388902,-0.004508573913146852,0.011584738579654403,0.0016904319908573088,-0.01692748752170684,-0.008383840443897105,-0.005497539959194719,-0.027305085188315377,0.005710222510884272,0.0,0.0,0.002101350486324418,0.009543358046899696
2022-01-27 00:00:00+00:00,-0.03303745484307625,-0.0737277078654625,-0.017921901145746738,0.0017280114892608467,0.0386976389007099,0.009483987687842301,-0.011950933099932903,0.0022099456508028917,0.004958315319423386,0.0,-0.01585386083831807,-0.0006568144735306159,0.0,-0.003313089722960238,-0.02874172406963683,0.005146874437525289,-0.02488166637673666,-0.01279771753810163,-0.01710000139653903,-0.015037877364540559
2022-01-28 00:00:00+00:00,0.005741642567675183,-0.01982258757522504,0.03508066047822446,0.024557850781663965,-0.010312027444978562,0.014863650295472364,0.0,0.01206816621348547,0.0375071539840224,0.03436764350420782,0.04860452251916326,0.059309697235125594,0.02311707195688121,0.05173567439918889,0.020238456874005228,0.018937967350547497,0.03335230526024538,0.02291926143610771,0.00377080535339359,0.04115251840361458
2022-01-29 00:00:00+00:00,0.010441480720418908,-0.013322144084284735,0.07029531101070075,0.006715941965436809,0.008771986072837041,0.011867820497437117,0.011251876797434847,0.02157580998195728,0.011625534593622198,0.006734032181343899,0.02193457311118982,0.004941331857834443,0.012715884325302495,0.015116263857020222,0.051112634320871805,0.04699363504319681,0.044899891639502996,0.022897964093254602,0.010256500167189061,0.022223136784710256
2022-01-30 00:00:00+00:00,-0.02292363990193708,-0.06720139402093914,-0.05621787619204894,-0.029893530278142563,-0.03157470385710763,-0.007497346048860223,-0.02765153133051001,-0.031989716099416386,-0.00816681951574135,-0.01672013473949469,9.609637320470698e-05,0.09065026064006014,-0.020055366813348432,0.012339488187745539,-0.02998852110485504,-0.028748722754791216,-0.03371617768312171,-0.04016604172533464,-0.026423134022535884,0.055325232758287664
2022-01-31 00:00:00+00:00,0.015340665177481614,0.031139373324326047,0.027717075760628197,-0.01739174271186922,-0.007717935848919129,0.015328401493649993,0.017106618153895057,0.0650549167080449,0.008594810106481835,0.029664029913401255,0.03224560944220077,-0.035513468554611106,0.008253141756720482,0.007128339756644074,0.06434421562839865,0.007307365339652919,0.08693414200214204,0.022290689898371432,0.02642313402253602,0.06453852113757116
2022-02-01 00:00:00+00:00,0.04192509663100975,0.027774680448042925,0.04833342954134872,0.009429090288851687,0.026105635424072994,0.005901665736712944,0.0056377880125144985,0.01027230398908039,0.007672671911660186,0.04309532436902702,0.036645271460084596,-0.009961992728747576,0.04900757910669461,0.008588080063799087,0.10060503084604372,0.012284546577036471,-0.05770831762064673,0.011457161441428085,0.017659794313407178,0.0697571053797074
2022-02-02 00:00:00+00:00,-0.06502525757940275,-0.09181421736454705,-0.07855511066283383,-0.035016840237258796,-0.04607391897321989,-0.04758689578779582,-0.03795657926768178,-0.04227083782990623,-0.03412121120429669,-0.01998181468186717,-0.038981507830389076,-0.07329286546547313,-0.060026974356305114,0.012000144003110558,-0.07686651733605575,-0.022324620705233986,-0.054567396341974765,-0.045082336413906215,-0.04524775083223611,0.0029368596733097057
2022-02-03 00:00:00+00:00,0.032569928685424944,0.12018733925052913,0.009542757581118446,0.012164729616266337,0.014610649517434854,0.01119163707773322,0.006547858971131017,0.008492620045653597,0.01526081502815916,0.06129640901952169,0.005502112974112725,0.032421792394988595,0.024625047305389194,0.004463186183991104,-0.0010802849074160444,0.022659068868886575,-0.010511324682686236,0.010822058724179925,0.01585761673333927,0.022928926485757964
2022-02-04 00:00:00+00:00,0.07006047607229315,0.0470713848824581,0.12779830368285922,0.08517232328707344,0.07051378432765813,0.108176446956934,0.06933122371484522,0.07922923654757466,0.07057822888464725,0.061467010881496725,0.10537201641158946,0.07103577311675174,0.08873661463767026,0.10332975639730602,0.10130395462263225,0.0740960295023335,0.07135958510007562,0.0688220043357454,0.07161153092118529,0.044089189202407564
2022-02-05 00:00:00+00:00,-0.011489300047755585,-0.011968443042795223,-0.009820469155693092,0.04564379313714132,0.03492730826103643,-0.004620724246786973,-0.006107925334269631,0.04066573231195216,-0.0012104096696683108,-0.009135573602376998,0.005879197444611901,0.014747856634555679,0.003292184043477098,-0.013929679289128409,0.00998373800458736,0.004028514899702251,0.006241660923476134,0.01942728713976065,0.015290586303244409,-0.019638093338243404
2022-02-06 00:00:00+00:00,0.015873349156290163,0.0170999488509372,0.02462610016915232,0.013019402748075603,0.01487551422278165,0.02383682019847353,0.04655095766500188,0.026828621124115944,0.02432821878497342,0.015849261122554997,0.013956229187492217,0.017304367040113136,0.047341370917208005,0.020157457424980152,0.013360893860206866,0.02292977256546675,0.036653317648035366,0.04899125677325336,0.02507363755211596,-0.0028007656755178996
2022-02-07 00:00:00+00:00,0.047831491232703555,0.011766712324226917,0.052685964106851724,0.05512027075560389,0.031875208530449034,0.033849333356895696,0.07145896398214485,0.019883167452202755,0.06039282375786487,0.0889332493171324,0.02737322953394406,0.04385005611321752,0.07399600887755957,0.051426323232834595,0.019499823294811883,0.03489848543195084,0.058252740105931775,0.06696519903650286,0.19734849975942226,0.05505977718302739
2022-02-08 00:00:00+00:00,-0.019369026568942103,-0.03999243038885573,0.03704564230016846,-0.022399993452667608,-0.06111493808024168,0.004619787837026135,-0.04453426061155228,-0.031359079486733284,-0.024405190991905107,-0.018536211907915285,-0.007378007594245728,-0.02684004378981362,-0.027297895680351555,-0.03079798588778529,-0.035501563760227756,-0.006736004383159465,-0.035380078439940475,0.011219731242358573,0.0525974712432679,0.0585784690052366
2022-02-09 00:00:00+00:00,0.016027335907038913,0.017612979768276575,0.042072081494633574,0.03052775953138649,0.03635888633808793,0.007458663819307352,0.0081890221406884,0.012844213274239732,0.014714470354002562,0.05224388702113505,0.0400170991623015,0.015654840626090332,0.0467579692350639,0.04252341335810095,0.004222013484173771,0.02681903145113417,0.03132985014091786,-0.01373019281190202,-0.007560173466085359,0.01063960234754668
2022-02-10 00:00:00+00:00,-0.03838424300831545,-0.061675934031659725,0.012251132755518325,-0.01514739127620217,-0.01958037722610723,-0.019968761180241705,-0.0514914253527661,-0.06739888276279493,-0.0467697347022412,0.016145954743130932,-0.05430033262362314,-0.06471707662416297,-0.04004903613233389,-0.010041925389201638,-0.07054264168454268,-0.02037495525571412,-0.07673379423138944,-0.031059718585208198,-0.05240136799708098,-0.07502641294853014
2022-02-11 00:00:00+00:00,-0.063727256099161,-0.09026789289359638,-0.10895039460012074,-0.05987277655110971,-0.03609082014435364,-0.02612751026362113,-0.04595403127868411,-0.07752677890250748,-0.05443795106702234,-0.0492416347332104,-0.04832582784232587,-0.07657254518188354,-0.06920516317652911,-0.06830225335629966,-0.095187742164958,-0.06810692411681071,-0.06986967996048589,-0.07165105003728797,-0.08361343557591602,0.04438844271053867
2022-02-12 00:00:00+00:00,-0.018709619656728176,0.017904245520768497,-0.0053967995576166,0.029477111175929823,0.008959741371472022,-0.0036850036261710803,-0.0013840832659384526,-0.008465659024548239,-0.007487555780016004,-0.03043713218586318,-0.002962498874057581,-0.01616950651673125,0.008719833292995036,-0.031559902612752426,-0.005922402889029968,-0.007372004212488796,0.0009394082419358841,0.012456908485294996,0.07997177095412741,-0.0473053140056619
2022-02-13 00:00:00+00:00,-0.016183123288094105,-0.03269124481073669,-0.04271469587697948,0.009336011192850806,-0.014223571046571097,-0.003897169253580327,0.024625047305389194,-0.004793617701236408,-0.006702999542057992,0.023684497564498468,-0.016494300553863334,-0.022187914975362218,-0.008719833292995171,0.010171146399479669,-0.032946150172779076,0.011738142444314531,-0.030507609023886977,-0.035943192344028506,-0.020393827193699563,-0.06564266829615367
2022-02-14 00:00:00+00:00,0.0066953860829848015,0.03601289392496926,0.04945615672149028,-0.00933601119285077,0.013727908087228473,0.011402943760908854,-0.015662560562955924,-0.001602992595456267,-0.0037902761737808022,-0.03350869320054686,0.0202114146526657,0.01904819497069463,-0.007993647680745586,-0.02091640278767527,0.03720966206448138,0.0023311845198580746,0.026744669494344633,0.0014248399465885526,-0.005600860991486972,0.024901812970230884
2022-02-15 00:00:00+00:00,0.053816324312339715,0.06525215737453596,0.12726638940350965,0.03770670832206617,0.06942246024494181,0.046147405647282806,0.040355173153327546,0.07517691934262696,0.0653293475923889,0.0638416223090275,0.08307040769222607,0.08669686212620993,0.05389824526446656,0.06236377669447225,0.09070555854586312,0.03702715964489939,0.07793797851538763,0.04772738070760946,0.060888896311079826,0.050912897502218064
2022-02-16 00:00:00+00:00,-0.022842473302209985,-0.01635672450665418,0.02496279176277486,-0.02627457418775426,-0.011864743115073904,-0.015184910543850608,-0.019974032888377163,-0.020040750883446038,0.0074818226545494805,-0.03744159758480755,-0.019417593123566165,-0.012768600638799685,-0.029323088579325567,0.12550055552193198,-0.035301186952600615,-0.006754247065564144,-0.0220370310467291,-0.010461773835030623,-0.017653441094644978,-0.026368715261177757
2022-02-17 00:00:00+00:00,-0.05900855312811013,-0.015559012600290032,-0.07717927728529435,-0.06583560288589976,-0.060039723864449876,-0.07962230741964704,-0.07250561479539686,-0.08443831914657463,-0.09112124107382367,-0.0911933553930462,-0.07666655802966413,-0.09361768764391094,-0.0935107035138749,-0.08273869618385032,-0.08542400429264557,-0.06069051254139797,-0.07589209394722331,-0.07844362109635118,-0.08425508950245401,-0.09573085214389898
2022-02-18 00:00:00+00:00,-0.02481516911972402,-0.043706883579223324,-0.053179884637739684,-0.0096308930609613,-0.007984074348220531,-0.013449303448535153,0.002166848085090293,-0.018899951130483962,-0.013847040807646241,-0.016444358226377184,-0.0396394918488373,-0.02599236646200371,-0.012110874669908662,0.10201454358167861,-0.03992241352179908,0.009080110175924474,-0.023347363996991177,-0.007944431058535862,0.019318050844763877,-0.013982407376308709
2022-02-19 00:00:00+00:00,0.0010045204260054903,-0.00672397004766859,0.015888406321760206,0.006110326134565623,0.0015018776289907531,0.0026164981129269994,0.016458332148831578,0.0011217051091999518,-0.0030547699949570748,-0.009021574025730802,-0.005718826867157603,0.020847660580765877,0.00520834510713826,-0.047302153822188935,0.015569242886771936,0.006638241541293444,-0.01287784017649176,0.01729719428796396,0.046722917126914926,-0.006092513999157305
2022-02-20 00:00:00+00:00,-0.06748798030753109,-0.022745483988970857,-0.09416978806790441,-0.030270822259501843,-0.04921546720425049,-0.04314075292804988,-0.030993471767944862,-0.053537964241374345,-0.03967536194492728,-0.05222932330760527,-0.05261146152787277,-0.06046344847415672,-0.04335044087361386,-0.07997598985651873,-0.00604430654934401,-0.023751813944380164,-0.07020425867324846,-0.04817790675729817,-0.055820295520947597,-0.0961438605529023
2022-02-21 00:00:00+00:00,-0.08398890113532499,-0.09064317313129804,-0.09953260114371197,-0.06625843953469095,-0.06513424943300913,-0.03657756618202442,-0.06346540265011996,-0.04412925128014331,-0.05900587811898158,-0.08624380198823658,-0.020798397492321857,-0.07759137674218321,-0.07313473606716964,-0.134895226448221,-0.08941927605817014,-0.04032472612619776,-0.09178698179700795,-0.0886486127664159,-0.10166317880726043,-0.09589138842869145
2022-02-22 00:00:00+00:00,0.03670136685042796,0.040721233776555454,0.06065821550082527,0.034701608192931714,0.048442909481343256,0.032490750766217165,0.023893236822180745,0.025626783732152037,0.04434688910057945,0.06508881005313094,0.02623745180416111,0.03491263670528225,0.04377482905369964,0.021601232647006162,0.04039760361128312,0.050915325754446905,0.037957403113401796,0.042348918066574946,0.026851968261418245,0.03114897290770408
2022-02-23 00:00:00+00:00,-0.025086834429734875,0.014803230912491507,-0.012847563286290373,-0.016853365368139875,-0.02351777533038834,-0.025976966353583753,-0.03093827574538966,-0.038690733135576486,-0.029503427678758486,-0.004511285846501237,-0.021695636248493144,-0.04682640383113126,-0.01879754596750234,-0.054391055469996986,-0.020940111216631776,-0.029809432210058853,-0.013636574949545396,-0.021225286615281704,-0.03414552937445969,-0.04334011610811495
2022-02-24 00:00:00+00:00,-0.015125361070756104,-0.013192276073563302,0.03897463792108232,0.0417788726745176,-0.012108018037164629,0.028507874523143458,-0.02545881335279924,0.011827090866028185,-0.01629168759818589,-0.0007538635863997109,0.006371847961708061,-0.006010536502142387,-0.01241066048633886,0.08876198054082468,0.05485709844502208,0.00475761704553132,0.009111680351255813,0.0032948958968527058,-0.0005743000875721343,0.0325150145000655
2022-02-25 00:00:00+00:00,0.051410520810520596,0.09292944431485928,0.058350413050746855,0.025941366026568307,0.03749420442758043,0.02300557006710982,0.027812678700127873,0.06527309038441945,0.0365229116193663,0.053948138209700416,0.06425320773330942,0.07894071527596191,0.04782908768988165,0.009806289183057863,0.0368031868579458,-0.027712716798980422,0.04760168150563391,0.04554765309147091,0.10048003433550291,0.057048469361799296
2022-02-26 00:00:00+00:00,-0.012325085992620118,0.09140216340711935,0.010197274921591719,0.021802723205572742,-0.0034726894789726664,-0.0026156608014754846,0.0,0.044224893737857186,0.007424628074277773,0.03164821095078185,0.00395821683492336,0.024760549680652118,-0.009199696898423487,-0.025413132325432547,-0.02711437561248156,0.0030241958532660033,-0.02185879381249896,0.00990365144474328,-0.025121331571650102,0.06541430575054728
2022-02-27 00:00:00+00:00,-0.035574606167837405,-0.10990750273235537,-0.08597847394069592,-0.03649686514479345,-0.03707156583660855,-0.03691457135600522,-0.03752935433870037,-0.02983615628575762,-0.03337560076824515,-0.054413421723794174,-0.0603118862715815,-0.07620046088541418,-0.05022372357237718,-0.052849871237704446,-0.0523262769683087,-0.02617416584787679,0.07655170834285648,-0.0631563509106195,-0.03980692649842822,-0.09577716948066523
2022-02-28 00:00:00+00:00,0.11674407452396443,0.15825133794994597,0.11880378355373303,0.10897240597422851,0.09402182909372753,0.1352787146752529,0.0827304612683151,0.07907520682846382,0.0869317052372075,0.10831666824581362,0.10996053006015137,0.10367287538494842,0.09980575791648642,0.14781334045521569,0.15192936600104248,0.06160672633256238,0.07491186009119276,0.08724155307535096,0.07911472245470393,0.12680522593672963
2022-03-01 00:00:00+00:00,0.0010389611324190385,-0.007040029076354787,0.027418155712470634,-0.0308546267102766,0.03257779082167448,0.028802692569624658,0.003738322110607158,-0.00264340624451399,-0.007477492504886526,-0.004931787079777193,0.018782092086540015,0.014435946232941593,-0.010610179112015571,0.04823269876430487,-0.010285459233550955,0.006938309399277095,-0.017241806434505992,0.007063601518749817,0.003834360526047177,-0.011666087636671235
2022-03-02 00:00:00+00:00,-0.02523793258986265,0.034714751232575225,-0.04147437284605783,-0.02619968010755945,0.0014669929281256688,-0.01196243454904842,-0.007490671729157626,-0.014933610859258813,-0.02322569786608481,-0.027398974188114503,-0.009801500906561036,-0.0045706902948317064,-0.019749295385018028,-0.01079744709304294,0.02026757446152298,-0.010669354363399006,-0.030409405447794944,-0.028041602840732576,-0.0195806848395902,-0.0005725737345090819
2022-03-03 00:00:00+00:00,-0.039092925791277426,0.05432838606674576,-0.06006995321669402,-0.01542123401159906,-0.01650487029266616,-0.033333261588257904,-0.025125036899355548,-0.03221681847396748,-0.026558337513201597,0.023766809059094972,-0.03920388433278596,-0.025854937042456765,0.0126127798156983,-0.013874513087707884,-0.051565167069157786,-0.026013979278875613,-0.0500359597709441,-0.028850676599774246,-0.02262956716205729,-0.028760152175262687
2022-03-04 00:00:00+00:00,-0.06757005882102833,-0.11046557288672777,-0.035132266964424945,-0.0822652836003742,-0.07315309936570197,-0.0810549423019875,-0.05629706782028721,-0.07069878109074242,-0.07314466687202974,-0.09138142056217198,-0.07771008924118722,-0.08110662691603798,-0.10069618923389559,-0.09311107547563262,-0.07941542066917226,-0.028080329416064895,-0.08178943300847812,-0.06542591138126796,-0.05301063468520406,-0.09613574890416912
2022-03-05 00:00:00+00:00,0.023420274208098422,0.012714107695622383,0.011674560353505925,0.013000525216696169,0.027673395918260263,0.006347843793420254,0.019386713800190084,0.03165563263806521,0.02026261565777675,0.009020447237024153,0.016284817772527285,0.021614674334489836,0.03788699856099207,0.01063102224110937,0.014723502840485186,0.035061740750876265,0.023583350136085597,0.02413813517111979,0.0563317935001311,0.02055306773816216
2022-03-06 00:00:00+00:00,-0.048616568126985824,-0.09223748392836868,-0.055916434793942475,-0.042352737229223565,-0.02553778378783859,-0.025114798426121913,-0.03500560919881529,-0.019814168043674075,-0.040944311198286745,-0.04744408777827105,-0.043661227604156416,-0.051931229002126454,-0.03689738937582591,-0.060164957363386104,-0.05811049157513952,-0.02482099585185545,-0.060624621816434736,-0.042487273839316185,-0.03908279163040911,-0.05656026062012549
2022-03-07 00:00:00+00:00,-0.037132979042221737,0.004961030727776419,-0.011373215518720574,-0.02914399466908124,0.01482292889163843,-0.011328919506856962,-0.03370158881097555,-0.03473403058184101,-0.021639175103481182,-0.01594566815542673,-0.023866705063867934,-0.04924071610316324,-0.027069321968217912,-0.008827914123565388,-0.035015307902701145,-0.005107263399782046,-0.021454935001259376,-0.01810268412977468,-0.0074751178637883975,-0.017987927735770227
2022-03-08 00:00:00+00:00,0.011285386231666607,-0.014957543819618913,0.018108173283610224,0.0386729180149595,0.0020997383042694736,0.019360439473765596,0.0025673955052459545,0.033556174144135274,0.026215842130893015,0.023076492141275953,0.03349375366749058,0.031058397019972803,0.023104995666308928,0.010291686036547724,0.008049805634364372,0.032740270036875255,0.05963192514553591,0.020414823888154063,0.001388503416636676,0.030356462480593992
2022-03-09 00:00:00+00:00,0.05695057844483268,0.07531181948735981,0.0614945092691978,0.07606300698952516,0.03046969510669291,0.07965003732031377,0.0377403279828469,0.051116496202218115,0.047073342526863494,0.047828060294908194,0.05696860755825763,0.06868701431986306,0.05974801830648297,0.0363850571278565,0.06740430880181372,0.00428548537854886,0.04440241031912733,0.08571145624616974,0.0606980771127989,0.05305254334343305
2022-03-10 00:00:00+00:00,-0.05073551804139842,-0.06958729580451965,-0.048835250848580085,-0.05968918707613365,-0.05542453399986495,-0.06195676107004793,-0.038595394302580306,-0.05170594508459593,-0.04100352115978776,-0.04969966855227253,-0.0451097162386842,-0.06182984459372597,-0.04203101945253676,-0.028130579571917398,-0.06074528546665663,-0.015080242695750314,-0.05926832159495682,-0.055009783932105864,-0.03955505997853392,-0.03886790835147649
2022-03-11 00:00:00+00:00,-0.023825578412069674,-0.0201808650695145,-0.03734502171937708,-0.005891543639881233,-0.00026885334212228514,-0.017720645144228633,-0.01204833851617448,0.04214187780793692,-0.004548908526369129,-0.007899232347625334,-0.0193051103831143,-0.009153381986487248,0.020280753052359674,-0.03143677342356436,-0.02690635591206812,0.005494976777216904,-0.019779586086976032,0.027065999052226307,0.08686419412597812,-0.02252496690817542
2022-03-12 00:00:00+00:00,0.0012682309879951483,-0.009142502883862478,-0.003939228504155936,0.01071747510186217,0.0013435444718876187,0.002006528401358036,-0.006950505826523302,0.02511993651529668,-0.0030441423812281325,-0.006820791885088565,0.0046589206451485956,0.007633624855071205,0.009514819641338488,-0.0004991265389370107,0.008762783624660847,-0.009175141519597238,-0.005892768967150738,0.008141157583699866,-0.02165513300886239,0.012980711472721278
2022-03-13 00:00:00+00:00,-0.0038095284166677302,-0.03666703314743173,-0.04320948661303787,-0.038918145451450364,-0.029983167244783848,-0.026900467390317852,-0.02919269664214139,-0.052047945687405936,-0.0320109933980513,-0.036395809614693755,-0.020907644329557794,-0.03481976515922804,-0.037631068217646765,-0.05121446836966878,-0.033105265377167965,-0.006051455683355267,-0.03243527575315396,-0.04816873567450024,-0.03299348362662749,-0.04014706801341214
2022-03-14 00:00:00+00:00,0.020151815437307912,0.022235700361644458,0.015046664710762096,0.03443769680513587,0.03266485294949417,0.04892031687140569,0.02219354295995273,0.027493140580198708,0.032010993398051364,0.022227469981547815,0.028898831069852558,0.0543987038290416,0.037631068217646814,0.02900255064839117,0.03113724506177593,0.012732623011434714,0.03597510245827798,0.020769761486385693,0.019023374977692534,0.03117839803065157
2022-03-15 00:00:00+00:00,-0.0024968801985871545,0.002977300301281702,0.01224887423369007,-0.0006910850309604437,-0.004563153804415777,-0.009905884169983963,-0.011479154747546409,0.006195457721786691,0.009104766992919287,-0.0030899985961347957,0.010877479473803332,0.020664942006770312,0.011299555253933466,-0.005630933742060297,0.019749514269231834,0.007132816174725615,0.026730237597632284,0.014888612493750777,-0.011814483413763009,-0.009386592552903418
2022-03-16 00:00:00+00:00,0.046406372814155626,0.07341760277870121,0.05922508866103408,0.03565137368640794,0.03619467867705951,0.045624811430510115,0.039186554898081524,0.06730700427113975,0.0481665582681397,0.05677149179991157,0.05791429638892648,0.06845705715814789,0.042169400967089175,0.05735802886877131,0.05780872007664278,0.009377382198247675,0.0426551756019159,0.03548759483131609,0.03364467309728914,0.04285428302398854
2022-03-17 00:00:00+00:00,-0.0035863756312275773,-0.028013036227674006,0.0693527779151661,-0.01174313108897777,0.01646974953017446,-0.004781075985047464,-0.006855211079052857,-0.015873349156290233,0.0004797313596442441,-0.007705046374405264,0.013645697645398072,-0.01789448987655053,-0.010830430774369553,0.0019370466105165596,0.00034174403704472194,-0.005912318092700726,0.013100624045698275,0.00158353160564422,0.0020184187500969035,-0.005825259191080406
2022-03-18 00:00:00+00:00,0.018980403722518715,0.015853775772177142,0.07647113665770129,0.03057732403213051,0.013688426660577107,0.02031169524144141,0.02379041683663574,0.010610179112015469,0.020413716228633184,0.03261158558876101,0.044174642881809834,0.041488439063415615,0.015308718599065461,0.018692133012152327,0.022523474667082922,0.014878064026179295,0.043508188241531826,0.016736792355523826,0.0037735893836394877,0.02246564316060663
2022-03-19 00:00:00+00:00,0.05931042484361134,0.0013971360987295538,0.04360425973527325,0.0704538876980794,0.006774583681755121,0.010567682574771557,0.03708706866233605,0.023469134540847095,0.040972359154776476,0.1926659670503987,0.004047708658660071,0.0,0.04285745507624709,0.045483477578884234,0.027567502693906353,0.004695224362618955,0.011357891844409582,0.03816286049532741,0.028345235762667606,0.03370053708028695
2022-03-20 00:00:00+00:00,-0.026937655731808487,-0.02867960769452958,-0.053806634949582925,-0.001221001372694871,-0.023018595684144896,-0.022502352481311442,-0.03708706866233596,-0.039426919979457874,-0.001354096347729369,0.11539526773803442,-0.030785849641907954,-0.03181317353999732,-0.016400885539416668,0.02950594020264335,-0.04079491223071665,-0.005669408560462355,-0.04407848895694395,-0.01559780050323761,-0.01686090032962049,0.023052279512162613
2022-03-21 00:00:00+00:00,0.0423225745712879,0.0032275444908665646,0.016482926214987485,0.022649314863124482,0.013218291085852797,-0.006317702205992036,0.0008392782699949171,0.004814130720451496,0.058763067679404805,0.005747142255567851,0.009962856753148086,0.03114672899683672,0.009528006251654514,-0.004857594007445061,-0.00033858134740245285,0.003405500737129392,0.002143623543251369,0.03292067862008943,0.03847096442723605,-0.02920803917839477
2022-03-22 00:00:00+00:00,0.06132999874138219,0.0032171609517755427,-0.0266713806554219,0.11416014435224946,0.020742965392244746,0.03267507037255884,0.026491615446976285,0.07551725460525356,0.08252945720448478,0.17779626841705207,0.027173850653313385,0.028263465272859358,0.056152160610501135,0.05511510987082692,0.020557086328447827,0.02667676761878484,0.04296103276900466,0.015096463962872878,-0.0008363702022881856,0.018657828283242313
2022-03-23 00:00:00+00:00,0.12787439630938202,0.008174916683588994,0.023768620997460386,-0.030838256515667687,0.010089909643785323,0.012167866742905374,0.05870043419176392,0.03929683403327528,-0.019802627296179643,-0.016046063590848453,0.022100126186770305,0.02559320751785141,-0.0024479816386400017,0.01949864720864243,0.04814225523327835,0.013620562820179373,0.025317807984289786,0.012010713684939237,0.0011946005482289614,0.046189382469374714
2022-03-24 00:00:00+00:00,0.02054560880889119,0.035469643111344484,0.017976976401154525,0.005752652489449841,0.014101862670973337,0.02552564380828476,0.05252520091846062,0.011353007464997003,0.01626697246387194,0.07242887023693947,0.02432620979389752,0.02125079969609471,0.0329479380893491,0.002462044739775125,0.0753868312849201,0.020470126075118368,0.07603468627599758,0.025926505212028425,0.0061890223737068204,0.022318522955695443
2022-03-25 00:00:00+00:00,-0.0314350086081595,-0.0400820337613303,-0.04699871358563284,-0.0032831766837887414,-0.00946034951334337,0.007286174227543661,-0.04485056616535179,-0.03494014188295964,-0.014668251100174879,-0.0076549458317149216,-0.0027748734185679743,-0.0365279905193304,-0.020767519532478153,-0.009884759232541973,-0.03703389566199753,-0.019537580157365803,-0.020599979387896882,-0.017367251816358408,-0.022680518608489637,-0.005390848634876311
2022-03-26 00:00:00+00:00,0.04983237374787554,0.023199634516757564,0.02739250372738511,-0.007702926670806316,0.013315775975772156,0.004460717136023095,0.03898544671295381,0.01834028240969989,0.0035878053236030106,-0.020351064264605586,0.013721694243691004,0.015277190823235547,0.007237667300230382,0.023318708466710636,0.03125098319706729,0.029843824762515105,0.005660392471710355,0.021083001563004227,0.010624269920229424,0.039877024706045684
2022-03-27 00:00:00+00:00,0.02739897418811456,0.04018245718979704,0.045757384520713845,0.039263199451456496,0.03474294844387284,0.05073377393082759,0.06269859421556398,0.07150843586975499,0.060601213850703016,0.017230936928362,0.046789526935948046,0.06363002266495614,0.03851163538707088,0.052000686666051114,0.05088035157426138,0.03947005573097776,0.07080997152012766,0.06288555629994176,0.029930666246188706,0.05426863403764886
2022-03-28 00:00:00+00:00,-0.011894787652149207,-0.019548987903287494,-0.0033433665379743313,-0.021742904593660854,-0.0006971070341558323,0.006268250306015814,-0.016011480242910915,-0.021148144743627403,0.06874315241960302,-0.019565155494840045,0.01124537954894856,-0.02217651565134204,-0.016323720411708615,-0.028028304185792198,-0.01212477845353099,0.0015931642156069613,-0.0457273746388862,0.00043525571960271564,0.0070844033593913955,-0.03907572107580872
2022-03-29 00:00:00+00:00,0.01778954156349846,0.028520638045635573,0.03466779818416081,0.012941674291146937,0.009255040610561744,0.006611696768465159,0.013245226750020723,0.01936561307734419,0.011818003377531016,0.04588246381221352,0.02007662373594018,0.028675799976666298,0.019403014607770157,0.05790384808989731,0.05402242743390026,0.0037556016986624472,0.031605339415331044,0.014258180627056158,-0.0074341148509776975,0.021047799776247933
2022-03-30 00:00:00+00:00,-0.001680672664518289,-0.005972147810150076,0.03016371418669749,0.018051990074664907,0.018030843388006163,-0.007762984396878372,-0.008344971932180647,0.0013371965442493393,0.015089449542393404,0.007681460854756115,-0.00433815866831539,0.014035318116383365,0.00765700525119454,0.05508638956044573,0.07920158935030763,0.05579583017089341,0.04092865549843755,0.006840556815266417,0.004188487798751994,0.01022959740185209
2022-03-31 00:00:00+00:00,-0.041207546828706275,-0.03936714650307269,0.018965281632852205,0.010989121575595165,-0.03031230930936285,-0.03365359925692603,-0.03626419411129879,-0.05117608170500419,-0.03886679348934987,-0.04552325502408358,-0.031283579391062265,-0.018166336089095774,-0.05729303051915836,-0.05285341505613336,0.016010851482153348,0.007335992687859297,-0.03737940598729607,-0.027647549321227937,-0.05550019144247716,-0.029125701888555088
2022-04-01 00:00:00+00:00,0.020816016137725213,0.01783923808775966,-0.005972011159424518,-0.01864794681149592,0.042899573724085066,0.01684575714059203,0.02290722927523545,0.0341046877853859,0.0042372944755152174,-0.00570645107640792,0.051579554534772795,0.025110808441906787,0.008045095684831659,0.04114907856890365,0.09140020067932032,0.014245638034502187,0.025362093983278523,0.0182296714916612,0.015708085538699283,0.047740510330787043
2022-04-02 00:00:00+00:00,-0.008620743043907088,0.06228334498020396,-0.006007890455546064,-0.012538512939688249,-0.02373260894453632,-0.010261073071446306,-0.018571962369695997,0.02417306602123339,-0.01849270338023698,-0.036477552397616214,-0.003316435323907816,0.0034542348680873824,0.0,-0.017999046022180956,-0.015205715992037105,-0.02321918567345132,0.006026707866860335,0.002577321014300319,-0.0044802399818784575,0.002558200423038569
2022-04-03 00:00:00+00:00,0.026485956601776675,0.021179865525642484,0.018528579474461643,0.016243200955608328,0.029745320523097172,0.012933614904539842,0.055394462131765264,0.026190933996467308,0.019197176815500656,0.026465752932103803,0.02243665456009444,0.03833614874354703,0.030771658666753687,0.01692819102068783,0.03274356141437129,-0.0013666805461954392,0.018708028609866905,0.01659259509341963,0.02303364787762613,0.03217975000754471
2022-04-04 00:00:00+00:00,0.021685587071589057,-0.035661212720353205,-0.019464081855457876,-0.006359321908292504,-0.006236100387710334,0.0037243614415168034,0.012877168790202988,-0.013883086321870386,0.017452449951226207,0.0006420545966953233,-0.0006845220187730097,-0.03260547403456192,-0.03077165866675366,-0.029723101452206233,-0.03538876569266367,-0.033656354243367555,-0.028194947541623175,-0.02175389687364522,-0.020609404266119805,-0.036276017896060164
2022-04-05 00:00:00+00:00,-0.034413803031542414,-0.0518905895117548,-0.05449484088026137,-0.029128272923023713,-0.006500078921119427,-0.023523734948063195,0.15097102690987863,-0.049708016459660914,-0.048565275963870475,-0.0515861102647681,-0.032489730525075915,-0.04439981586813917,-0.016970104218461478,-0.05365850748684468,-0.04069902644923265,-0.020289308648347406,-0.03707397225751721,-0.03109512624194996,-0.011690342585288279,-0.05918261429243525
2022-04-06 00:00:00+00:00,-0.10716497030006217,-0.08549169055886871,-0.09340117508840087,-0.09887426856684335,-0.05690711934131436,-0.052501781655002897,-0.18661565031850663,-0.09278811037161502,-0.12644741563861192,-0.14417581426919127,-0.07256775769697918,-0.08278441572930476,-0.0939256456417107,-0.13708695192585582,-0.11621769723849468,-0.09375250215934207,-0.11016821722592934,-0.10151264943319699,-0.07224410889986226,-0.11100150959900042
2022-04-07 00:00:00+00:00,0.03456672963530519,0.028232855955838885,0.054092603913625574,0.015290359353997203,0.037149465173697854,0.006320429156202368,0.017981120694613686,0.02733089371697105,0.031246201927778813,0.12277244713464854,0.01835034370763697,0.02182371593961771,0.021258550792874947,0.035429028003903275,0.047798927045531,0.01931137805193434,0.04706751085798573,0.04571399732150864,0.03569498311257694,0.029665096641701177
2022-04-08 00:00:00+00:00,-0.06154331733350727,-0.028604810581663413,-0.045449092717808545,-0.03975641150840349,-0.03382246590712416,-0.027825199218427053,-0.02428145655086454,-0.04871663746082193,-0.05038952476625395,-0.0705558216673313,-0.010841936976364482,-0.04016083747137742,-0.03025141715343865,-0.06296405577260113,-0.07499134148550414,-0.02710961921016163,-0.06940346480004882,-0.05064984149827228,-0.04177001500282533,-0.06652849312685091
2022-04-09 00:00:00+00:00,0.020300358799458285,0.014404681202548394,0.010582109330537008,0.008938262620859333,0.012027028595340206,0.011810129932037259,0.012561225872973258,0.016335227957782122,0.01542661403796258,0.03566175348402658,0.020518596261411837,0.01963413857480488,0.017905581331139373,0.031090587070030967,0.027280945270892618,0.021339622695085228,0.03133151685064097,0.013759430835278709,0.009623698294180543,0.011296009663849754
2022-04-10 00:00:00+00:00,-0.01737495447035317,-0.028642463865320655,-0.042770471502189336,-0.018894785443661938,-0.020126167674730893,-0.014017429746878484,0.0273614880111378,-0.02720208780498445,-0.02344184361796995,-0.039869159764983286,-0.01718808999540962,-0.012390116116569278,-0.021525494786273903,-0.04352454878164168,-0.01687314056590325,-0.02470043245203821,-0.0170601227453083,-0.02220668603414431,-0.010418821580174674,-0.025597858395193778
2022-04-11 00:00:00+00:00,-0.11002353988547206,-0.10536051565782628,-0.08578893093623588,-0.08139864008467226,-0.057848044774004376,-0.06437336581826365,-0.09997692257435374,-0.11104201972273901,-0.08758911113245427,-0.08592971111888878,-0.0722643104524599,-0.10215771775330262,-0.07431721365404927,-0.09165606717895426,-0.10829590419966376,-0.06884402533062868,-0.09439966327624766,-0.07081231866303278,-0.08216613249263537,-0.053587182857985395
2022-04-12 00:00:00+00:00,0.0373376704376441,0.03258692133096887,0.026020318395377766,0.03401461629223009,0.047026729605704344,0.013679940298762482,0.028667894869572063,0.03260225834715258,0.036763840689528364,0.029821166141776833,0.015953995545066883,0.015861904300466734,0.02316705928153438,0.03493369193532951,0.034997903741216224,0.028442750246805013,0.03604978021397086,0.03059310318016202,0.028938189492354546,0.0348467313301681
2022-04-13 00:00:00+00:00,0.019699963161804796,0.0024321049686123948,0.049719523570926925,0.11215703901011238,0.023418035506545355,0.02641901842530263,0.013674196514230685,0.023909951916189685,0.0499778127650879,0.012254096763526266,0.029491523824412797,0.014909754366287064,0.05296174907086584,0.0417827883274381,0.01652612553798464,0.026193738716638715,0.03479528665339485,0.02056627758147702,0.011123585218662302,0.03524876293526707
2022-04-14 00:00:00+00:00,-0.0430061027951912,-0.030417470386682816,-0.043188674861878225,-0.010607052895721893,-0.020761991448429128,-0.029732304130666604,0.029579621334040948,-0.016062378010129198,-0.02228982123392135,-0.0407248238074317,-0.03136932206332718,-0.03879796954098254,-0.029386871321154726,-0.031536297118266485,-0.040548065966254605,-0.022528289760994823,-0.017773599083964163,-0.013319869060709925,0.004139649902268725,-0.024543064579278056
2022-04-15 00:00:00+00:00,0.024352712204057363,0.00499584719337167,0.008039462388041665,0.009434032233358494,0.006250020345171326,0.015144719601020222,0.011728316569081338,0.02372525075569835,0.047406252436273576,0.008064559836730495,0.006129463284808756,0.033144244233753783,0.033901551675681416,0.0235079186951478,0.005344430773274974,0.027556278619704517,0.03013214978776095,0.05175734348195908,0.07887684814412411,0.03019457098720949
2022-04-16 00:00:00+00:00,-0.005243850506011036,0.004144224746026492,0.003995623025444772,0.005851391768464087,0.0,-0.004279969331170057,-0.015900784374882147,0.01461460382584063,0.07522941243651635,0.020930688593446777,0.006144422645443129,0.0021238946037041664,0.029296369488430757,0.022504465910381875,0.007375752570239297,0.0008086035857416378,-0.010288156589488331,0.0053724182943228746,-0.006383272025476693,0.027178942875078566
2022-04-17 00:00:00+00:00,-0.03968349109124016,-0.040942624900300935,-0.030297433593866004,-0.043828746756568795,-0.025975486403260677,-0.017502763604226226,-0.03042328729935657,-0.04787709377272603,-0.07564289187180555,-0.0412153597649524,-0.023561784234964658,-0.029424440688547077,-0.049315236378922774,-0.050878574256702495,-0.0188918135239981,-0.029030328911087002,-0.04548642381161011,-0.043809892715572014,-0.03771569871490154,-0.062225536966816083
2022-04-18 00:00:00+00:00,0.02485271078427224,0.036383031508634874,0.030168791411917265,0.03650914153980402,0.024776589244910774,0.027909874843025737,0.007158226700170449,0.022848583829426276,0.011104370734234356,0.008163310639160835,0.02233853449045376,0.02375066660263906,0.022717923859656868,0.038282186571016966,0.021533822986836693,0.022868480324558505,0.015037877364540502,0.04185962393553808,0.02365729990002257,0.029395087683806345
2022-04-19 00:00:00+00:00,0.01588175255294297,0.0246216787462849,0.03227924068600911,0.0005875440827069019,0.013109471500740788,0.01681929927737526,0.016272025108215443,0.039432600006494956,0.07900394276592856,0.024097551579060524,0.015010034412271363,0.01272101960131086,0.022213263410731456,0.036870535808327796,0.05863944953345225,0.02600885087677251,0.01796139147450564,-0.0048923776644446346,0.006473352485900578,0.016859593849675805
2022-04-20 00:00:00+00:00,-0.01588175255294307,-0.01634691080275545,-0.02612300731461747,-0.02920350560181994,-0.009278049189184834,-0.0032586092287824916,-0.012712035588361861,0.011061477020301724,0.04362984021265945,-0.03390155167568134,-0.008329860832956325,-0.015570024377385687,-0.01683690637435093,-0.027059665244068467,-0.027278664813693294,-0.00779575978994847,-0.024378525795139102,-0.01831281069928938,-0.030396680586481328,-0.026032519152295368
2022-04-21 00:00:00+00:00,-0.029238682727526492,-0.040787659166855054,-0.04164277195977876,-0.04673603101602778,-0.03279778971259775,-0.02146219513885801,-0.03250557040493141,-0.04884254898832347,-0.09839017136859532,-0.04620729575117791,-0.030519133695049935,-0.03262340775966618,-0.046647688791785116,-0.03260388009281589,-0.03675004865773639,0.12744358144843015,-0.05174516967766175,-0.01814565916805398,-0.02546449482350274,-0.037557020006603645
2022-04-22 00:00:00+00:00,-0.0044052934679163795,-0.008620743043906975,-0.013284328198734171,0.017277012123749172,0.0041897781561308816,-0.019225876795201283,0.0007339449870750548,0.005485477276671278,-0.01934764099778612,0.01817715483425292,-0.007127546794771479,0.0007366482837723511,-0.013195290418832432,0.013358977295198074,-0.012158504942025618,-0.06551387478056109,0.006756782462879907,-0.0066343698304328685,-0.02054252977748321,0.016361621538864696
2022-04-23 00:00:00+00:00,-0.022322355437898383,0.004750602758597799,-0.016342458225183244,-0.02714813191901217,-0.01361912841823909,-0.006761298356655494,-0.017765086005360236,0.02218105544146762,-0.021807076866080875,-0.028259337314403277,-0.0099603565921431,-0.02008248972352973,-0.002850358224356586,-0.008567401285298638,0.0007953077265808725,0.014901184677498404,-0.0011229647446237823,-0.020171358863779423,-0.017140065575652765,-0.02664193094642119
2022-04-24 00:00:00+00:00,0.0,-0.04044507288856822,-0.01829065816951908,-0.015479186848460088,-0.005750734688323929,0.0002162457340772487,-0.016566643947891275,-0.02821673905939159,-0.022718688516893532,-0.026699546966354158,-0.0041099949724494895,-0.003763647649303833,-0.0047687262520829075,-0.03502303478956322,-0.014010036019091605,-0.029113700899705247,-0.02157948587368262,-0.009448889197932396,-0.010827859030428686,-0.013423020332140661
2022-04-25 00:00:00+00:00,0.012784742936802032,-0.007203993334819208,0.01897695289139817,0.021858793812499017,0.013697138559042013,0.02443777865032932,0.18270113546619082,-0.00385994413629977,0.011844470112522468,0.00029730935256912103,0.02889050081606422,0.013483350337286988,0.0,-0.008451454729432087,0.01758111411231541,-0.005497036288315493,0.0022935789870993646,0.013619906715270686,-0.007188070052416791,-0.002706361597742914
2022-04-26 00:00:00+00:00,-0.08302799272521166,-0.0863132680152166,-0.05906505372339912,-0.060624621816434854,-0.04657890810315223,-0.05892887322404605,-0.13887681871618301,-0.0817015413411794,-0.08464396972103666,-0.0917789664731025,-0.06774948549478285,-0.08296114869060695,-0.05907229002223284,-0.0746073479443743,-0.05380320357955685,-0.0536249842240155,-0.08607460877124302,-0.06280571876325657,-0.07658598523397794,-0.07197349962508923
2022-04-27 00:00:00+00:00,0.017047231554130234,0.05417092343774403,0.016744040150382104,0.037139546949456786,0.013896260672793816,0.02904130834995406,0.017291497110061043,0.015467292293307759,0.030646832902553985,0.01872230283810495,0.027829537040039223,0.02947246373962092,0.0190864658905407,0.023392879574705594,0.027415918889083284,0.02046761568338869,0.027095253608710654,0.02029134604827084,0.015762959665257554,0.026227477836885324
2022-04-28 00:00:00+00:00,0.003683245416296368,-0.03224556280877833,-0.037927533066562324,-0.0022812458972509375,0.03958432629256641,0.012822767969639432,-0.018018505502678365,0.0029472464599321056,0.026714967321377472,-0.004808472159559055,0.01646824232146928,-0.006299233427987201,0.02747964862646234,-0.010565338638997238,-0.0012207529491595568,0.00851068966790861,-0.00854184571296279,0.008648702558531677,-0.01451762949186114,-0.00568991577767857
2022-04-29 00:00:00+00:00,-0.046610378441623114,-0.06521344764441417,-0.05910184486894338,-0.039599251347736134,-0.035249243639671995,-0.02925883015250115,-0.01909015389291598,-0.048231167994296685,-0.017437233443140528,-0.06402451444416746,-0.041646181874155655,-0.0560438971461483,-0.028475168867964012,-0.04841848603841081,-0.04454430460812025,-0.0006279435057202077,-0.06978099710242115,-0.04401150329993384,-0.04975515980845028,-0.042621639538989516
2022-04-30 00:00:00+00:00,-0.06308166371812018,-0.08588967188042977,-0.10676353237341807,-0.05907710971577619,-0.04129920760494975,-0.025328630177714796,-0.05720202007564708,-0.11024511826301518,-0.12241114309085148,-0.11996939110257718,-0.032641219258456255,-0.08906406330737207,-0.04689952228081403,-0.06863459835957465,-0.10458034610869746,-0.016785825637867974,-0.11992066698915607,-0.05135249926604987,-0.045321693142784204,-0.05862624773440691
2022-05-01 00:00:00+00:00,0.04388769806834228,0.008928630744301398,0.030931191554796966,0.022432843848452202,0.03337989172424011,0.02201296126766681,0.04075919820009874,0.05761807829299742,0.04755869525048226,0.06613053247316594,0.035363688743625235,0.03234783386551934,0.03588288607431198,0.0529039369047386,0.057958965081889954,0.1226330318878384,0.053365220539446,0.03947117137929713,0.03777201014737504,0.014495846384805168
2022-05-02 00:00:00+00:00,-0.010952733027067325,-0.011173300598125189,0.02636371310635593,0.003514942107444592,-0.001026430677748632,0.0014757090645608362,-0.014421502315063632,-0.026386755173194887,-0.00618019556819224,-0.009079415921917753,0.01116999653563879,-0.012455677046919748,0.01400022867338966,-0.004540302918783098,-0.02460898540033575,-0.026481186697378575,-0.02560595090517127,-0.01260039580613766,0.011954617110383458,-0.030006199080270447
2022-05-03 00:00:00+00:00,-0.012629033829714446,-0.013005555099033684,-0.011836430595900466,-0.019844733445789124,-0.014481763304050974,-0.02088383006942929,-0.009988557883505807,-0.016172859245601072,-0.02120561388298638,-0.021387245877161686,-0.026548850637668365,-0.004486324258673082,-0.012993686061988185,0.0,-0.018920730567154233,0.05186609230343596,-0.01305312224457933,-0.008683122573460881,-0.015750940890714462,-0.0024077058180271716
2022-05-04 00:00:00+00:00,0.1529086393846988,0.12553134995744641,0.1205555689024997,0.07113802783333968,0.0475614111989392,0.05067156251954114,0.04823844001750541,0.10440897613112661,0.08090411481655663,0.13278568043485792,0.05556499313764938,0.09269066291677461,0.06711317168537374,0.09696358516187377,0.07740524886876546,0.1726110631280609,0.14640438337262265,0.07123841039174128,0.06591222575925992,0.08248124390885551
2022-05-05 00:00:00+00:00,-0.13072113094504859,-0.11028112500458895,-0.13049919174529728,-0.0786825220344687,-0.06199167602796797,-0.08233682535055205,-0.05832777667052828,-0.11396536285134475,-0.10058010619569872,-0.07909124574858233,-0.06776478746508298,-0.11175615189423133,-0.0936182910653709,-0.11939765802414659,-0.09313511891732425,-0.14678037195458002,-0.07731419302033239,-0.07648470630704646,-0.07688672898791582,-0.0828830924173775
2022-05-06 00:00:00+00:00,-0.006617484062264456,-0.009574840820258234,-0.035163912457666896,-0.008692557450532478,0.0018481853445660472,-0.014861076122788424,-0.0031250025431352776,-0.017993565048012528,0.005449604767564685,-0.01279789952270006,-0.0202623449546493,-0.011060020574936196,-0.0010335918232826594,-0.015831465216680628,-0.034179018891445694,0.14678037195458005,0.03349274878111424,0.002335085707846783,0.0068316519971221385,0.006809559659895125
2022-05-07 00:00:00+00:00,-0.029543480602026634,-0.07275935428242843,-0.03499107420946197,-0.02542041466034323,-0.03653374333245607,-0.015146717920837932,-0.0023501773449535156,-0.04061833741991928,-0.02349520723673917,-0.04052388749762707,-0.021587906387850193,-0.05525214709346891,-0.025132212819836866,-0.0379449315641236,-0.0351350454069291,-0.032747331355078166,-0.055532208347405805,-0.02359991534087349,-0.03618315253704709,0.004381604301366086
2022-05-08 00:00:00+00:00,-0.026789101165221478,-0.04544821969491432,-0.0641509993346205,-0.023788170974756568,-0.026616486673686317,-0.04126534832558704,-0.02702867238791926,-0.0370412716803491,-0.013751171612824522,-0.011994146785819278,-0.044868390391330004,-0.02078253918252862,-0.004250803425194488,-0.022975242197716746,-0.04513214061049174,0.05168837858752609,-0.012614042516096716,-0.03585920517812617,-0.02545909083278701,0.016555364318456726
2022-05-09 00:00:00+00:00,-0.20696419089532753,-0.22713238787544254,-0.22547093793498704,-0.18316256758552585,-0.18395255740860125,-0.12375148039084222,-0.1970957519818823,-0.22125853661843858,-0.20409535634351517,-0.1546535714647112,-0.12279266576677982,-0.21072103131565267,-0.20886892352161665,-0.17981214518852884,-0.19283028177959732,-0.19003831388344058,-0.17529412098649771,-0.13920516671043034,-0.1500674228283388,-0.2395995564989965
2022-05-10 00:00:00+00:00,0.043403805809742256,0.08206979765173035,0.07884707160224204,0.06054363157571453,0.07480729817665226,0.03080084662153245,0.0581392868955405,0.06735939747921257,0.07626198483363036,0.05021436748476762,0.049675464452423136,0.05873467431777088,0.05116205217986827,0.03835278311181569,0.07348726107479088,0.05601945719973911,0.01996738551386843,0.054665978866189714,0.05139589532130906,0.04800921918636066
2022-05-11 00:00:00+00:00,-0.19216944300611272,-0.22997834286050683,-0.3578292341784769,-0.17209326701277355,-0.16154239391020783,-0.0636651051045502,-0.2359567726265862,-0.22292350510361775,-0.1971157681492274,-0.1787281881173107,-0.1162625551455644,-0.2118570764194632,-0.18581893732612548,-0.26904354006140846,-0.27333604357770586,-0.02568126913879584,-0.21208466326497777,-0.16113347652999718,-0.20671012204415215,-0.16541974599135142
2022-05-12 00:00:00+00:00,-0.0915962444451523,-0.11062613104561657,-0.027648533005074857,-0.003598050656290728,-0.009250759772150998,-0.00255239398280821,-0.032164773970700944,-0.042703117324975906,-0.10071867576657158,-0.056099091706989325,-0.06170734723479563,-0.057751056620703164,-0.03203935374461654,-0.0746908926015891,-0.13123260548342153,-0.10794300072994001,-0.05011487012562327,-0.04697219741967212,-0.07876516039022687,-0.06401724175725988
2022-05-13 00:00:00+00:00,0.11125899494609719,0.06609011182899006,0.06046940256893663,0.04135738155608606,0.07723637153434341,0.008824272580558484,0.06446285241520136,0.1830866677723654,0.0505080568128484,0.0808161186578889,0.0249237694793723,0.08612175374991873,0.05137081076292377,0.04294219428700885,0.0915559927459161,0.09856081154870748,0.09394658750187229,0.09183664312450085,0.09209869125969211,0.05221603708224444
2022-05-14 00:00:00+00:00,0.01538203279078301,0.044536019216626484,0.05202261545303139,0.031130918595173213,0.0214476306335315,0.02693910433173367,0.01464814923733455,0.07724426708151799,0.008915363657952329,0.028875923501854542,0.023015302058914555,0.01526747213078838,0.014620143454962391,0.04304825356851363,0.06929263576546986,-0.024951870541699478,0.007767029337659596,0.0443859839159834,0.008009465668434189,0.031165571856806688
2022-05-15 00:00:00+00:00,0.10738749940142871,0.1374624879864068,0.07492865336515114,0.0287959476399812,0.050889036195816806,0.040456131904645545,0.04162703951207723,0.0441439044909761,0.03916381576770074,0.049964138205921514,0.042278957997049504,0.0920491710195869,0.03843889594698679,0.032245999733362236,0.1151729822919231,-0.000414278815563803,0.05457610123647594,0.05009865924266793,0.05010770212758062,0.04970298942679164
2022-05-16 00:00:00+00:00,-0.07137227345488846,-0.11184352053590461,-0.11614369102695025,-0.08392801833469733,-0.049879105121926774,-0.04755180340819563,-0.05741090721333916,-0.10526643785541429,-0.0653923706273292,-0.05949709886464514,-0.058366988252162674,-0.07024994267700259,-0.061934837315917785,-0.07236599352278764,-0.08956435259121344,-0.04563905677917742,-0.07608230645743957,-0.06320882516687558,-0.05740786406607558,-0.07691933189126805
2022-05-17 00:00:00+00:00,0.03684209743651208,0.03462396456604808,0.05468128330983517,0.045990799437730025,0.029833170379979287,0.018930606202495235,0.02580064594473347,0.037844848495092474,0.04455079698537376,0.041741112232018075,0.03260075113412737,0.03963530685739565,0.08403518431658388,0.06873292867290653,0.05831450719937489,0.04356508438004808,0.07791213313451564,0.03882586868866558,0.034610352650424496,0.046212843155131626
2022-05-18 00:00:00+00:00,-0.13288876673424443,-0.12533767825421357,-0.15066736716152124,-0.10166187028998025,-0.0623202126660811,-0.05848869957421896,-0.08068891125014276,-0.15128642822711263,-0.08404489602453331,-0.09485093754596644,-0.08773344202251154,-0.12542224387526377,-0.10354067894084033,-0.1054616227809092,-0.132780058972008,-0.017452449951226166,-0.1120863129471092,-0.10473385105953346,-0.07685145809947264,-0.10178269430994247
2022-05-19 00:00:00+00:00,0.0529325904500234,0.06971796297912011,0.02701514964604801,0.050088716847798836,0.0652551568892746,0.05435138641776955,0.038851266395592485,0.05534198935200764,0.04252670181820374,0.05358863786798483,0.05309965208226872,0.05846283274331389,0.08839930226447773,0.06080303925423895,0.0444604703760752,0.03555745690285775,0.0595413936910167,0.022455453803837008,0.036077027136029276,0.04424470179775742
2022-05-20 00:00:00+00:00,-0.0327773244634004,0.0326707822895487,-0.05373821978680142,-0.03311218181493252,-0.016084377608137652,-0.03757886695618367,-0.030483016725075765,-0.036552292508641095,-0.03779856062225782,-0.03557013236530655,-0.03039973902804933,-0.04969084667047687,-0.049761509559063825,-0.03682586662826768,-0.054524967569725136,-0.03218287552271212,-0.017493157447517345,-0.03347918748588526,-0.025043447014989135,-0.008578834426872834
2022-05-21 00:00:00+00:00,0.023737714885675363,-0.013483350337286875,0.03714858915394617,0.012026288737222784,0.03319536812689158,0.008322856374715153,0.0059347355198145265,0.03355678352884277,0.026378565936308856,0.009380468685436206,0.008128865472563522,0.027280945270892618,0.01734147503648739,0.023415703980843843,0.017646337184359404,0.03855102928383579,0.02708095860267083,0.035009409666653016,0.010671942177336033,0.04492613995941886
2022-05-22 00:00:00+00:00,0.02429571942787635,0.032059735910222334,0.05910811225440953,0.028185314376913836,0.022159817815381268,0.028421538420796314,0.016432294627081432,0.015873349156290163,0.03683242347742482,0.03524381178455736,0.03390847123771363,0.03753046439340958,0.02685673783724794,0.04708967889168213,0.04222828013260626,0.054024569162188875,0.044783602626973444,0.03530220129665729,0.017458293469324537,0.08118259760761445
2022-05-23 00:00:00+00:00,-0.05347245316102524,-0.023947929374846234,-0.08726943040811914,-0.030266480580738515,-0.006911746020219111,-0.039895134769211214,-0.030735279817412784,-0.027945930390559336,-0.03530220129665724,0.036333759075231016,-0.034794908552463054,-0.0432122978608404,-0.03693601683195056,0.04585072756506684,-0.06514846321198552,-0.025793666384375646,0.025226562945675563,-0.050710826649502466,-0.040150495670145864,-0.051959738930711104
2022-05-24 00:00:00+00:00,0.01642073021232771,-0.0035971261808495918,0.0006879945231818285,0.018576385572935457,0.034395334746854106,0.018564024573910418,0.004790428322632518,0.030894335474856937,0.027150989065950898,0.10252025537655371,0.0030814170554417973,0.02947581813295368,0.015793580258141267,-0.009713100646500028,0.010117447695411024,0.05715841383994862,-0.003565066164496257,0.03283991173081262,0.008355910008993486,0.12186358775684052
2022-05-25 00:00:00+00:00,-0.01408609880172392,-0.03297001923756983,-0.06499713155606546,-0.027995607489427095,-0.007951112225359236,-0.003798525195082192,-0.008398369698831606,-0.03190699378924322,-0.014237782662772388,-0.020438667677273956,-0.018756095416388646,-0.03805956182434513,-0.02890374618234899,0.034019852870661525,-0.03461687170771067,0.0491207973349501,0.0035650661644961446,-0.0067847979834799125,-0.006383522781789017,0.006119105937265349
2022-05-26 00:00:00+00:00,-0.07189809249907998,-0.1111708660985176,-0.15103626858954886,-0.05845820048659405,-0.07224390677281863,-0.011603116040031471,-0.06341465491989547,-0.07683946797933142,-0.0679152851757811,-0.08025343362521709,-0.08058207055617697,-0.05766564184980911,-0.0714046589507705,-0.08498629646268883,-0.09940358178586849,-0.029595402675204652,-0.1269440873250008,-0.06161792890092063,-0.03509131981127017,-0.13440326149702864
2022-05-27 00:00:00+00:00,-0.04768407325286845,-0.036020843404437335,-0.0369526937981884,-0.025975486403260677,-0.004631169375568102,-0.0197668076759755,0.04640330909335882,-0.002190581379818809,-0.018753097469892538,0.02747301809618586,-0.03691852711164214,-0.04355276178416999,-0.030378035359171884,-0.040005334613699366,-0.053670839843866586,-0.01717201523705104,-0.05395499412241094,-0.03187846564194482,-0.026103045558992014,-0.02445109586416431
2022-05-28 00:00:00+00:00,0.01736908624061354,0.016051709010508043,0.09216488909487953,0.022065958943947174,0.01937345111277156,0.013927458255286653,0.0024479816386400372,0.05648811126465463,0.03318799125349507,0.010165833403748967,0.03691294745507008,0.045073674624876665,0.022472855852058576,0.01734147503648739,0.07214553567212512,0.004320727664998787,0.05999730857837346,0.018922818842145184,0.011455475440764881,0.08080403241529613
2022-05-29 00:00:00+00:00,0.03676729371429144,0.01788580030707505,0.05500207877260261,0.035727900046696626,-0.005543793751610602,0.014932730664861931,0.010942358420944227,0.03362517497247808,0.02980612803270183,0.04008293520350276,0.011880800673498414,0.01956420564636447,0.009478743954543739,0.01610645903105288,0.01636257507723099,-0.007790801787768334,-0.006042314455962698,0.06621803905278828,0.007222110318272425,0.007077885968570694
2022-05-30 00:00:00+00:00,0.16734130801320762,0.09065436826813084,0.057561832285889084,0.061259663433001016,0.05099894106332089,0.07408727158891816,0.062117212448560805,0.04793093455907298,0.0686837046890025,0.048246833539385324,0.09720111888622697,0.10595646323207902,0.08294126042754758,0.10178269430994218,0.048599585126197296,0.0329700192375699,0.13403631563449267,0.09037464443002156,0.0733182930345897,0.0742518984636996
2022-05-31 00:00:00+00:00,0.09534208841805789,-0.016322974031930518,-0.04767205978070776,0.03836086787244616,-0.0028006864424716996,0.002103399738536469,-0.024036577828241267,-0.011527505171067496,-0.00433840159859813,-0.04403097569317543,-0.028870119196813194,0.01727617719186898,-0.0101819061451193,-0.01798763701785533,-0.031188676991816076,0.013837749135075392,0.007042282625412951,0.04895607043277405,0.007139487727416636,-0.022228392156356854
2022-06-01 00:00:00+00:00,-0.1278043645627191,-0.1007460308907959,-0.10949048907837441,-0.09531017980432477,-0.06601462822583151,-0.06479498169315473,-0.05823398846828003,-0.089914136647591,-0.08543159783011134,-0.07647315007756864,-0.06595738261063266,-0.09097177820572676,-0.08701137698962981,-0.03787330670644726,-0.13200317488358934,-0.010120941307263561,-0.10341309537343082,-0.09531017980432477,-0.057842155468076466,-0.07135269405643399
2022-06-02 00:00:00+00:00,0.06237201715099336,0.030576973569282948,0.03933440211664157,0.01600034134644112,0.02595841500212504,0.021468021186670065,0.02099942871561933,0.044451762570833796,0.02031319845071853,0.018002286349479993,0.008833500757757908,0.03683135853114366,0.028303776162851724,0.023071120901311835,0.018281141524050342,0.009054148104687252,0.03065374109100252,0.0428637044317821,0.018668868271030013,0.018825282472618273
2022-06-03 00:00:00+00:00,-0.04725837934094511,-0.046767289442438666,-0.06847099620329687,-0.03171456337917739,-0.03196844978701459,-0.025017916656657774,-0.03042059670071174,-0.054011049384290015,-0.021892977610236886,-0.02621026676730968,-0.03267496710853838,-0.04844251945882155,-0.02989994569567395,-0.021277398447284965,-0.06497925472125843,-0.038936123671684975,-0.04239555896768562,0.02144668849674668,-0.03794901901653019,-0.04063300028401674
2022-06-04 00:00:00+00:00,0.011540296738865937,0.005425949285997205,0.06603197060393805,0.030655802030935472,0.009001561031165553,0.005500964525962497,0.019487543191764177,0.007442883907078443,0.015686596167699473,0.006389798098770988,0.01645985145239517,0.07723134793599017,0.01741928447206488,0.013351333174864196,0.018634079544892792,-0.008295720205389703,0.009794397592287625,-0.017259662142530004,0.005364682683525608,0.0036678060505451315
2022-06-05 00:00:00+00:00,0.0015874419066900605,-0.007604599385219304,-0.01600034134644119,-0.04828711275491291,-0.007328480500353211,0.001845667997686214,-0.009819644388740991,-0.00957963685681372,-0.011741817876683174,-0.007305968570550606,0.0009139224245239042,0.031917602968304946,-0.007880261425305976,0.013175421158564547,-0.012384059199721555,0.013338471190388512,-0.007827828620246792,-0.0006966214144481089,0.007108433080176658,0.022240378808119535
2022-06-06 00:00:00+00:00,0.07091793546768793,0.031135096795413462,0.07218600346675226,0.031192679395612672,-0.013463683687008586,0.047450088834951915,0.01748531434101955,0.016967533256703287,0.02565239767220807,0.031576822866564824,0.029248662366728604,0.04228688962369463,0.020360922648914957,0.05846645849996394,0.09573489843462094,0.0012260913747854881,0.05355007795834194,0.010398707220898517,0.018298542903051447,0.05280110847099288
2022-06-07 00:00:00+00:00,0.008175323492914638,-0.02786889900879249,-0.054965405715081676,-0.019037833618537888,-0.01639941091830956,-0.007928880711022794,-0.02590850300076585,-0.029884828042538072,-0.013910579795524968,-0.044492131543247146,-0.02532552855691377,0.08878729806228793,-0.01091203345098265,-0.02415777621697812,-0.07543354593077677,0.0030586675831054287,-0.028330506626225996,-0.032238250828863634,0.012342788142878732,0.0029069787913093108
2022-06-08 00:00:00+00:00,0.04255961441879611,-0.049007579106694496,-0.004073325387635898,-0.029536836530019078,-0.006219785082429999,-0.030022098209930834,-0.014030043490805045,-0.02412397689451429,-0.024420276136454082,-0.012144007254798724,-0.011899585937941203,-0.001148765203873593,-0.03997334740857852,0.01256824252231289,-0.012285795690193115,-0.015263713375237301,-0.025219571332115963,-0.0021390382487494184,-0.01732287811685183,0.012500162764231468
2022-06-09 00:00:00+00:00,-0.013353430689582006,0.003418806748785461,-0.003680233145812644,-0.006810469002526863,0.004840949979455474,-0.00314484124646771,0.0012607162537197289,0.025206814033346316,-0.01122706259378344,-0.005182579326669787,-0.0017147537219068558,0.06346035391722576,-0.016447739209025907,0.00249480378878265,0.02868581003677694,0.004949280085524834,0.021380795024950255,-0.002143623543251453,-0.0009990010820849066,0.06205694481136794
2022-06-10 00:00:00+00:00,-0.09603794733055299,-0.08051684356976407,-0.1003206629959742,-0.047822523145641234,-0.012146600841119288,-0.0343959202434377,-0.05144582287917361,-0.0659825647098048,-0.046212843155131564,-0.05685281159278288,-0.07298151461854453,-0.14235429638688887,-0.06155789299943332,-0.05374427600669057,-0.07237696947119195,-0.02613465405423342,-0.07796154146971193,-0.04911210439864398,-0.04785357142512127,-0.12262184552533337
2022-06-11 00:00:00+00:00,-0.03616133098673052,-0.07155030486638814,-0.1039524896784479,-0.06605300869339994,-0.059337915062531534,-0.023200611947273582,-0.07517989850783495,-0.07437479298511773,-0.058252016374750276,-0.09321238172217881,-0.08141423709847077,-0.13282091302092383,-0.08269171584511341,-0.042064366880149126,-0.09120240551302201,-0.035199921027710426,-0.09136785703058983,-0.060389863499043295,-0.05828463563952667,-0.09080258778150116
2022-06-12 00:00:00+00:00,-0.12194330212528225,-0.06568708335245184,-0.1405914320352476,-0.07072652765363868,-0.057572596325950604,-0.06730524721449922,-0.09598250643733361,-0.08035408865067464,-0.08108771784551926,-0.09552974287469869,-0.0661014978485426,-0.11583181552512183,-0.08596699047172351,0.061162169536737934,-0.10297282583881767,-0.00026250164214272446,-0.07814625347343875,-0.055797901326836784,-0.0472215146213386,-0.09436565657939822
2022-06-13 00:00:00+00:00,-0.054475134798265275,-0.08252102368800358,-0.07068810250631608,-0.13863244351292814,-0.1333071522378895,-0.16699764123151092,-0.15883132683284146,-0.051222269138044514,-0.1140279588679944,-0.13629573439867249,-0.17058175652519614,-0.05575214163519523,-0.09635456632223106,-0.16611651134657565,-0.06792003513151418,-0.17624919347696016,-0.10371982620036625,-0.10395503404909126,-0.09624274383997014,-0.1549655097765996
2022-06-14 00:00:00+00:00,0.03947742173662464,-0.023311078868446997,0.026945904634188868,-0.009486237145106845,0.0,-0.01573183286725236,0.024602607640038635,0.044451762570833796,0.02365701722969248,0.008270205648672424,-0.0007607329863464822,0.12803571191458163,0.059136022854222696,-0.015345569674660421,0.034029748586311255,-0.13884643860811968,0.05320403606346446,0.05377149451963612,0.03032449667973612,0.032283505351126375
2022-06-15 00:00:00+00:00,0.10166917366742724,0.14194713854652927,0.1010612568633474,0.015760767534495485,0.046438479493953196,0.020005528538409763,0.12346741895061751,0.14282906758247102,0.0697718807682292,0.08609583561187627,0.023398521720463156,0.08391559097434453,0.0930422697458312,0.030459207484708654,0.161030833985073,0.12544880736375044,0.13547251261286733,0.07271265258948344,0.06679173680668807,0.05443063298340064
2022-06-16 00:00:00+00:00,-0.11605491117502573,-0.1435207029939599,-0.14807053041886867,-0.15623781859691618,-0.10555079251122129,-0.10163017824163617,-0.12924465112316022,-0.1745777658970514,-0.10217212309365056,-0.1389436374794659,-0.14685358116920716,-0.14194713854652935,-0.1231776195240836,-0.1232982163444936,-0.14327789746549835,-0.06202396604025488,-0.14327489289705211,-0.10517718079618896,-0.09263622599345235,-0.1178647917779185
2022-06-17 00:00:00+00:00,0.02283678234292485,0.006279455484843101,0.01258669857831225,0.10490337279272223,0.02629259438118371,0.0033031496542327322,0.02961329484945996,0.020819627782390004,0.029207051746266317,0.03763312386610613,0.01711061304646468,0.0,0.06107115006676556,0.02347788106228282,0.019398931521038155,0.011081375987497248,0.025774622688615374,0.02534072247885446,0.024599159013367816,0.02255461197359377
2022-06-18 00:00:00+00:00,-0.06859710181972879,-0.04972957241136772,-0.07531137069602215,-0.050643732818754915,-0.0911483240860459,-0.0760018363469714,-0.07271623989830235,-0.03210324538441743,-0.055904966696645166,-0.048546291469771935,-0.08824830591513726,-0.07169192845611656,-0.00886268725784543,-0.06034841687061054,0.04177237311583761,0.01655941134411179,-0.07665574423252063,-0.03825603115553658,-0.04296603588344337,-0.07698981852861074
2022-06-19 00:00:00+00:00,0.06365882017914622,0.1074963909461079,0.08588689694310851,0.04320875433123674,0.08789930753569583,0.08112771492687064,0.1337440354208679,0.06586742498762502,0.08738710496699756,0.11721390681464618,0.1257977979747236,0.10873320013646559,0.14036997393783068,0.06365785177197762,0.06557249608264121,0.007037096383130755,0.1407170522853972,0.06384189972312314,0.05964853584337944,0.0769898185286107
2022-06-20 00:00:00+00:00,0.01372550483211643,0.0073583849311871785,0.056539410415664994,-0.015879982677462698,0.006487511168860225,-5.346568195921985e-06,-0.007469534272900554,0.04416302061750961,-0.007257678306284528,0.05505977718302739,-0.0002570044812685736,0.05597926774190128,-0.028397200499783108,0.007679686674228136,0.030248597416768937,-0.0027761918704319725,0.023585999005879075,-0.014919100763391206,-0.011400524032035932,0.0374205326491335
2022-06-21 00:00:00+00:00,-0.020971163278157505,0.018882187721330015,-0.011764841579586483,0.007553539900908901,0.016491441089871432,0.007246490991842595,0.09209396245580664,-0.01278789804975584,0.003116885640253148,-0.006176671891729062,-0.00212059047831573,-0.017341475036487215,0.014112568402396466,0.007621158281072566,0.03293627323148307,0.05951776157686288,0.10605957196032423,0.012302439872219571,0.020549718685623976,-0.010449415874341233
2022-06-22 00:00:00+00:00,-0.04656948605406588,0.014285957247476434,-0.04911566092473583,-0.058536502452572796,-0.026238559335768966,-0.03613769395083157,-0.06448787155668552,-0.05014242941944564,-0.041297557098120385,-0.060005234989572075,-0.06956720574305485,-0.03410263754002274,-0.026314817039958485,-0.03757348056442378,-0.06523435167598364,-0.028126854162876823,0.04308358613631191,-0.014072351838677994,-0.021790028922147896,-0.06285925961785117
2022-06-23 00:00:00+00:00,0.04386481364693867,0.14253330673554213,0.1281565013984824,0.031416196233378914,0.06544179776187407,0.05462142687846785,0.03628660361002983,0.051428603230189815,0.051617566130109815,0.04690869606972657,0.0861889654358654,0.052875752047947776,0.06695742327378756,0.047287534284896904,0.11164203510698778,0.011032420803576632,0.120901772869038,0.04418215331004838,0.04103295582204826,0.07053282360568942
2022-06-24 00:00:00+00:00,0.037014756177301204,0.015863663973167262,0.11260593727042387,-0.018205964496572524,0.04818668268736209,0.0060244133369918825,0.04522616126180873,0.0501358124243553,0.030335996609139472,0.029686781180042462,0.06779710477768376,0.03789927259098573,0.0017924364003149666,0.03586882406191884,0.0939987042065141,0.0314743660180701,-0.027053047471709953,0.07978191747776979,0.08939091410289507,0.06458195313392971
2022-06-25 00:00:00+00:00,0.000602107394005825,0.04844420325956375,0.0425596144187959,0.010443959161083314,-0.0020837682055445464,0.011865650317023644,0.02332897767273856,-0.006131227054936296,0.0029835924668877864,0.008495196721072452,0.01405562618985872,0.0,0.05301101596650366,0.009283202303549162,0.0073695804831943644,-0.015921953010585355,0.02705304747171004,-0.007855499940308883,0.001088731735196434,0.003901175298818268
2022-06-26 00:00:00+00:00,-0.017201678828714265,-0.07295523427391344,-0.0793796940574701,-0.022768058806231867,-0.024494467850205287,-0.02130943009010775,0.0627856723101568,-0.03632208919740282,-0.017025949589926544,0.008423635850671775,-0.03653460440968186,-0.08027230243978435,-0.03931582637205229,-0.026002505032607256,-0.06938206543735995,0.0036968618813262026,-0.003565066164496257,-0.052622419022492255,-0.02311605405348736,-0.06570727654624474
2022-06-27 00:00:00+00:00,-0.008816048899240625,-0.035357218328236684,-0.020999491250152096,-0.01247788025544294,-0.0004276245521652586,-0.014146025460121855,-0.01102547001170771,-0.012837146760680719,-0.005063301956546762,-0.007819588716630209,-0.004417862684769171,-0.02264247674975989,-0.013337087531537865,0.0010531859846586405,-0.02233439005288962,0.03013781513031117,-0.04941535956335032,-0.010025146619378818,-0.015430240216609666,0.10390415422284385
2022-06-28 00:00:00+00:00,-0.03392995632836541,-0.05821749556387602,-0.06412452816953867,-0.07638721477458064,-0.029956657252171965,-0.022488841996465433,-0.0877171288967275,-0.05715841383994864,-0.04251547502658828,-0.07002860436048348,-0.041485731193213714,-0.035745841488394416,-0.058612683641950415,-0.06187540371808753,-0.08587919458734312,-0.016850105305237933,-0.0800427076735365,-0.04113690556048949,-0.04688358589885038,-0.05653399920835882
2022-06-29 00:00:00+00:00,-0.006840556815266342,0.008141157583699866,-0.018379798937089645,0.012506175505229545,-0.032246412395231634,-0.007834849739538354,0.051020942628441535,-0.039056567939113544,-0.008510689667908506,-0.013694377689559606,-0.039073527621807665,-0.014342875359404244,0.01880461578834608,-0.034171889793070995,-0.03746835974706055,-0.015134432418237946,0.037890873711396496,-0.03743752707213066,-0.023685712277267904,-0.023404612280208747
2022-06-30 00:00:00+00:00,-0.013605652055778709,0.022713067239233435,-0.04601156599390311,-0.013474698583360046,-0.0004552697551889003,-0.009025345538186133,-0.04589040474098809,0.004258345682577025,-0.010741241831412625,-0.014550521261699888,-0.02689894218423035,0.006400021845467505,0.002976192673046176,-0.01871399643137353,-0.008553362867765008,-0.0016958302067657692,-0.021761491781512748,0.01978481801576307,0.007556330347384234,-0.035816500533905865
2022-07-01 00:00:00+00:00,-0.02465456156394047,0.06643566362104288,-0.05256419860535825,-0.016610054565620366,-0.012371291802546829,-0.03378067520510561,0.0,-0.04490254662071219,-0.017429635135283648,-0.02495913711220507,-0.010587969793218431,-0.03077165866675366,-0.050472484866980534,-0.031177585199626098,-0.0276293851435287,0.004771809254660191,-0.028399474521697887,-0.019784818015763123,-0.05636166453479304,-0.03424014940063737
2022-07-02 00:00:00+00:00,0.01591897423745815,-0.002475248788542877,0.01294316990389133,0.049024713249902145,0.006433845723069494,-0.001400891578015631,0.0034557918848743692,0.01178216869826017,0.029238682727526576,0.00884058801012297,0.006846185649962798,0.022765210773012426,-0.012581255003011433,0.004860276882252663,0.015710292906318486,-0.005698021114637667,0.012270092591814183,-0.013717636228799195,0.0054011251238112274,0.05368520651986081
2022-07-03 00:00:00+00:00,0.000438596498258871,0.002475248788542752,0.019406309444079083,-0.008478618855552119,0.004114291517962104,0.003267942871976135,0.00806696935190601,0.0029239786914350605,0.007442883907078443,0.002704531736419073,0.006771708102821149,0.0,0.007881814202253595,0.006042314455962662,0.0008988764650172506,0.02335449197871517,-0.002034588697787463,0.004593485339190115,0.018521954705955048,-0.004825931461980784
2022-07-04 00:00:00+00:00,0.02895621493066288,0.0784249692991228,0.07350719112033181,0.022451831768970663,0.054595318452428446,0.04657331482099153,0.03177659555972896,0.0456570023373951,0.04353018845713472,0.03906488113987602,0.06899907728999789,0.03320463149843994,0.025386500423732566,0.03434322119361163,0.09479274355317974,0.015717709998827354,0.08582261910148585,0.019964365442473986,0.022147936992499697,0.05968918707613363
2022-07-05 00:00:00+00:00,-0.026766113310618796,0.01924224622239487,0.006119629668441427,-0.037704749024239446,-0.003028338892344175,-0.0030129284649952903,-0.032520809332263624,-0.047117922977069966,-0.014300550142196384,-0.030994897868484552,-0.01620355136469359,-0.01883886169640624,-0.05022632698988324,-0.024750821502172185,-0.03633737736901421,0.011958509675631144,-0.009389740349839032,-0.030098031157279413,-0.010705102996518213,-0.044599737533740136
2022-07-06 00:00:00+00:00,0.01131184565648113,-0.002244669853823862,0.06130951984232717,0.017143276986437656,0.033236975029871184,0.019081421173606727,0.018879616814652667,0.0130720815673527,0.028399474521697957,0.01923774088244077,0.046639213828519155,0.004743091896012853,0.01279505660458672,0.017741447009595842,0.04528658963824995,-0.008696347826612714,0.009389740349838917,0.01287966286366102,0.021898685307637524,0.051089052973489896
2022-07-07 00:00:00+00:00,0.03255953108421261,0.05039401375140647,0.05134545786790972,0.05152933829281265,0.01166679899961538,0.05028235345384914,0.030364229274830297,0.05201453495253352,0.03052920503482279,0.04245010338544997,0.04201834241640652,0.04623319503920786,0.035324191739611634,0.08319401807417606,0.03762033038265512,0.015715973024095924,0.0686189698187332,0.0385525107686095,0.029056298476800097,0.014767523585665297
2022-07-08 00:00:00+00:00,-0.024373358699697124,-0.041445408175392294,-0.023058665750973574,-0.026353183400338487,-0.002903963874404889,-0.0013988983702488548,-0.021345986336976798,-0.036266177984394375,-0.018600634169548942,-0.019714469973082703,-0.019131493596315344,-0.04308358613631156,-0.015459245072214113,-0.015217684970886578,-0.008879661374632447,0.005812280239553729,0.01214238682572534,-0.005291017634415436,-0.005861681496331754,-0.027133447514400142
2022-07-09 00:00:00+00:00,0.025210529112760668,0.0,0.008583743691391655,0.024557850781664184,0.010743905000450802,-0.00013522719346830976,0.005919312742943468,0.029393298696632337,0.025367213878423167,0.017823514477382674,0.0024516067004322632,0.018692133012152546,0.0519843895087685,0.025947401643453646,-0.0015752169179978437,0.01123769209846944,0.10777140024213694,-0.003542962076344218,0.013430858827776662,0.060354929456725916
2022-07-10 00:00:00+00:00,-0.033180415133288226,-0.02138517061702279,-0.03739232032316633,-0.04127133175540472,-0.035987146932499166,-0.03436315139820555,-0.032031989040096936,-0.0552940271287895,-0.034300275763898505,-0.04648997252302498,-0.04080419162975006,-0.04417121831313754,-0.037100573626691384,-0.011809047592242695,-0.03611466435926051,-0.031582338181478244,-0.036252984995148674,-0.047238573478013135,-0.05760207714091406,0.0024630554323975926
2022-07-11 00:00:00+00:00,-0.06177417936342135,-0.07192256108242989,-0.09923226614984619,-0.07482848519015217,-0.039544583233074,-0.04404073474684607,-0.08576904015660614,-0.04930049844945412,-0.06487091269788592,-0.06343756319304962,-0.06356897064785066,-0.02614528010432236,-0.06766440443819306,-0.10224562156147778,-0.09389467434149527,-0.04351797100720131,-0.1119812788601691,-0.059404436313079796,-0.032155103664899945,-0.03250286113040726
2022-07-12 00:00:00+00:00,-0.04133013679184668,-0.0462871867630611,-0.03519424812179281,-0.019358729869548782,-0.022412412804501753,-0.032317491445751946,-0.03175392230628463,-0.03903696280823235,-0.024772403007584626,-0.025679014417691506,-0.05417768989552516,-0.016694878572169992,-0.02874000390029474,-0.035304944814752694,-0.022391253175445627,-0.002164503009573014,-0.0054005531800002775,-0.009920716286747878,-0.011487043987130812,-0.09245530078362707
2022-07-13 00:00:00+00:00,0.04957760622186382,0.05006975487505723,0.11705308439798559,0.053092087112069426,0.04389975561730119,0.045813728987704215,0.03482612134325489,0.02980612803270183,0.03535451233812165,0.04105318166727961,0.0710000093611134,0.03879974913948713,0.04603971284278526,0.05894670787179331,0.06686903471410835,0.024915312506929993,0.09956759576504222,0.04959694113937198,0.03809684693560539,0.058203164065571245
2022-07-14 00:00:00+00:00,0.0075008875381219735,0.09063812975687721,0.04820834965066085,0.004866189651172906,0.034118447891692744,0.017341827629275455,0.008360177309875767,0.03791204602224894,0.021864483696738504,0.021270098617735874,0.06796872989362288,0.01606460250380684,0.03489648298649391,0.017371600710760736,0.06133146645785769,0.00826885866054047,0.13720112151348496,0.016933612529439673,0.030724850295536045,0.028517810714960738
2022-07-15 00:00:00+00:00,0.0011316058693119021,0.007535496650493287,-0.020967272843930986,0.03059512057820276,0.0,0.011646994153803221,0.007655539781328278,0.010362787035546658,0.005136118121767492,0.02215599189720864,0.03120677869845652,0.007936549595736342,0.008923434575955853,0.015945668155426633,0.005636842196873773,0.0035869116323217834,-0.034786116085415424,0.0009324009999511908,0.001197604933558589,0.005098800084024211
2022-07-16 00:00:00+00:00,0.034896306686268856,0.01956881247645087,0.09366447589463492,0.030600440448717042,0.046291287363081524,0.01739743738897494,0.02277644991383153,0.05863008445140488,0.03226086221822148,0.1386642791319858,0.09639865042623087,0.04180175155569397,0.061782699537062474,0.04528658963824995,0.057723326813777696,0.02824132386944443,0.08479653666007685,0.021208724877262337,0.04762109031335129,0.01889224955127505
2022-07-17 00:00:00+00:00,-0.02208570335381186,-0.03480910967882667,-0.029610568287265448,0.007279377002901319,-0.008038628496435173,-0.018929091711402925,-0.02087168743317735,-0.039665256392431514,-0.02409755157906053,0.10680455923005999,-0.012766920485781647,-0.03832952584494471,0.012270092591814401,0.006458580039411949,-0.024553663174051325,-0.022143290545710716,-0.061471864093667866,-0.02775386278217099,-0.020756006010998355,-0.018256723632204378
2022-07-18 00:00:00+00:00,0.0908746804573472,0.07095634260783584,0.14922199677376385,0.0958869523659412,0.06370585010804458,0.07564984518217717,0.06892943782268435,0.1015962141229217,0.07061756721395342,0.27171105618855196,0.16642121490543102,0.1031996826600787,0.049677930130698565,0.10868117641363625,0.11945032554731891,0.020256086675734322,0.05467374137984698,0.06886778549016569,0.06211423333759048,0.09450125851447601
2022-07-19 00:00:00+00:00,0.0493337901681422,0.09381875521765491,0.03164430873256575,0.05528039299619288,0.01689546478605069,0.04207720104807247,0.021235329692911333,0.016828876130156885,0.01969121289018168,-0.00039596120097629367,-0.024795082040965585,0.03037109787629877,-0.01201731200401744,0.010531452052341513,0.030548817440204563,0.00391560213136905,0.0027247973261850357,0.03696166335327598,0.02059135338353827,0.007486358028196423
2022-07-20 00:00:00+00:00,-0.04811104699562331,-0.08312124446865152,-0.04678973916990636,-0.052812271628109295,-0.039488805676595184,-0.007435482451242203,0.01624182307952138,-0.04194586073793098,-0.03495868502097018,-0.07822917160646246,-0.013538507645356856,-0.05482571122217117,-0.012163486193197237,-0.07410797215372185,-0.06514787397914153,-0.022838058913952828,-0.06899287148695131,-0.056414089280091215,-0.025530990211201067,-0.07256452378434487
2022-07-21 00:00:00+00:00,0.01676298971204312,0.13245902031815956,0.0576528514272774,0.011438033196926376,0.02825693918973684,-0.003066708544995841,-0.0022837577724900103,0.00800004266707637,0.01242251999855711,0.11897195506881261,0.03479167709103766,0.018325309002644754,0.014233880307505654,0.012232568435634231,0.025133442750292806,0.007229835992298756,0.052531594432879504,0.014184634991956381,0.009310034387662343,0.030977271908970847
2022-07-22 00:00:00+00:00,-0.03360462828318717,-0.03771248543246764,-0.05595865364804449,0.00162337697989077,-0.012121360532344963,-0.02039295734074819,-0.037119464193051344,-0.032391495791235514,0.10962491444428397,-0.055504671312740235,-0.025834684417970613,-0.0307805949377372,-0.03383023517301242,0.06472847270049398,-0.061465847735189254,-0.015109160188083254,-0.04816795114510618,-0.015077890969171434,-0.025115160286617606,-0.023601700674181818
2022-07-23 00:00:00+00:00,0.06844038528505265,-0.050492420304433086,-0.0012703791672520107,-0.007326040092072786,-0.01227009259181436,-0.010358144626696868,0.009005744781170501,0.0054719698779933925,-0.009405798286876262,0.026181582733414442,0.008690236730156871,0.009100312326500251,0.004092168329541332,-0.04665569164079928,-0.014159968300621831,-0.0002985520249076343,0.01154413974686526,-0.002684565370668987,0.003905165353425681,0.010356473924161082
2022-07-24 00:00:00+00:00,-0.00971824946892134,-0.014133807492008996,0.00801861228330188,0.07474968964504315,0.008451836712001816,0.005712112265188854,-0.007227703121453256,0.00950448431156398,0.032956087683295845,-0.0003916193510007459,0.031168596984445608,0.03587700032148311,0.036094930445659375,0.020680205237538603,0.023734117781079544,-0.0022419858430796705,0.03800598162519255,0.01423511582187191,-0.0016717752570121155,0.01920827363826719
2022-07-25 00:00:00+00:00,-0.07458885699107264,-0.10518232606362714,-0.12855968511814403,-0.11135943525760424,-0.06642757793704947,-0.05783170787580325,-0.08686334945623835,-0.09045711015525147,-0.08226184866744976,-0.09268925393919217,-0.10337352078442748,-0.09811930919870401,-0.07816059573117189,-0.10687780217412089,-0.11044986217165113,-0.04812451713970436,-0.028013036227674006,-0.06760564634488346,-0.06450134019651724,-0.10853638176504456
2022-07-26 00:00:00+00:00,-0.01590870331659465,0.026592051470405456,-0.010088963789229381,0.007598179231071543,0.01943380999286417,-0.002642042980227913,0.009481790603306473,0.0029542118974316043,0.002703922332400693,0.07848783183302423,0.005764901377539924,-0.014093562434831548,-0.0022246950221110513,0.006486509229606632,-0.010974047031976675,0.025882886168473167,-0.055488685617653244,-0.0018921481520379265,0.0029700051531851663,0.030028365845485558
2022-07-27 00:00:00+00:00,0.08873820104239331,0.11152236424435488,0.1216919051885949,0.06904893944132691,0.085272362438605,0.07684804868982513,0.07233554042859856,0.12464244520727659,0.1218750619262541,0.2684275666616446,0.12113882570088544,0.07867095701989935,0.09094756952691403,0.07971108770697576,0.10417360466101297,0.04925633747779845,0.1870650434063725,0.064183344433429,0.06375974822175834,0.05565675100279064
2022-07-28 00:00:00+00:00,0.0037105793965357746,0.052432315679524395,0.03404405256655305,0.201241390298585,0.020408871631207033,0.03806305270838894,0.027587956518828963,0.02316705928153438,0.04594034747867161,0.21484677360884533,0.05285344954663206,0.05073191235234217,0.07191465664286276,0.09123131622950373,0.06449191304173642,0.01474654451470147,0.14467701883943887,0.035764823586920236,0.03955240763360936,0.044028526928075455
2022-07-29 00:00:00+00:00,0.01700852753185848,0.027595469850296563,0.01191223780143552,-0.02535072383492072,0.05747902942461238,-0.0029057065160629104,-0.004642399168958814,0.04112729142386279,-0.010711655594927772,-0.00762517530522088,-0.001648192584826196,0.08826918798763496,-0.04450194232188114,0.025998774983706344,-0.023580437066453155,-0.006334602236239008,-0.02178735418490718,0.008532474973720743,-0.0161772198723394,-0.005837728195685527
2022-07-30 00:00:00+00:00,0.008587019657105077,-0.04243116151704345,-0.01067333613564188,-0.04304632299018001,-0.019952502287093058,-0.0054933721401181045,0.012715096894070044,0.0024390255993590104,0.006134988567515929,-0.026267926820610188,-0.014438572055103257,-0.008023987520551484,-0.0037994594315331636,0.004415018209116693,0.045022180702780114,-0.0018792922047053747,-0.03359778496617667,0.01601382725030024,0.052936412335192785,0.06296380416960709
2022-07-31 00:00:00+00:00,-0.019570847205051763,-0.03362778864003297,-0.021272960698909767,-0.043546205825787145,-0.01540646719668753,-0.014922034485878831,-0.02294611276595467,0.04873216121126458,0.017431286377967536,-0.08183984331235496,-0.011187867057264347,-0.021848196307504977,-0.011318363170562132,-0.0331423078460271,-0.03457822154169671,-0.003623980192925288,-0.053814152813908014,-0.016863806052004805,-0.022683804065054828,-0.0449766641638391
2022-08-01 00:00:00+00:00,-0.007194975132102356,0.004337983377630719,-0.006343857181484901,-0.010101095986503933,-0.0007059654370153107,-0.001087168364516185,0.00556696427459762,-0.05361617580369016,-0.05799847136696758,-0.03927573529970909,-0.028922339987396926,-0.010643290800357294,-0.005034412378460078,0.016260520871780326,-0.01666705248521176,0.014417781468308216,0.0047961722634930135,0.005089069507471228,-0.0002637478585775117,0.04167269640056787
2022-08-02 00:00:00+00:00,-0.031924987429183926,-0.047473217180861796,-0.03102359960782594,-0.030930300691358728,0.0021164029063776937,-0.012116250420426194,-0.02860089740973096,-0.029815873225154912,-0.056502952418475964,0.043941587046948505,0.000386362038297038,-0.05331159900142269,-0.02366269226560324,-0.01808367543329535,-0.04568574417401443,-0.022437070634928082,-0.013245226750020567,-0.026576789244160924,-0.020520373603683643,-0.05615311159712599
2022-08-03 00:00:00+00:00,0.008427016161879922,0.024412112511025798,0.008280718487476616,0.0014947685892295046,0.04714446025974223,-0.007397292091435454,-0.004671145387972024,0.008788506033079338,-0.011012394221626396,-0.015730971559712006,-0.00784843998302193,0.014798693417426716,-0.0048350983507262696,-0.021208724877262417,-0.03191896145261695,-0.007051593785769682,0.0769610411361284,-0.007850018505927061,-0.005128908530348971,0.0023310033864756084
2022-08-04 00:00:00+00:00,-0.0015996804051158723,0.01920604977988321,0.01379332213233577,0.0029828508320651342,0.04694773163799166,-0.008599709479179367,0.01558550954519369,0.01242251999855711,0.011854499534548599,-0.033086575240918806,-0.006323406437222392,0.010923101505469863,0.03202453875075078,0.007428075008509708,0.007496480757355581,0.015796730411128432,-0.010152371464017962,-0.0026304267687732993,0.004051322219178724,0.0543735281308812
2022-08-05 00:00:00+00:00,0.03480835140176952,0.05732470188878071,0.06584866423750142,0.05575095407206882,0.013063751184363176,0.030020061930577643,0.03736024750036145,0.08288765980576786,0.05725193733779571,0.09640738726046327,0.07708380245522739,0.06747080117788272,0.04619229296155338,0.08847499855815409,0.04334263681784596,0.014121272119921098,0.01574835696813933,0.03959209012204942,0.014450345103789395,0.027190364570454567
2022-08-06 00:00:00+00:00,-0.01205536668860364,-0.031116502471603705,0.06516457762831321,-0.0049417679107788565,-0.0022183498243153873,-0.01548490381388308,-0.01704750906176682,-0.032335380642936576,-0.02576632076422918,-0.012611832956288798,-0.0269666017680178,-0.010976498208480198,-0.026603353172864528,-0.032705152402551736,-0.011907855913368676,-0.006027572784248021,-0.02143342060274761,0.02664603941829568,-0.013103543553410715,0.007482664522671599
2022-08-07 00:00:00+00:00,0.0315775177798344,0.06632415198653718,0.04658828900147907,-0.0021253993123135887,0.023825578412069823,0.009546427689530375,0.004941870522656578,0.015142980102563753,0.0024439930698783043,-0.0026476054650546826,0.005656514010153265,0.06832529757970363,0.004428777844935644,0.002621233479874287,0.013140141959633905,0.0021568776785032824,0.002277905312993867,0.01791578864161524,0.0018824800503364036,0.005840207733301502
2022-08-08 00:00:00+00:00,0.01784587606825432,0.039102206673377604,0.00035835872091082753,0.018271766235955448,0.0064845062792607145,0.02705787086036656,0.016393809775676352,0.0692240586339757,0.017742400900876174,0.008973404102746742,0.04421467656389727,0.031269139499491165,0.024413143579669432,0.018158735011871048,0.03817810844294161,0.006870911657251415,0.0,0.0488285968833629,0.017312990699598824,0.0026434062445139057
2022-08-09 00:00:00+00:00,-0.04610340251619093,-0.03681608943749285,-0.017712373414062364,-0.06398157319780558,-0.0015401204337967482,-0.028113039796074532,-0.015379390443703839,-0.04185633005195049,-0.060125146255379056,-0.04432039968066154,-0.04270422211195693,0.015446993021694319,-0.0566793719146201,-0.05821749556387602,-0.04485056616535179,-0.02454996941203956,-0.040632403089219886,-0.0634630044018006,-0.03083767616141365,-0.04979383557774025
2022-08-10 00:00:00+00:00,0.04666180178616808,0.05026958420581655,0.06221086896047125,0.0541844339528221,0.01347234094076712,0.03414479115449657,0.0316491134025174,0.06846779927746062,0.08069549182100724,0.06409211555352222,0.08486304530864872,0.035178094894253845,0.04025388185635302,0.059929824749388474,0.05170233543990312,0.028536307264934297,0.08839272896063692,0.031441525834819094,0.037942034419983235,0.039711500236227985
2022-08-11 00:00:00+00:00,-0.01329981203830657,-0.018460506544247975,-0.022527377869230956,0.004910567566681418,-0.01594147799768815,-0.0008210750278983731,-0.005911347263057237,-0.03419136474827931,0.027039113471495093,0.08063699068859012,0.014259326281607759,-0.010770103550268303,0.004050884580214526,0.0025630086648895482,0.00703897791363755,-0.0005685048476027206,-0.0286048105816633,-0.005571045049455472,-0.003151263111989962,0.013245226750020505
2022-08-12 00:00:00+00:00,0.018496557215430857,0.024871051746205373,0.027995607489427074,0.0020971695907233295,0.013200498666265742,0.01941760376984897,0.020400316250086346,0.029980832211935857,0.01212136053234482,0.030425936969274005,0.04069370138366628,0.040044733388402365,0.016677743841784585,0.026106745837720848,0.06143574664351787,0.0015626112988528407,0.027519623280376465,0.008740619810734507,-0.001579363318556011,0.012552466071119879
2022-08-13 00:00:00+00:00,0.03474656046902705,-0.012358206714003792,-0.0061538655743782235,0.0069589703243035225,-0.011039670537330216,0.0015436569219570487,0.008675947831422651,-0.01809522497795468,0.016430541396095955,0.003911197899783469,0.012821631671543106,-0.01949379468100113,0.014525042229793015,-0.0024968801985871545,0.024327872249265022,-0.006836659586883828,-0.024177001783686695,0.0031595602903682967,-0.0042238711161850595,-0.007303110184976271
2022-08-14 00:00:00+00:00,0.0180727810596946,-0.027167947272451223,-0.034185400669923295,-0.03313662358942825,-0.02087628394029157,-0.005585632561017508,0.11330909686026848,-0.03831886430213654,-0.03313556159609879,-0.0472528848505455,-0.024620648251884012,-0.04233140811931161,-0.010398707220898511,-0.04255961441879589,-0.03783112114370833,0.005558341111552127,-0.013438052162040926,-0.008712926406923756,-0.006103243039664529,-0.04881634252255334
2022-08-15 00:00:00+00:00,-0.03502233937346774,-0.01592515054975919,-0.01070292057821105,-0.016624885969635537,0.00596454444460872,-0.008695085325241067,-0.06395103458390726,-0.020293819339814022,-0.025592711278969924,0.00886764348901378,-0.018908493460727118,-0.013669732127757748,-0.03990514117563913,-0.019315789299291633,-0.02596375667955415,-0.021549461958979752,-0.04614428765752495,-0.017656959528169883,-0.00159829549208157,0.0005496015527188268
2022-08-16 00:00:00+00:00,0.01282879641351496,-8.772314580833969e-05,-0.028375858006667785,-0.005847969882422989,-0.010698654596017336,-0.01001393990872997,0.12440280053289543,0.006810469002526879,0.0821554057702086,-0.04939879601966475,-0.011860097226792179,-0.022693686491629877,0.010819777683685793,-0.010695289116747919,-0.014746811020150019,0.012698583337127343,-0.01666705248521176,-0.013040119580806035,0.005052530360169189,0.03562168312256164
2022-08-17 00:00:00+00:00,-0.03396346159676611,0.029901985856234645,-0.058896411235941776,-0.019245597715233632,-0.029536657595881678,-0.021700351923622782,-0.07861274442656514,-0.05463299214816815,0.0685103624305457,0.010225803035321935,-0.022863251068879646,-0.04736548145234644,-0.01329523071773716,-0.01808367543329535,-0.060769711264333795,-0.02057149176719056,-0.045434456322459696,-0.004934220537221344,0.006609409387673807,0.0
2022-08-18 00:00:00+00:00,-0.050472484866980416,-0.026136822264538995,-0.053871545699746295,-0.035758849841531444,-0.02909296094166455,-0.0065096914314182845,-0.07063277132149541,-0.03526201196837978,0.0026990569691649835,-0.018532962198125814,0.006596702760469762,-0.052462697961734854,-0.008296048907934114,-0.04860769906537693,-0.025482268144186786,-0.0134091746149671,-0.048915800202011396,-0.0455390656042984,-0.02427109406366031,-0.05336050745994323
2022-08-19 00:00:00+00:00,-0.12888171069917212,-0.06210601043794779,-0.07592069029547154,-0.12088621890689925,-0.06585886014174927,-0.10716790958304105,-0.0980433737135389,-0.10014859877131697,-0.15336482516991926,-0.1837381309456423,-0.13761329834110575,-0.1031984467757573,-0.10587899578202545,-0.09015109699429757,-0.09857968886932579,-0.050817139214417245,-0.09399178805106652,-0.06967102570054345,-0.1022456215614779,-0.12684240447372605
2022-08-20 00:00:00+00:00,0.0017761994012556728,-0.04956699330377081,-0.00625840218842248,0.0017467253349415786,0.016347201272529158,0.014565304906857087,0.02290566261060022,-0.012388320856952203,0.10292235329540766,-0.00426180249318543,-0.020703711207068178,0.00014493803924210596,0.0020353416222401097,0.0031397200046678463,-0.014910952871750854,0.026491615446976285,0.014388737452099452,0.008291157583981182,0.0071514011576250865,-0.010210682201956903
2022-08-21 00:00:00+00:00,0.02583896763171769,0.0391906440695591,0.029602338234933655,0.0435408082832884,0.062178494897987456,0.017608426506096567,-0.00014424810699369071,0.030015895940265786,0.10677694648953974,0.026788659857299557,0.026355789690766056,0.026034942086498303,0.028607216342980465,0.03289094016975795,0.033173773681998184,0.0016705904105550674,0.02955880224154443,0.018182319083190547,0.02376523757462356,0.0463742239126886
2022-08-22 00:00:00+00:00,-0.00238069585443195,0.04123536518809816,-0.01845395075231939,0.024753739152938395,-0.006313362056592033,-0.005395740129964921,-0.013360640218900635,-0.004040409537004974,0.1570581868727718,0.01151644206155908,0.004027401605630431,-0.005380163055752297,0.027462085426547683,-0.021462244346135216,-0.029495738696776585,-0.0042579139755060235,-0.032420034522576587,-0.013605652055778598,-0.0026128625693969338,-0.027943451163384026
2022-08-23 00:00:00+00:00,0.009274303507333811,0.08897818216681762,0.0412653552014258,0.08285987546779729,-0.0023360597975477754,0.00602345926973469,0.006412146714833765,0.030567163870433567,-0.017573214448144393,0.0076045993852192125,0.024772776244363897,0.02758312777272394,-0.0024496950133285913,0.0275106498820158,0.0075960415879964376,0.010460187847820537,0.018453327040868477,0.010899290458035638,0.009259325412796945,0.0031436681029675356
2022-08-24 00:00:00+00:00,-0.017323949931774343,0.07138784538616674,-0.021071517102838718,-0.02199557769211046,-0.009736521436721551,-0.007508217623966096,-0.013601672217638592,-0.010526412986987504,-0.017887564692773413,0.02787136306741717,-0.00532817631539061,-0.016289952979268458,-0.010921369783292303,-0.0020120731134201197,-0.022390052513125876,-0.022726517667374786,-0.008474626990972345,-0.011812949726710466,-0.0046189458562945285,0.004384598317824126
2022-08-25 00:00:00+00:00,0.014529150735427074,-0.012365873626958115,-0.0008695652721844587,0.0015325673497779888,0.016064602503806622,0.008896998430986994,0.015633308382994836,0.0026420094628387975,-0.023396216951827357,0.049747753814320804,0.02300447243224016,0.0,0.0030064573003703533,0.006024114603380876,0.010832489049277952,0.010283261516560982,-0.002840911001603641,0.009099243855114089,0.010076377181089858,0.04222101543396233
2022-08-26 00:00:00+00:00,-0.07346232486991375,-0.10744510215535148,-0.10685987508359768,-0.11854902573596604,-0.07441448556608325,-0.06308249760374372,-0.08261923369381147,-0.08965338645246847,-0.11295923854931436,-0.08993237711509502,-0.11684400962412589,-0.09105199318190578,-0.07230300325063334,-0.10436001532424276,-0.10608534748131353,-0.06156031673360797,-0.13210992827714516,-0.060681235737813095,-0.028473742320805972,-0.11815758152390296
2022-08-27 00:00:00+00:00,0.04152610246314707,-0.03327771854423915,-0.0309683140137656,-0.006920442844573795,-0.006098673611197299,-0.010102211978267828,0.0,0.015748356968139112,-0.005184716734186878,-0.02599877498370624,-0.011416349436118464,0.0038364199589869356,0.006244698124634339,0.014341117270657754,-0.006007923209677677,0.02120902121004041,-0.01636697746420536,0.01622947316697922,-0.013948883237460819,-0.014261701828208356
2022-08-28 00:00:00+00:00,-0.04686936061661168,-0.055585197129817465,-0.0778401093804585,-0.022828032556200945,-0.00505051578606848,-0.024348306776797283,-0.0276176863244478,-0.025900728432157124,-0.07625953286463803,-0.0653663942577782,-0.044081137075116225,-0.042872648285621984,0.007517419351964293,-0.027764137602798358,-0.03518194056348434,-0.023973475365086913,-0.05425058974974789,-0.027846254337648556,-0.03714277792025028,-0.024231022832887347
2022-08-29 00:00:00+00:00,0.04798010159496576,0.0789428900158507,0.0417497884871034,0.05947465566597545,0.03343127836587665,0.03665548140456874,0.032800265651117474,0.05804884980763395,0.04658376471852142,0.08039071533321704,0.08400940813119989,0.06872638247804605,0.04377587503558642,0.055843736216092864,0.06301798331404507,0.03141787499411771,0.09941955811765953,0.030683135672848076,0.03444937512485511,0.06969339690964474
2022-08-30 00:00:00+00:00,0.005976774847611823,0.04212591012178738,0.003616640470188515,-0.04186856709092627,-0.015154475044378642,-0.023647029931174457,-0.036692583247657534,-0.0378461424901146,-0.06999739191295687,-0.03644496874079557,-0.017690026024654703,-0.0217268655153371,-0.05129329438755046,-0.03467302909312638,-0.029740805231214636,0.02107970941481073,-0.02717993053183805,-0.03360854000195332,-0.02120006715030387,-0.02247285585205863
2022-08-31 00:00:00+00:00,-0.015345569674660421,-0.009350192367453172,-0.012977083229752209,0.005221943981151846,-0.00855925339567006,0.011959497995954903,-0.0030921987369752152,0.004276556767260172,-0.014461568011834682,0.003088328581884969,0.019171078486372013,0.010771552224506424,0.01553611033675768,-0.004419896698151247,0.0009528347552718458,-0.020764152454161165,-0.0032467560988698697,0.018384649401319352,0.0030562370977444396,0.009314771274547388
2022-09-01 00:00:00+00:00,0.025009602717144013,0.07474250336221978,0.009877907195431248,0.012936791030719362,-0.0032287023563722225,0.004053614327647557,0.016809834965774574,0.0211126772375592,0.07504396099018969,0.015300176069046288,0.020419400908740976,0.04398583896731236,0.06715859984755743,0.013201511858535981,0.0034859803959389245,-0.0017367968366766011,0.025683594734695166,0.006688988150796489,0.01634418949486503,0.019672765598704928
2022-09-02 00:00:00+00:00,-0.007019111950218473,-0.009627599617561109,-0.024615016014928028,-0.0034334797678916306,-0.0028787353453559278,-0.008961393513317224,-0.011931776512341652,0.0165749650942126,0.04427548381490541,-0.014991867141060794,-0.0068385310360521735,0.0001443939068279797,0.05753463112433521,-0.012094704883344966,-0.012094354932539122,-0.010644313702179374,0.01416231381250442,-0.0038167985267008537,-0.00511664020717157,-0.03233538064293635
2022-09-03 00:00:00+00:00,0.05565313590542103,0.0009510977969869661,0.0015894043081068363,0.012815211692867506,0.0010804971337541789,-0.006030619708257377,0.017047694944576162,-0.0027434859457508326,-0.019582871224533917,-0.00649453341986568,-0.011421180645425143,-0.009720787463045874,-0.01386847388767711,0.0131870042819539,-0.0035284719847963665,0.007795759789948473,-0.014162313812504473,0.006669867509107453,-0.005142954914777129,0.021891421481853197
2022-09-04 00:00:00+00:00,0.047172803487838116,0.032884371817967106,0.006332474986919601,0.004235499766854747,0.004668710222033215,0.008455521077103931,0.00825794751559224,0.01228684399265059,-0.016617198584826003,0.00680274732275262,0.013912757808582676,0.04238950712928839,0.012391732295163457,0.03644561992045628,0.03287274500057455,0.006476604267715867,0.026584833811061657,0.010392157767614204,0.006047795875321269,0.020779968491745435
2022-09-05 00:00:00+00:00,-0.010180744685373423,-0.032092480740791386,0.022367642531955164,0.06067434461186068,-0.007913710365360526,-0.010224944437388826,-0.007620294058628486,-0.0013577734604603596,0.04968342014664703,0.2003905049307579,0.02409815462643991,0.030144736579410792,-0.008409646396041533,-0.014846508116994585,0.0006216972534715411,-0.008856613324527135,0.015314234973042356,-0.012293299024638518,0.0036111986279725597,-0.00580085416527082
2022-09-06 00:00:00+00:00,-0.07475641052076346,-0.06999415287125287,-0.0653619052927765,-0.1136151225076058,-0.05340534814523762,-0.052165052029039496,-0.06348728105541394,-0.06889582650652688,-0.11690650665488717,-0.14203438370150429,-0.03701619717846296,-0.10212657909739821,-0.10980451666516595,-0.0916842826890222,-0.04123641640766172,-0.036561820642592495,-0.12273448359387934,-0.05274660091511282,-0.035778162508372666,-0.08074323309622965
2022-09-07 00:00:00+00:00,0.03442753944598342,0.0931545652957688,0.042994262760821265,0.05631630852702635,0.06060221260176472,0.02637676564806005,0.03471064296324552,0.04691691978775166,0.17693070815907824,0.08013214911181457,0.044529010395418796,0.06201055001415849,0.05745611690900222,0.03904054920360046,0.056960495579543816,0.018286223823418147,0.0502618347808883,0.03256331126184313,0.04772216833990066,0.04253041520717262
2022-09-08 00:00:00+00:00,0.0006265010124518988,0.0711922197802491,0.0062926269518235895,0.0636430065519526,0.005720430329307797,0.0013948813284810479,-0.00016402854133391138,0.02604670893810069,-0.03857227478623962,-0.004302238418660968,0.0032890636228218167,0.04431060934877713,0.011277988888835447,0.06115442315333044,0.02775442100089516,-0.00893806226655265,0.009756174945364656,0.013500687218902744,0.007982304024685095,0.0637406878424
2022-09-09 00:00:00+00:00,0.04729784931256946,0.14989182183629288,0.06329624434241726,0.047848633170586845,0.04496314074613026,0.10039623993986292,0.04631867110015756,0.04756510840514516,0.03616698198499032,0.053258486895424,0.04942561276059681,0.04436956966403541,0.05324962658815239,0.044543873287980935,0.03105111795991791,0.03480983424117656,0.05202118475087845,0.09147140349715911,0.04940694626866198,0.03467839751085905
2022-09-10 00:00:00+00:00,0.01952147174502011,-0.008468294690859142,0.002939737540924974,-0.0007538635863995998,0.011184661587894789,0.013403613252505489,0.01260618981873853,0.002577321014300319,0.05048020052076181,0.002806482260487172,0.03200983414051685,0.020708908290110364,0.03456657941876431,0.0020242921892306607,0.010330077512463318,0.020442312852292678,0.025778531328076552,0.0026189451896273517,0.0014003643235098175,0.012099361155659714
2022-09-11 00:00:00+00:00,-0.004501426526489482,-0.01887384414151528,0.011673284304724587,-0.017497593620962523,-0.004729738546899039,0.008213002469083833,-0.015115207914012552,-0.009049835519917815,-0.019653811809936726,-0.01851428559035115,-0.004525137444914798,0.015566470488524985,-0.01785761740000646,-0.00812187205734907,-0.0011425308297988183,-0.008531813174411691,-0.028855456832555648,-0.0026189451896273834,-0.005894753911349112,0.011954714997878414
2022-09-12 00:00:00+00:00,-0.01701326892010198,-0.010569907189874519,0.03328885595667071,-0.010027079769127435,-0.004071943189927587,0.02572898259027063,0.0037611703953610363,-0.005208345107138235,-0.03142861697353107,-0.0023385745359746123,-0.028567792358462483,-0.03369539798737722,-0.012627656867801805,0.010142074764624896,0.06767734522979442,-0.005154248037050825,0.02435432395176406,-0.0043802084925610735,0.012867310398417792,-0.016776906379642773
2022-09-13 00:00:00+00:00,-0.07819883801600327,-0.11075600573006311,-0.12488254621644025,-0.09252336889714564,-0.058459337679218286,-0.10449743036114226,-0.06946224488209779,-0.08156693224734929,-0.12087516074915129,-0.08549894641491305,-0.0863373482233775,-0.099764817726905,-0.03785312477953757,-0.10637010685917865,-0.12623209014291095,-0.0510790328063045,-0.09786984392866867,-0.08613379904827087,-0.07860775475760538,-0.07984131808469752
2022-09-14 00:00:00+00:00,0.03685296327770712,0.004951748608767679,0.013161548242796297,0.01936902656894201,0.006825965070399891,0.002630676354029713,0.025003372236643808,0.021023899791707094,0.0027155481724826097,0.10533217861706155,0.039839805012948044,0.059543862163480565,0.018109146789846573,0.021100172040086428,0.03337616115699813,0.015372338688190336,0.024571260730505327,0.006676228898743892,0.02640711225201761,0.04916406583765043
2022-09-15 00:00:00+00:00,-0.031044621681960163,0.06431926165204205,-0.048764013883738695,-0.019369026568942103,-0.029798716446511185,-0.026289945533484776,-0.0425951655502145,-0.03960913809504583,-0.06585011536462819,-0.09434150859243168,-0.1065826509091404,0.014645448827547453,-0.0659353087536726,0.003291281084072952,-0.031257195629776836,-0.005043531393925238,-0.048062273806104124,-0.028931622534005507,-0.04614359621557141,-0.054413421723794174
2022-09-16 00:00:00+00:00,0.01785761740000647,0.108544004431254,-0.008825208960626694,0.016027335907038913,0.013919638666580043,0.00513452781707948,0.031247292768345026,-0.004338401598598019,0.030661938562628978,-0.04529292342233751,-0.02673339668080316,0.01182512793981559,-0.0069463276902922986,-0.015452846123348223,-0.025108483751919878,0.00016309222901682253,-0.010238997301094312,0.04683129968409899,0.08547692832274166,0.0
2022-09-17 00:00:00+00:00,0.023530497410194036,-0.012117688415644904,0.023543381434648212,0.021524009745093543,0.015162745371076711,0.0155486070502051,0.028373010393821715,0.02292363990193681,0.03247262862951656,0.009630893060961146,0.024068160773249497,0.055386265154845946,0.03304923741219247,0.009961344129672907,0.04338614613234441,0.015534292962184204,0.03207025895832867,0.05627619058025756,0.05743990574891489,0.019544596072970346
2022-09-18 00:00:00+00:00,-0.08187947616493749,-0.11021497651925584,-0.10128034679082873,-0.08812882039566018,-0.047322234581265304,-0.03529045844411419,-0.07978818486892854,-0.09191651138888833,-0.14378088446932885,-0.1531830002471987,-0.09590198223450286,-0.07291092472741459,-0.09422137280443918,-0.09707384869182153,-0.07969637018893751,-0.024544100818533744,-0.09580864288683982,-0.05814535000296108,-0.0507058735675709,-0.07500167163230032
2022-09-19 00:00:00+00:00,0.011106289194992978,0.06118095451773056,0.03414104395320017,0.0017873105740958803,0.021186445677413752,0.006204388221696427,0.01897262842692424,-0.007794271726818909,0.01866306113192677,0.028039220064393126,0.030602021244195365,-0.029953669504135798,0.005306057550352666,0.016847570572611444,0.047717778007679276,-0.008095872388969076,0.0018264845260345028,0.04302723191621104,0.07330867549219239,0.030139267575040225
2022-09-20 00:00:00+00:00,-0.02346738601856706,-0.11529733116627633,-0.037139546949456884,0.007117467768863955,-0.02081085881853835,-0.03447283217250921,-0.0023948010076833247,-0.017364287909336043,0.031098448427137063,-0.04235927383914151,-0.039317230841676196,-0.058956721657721596,-0.011595985845163146,-0.004784698123336382,-0.037799283642312574,-0.008329216902502865,-0.03339828040184815,0.0489608271957017,0.07314225503376294,-0.012903404835907841
2022-09-21 00:00:00+00:00,-0.007490671729157514,-0.03874665354218238,-0.00602411460338079,-0.03518630912504369,-0.008674389673570473,-0.022158395968022992,-0.02146525205462659,-0.02580788395587259,-0.1255615294938102,-0.048910363700798605,-0.060087133912322815,-0.029936615867672822,-0.023407587728170472,-0.0366341331797805,-0.024493651168334848,-0.012286614212420503,0.007518832414027319,-0.05886635618510475,-0.050530808647216,-0.03831886430213666
2022-09-22 00:00:00+00:00,0.04347056870634146,0.08877109240720821,0.06604795538642533,0.06746124306684044,0.04191230900224561,0.049677183991239306,0.04164055704431657,0.05251803428344644,0.04713563704717912,0.03159091450061813,0.06275189983117246,0.0642109974476624,0.04740042655016221,0.04855322541699074,0.05645125793700631,0.019619980410216505,0.07223355735937154,0.10716883441461003,0.2112848967039247,0.0686140118499137
2022-09-23 00:00:00+00:00,0.007389731519865269,-0.028418879522198407,0.016269643585970238,0.030433456080182605,0.00507247464431843,-0.005774921881411174,0.061670616050289194,-0.001551590691418833,-0.007296343678506545,0.009043539896320604,0.000595392882671749,0.04475081019792244,0.030335996609139472,0.015285424001822749,0.0372262684434332,0.0033156529049381714,0.029186621086531868,0.001624695727001983,0.041693683596280735,0.00529101763441568
2022-09-24 00:00:00+00:00,-0.023442852506044755,-0.042220356290539156,-0.02080479875136145,-0.023589973426508024,-0.008346990941150143,-0.019336170941039267,-0.0042697937882580335,-0.026752185471433057,-0.024712954538520588,-0.007298034129346914,-0.007654005404383535,0.023876979913952986,-0.03295282053232837,-0.018846258624831726,-0.008353270528970728,-0.00947874395454377,-0.018787913865633273,-0.043972243556094096,-0.038408259696483794,-0.027417297428396672
2022-09-25 00:00:00+00:00,-0.010473633347249049,0.024701556534203774,-0.016036998909817076,-0.03293191873797234,-0.000364497908172513,-0.0059966443373075,-0.031063896292694015,-0.011227062593783328,-0.028766789027713336,-0.010519031074518482,-0.01723018703557612,0.030465761402148968,-0.016987951003809787,-0.015578505587688448,-0.031652064084728204,-0.0025094116054256957,-0.024434025337282023,-0.00510205188389551,0.007963288636073786,-0.012278462578715397
2022-09-26 00:00:00+00:00,0.0020140993717011856,-0.004517917972015777,0.014330999064716717,0.02437022260316139,0.0065407209925513,0.02210884264131569,-0.0006541292138395798,0.05644131090495163,0.014486831966242508,0.0038698377230151075,0.031582372486728946,0.010120263478438054,0.017175094262520108,0.01438873745209967,0.04652001563489291,-0.001844245639668918,0.044912556680822634,-0.03029223396719923,-0.04875965822839765,0.011600266554077093
2022-09-27 00:00:00+00:00,-0.013957903327908309,-0.03080085840305975,-0.015486400695272498,-0.017346488723853765,-0.01385871925639482,-0.00776312114359553,-0.010690012169356462,-0.029391133371925664,-0.023973750897998632,-0.013432510204074955,-0.006118201346611302,0.013874355427581643,-0.01489329064840573,0.054443090472220006,-0.03575564904773456,-0.003530305423273651,0.07483164846078413,-0.03214562497341631,-0.04946303623698591,-0.021255513975411
2022-09-28 00:00:00+00:00,-0.011400032262173322,-0.037304234857228655,-0.002314815848451375,-0.001751313932735063,0.03358322460417352,0.01733860506675769,0.0004959087629526466,0.001568627772626434,-0.005212870188533099,-0.01686743740437496,0.006888764382004825,-0.032934652906521256,0.012082457728706388,-0.028589711645886404,0.01608288344902953,0.002690886252016589,0.027822505599299194,-0.017391742711869333,0.0071540658353763595,-0.0013869627743488208
2022-09-29 00:00:00+00:00,0.004575619971132009,-0.0175415860853263,0.0052008207375862925,0.024243611609992853,0.008838664576254835,0.009162636565833372,0.005767503834594936,0.007806440892829492,0.048458269045243835,0.006133881761266217,-0.0011223765628838153,0.013253666672542113,0.012494335030864376,0.01839132297142367,0.02114747461099008,0.0240615607207347,-0.027822505599299073,0.0634992000670543,0.08290031692812058,-0.0013888891121542938
2022-09-30 00:00:00+00:00,-0.007791056825106445,0.019616833746059287,-0.008683122573460994,0.027005860607915,0.0024608906776783803,-0.008658457767896248,0.013221444534576583,-0.01725533009076188,-0.01842598194636864,-0.002160605809905928,-0.005239426192316352,-0.04056355638178644,-0.008935279105812797,0.006810469002526879,-0.020244811694275586,0.00032786885539607313,0.012461220437812033,-0.00695654979336005,-0.016122713851807184,-0.011181108797515485
2022-10-01 00:00:00+00:00,-0.010870929307138183,-0.02661014398234454,-0.014641549992948118,-0.025296458482266186,-0.006693701230299265,-0.00576555882359139,-0.017667726046503858,-0.00794285351393688,0.03407059909388448,-0.007235921586176743,-0.012823456073443866,-0.02550375228605533,-0.010526412986987392,-0.007950070265460478,-0.024662537854651015,-0.008559723044938196,-0.009331327428884192,0.05846645849996394,-0.009421193938106325,-0.009887086191172132
2022-10-02 00:00:00+00:00,-0.02496009021978854,-0.055943904477543244,-0.025090921993526312,-0.0242016998029067,0.006342515976470501,-0.013248299277497894,-0.02202658715715079,-0.0193242728264027,-0.0537041789718611,-0.02202732231829082,-0.027098327626368574,-0.039166616699290585,-0.021005164112791033,-0.03009486379880884,-0.011783082065805183,0.007247602141580033,-0.022117805253619106,-0.02500130220541727,-0.05824787342724274,-0.025154039116385554
2022-10-03 00:00:00+00:00,0.019363060683070636,0.06949307991755616,0.03623800133670093,0.017346488723853786,0.007697728703327139,0.029588146889959064,0.017891957931168052,0.03514738776564536,0.022166295457260423,0.01802513396729391,0.03567562092116324,0.030473272083410535,0.044351074535843665,0.02552342726622817,0.02555951301955859,0.00719545214060266,0.057424619085764024,-0.014449890181059083,0.02987263637736984,0.04552706549869731
2022-10-04 00:00:00+00:00,0.01830661714166728,0.012676988197407157,0.017351505311199927,0.040443591034427774,0.03190117884637926,0.0354700667521785,0.08723232263789929,0.02020270731751947,0.011735256218420932,0.01698938387780811,0.028609778234496886,0.05222737368856665,0.020283929789606844,0.021530576740407096,0.03583542594884622,0.016002927788569998,0.003012050469991621,0.019500405967127623,0.036962576447272244,0.01312626791421286
2022-10-05 00:00:00+00:00,-0.010618751670765139,-0.0010759300146451676,-0.0028710901146419316,0.00822373055761244,-0.006775093666361247,-0.008868076947532767,-0.016230642625631037,-0.009273636785329102,-0.021053409197832267,-0.009724549891994744,-0.0068467925900135215,0.019490295124569953,-0.011827997051788152,-0.020385756924473863,-0.0014677824446384827,0.0014421923820108072,0.023775265493658052,-0.0016806726645181777,0.019004909952616247,-0.018705082941251942
2022-10-06 00:00:00+00:00,-0.004885434865200053,0.0008454710161216492,-0.020331806965022084,-0.030771658666753545,-0.024777592407716053,-0.009850292500254246,-0.02074471958278649,-0.015649771667127776,-0.017167803622365446,0.007571696530893733,-0.0001035403401485927,-0.03134325056571142,-0.020340938002336436,-0.020809999513793292,-0.020178726214627376,0.005111015757853838,0.008771986072837041,0.005033567674829123,0.009571399819147126,-0.0013995803544232435
2022-10-07 00:00:00+00:00,-0.011257154524634558,0.003068428305014503,-0.008249899472141949,-0.014462183157395014,-0.016511880500177465,-0.02180748428132239,-0.017488522034351237,-0.0015785322930497267,-0.029879199883734053,-0.012287830793693253,-0.01562368726345552,-0.003412524639917478,-0.013163033229065538,-0.007034026657380048,-0.011456260359093206,-0.004150708385719584,-0.011713164663653203,0.022342675365929616,0.048075719812599435,-0.0126851595273158
2022-10-08 00:00:00+00:00,-0.0049651361016647315,0.007021857580221809,-0.006530150839578347,0.0017123291855125188,-0.02112124336592893,-0.005757942171450429,-0.011290442515692181,-0.003164559602963137,-0.008060948261632127,-0.019460867520887073,-0.011804050032933833,-0.0200524612893661,-0.0007574323406996365,0.0,-0.01220271395755373,-0.0073860322931047365,-0.042111485350126966,0.031416196233378914,-0.0013530493994265598,-0.0028409110016037525
2022-10-09 00:00:00+00:00,0.002603859915985037,0.003492524998706208,0.006530150839578305,0.0025630086648895482,0.006491187595827681,0.001083975237505919,0.007594768670132955,0.026584833811061657,0.008060948261632065,0.0,0.005798523794401447,0.023202897079663793,0.020808699079426618,0.003523198007316878,0.010381772634970076,0.004983532538959618,0.01826534797729319,0.02040887163120725,0.029540023075150888,0.0155260705289196
2022-10-10 00:00:00+00:00,-0.05291212295849747,-0.059166688604171846,-0.041685286181442946,-0.048960827195701724,-0.02437814011535237,-0.015926855342589977,-0.04511052894487256,-0.03613904661587324,-0.0807863680037855,-0.10713360232320417,-0.02533466791518214,-0.03943043370142064,-0.023844178549263764,-0.04189721088893206,-0.029595254910795166,0.006075158572956297,-0.036870535808327685,-0.04043356957849069,-0.0752498300370009,-0.041464124077358944
2022-10-11 00:00:00+00:00,-0.026264135919152887,-0.02137510776904806,-0.01616950651673125,-0.004490353301626212,-0.00036839197322140546,-0.003763632670309744,0.014545103035150615,-0.012882625831013718,0.008666399932397923,-0.020009004347784205,-0.007719462178011686,-0.027645160666145353,-0.011465824063475441,-0.01850762265598544,-0.03697043091854518,-0.017363780304527867,-0.06297479916138843,-0.06259865631974468,-0.01591870349516941,-0.019904822298933103
2022-10-12 00:00:00+00:00,-0.02434722700230888,-0.03604822678546498,0.0006267627908093325,0.0053860094295708994,-0.0018439983097193683,0.00499954855969873,-0.007329701314298633,0.001619433552302976,-0.0038424639015451115,0.00210305019677889,0.011132157454090616,0.00140056045303102,0.003836567145995245,-0.001246106080247183,0.01162053102301879,0.0011346139478003406,0.009950330853168092,0.002580646593491713,0.004105938841692,0.006679060079671978
2022-10-13 00:00:00+00:00,-0.012134150464110696,-0.03492404665229151,-0.01897590145900569,-0.02630537165331285,0.002580646593491713,0.011398838108565434,-0.002678722512540518,-0.01139149828609537,-0.02337009962333971,-0.03506130825681938,-0.0057020824489079506,-0.016652939171769934,-0.02187254523854849,-0.016342287020640184,-0.021736460002384144,-0.011896172232493273,0.01311494207782795,-0.0376412052192232,-0.01861095900402526,0.023392879574705375
2022-10-14 00:00:00+00:00,-0.02717046762492763,0.026457030065176246,0.0006383658052724966,-0.012020486854124776,-0.008133131708277647,-0.010282290815579725,-0.016736084994620263,-0.009868501140753891,-0.006920442844573683,0.006938449344920854,0.0071148228207480535,-0.020124295647499606,0.004101167744214607,-0.019194447256147065,-0.016201379338007943,0.04691487060532424,0.022545238321056222,0.003561891566360528,0.019020627178538016,-0.012359299453665288
2022-10-15 00:00:00+00:00,-0.007115519895892686,-0.011054607782230446,-0.015434389992860027,0.0037140246963716086,-0.004464293128685381,-0.0056235623928088925,-0.0015354434476140771,0.0,0.04177392224563706,-0.015679763746494404,-0.016607478021246645,-0.00014521164622912272,-0.018092922261366697,-0.0025873235649510238,-0.013760915250037142,-0.034856715704622135,-0.03896596853338372,-0.004454350349380309,-0.013400880886843596,-0.008817103410148333
2022-10-16 00:00:00+00:00,0.01688493273817928,0.015852834792815778,0.02052669889657268,0.021999053995367782,0.015905643255720563,0.010100687533673864,0.005788235431905146,0.021259999426849325,-0.0009519277253819578,0.014382466267253133,0.024047313738358313,0.04083361222796543,0.020428917094318145,0.02051353983310303,0.019411586758851525,0.0021033904688841864,0.009884759232541925,0.013303965626362886,-0.010851525516129211,0.0
2022-10-17 00:00:00+00:00,0.005386492959104234,0.060609537457155346,0.02693554635870364,0.002716162828777683,0.011311925036204927,0.014783006060808625,0.018000317787267038,0.012861913642407822,0.013245226750020723,0.03067986682436142,0.01930027490231382,0.021378650227531732,0.007554515347139057,0.020101179321087088,0.03389050311171826,0.012528271799179804,0.04644549721017794,0.00614846030045248,0.007941525541186625,0.024782609440542593
2022-10-18 00:00:00+00:00,-0.02695140670984706,0.00737419180049892,-0.01871545581135591,-0.017328294961070613,-0.009112510659844131,-0.011442277457683746,-0.0036746324963011553,-0.016103407566578735,-0.01324522675002068,-0.01820926874699504,-0.0156620450592596,-0.027812238852095567,0.0007716049765543118,-0.017566323717899054,-0.03455363310949371,-0.007530276711469555,0.02167267489889635,-0.015887359762319066,-0.030862732755587874,-0.010130332653672082
2022-10-19 00:00:00+00:00,-0.03567293009949403,-0.06337857017240164,-0.05301823344724221,-0.027041274702964756,-0.004035962183662117,-0.010583325769578811,-0.0182375875497809,-0.009788006366162932,-0.044798142899894595,-0.04590970130407774,-0.019740220320127733,-0.05109392424884468,-0.01789931055920737,-0.026941975955423234,-0.043728369827469596,-0.007101385556594474,0.0061068892081794805,-0.01433716314640733,-0.03362028062475994,-0.03628683935486379
2022-10-20 00:00:00+00:00,-0.027541964107568824,-0.032426860822261434,0.005298025637555194,0.0065944657252807485,-0.011090686694158173,-0.004299657437842867,0.012531916759680666,-0.03503277351577024,0.03810915474909791,-0.030897505511310125,-0.0019628773350881907,-0.017127531652322323,0.005481611220068348,0.009061550677574732,-0.029894964073707612,0.0066187988827067345,-0.07586575077471361,-0.007246408520767198,-0.008696676508926882,-0.004535155165391262
2022-10-21 00:00:00+00:00,0.026111144003685804,0.030979374512225058,0.035683318735638396,0.005617992304223274,0.004080881196730808,0.006409961253210738,-0.0015157897639096662,-0.008525200823359617,0.025557472455179576,0.016476345265983964,0.013306060811697405,0.02257633388226299,0.007972818120178552,0.01153119759918964,0.0032079870676830083,-0.007753228953318552,-0.00990107098271157,0.009049835519917856,0.03282594542309938,0.017274180942820957
2022-10-22 00:00:00+00:00,0.005995735306334188,-0.001790968880921696,0.0,0.013908430046131931,0.001110083370238961,0.0020839900038091583,0.005881875624953563,0.0017108644036293876,-0.0028076761541986363,0.053039385968066004,0.010607134072841059,0.008627676534399463,0.010596380817024508,0.021424890084106057,-0.003207987067682948,-0.0014604465070471664,0.009901070982711537,0.0026990569691649835,0.00841701311094967,-0.0014903132415590849
2022-10-23 00:00:00+00:00,0.030279857499814114,0.033491736598996576,0.038754849887981155,0.02005536681334843,0.02049852154834097,0.018881404774908718,0.011660968383187422,0.020305266160745523,0.025903390948847894,0.00899941792649409,0.03778910388395278,0.028421605901724236,0.034840168147392034,0.06282258592205534,0.0443430998210937,0.004859883208510941,0.03231298899054346,0.006269613013595395,0.007493879412200111,0.02431058950061627
2022-10-24 00:00:00+00:00,-0.013344651742231274,-0.03905562854704596,-0.034938051361280344,-0.026521902049094385,-0.006907862408409835,-0.012374412787988572,-0.015522301141901909,-0.008410478508596404,-0.025903390948847874,-0.0338427091089516,-0.015208154818900862,-0.02290394996915293,-0.027964663598580682,-0.03940808433614146,-0.03404288444391894,-0.009254063930268664,-0.02250898889392259,-0.015294945035637815,-0.034504887700634604,-0.015401844611506703
2022-10-25 00:00:00+00:00,0.11288878207861788,0.029517132970542377,0.05496907012142057,0.04352454878164158,0.03618521235425999,0.03808397301398036,0.058792439274137576,0.08263808935361373,0.02954970310186801,0.08498667494140508,0.08289831625036694,0.022479291458984647,0.06234731366816105,0.03588901912094572,0.0865990422858227,0.016820710351448984,0.06758266351879925,0.0126127798156983,0.016641505133193374,0.024818792144043565
2022-10-26 00:00:00+00:00,0.0074720148387010564,0.022985730023052684,0.02140390866315358,0.014971657899966857,0.02089212478708728,0.033858406805051616,0.14172532760536347,0.006201570263281107,0.026045477654382684,0.032698287846758614,0.07033011482030309,0.013221008329675325,0.008369739893535837,0.008191970914588158,0.013837710745776085,0.01685790558589477,0.016579128802911264,0.015104685218496628,0.018076670400179,0.03402170787888989
2022-10-27 00:00:00+00:00,-0.0369008255295131,0.03024335099178261,-0.007083854888405044,-0.018527217201300114,-0.012133967560763266,-0.023206217347907374,0.05672243902779739,-0.02029734006367466,-0.0026631174194835508,-0.029460729373324678,-0.03380027292123538,-0.03772958009077717,-0.029514469122480597,-0.017637141486106844,-0.022952357179874535,-0.007121973602792313,0.01630873804192391,-0.022292496937330316,-0.015907472152633724,-0.016157710140534146
2022-10-28 00:00:00+00:00,0.04036875072914651,0.06685704818560921,0.0824095726838026,0.02896209449387957,0.03832148682991233,0.014514910485440964,0.08689215195223063,0.027995607489427074,0.010610179112015469,0.02906834168926326,0.026307872841872658,0.03100026828166284,0.003100212203160167,0.023447733081572632,0.047574813204147304,0.009484737559367401,0.007326040092072881,0.015212821349268643,0.027568793740608746,0.02033017794633476
2022-10-29 00:00:00+00:00,0.037850224131097746,-0.004295984682725746,-0.0021845994488393122,0.02393276621162836,0.021584766268294128,0.01052290170330112,0.37278391311705555,0.01673042825920957,0.0,0.015576638928737101,0.04105228046823375,0.07151231891615509,0.030131404309366918,0.02177736492336325,0.024639373971064363,0.011264199200796536,0.03584613177313588,0.00796112121586742,-0.00910540965343084,0.001386962774348806
2022-10-30 00:00:00+00:00,-0.03488725900044055,0.03271319740630278,-0.0016415872359517465,-0.01961683374605959,0.029456734085444653,-0.008793615102669194,-0.033658027023270184,0.004514680354526613,-0.024934506400169018,-0.054389272092678506,-0.01813762536979552,0.01893946869886074,-0.02233232605449141,-0.026423134022536,0.00212733707336614,-0.01852777132214435,-0.030023699021702495,-0.020472455104975456,-0.02563966801068974,-0.014659948410684742
2022-10-31 00:00:00+00:00,-0.0002465787215057695,0.028260671785595687,0.0543554140155771,-0.009519760340595665,0.03817735220921246,-0.006651090639639452,0.07469024911564566,-0.006024114603380902,0.034562589529144525,-0.010664580156529123,-0.011223178506764802,0.009591479631322761,-0.006161672267279234,-0.009356793410881267,-0.011603183615154554,0.0023743580604620755,0.010108389320761057,0.0008988764650172506,0.012794276227735126,0.002808990611054952
2022-11-01 00:00:00+00:00,-0.01091010077946046,-0.01725820314751206,-0.034832017333478536,0.0,-0.005541886104904235,-0.00034753441282134187,0.11351728939801896,-0.024466052154406382,-0.005240186663556159,-0.009113567635114582,0.003674829676506621,-0.022264609287374365,0.001634729271502176,-0.009445170571518646,-0.011118088583976936,-0.007617875278189145,0.02272825107755609,-0.012658396871923465,-0.0010779347815334814,-0.008450754517723237
2022-11-02 00:00:00+00:00,-0.03941021003961663,-0.05694109884937404,-0.03887705577630069,-0.011368727606759667,-0.011489025614669293,-0.016329943003790245,-0.10730926191627703,-0.03304785404620039,-0.02034568190403022,-0.0459851132418235,-0.03884472586553249,-0.03267270318514704,0.10090413976841178,-0.027662617743556682,-0.04445176257083392,-0.019302513406321737,-0.0028129413766147236,-0.02208001384185815,-0.030441417688935036,-0.022890842128902862
2022-11-03 00:00:00+00:00,0.01006330257441237,0.016042127277124382,0.006677821142605448,0.016572555481786645,0.028630553379947684,0.002774058844848819,-0.04020200135295103,0.025277807184268607,0.026456569536830465,0.045568880145283305,0.008310015519320951,0.037346822315521645,0.014496548351886102,0.019324272826402842,0.001622060371868051,0.002271253409856695,-0.02712514626769117,0.012020486854124662,0.011277068099719349,-0.009451179039166271
2022-11-04 00:00:00+00:00,0.07919313191634954,0.10695066446838501,0.07220456924739421,0.07416975966648523,0.07341403969754556,0.04550026847944526,0.028222978764559807,0.09516834589159862,0.040090656661821385,0.07071218085920399,0.07167898833885042,0.12123131493529946,0.08876167700697728,0.07154145521749808,0.08954732676642542,0.033463925547280116,0.08857792548135476,0.06062462181643484,0.1074691089535854,0.05610274765721277
2022-11-05 00:00:00+00:00,0.011320875624482293,0.022687147637005592,0.0117980337456348,-0.006446436506320104,-0.015345569674660421,0.007107568128679593,-0.013409092285500735,-0.002840911001603641,-0.023689771122404665,0.02830016780662042,-0.010881101073359998,-0.005984596063980908,0.02412221340379022,0.006659292089976776,0.08952747392865916,-0.002824860635554739,0.018373220256619322,-0.01745244995122605,-0.026817696787276215,-0.0013821702269516474
2022-11-06 00:00:00+00:00,-0.058677058948406476,-0.06285809595846828,-0.07297105151768314,-0.05825274010593195,-0.03289483024520287,-0.018661385830795497,-0.08097390312102411,-0.031794585661152674,-0.048233812112627526,-0.0662493855412006,-0.036739681791493305,-0.06707357205964894,-0.014110351211373098,-0.05572789145541605,-0.12328595385361375,-0.015042639756880753,-0.08547573201240195,-0.04133562405790739,-0.04586341679318119,-0.052531594432879386
2022-11-07 00:00:00+00:00,0.004961558181199579,-0.011700112576955747,-0.008262233726541376,0.010230268250815043,-0.0026670633678824896,-0.015155708438383623,-0.03132999608863907,0.04451560526246352,0.018692133012152546,0.008824766455436662,-0.0001211584020051137,0.10033618788815409,-0.012382233672646365,0.010471299867295437,-0.09647578835321495,-0.006562648603459506,-0.007107350458651945,0.006401485052040889,-0.013038551711807405,-0.00804980563436451
2022-11-08 00:00:00+00:00,-0.08223102787627767,-0.16150985806669024,-0.12096841332381719,-0.13316795449586294,-0.02890026541532725,-0.10453994878635704,-0.23119983057179633,-0.1223580920263974,-0.16241518967715168,-0.1344446346971262,-0.16110570303953478,-0.15006494818438837,-0.1536069732177147,-0.15222352563667518,-0.19468668478652734,-0.05869938457810043,-0.14397909597509173,-0.1046517625273625,-0.1355003816928494,-0.14865515399799054
2022-11-09 00:00:00+00:00,-0.15895352587540396,-0.2155363011034493,-0.21583573678166193,-0.14803248331532254,-0.20281104179216114,-0.15256777937932994,-0.16960117364662766,-0.15230054053909678,-0.15692076470107397,-0.17531101230773732,-0.19097006900385916,-0.21272191699003504,-0.13180338113526166,-0.1812439704827843,-0.549007773323229,-0.09534424032988217,-0.21412339995482588,-0.17305290289241973,-0.19766407864521796,-0.1407428154307508
2022-11-10 00:00:00+00:00,0.1495054869073526,0.21751031062750154,0.17766316327663234,0.14317574720237283,0.1286560782613483,0.10021156844027021,0.1865631079682722,0.09849783454612054,0.12957941909675302,0.18077799631133612,0.16402134152275558,0.1459321177347728,0.17810325367625512,0.14417727000941147,0.22654684444591752,0.07989859261182201,0.1634368754034272,0.15672600960499086,0.1684156495189859,0.11483463057208602
2022-11-11 00:00:00+00:00,-0.03617680160034934,-0.041781095778951276,-0.08736517143874728,0.0038872740884016476,-0.0457684184555807,-0.030623543661599414,-0.05365271349232014,-0.03754707259525162,-0.003203419717537589,-0.02112107898861354,-0.007726341863364996,-0.023292760662898013,0.01523995083618505,-0.047252884850545615,-0.07097671796443313,-0.03180449036645921,0.05561669065925733,-0.019740900806236902,-0.025434897147821604,-0.06693275276976549
2022-11-12 00:00:00+00:00,-0.045743628473211326,-0.06376203492686239,-0.07645161677462753,-0.0038872740884016562,-0.026519348928223205,-0.015243021519595541,0.03533038898241327,0.003472225710749057,-0.04595994841218795,-0.05043885429894853,-0.02515712695090829,-0.11464698716171594,-0.0255304980768613,-0.03734563935885155,-0.1206747506308687,-0.01783349072531241,-0.09269066291677457,-0.0450720063942438,-0.05536913526747443,-0.02750291888962674
2022-11-13 00:00:00+00:00,-0.029576465041039748,-0.07202392905898869,-0.005361943141385399,-0.030649952343960073,-0.022890842128902977,-0.02910295424526251,-0.03697706072593824,-0.003472225710749092,-0.011261380272539073,-0.029719869384927444,-0.028855371043540967,-0.032853508977642325,-0.04382254327473743,0.012103022171243627,-0.10095019750615089,-0.07901330917517509,0.0422598092898826,-0.032350841253167034,-0.06475856734816308,-0.03026097178180951
2022-11-14 00:00:00+00:00,0.007551765235050041,0.013548625789863149,0.00917437627604145,0.04226673351462925,0.009362689927850863,0.017579576532614275,0.011702883710917293,0.018949748779662153,0.03669116407017036,0.029231707305426104,0.017681623598823245,0.03444434609329131,-0.011747307880073226,0.013443070256452904,0.06035680054089739,-0.013664931913308856,0.04879016416943205,0.03454382458817717,0.10253963931618496,0.006913607784818279
2022-11-15 00:00:00+00:00,0.01493456670705604,0.021738945616581157,0.027769138915642953,0.0,-0.007194275634027085,0.01677305124617919,0.012831804295293226,0.010186845306992997,0.010857869972049086,0.003898640415657323,0.007971169901038475,0.020453828224018745,0.022841198744266468,0.008862687257845324,0.022599831917240992,0.011696039763191236,0.030721898758301724,0.013057856917456688,0.02922963831493831,0.009794397592287625
2022-11-16 00:00:00+00:00,-0.015837773151115925,-0.03902368822899108,-0.03311062433597685,0.004800777343356729,-0.018951004470295095,-0.014171059886846265,-0.018315105673204605,-0.03611742522799541,-0.03070416634397985,-0.03162318843051207,-0.030017642122180853,-0.03841742273306884,-0.009004389842773373,-0.02381064869371856,-0.0034977300437545387,-0.01149665784647055,-0.052299499402848906,-0.029623669210225512,-0.03560585545421441,-0.038752986297233345
2022-11-17 00:00:00+00:00,-0.021309786586751096,-0.023319442345144416,-0.015420506028095355,-0.004800777343356676,-0.014452725166480357,0.0017868218880000477,-0.009521082796761064,-0.007029905928258174,0.0022246950221111086,-0.012629619755484519,-0.013026750462845106,0.007416996271928728,0.08499450130141058,-0.00907721815111654,-0.04441990985777625,-0.0019956103210371566,-0.03935495035061011,0.006659292089976776,0.017699577099401075,-0.01325873579094655
2022-11-18 00:00:00+00:00,0.003072199036970059,0.00542987759436924,0.010050335853501506,0.008624873781759938,0.022879226758177235,0.00047255399539148176,0.0008263975442272764,-0.003533572581311016,-0.0022246950221111624,-0.0061193459695930005,0.01007049509316885,-0.006769851774339583,0.0004791949616494066,0.00907721815111668,-0.028233673286852612,0.012309069449310157,0.020726130517116734,-0.013363227812167028,0.002615064251778311,0.0071611559228280065
2022-11-19 00:00:00+00:00,0.006116227017436054,0.0023038022910518707,-0.008497540510440663,0.0009537435153098568,-0.0054874840463078845,1.377198915139681e-05,-0.0022446698538237503,-0.007104825623744683,0.005552485114785719,-0.0020481317963549034,0.004188875582935169,-0.006002126868138764,0.021485818623112284,0.022338978082262335,-0.032940550082301054,0.028592825993843052,-0.015504186535965199,0.014468811119916622,0.0031290768686102377,0.018182319083190547
2022-11-20 00:00:00+00:00,-0.05001042057466142,-0.06628090864866887,-0.05583587345791598,-0.0009537435153097795,-0.031299127174207464,-0.025497948917879515,-0.09314811897971488,-0.056843898976528834,-0.03608057656448267,-0.07115527222694006,-0.06397421437289094,-0.06347606372564502,-0.029502536240885613,-0.04827483305779562,-0.04540803953899502,-0.04050245465493837,-0.05715841383994852,-0.0452054367680468,-0.06257914716339054,-0.026370696462548426
2022-11-21 00:00:00+00:00,-0.024003747348420947,-0.03735800605079422,-0.03082293151522797,-0.01344880981261297,-0.03976590337759208,-0.031126427112839597,-0.03125048287843664,-0.022901764286684455,-0.026761341060599766,-0.007734845192853946,-0.031004239269978077,0.01855085832898291,-0.013125036505889648,-0.006201570263281157,-0.0365185807325246,0.028930483671125738,-0.04704536369005394,-0.02576254893002374,0.010202763260244246,-0.036634133179780384
2022-11-22 00:00:00+00:00,0.025924977526314834,0.057780915762996064,0.0446724400515926,0.05640592791355204,0.0491839424773357,0.02784776288354211,0.05346078028448701,0.019121041446778595,0.035904261893273955,0.024652028998312175,0.02871658066714913,0.08885333735569115,0.14193668015640254,0.03514494630276989,0.050278409320737835,-0.016231900333998343,0.02285813807604997,0.03267501885064723,0.030264401131210424,0.03251466288454166
2022-11-23 00:00:00+00:00,0.01869805702484177,0.03963557821732266,0.05508867181874034,0.049921238375369235,0.1136500220706938,0.02291720320295262,0.03994807289401462,0.02985296314968113,0.0368550923891545,0.0954085614267171,0.038660305594043654,0.04342216145027809,0.11182134305224557,0.04836107169342106,0.14352947630904475,0.02106983913646676,0.033336420267591926,0.01707497375257815,0.01531989814458848,0.03249016742445437
2022-11-24 00:00:00+00:00,-0.006931344700614792,0.021906681085866807,-0.008458335702738346,0.00779562198245609,0.004674465940699176,-0.00025058686248794284,-0.006241224444672671,-0.009233675946945552,0.0,-0.005920096224725447,0.016087440010925196,0.018319318632112114,-0.004566217979581195,-0.018773114507925,0.015889798914616133,0.01968906191078706,-0.007312646846286602,0.01567781271922979,0.05184360165632229,0.0029925209364539294
2022-11-25 00:00:00+00:00,-0.005389139687425808,-0.01268725512645281,-0.010089336653022687,-0.018285228653475552,0.0019966728763232953,-0.004638140695062483,0.0941265230605431,-0.02441435817128727,0.022765210773012426,-0.0054577163504995205,-0.0036870159910469204,0.0024855630897285506,-0.05971923470162231,0.0014566644964641641,-0.03913846842032473,0.002646504380210924,-0.007366515816762554,-0.008928630744301318,0.014822405759520704,-0.014042357123038881
2022-11-26 00:00:00+00:00,-0.0025461503252450952,0.008541966916629201,-0.0031250025431352776,-0.011489300047755696,0.03463266732421314,-0.003854985458206651,-0.0063890818692609935,0.007575793808457723,0.0010712373814988586,-0.010502722199149288,0.005239315074610342,0.043994526807031704,0.03148297475409254,0.017316450011460958,0.009929159588219641,-0.0034039367209105177,0.0018467225931647112,-0.012408506643829961,-0.02936264688587415,-0.002022245380767809
2022-11-27 00:00:00+00:00,-0.00383142231155606,-0.018567113536007863,0.006240269860084673,-0.011622839827992807,-0.012278021768408896,-0.0018116393171025897,0.10403274824960736,0.0,-0.005367699415004144,-0.003525563964038887,-0.009768860923016917,-0.036139940970660964,-0.020477629480245913,-0.021692824611259896,-0.003534821637493106,0.009051542093382957,-0.0018467225931646629,0.023556894126444284,0.0005049230099698462,0.0
2022-11-28 00:00:00+00:00,-0.01938045154966246,-0.006367838771319848,-0.032401095898756734,-0.010850016024065818,-0.0469225983633378,-0.013226836427965193,-0.036637914442790284,-0.03260116137539797,-0.02727937842166206,-0.025550700117469988,-0.02211256020017287,0.04143612059762051,-0.012761271976111491,-0.03420407777086413,-0.05832556695285283,-0.005270104424236992,-0.0224308469881822,-0.03267896422302141,-0.01885406167816655,-0.01119604570508504
2022-11-29 00:00:00+00:00,0.0084443502755532,0.03183425032312416,0.0016051367812286584,0.009049835519917856,0.006452730829128226,0.014063432280211978,0.06442025492017825,0.032601161375398036,0.015368030228313937,0.009786325850648042,0.04087371569654329,0.017089721323582798,0.024438687048549634,0.010534333684959324,0.001500375375234492,0.005082363881115368,0.031630543886605744,0.013652089168327263,0.023638157419987663,-0.0010240656296902568
2022-11-30 00:00:00+00:00,0.030261904710023796,0.030280427139461386,0.05309599893182842,0.022272635609123223,0.017450107221594836,0.042921922045645745,0.05101235605166717,0.029741969198737516,0.03531667192489972,0.039200999202703424,0.06212395686716445,0.04724027098412213,0.043372828086039095,0.0467921615067591,0.05965404777809604,0.025031435778276077,0.07070081383210754,0.015695389463690656,0.02407362813408333,0.043114446809632334
2022-12-01 00:00:00+00:00,-0.013266145282795438,-0.021771402255625974,-0.01919444725614718,-0.028598910662000643,-0.027999805201673927,-0.010911911994265286,-0.048158163867506695,-0.009199696898423487,-0.0212547852683231,-0.026974662490592466,-0.014042169844776358,0.0011724094354077456,-0.02029036623158476,-0.030459207484708574,-0.046990936293466276,-0.008459042717062795,0.008496227829085599,-0.024776042099437196,-0.0270924983513352,-0.015826245260789334
2022-12-02 00:00:00+00:00,0.014520457143702552,0.009498956758620627,0.05137081076292356,0.015294945035637861,0.003756193591681072,0.006772531170246441,0.0034339008479156077,0.0380825710472096,0.011745997299295886,0.005554167269895644,0.014914739927744848,-0.009286575142950402,0.004758545407783008,0.03045920748470844,0.014695341602115617,0.005524875931969807,0.07023293703112769,0.004550633563996509,-0.0020176551611486666,0.024619658053174988
2022-12-03 00:00:00+00:00,0.0015656806079218598,-0.033848328691322864,-0.013343415173684335,-0.020749504013909906,-0.010277582758240296,-0.012216313353321956,-0.02378704820282726,-0.023403408384160423,-0.02146005101976911,-0.03223609901633807,-0.0434436044707897,-0.05053281179014728,-0.01904079285442934,-0.02751802889389241,-0.031113620849069157,-0.01610698526250676,-0.038589997269868975,-0.020642934852751506,-0.0224671181071645,-0.03463978196993781
2022-12-04 00:00:00+00:00,0.00779184244503356,0.023082500448152028,0.03879008083484864,0.011780834031149571,0.004809353138044324,0.012974242698661298,0.042801978894364864,0.018051031645568476,0.00863936259070786,0.013429953918781002,0.030876448784335594,0.028477978696557067,0.00781559273376798,0.013129291441792802,0.03111362084906925,-0.009187277520882645,0.027487583465563858,0.01609230128875513,0.005664278790096573,0.012012156448003434
2022-12-05 00:00:00+00:00,-0.008730956616416938,0.0008772357889913265,-0.02397499504970805,-0.005420067469339145,-0.011720230677891397,-0.008179770631694087,-0.025007384401430733,-0.01987418620708353,0.0010746911297653593,-0.002054443455014111,-0.015755676837173074,-0.02296452572244802,0.03968471902903545,0.005780362915499549,0.007991324765300843,0.0046979321582880495,-0.016077516727532777,-0.009163867106790975,-0.0005136106943929629,0.0
2022-12-06 00:00:00+00:00,-0.003136765432689063,-0.009593808288624411,0.00513385799385185,0.015281196235119084,0.006221935039293459,0.007200670308000258,-0.012891888189555145,0.0036429912785010087,0.028588500693793404,0.005128216366919529,0.009412373448134082,-0.019852113056662367,-0.0038733102713228774,0.02841100183277973,0.03414271892633771,0.005608539659609617,0.001619433552302976,-0.0104107360178388,0.005379800345566038,0.007928683755507263
2022-12-07 00:00:00+00:00,-0.025777083545608884,-0.05551645329436601,-0.028944506687570447,-0.02712643723908914,-0.020892124787087164,-0.014875177009226765,-0.045327755210416196,-0.038929846368217245,0.03184655365185154,-0.043917146145376534,-0.032082671682039744,-0.03582770978055115,-0.03814967950352499,-0.04146412407735906,-0.05831086704619706,-0.00974155324529936,-0.02955880224154439,-0.02115237500522668,-0.020390434154665005,-0.02904560719642992
2022-12-08 00:00:00+00:00,0.013766825398056872,0.02221171006767439,0.010486987495248071,0.02534072247885446,0.021581067287640657,0.022752101931693153,0.028011305198955436,0.02427756958134684,0.0060484055358806564,0.02480992916929378,0.03902763394865509,0.017146158834970365,0.017788558772657323,0.033025255431494455,0.014716969080692942,0.02528015667307861,0.031175617468449796,0.01649036189941543,0.027265063393647218,0.016129381929883717
2022-12-09 00:00:00+00:00,-0.008622119516819021,-0.007656614404373875,0.002976192673046176,-0.018034753908303846,-0.015267472130788308,-0.005562320142259912,-0.01813853080046219,-0.022388994893478724,0.03651120888291536,-0.0005215123977389782,-0.01343167624696493,-0.019765485128815583,-0.025360396515204817,-0.00566573753567742,-0.007331411137305144,0.00293255342127772,-0.0032362487792084163,-0.00351082865006297,-0.013282443039256374,-0.016129381929883644
2022-12-10 00:00:00+00:00,0.0025624613636999285,0.018982450912290248,0.0022263460030827594,-0.007305968570550606,0.007662872745569097,-6.247071687181942e-05,-0.0039374208987376725,-0.005676458004805191,0.0019361090268664007,-0.0010438414308983311,0.0025697300112286145,-0.0007288098857690981,0.0006550075560049384,0.016901810802603254,-0.0007361060325022046,0.003471274153422495,-0.014694141939220749,0.0,-0.0061903731342249895,0.01212136053234482
2022-12-11 00:00:00+00:00,-0.01677458688288065,-0.042205555523301554,-0.038538958943720586,-0.025999607491122824,-0.013272985636335893,-0.0024809629316508166,-0.0387391015720085,-0.019157674032933145,-0.029442754816699918,-0.013670034113236678,-0.002640985815637715,-0.023308327643808132,0.0018317419749432245,0.009729055198119159,-0.011851990587014293,-0.015809152785405692,-0.026668247082161294,-0.017741447009596043,-0.014594994542918287,-0.009077218151116652
2022-12-12 00:00:00+00:00,-0.0016278694788049593,0.009187786494628042,0.0015396461855928362,0.0,-0.02961857899297691,0.007276920090016073,-0.025910167669114616,0.0,-0.022155991897208595,-0.018162892459974052,0.009762093905650984,0.00014924259411323244,-0.003535654832307644,0.031316378044996054,-0.00823049913651548,-0.008372920810578386,0.0,0.005948857519772484,0.016920877488337177,-0.027736754971599636
2022-12-13 00:00:00+00:00,0.023507764195830127,0.013625314010598785,0.056816475043660754,0.03784484849509269,-0.014226028718743148,0.032295365713004065,0.00838209385422925,0.02105340919783248,0.019163470960754617,0.03756061731653537,0.03489447239766374,0.03302567698919667,0.015102487282185289,-0.021681066061324052,0.04265352435923203,0.01814528584922545,0.03159032428758978,-0.003565066164496146,0.01993421490081711,0.01242251999855711
2022-12-14 00:00:00+00:00,-0.020254670891065953,-0.016852298542046805,-0.003640338930974531,-0.01184524100396991,-0.016670139691058825,0.0015993100237424041,-0.031348431228369965,-0.012387009265434465,-0.02426812727243781,-0.025770555771562145,-0.010083300494032527,-0.030491954790129214,-0.027377438476519952,-0.016574965094212676,0.016423075298843536,0.019622722645159248,-0.03361940851437056,-0.01197619104671565,-0.02536971424160091,-0.02289381986585262
2022-12-15 00:00:00+00:00,-0.024993079941170088,-0.017353330244274937,-0.04018397781903342,-0.017568644202323458,-0.033811387899561236,-0.025417550422032496,-0.03917538326501179,0.0028721896240958074,-0.021728738991381516,-0.031387858068386516,-0.03178225373876851,-0.03978056022245325,-0.038997630468352674,0.015204162960433957,-0.005681833467430946,0.003412666087104739,-0.018621875774829787,-0.01334161693757426,-0.01912805601252418,0.007341406858367855
2022-12-16 00:00:00+00:00,-0.13186777553812248,-0.09322239681119142,-0.1064578862993301,-0.06852656231552678,-0.11277242582852318,-0.042622091974556034,-0.11423894035915927,-0.11711404342041354,-0.09082235721179904,-0.132040319167962,-0.08199810303572418,-0.09124472511187147,-0.0890470394711636,-0.0814153914855087,-0.13638446160692896,-0.05245475115470732,-0.08997866833622746,-0.09738803913531013,-0.07382311244520105,-0.13159268498574814
2022-12-17 00:00:00+00:00,0.0150832422113285,0.024843140788421494,0.00924764892166008,0.029529704701739434,0.046067727145790424,0.008644524244231441,0.04520397690124512,0.011965954741612213,0.020408871631207033,0.016179568876269486,0.017273230112821638,0.02298180488331789,-0.02074193623325449,-0.004474280394920966,0.021002387488083814,0.03600314626270219,0.016096173831331034,0.018667208719689486,0.00963726279779543,0.004756251534649276
2022-12-18 00:00:00+00:00,-0.004877143413516368,0.006115534348676762,-0.0016750422676948438,-0.01072657773864311,0.036102075187771115,-0.0022861599473239873,-0.009133642082939219,-0.010891725397790125,-0.010152371464017962,-0.016179568876269416,-0.0034595979186281527,-0.013523872533325543,-0.008045842568552506,0.005961269516499446,-0.010446057222369626,-0.019882834668738535,-0.01082706115131915,0.009204535729071706,-0.013060946598539782,-0.008338344917153807
2022-12-19 00:00:00+00:00,-0.050126144573054685,-0.02434266818280628,-0.04632045865073386,-0.03593200922606333,-0.043148736470731405,-0.018044869047170384,-0.09539938984943502,-0.03852522819623421,-0.03931142021488824,-0.04753624550983826,-0.01296553928147506,-0.027090846620864667,-0.015657122729098964,-0.06602551025914954,-0.03618815929199409,-0.004099130017746779,-0.045698102675656764,-0.04278727520520886,-0.031942320760636675,-0.0744760929014828
2022-12-20 00:00:00+00:00,0.022674935516063838,0.034899819244162404,0.047995500918428725,0.03298649899630645,0.044741093495094496,0.027401604731458414,0.04790187780232034,0.027296433903264295,0.04721659972200156,0.04690869606972657,0.041200748287920794,0.037791500472527655,0.033822646874283296,0.03891541624967362,0.026447822543609355,0.025985061049597212,0.05205920925133623,0.03753791931906524,0.027071948721083094,0.036689757235344705
2022-12-21 00:00:00+00:00,-0.020699821304944677,-0.00976712788387383,-0.02028810076789357,-0.013861608086624429,-0.02090108240579401,-0.004204603849787203,-0.014673481286268617,-0.026404174196510737,0.0,0.0436053114711054,-0.002600054124051634,-0.003999338775106319,-0.002290951746555713,-0.013835731852650024,-0.009836144876713018,-0.0009100009727986991,-0.0074878672582701505,-0.01058210933053686,-0.00952250739129357,0.002481390851385476
2022-12-22 00:00:00+00:00,0.012549184294497407,0.01411471847860089,0.011884689971514114,0.010907396189192953,-0.0016260166184185602,-0.00019259290140687945,0.04131007717860633,0.010204170174241668,-0.0011254925217344803,-0.009055298821555164,0.0032325885956782634,0.002668002249621567,0.012309250473601556,-0.0015491869868293781,-0.02671277365340006,0.011225900978883263,0.009351106105493594,0.00794706169253194,0.012390304022651932,-0.0012399257633205472
2022-12-23 00:00:00+00:00,0.010852819700807655,-0.008601963334948656,-0.005076153031860661,0.005899722127188322,0.0016260166184185348,-0.002555363857047274,0.004673512336119561,-0.012883341234290073,-0.0033840979842405684,-0.005472801741354776,0.0018706162898215746,-0.010714986158342493,-0.006971837878880697,-0.004662013105811301,-0.0033898337545115397,-0.023869221025684225,-0.020119133075052385,-0.005291017634415771,0.014499187905979122,-0.002484473327661945
2022-12-24 00:00:00+00:00,-0.000771307404223981,0.005482531215370975,-0.010230268250814922,-0.002945510229756803,-0.0069289048354263996,0.003428273556819251,0.00400698526178644,-0.004705891037412617,-0.004530019071750011,0.003044142381228273,0.000344205871288915,-0.004216924525050954,0.00015207969005070967,-0.004683849312426426,-0.02841344822319198,0.009177744302857614,-0.01203797855947898,-0.01469632329019678,-0.007365472391489467,-0.004987541511039051
2022-12-25 00:00:00+00:00,-0.0003858769100553148,0.005341655256295269,0.000856531101616428,-0.0029542118974314087,-0.0053311588229147805,-0.00023820676162420736,-0.02006581982303125,0.008944603462898285,-0.003411032301062821,-0.015314234973042481,-0.0015580670004475847,0.012430867278804526,0.050266307362842697,-0.020554083277436238,-0.0061323013020637175,0.0014606539021981212,-0.007912807859869801,-0.005398123769557593,-0.01720719255235796,-0.020202707317519466
2022-12-26 00:00:00+00:00,0.023270170743643057,0.01901887701113851,0.0025652002095451236,0.019531870917246067,0.004512828171682971,0.005171929813683699,-0.0039562230158568055,0.01743396247341052,0.011325149357053503,0.0030816665374081144,0.007847601399340806,0.009636226749873944,0.023298416806549944,-0.0015987213636969929,-0.00528635592314806,-0.004021943264358809,0.008105023141576514,0.01876730685169196,0.056515389029186486,0.015190165493975238
2022-12-27 00:00:00+00:00,-0.018649446311187798,0.003478642490401421,-0.005995735306334268,-0.016577659019814468,0.009776045271616211,-0.01267081627317635,-0.02623979194200032,-0.020555481173044222,0.008968669982760316,-0.02366237423742885,-0.013575870686164657,-0.024266942618679625,-0.030264052284732296,-0.008032171697264267,-0.02052727141276124,-0.008092742346666628,-0.0019238174459846903,-0.01606460250380679,0.004636582696126018,-0.029320137256961094
2022-12-28 00:00:00+00:00,-0.04759993923001278,-0.008828876358979304,-0.0376412052192232,-0.024889288763687133,-0.008957714620384303,-0.00956593439752758,-0.04608086963762566,-0.04382262112517785,-0.028298436122427658,-0.04841216378693077,-0.017821181974358467,-0.03939013289108593,-0.03482091180554566,-0.022839491969822903,-0.12775140093727458,0.00018465515701988932,-0.04389172475364453,-0.0329247846964665,-0.03235454342115653,-0.04633522398694952
2022-12-29 00:00:00+00:00,-0.017066647477305037,0.021231300096445187,-0.020730801002683968,-0.008097210232619362,0.007334996211565471,0.005193379640446887,0.007641186181478963,0.005351961582315894,-0.006912469920623451,0.03764234160287545,0.008650457182000732,-0.013125410139771136,0.005113562052554166,0.017989037836073522,-0.012371291802546829,-0.002588280239550053,0.015572285130374841,0.004175371410480592,-0.03926568324817577,-0.016393809775676383
2022-12-30 00:00:00+00:00,0.007349971838732488,0.005557945047013758,-0.010068734948266659,-0.016393809775676497,-0.002032107994557796,-0.0015637342071172207,-0.03646162471697101,0.003475041143260822,-0.002314815848451375,-0.009600073729019118,-0.00041658335602117456,-0.0227528775251308,0.0190198898528443,-0.013050756195490827,0.026613648518089904,0.006825965070399891,0.009856180715011608,0.005540180375615572,0.008731138120398708,-0.004140792666031388
2022-12-31 00:00:00+00:00,0.0,-0.003095812453852355,0.0027560881019799838,0.0020639842208514275,0.002032107994557811,-0.003926414431065476,0.026687483585350467,-0.003475041143260776,-0.0011594204197348191,0.008962928119698038,-0.003221878152229308,0.018100041643617937,0.03186828197959423,0.008176660437245319,0.007045826833202654,0.002020388234329051,0.013250388719725162,-0.01952642235035538,-0.018129151490952233,-0.009729055198119037
2023-01-01 00:00:00+00:00,0.01654264070897244,0.011586629756542458,-0.0027560881019800805,-0.0020639842208514825,-0.007744077829051978,0.004484440922006132,-0.00014235888699404612,0.014285957247476652,0.019529627021483878,0.0063532615226094425,0.0035135047223095435,0.009461821905960203,0.01091822260387323,0.041473248206575095,0.0020040086867150406,0.0056719573888265205,0.015748356968139112,0.022285044789434955,-0.00059031878927959,0.0041811907604011106
2023-01-02 00:00:00+00:00,0.01548571743938072,0.0369336584269045,0.02632925582004692,0.025498576768595682,0.003267976764616013,0.00337162473850112,0.01637992001867755,0.027306220995019136,0.0034071583216143558,0.02068390881093171,0.011315842641327302,0.011131840368844199,0.05260395674143253,0.020108952922713478,0.12144665340945057,0.006546668226314368,0.02316705928153438,0.015037877364540502,0.027662267510362746,0.02743656322715513
2023-01-03 00:00:00+00:00,-0.003552401604367883,0.03394568732150337,0.01952147174502011,0.0030165935394255057,0.0036637533349538013,0.00013853883532594145,-0.012827013559754538,0.007540510335148854,-0.0022701485345391855,-0.014370756529857616,0.00045294518078942554,-0.012376395601048862,0.011043954975290713,-0.015432405038811752,0.169982145043939,-0.006181837868382298,0.0014883723677830943,-0.0013577734604603596,-0.013298837223988365,0.021419828300823045
2023-01-04 00:00:00+00:00,0.05724627958115246,0.0038323635565048367,0.05969376380848392,0.01889663389128949,0.05070392936048166,0.010450635209181243,0.03649430051944033,0.023150193059348487,0.030220542642884516,0.18922029848511115,0.03427473413055879,0.03289885499045756,-0.0014566644964641555,0.02457881026488777,0.00447761942129448,-0.0010948906203270866,0.028046930511406314,0.0027137058715963258,0.010422792676094833,0.01707198389864746
2023-01-05 00:00:00+00:00,0.005214164513500724,-0.010946315107693812,-0.028549378106718475,-0.0029600416284768275,-0.008533798880397162,-0.0010990966366733739,-0.021988025439965787,-0.0025940351770465356,-0.016676317535127216,-0.05184169034316409,-0.004513312341289764,-0.025984546795303848,-0.016164936853355273,-0.010678972575854255,0.0,-0.018984995608284733,-0.028418815974970764,-0.01227009259181436,-0.026855087303176234,-0.007843177461025893
2023-01-06 00:00:00+00:00,0.03432246357513268,0.016326090395089168,0.0034013638234902605,0.00492854620114918,0.012388853770349848,0.007033256255153627,0.012367280535470709,0.013757740641823358,0.0033575856948459474,0.11393582013895893,0.01420444612878775,0.00914533282219163,0.022110650345867837,0.006116227017436054,0.005198674909237677,-0.023534927923136804,0.02624726246146282,0.029731919755476535,0.018467474861459245,0.0130379943381298
2023-01-07 00:00:00+00:00,-0.006481837602190918,-0.005379775287395411,-0.002549937633272648,-0.0029542118974314087,0.005372230879122466,-0.0004177703515806188,-0.003042879249659726,-0.004278996687279728,-0.004479290804046057,-0.019773259151803772,-0.004002831798053262,0.020447775325117892,0.006434268143798175,0.0,-0.03007745523727795,-0.009186667479227343,-0.019389669096894522,0.006635724415398271,-0.0002904865670390063,0.024313417742877787
2023-01-08 00:00:00+00:00,0.07178281028254013,0.03403558218580275,0.028525424036533336,0.02242902407839886,0.05073822264463318,0.010816215147354305,0.01975101922955581,0.03414451815464881,0.02219846978914913,0.017813434908636936,0.020429567752023686,0.0225567097785678,0.02940629734838343,0.027069321968218124,0.09808218435133531,0.04474430564988837,0.03020058520111016,0.022237672407888813,0.002901075431833863,0.03722514168477428
2023-01-09 00:00:00+00:00,0.06319262591421615,0.051994536752370896,0.00823727886647893,0.030391702795517853,-0.0084018759087676,0.0029400048985379155,0.027197067824257744,0.012560651085177744,0.02707257921763375,-0.013330239354825324,0.02316090581551178,0.01696083225504462,0.03668533645680124,0.013264748658483101,0.11739849421730544,0.004036702729192806,0.036943515191684276,0.026804412659713898,0.01094796299315412,0.010902591338215436
2023-01-10 00:00:00+00:00,0.016901810802603036,0.01916365076653387,0.04334546907613499,0.004666364043764844,0.016372932606500457,0.015159630933365425,0.028148848351524224,0.00672991221619907,0.011683616708486156,0.005452305948115517,0.011468456012886432,0.016515787067945112,-0.009726146231906742,0.007293978362553626,-0.003081666537408112,0.004567469345394913,-0.0015556134845649174,0.0025157245972473705,0.004859234943705446,0.0024067400305650593
2023-01-11 00:00:00+00:00,0.0024798524797825334,0.045644812335154585,0.21983880363738662,0.023010679334811424,0.02740872766888793,0.02841029515457346,0.004103622070517039,0.042771312876304805,0.032210576848739084,0.01423336912291456,0.039469198380846296,0.018956390929415992,0.039420542822942634,0.02156805387732139,0.009828088936262693,0.02981007230686953,0.02359083760824885,0.022361180158157325,0.061110925665303746,0.03193648116304683
2023-01-12 00:00:00+00:00,0.019316866159661886,0.034567659061640124,-0.027486549831632442,0.08541775115435177,0.010131091019681394,0.04911903051513352,0.02664467238320066,0.01871377077437619,0.012195273093818206,0.01739174271186924,0.018914694600993435,0.016257954186077395,0.023624534101167605,0.0211126772375592,0.01396077302775223,0.010209558845637803,0.043312554968548356,0.002453988961566787,0.005350467552830946,0.035452540741930265
2023-01-13 00:00:00+00:00,0.04831284754758217,0.010778498935554723,0.03377192564659329,0.04011999378942514,0.020640567647072137,0.055893048509553726,0.05160477235300303,0.031790507455856515,0.021978906718775167,0.03482704919662443,0.02461130387837389,0.03356226339483666,0.0016248842943698983,0.03959561608459318,0.09755435820042126,0.0512057248791974,0.02018005700437804,0.03610500464211614,0.028926550107361483,0.03097592789430493
2023-01-14 00:00:00+00:00,0.01976858532242269,0.037029547079498355,0.0595920972022456,0.00958473791298731,0.0380807535180497,0.050146827684418194,0.032484374384130266,0.10949931909735534,0.03876454345024431,0.03989649699931225,0.06579961234213291,0.037297243321190006,0.018498832796987386,0.02772454801485477,0.2816496987983393,0.027407968166645764,0.048586288261194814,0.031416196233378914,0.02432586983101119,0.09253350209807165
2023-01-15 00:00:00+00:00,-0.005119465106190864,-0.007484831450272561,-0.008298802814695179,-0.007980888331012877,-0.009550541883984912,-0.003988871656173911,-0.013958812333784133,-0.0162278759828788,0.0104019850442926,-0.004454350349380309,0.0016890044693156662,-0.023912578506343762,-0.00536500345121725,0.007782140442054949,-0.05730402723663831,0.0087041168483228,-0.004389623335538584,0.007986351632649923,-0.02770118135694108,0.02063955329654836
2023-01-16 00:00:00+00:00,-0.0008557980838961317,-0.03471686228127641,-0.003577821347884078,-0.004819286435948883,-0.010645476447952783,0.014939473685250641,-0.02827709609686155,-0.019930819017194144,-0.02476317011242058,-0.023945124172317554,0.015606843142374753,-0.00374167913896573,-0.01685173766003816,-0.01825344030935046,0.029698761144749425,0.0017638102865029093,-0.00791962713806321,-0.002275313837135428,0.002597404057685471,-0.01865542566150162
2023-01-17 00:00:00+00:00,-0.014082715854511797,-0.015267472130788533,0.02244630565226703,-0.012150817782512691,0.0013368985948413769,-0.0024026215431750143,-0.009968256444040988,0.024474369113726132,-0.013592442277900857,-0.0013726838119722468,-0.007236285399048734,0.02004075088344619,0.012837740642568844,0.0,-0.031010236742560208,-0.011926007587559368,-0.03074298935295184,-0.01839132297142366,0.0033665705757550683,0.006913607784818279
2023-01-18 00:00:00+00:00,-0.056869020117772486,-0.05174805147931194,-0.07897240837408831,-0.03314305010124344,-0.04334409909620378,-0.021876742420547574,-0.03500510919869024,-0.05221273712860898,-0.06564698798076588,-0.07017095919438228,-0.0351937523795323,-0.07157872641716732,-0.05188619532391547,-0.056848864232152525,-0.0949165564967431,-0.04594887372147814,-0.047466537238923606,-0.045084740754221385,-0.02248460735478217,-0.06401372448422508
2023-01-19 00:00:00+00:00,0.03462637063029225,0.039913593832309205,0.02311880535003603,0.02413766791644418,0.027182131139205944,0.018880985981668756,0.019925168807269838,0.026016308006058496,0.022704793693757098,0.018009734765366173,0.025901687036221963,0.026792879934711748,0.0190618970732821,0.03959561608459318,0.02891882015788413,0.019832582812240637,0.018998278580637448,0.023981964686485405,0.03787742025595379,0.042122303002371915
2023-01-20 00:00:00+00:00,0.07769515500056932,0.09005923061388314,0.07666360253784561,0.052074239370621896,0.03502108769409402,0.0729936990967774,0.054370285770523906,0.07389866281222053,0.06517607296025074,0.08015402286260886,0.06696772883159907,0.06472102830628695,0.06960227290743416,0.06101827611431852,0.1756796101259144,0.04283693769631583,0.07889394246966315,0.051944740917947485,0.049904856411733804,0.06899287148695142
2023-01-21 00:00:00+00:00,0.009538156519285444,-0.004651703206227905,-0.03492788105957846,-0.0007809449830713962,-0.02019601833193758,0.0051193975233281225,-0.01756074159748967,-0.001602050967447211,-0.016385908790818682,-0.029825979515253766,-0.019396805593906385,-0.012759343753759986,-0.02660238808624778,-0.011399743464727425,-0.0375443456206323,-0.016072348547192358,-0.0015003753752345652,0.01673212487827186,-0.023276807371933134,0.03233538064293645
2023-01-22 00:00:00+00:00,0.02066910247112561,0.018553407895747834,0.026886482184584767,0.004676547883901803,0.013289232118682706,-0.0033267835189935463,0.04129902729106114,-0.004821610112469903,0.0502237235723774,0.033825096153644096,0.0004793952336671706,0.018935305933614532,-0.0037609024898349096,0.01892800988551886,-0.014760415583120573,-0.0009726050369557249,0.033661282573131786,0.006615239118719183,-0.0074645780790458804,0.0063434739221749515
2023-01-23 00:00:00+00:00,-0.0037263817408137866,-0.020312961576201834,0.03568772944307188,0.035144946302769674,0.0069067862132548225,0.009142992475145141,0.003055165035538593,0.05531291552448196,0.011943182844174186,0.010586777308905405,-0.0007068810552112466,0.004428895017123165,0.026145280104322422,0.011187189390564376,0.004944385845464066,0.017204379650647545,-0.02454381413760086,0.03879796954098263,0.05585331125969926,0.005405418566907982
2023-01-24 00:00:00+00:00,-0.04443964143217391,-0.04823518802872972,-0.05549035673925156,-0.03826021361971908,-0.015857616733339443,-0.012450835212587299,-0.05325157589274402,-0.05789397841890262,-0.05442243402107391,-0.0732645030843325,-0.04420220164166934,-0.05178109012338192,-0.030608296037850997,-0.041646396875272974,-0.065827198776395,-0.041333576548972295,-0.06532244187272665,-0.04541320865970184,-0.037540500560410035,-0.0516243654053073
2023-01-25 00:00:00+00:00,0.03962808443495175,0.08587909028625297,0.04542315762152762,0.027694077581837437,0.02173998663640582,0.018736119160646474,0.03074277070869709,0.03304510362022817,0.04984576699366219,0.030685810703443887,0.035339277183372556,0.043047410154627375,0.024807298065581712,0.03170842688514058,0.07360615304897444,0.02639713890396564,0.046548893582250374,0.021882711249507587,0.022309363658446588,0.03165999996283316
2023-01-26 00:00:00+00:00,0.01700359776258416,-0.033746453588543425,0.0161698532862866,0.016554177882504507,-0.007194275634027085,-0.0022265840828143047,-0.002429572549307451,0.011343451598867375,-0.0018365478073015034,0.006389798098770988,-0.006753775247761214,0.03044914128506553,-0.021029604831634366,0.02587944798782076,-0.00777895427257946,-0.001295336968685093,0.02159652022686312,-0.00433840159859813,-0.01888218772132998,0.0009161704717795821
2023-01-27 00:00:00+00:00,0.02651572033768764,0.03160567840119726,0.15919482671393648,0.008915363657952329,0.01077209698191104,0.0027996835390564157,0.010371146197695759,0.01730915543905362,0.021819047394639673,0.001818182319058505,-0.0021696254810138083,0.02954932232981595,0.015532311579912512,0.007272759329079657,0.004101728474217874,0.030948394358986706,0.01924973112472331,0.006500564603093463,0.008759180089881554,0.030660652394785232
2023-01-28 00:00:00+00:00,-0.02047499284198979,-0.02332641649492173,-0.031626977177554645,-0.018664222270701903,-0.006187937022207522,-0.002237034511835935,0.005715607695165402,-0.028965204727243753,-0.017233986633989243,-0.013717636228799195,-0.01610271660394524,-0.023707859265928534,0.008736614710372672,-0.0036297680505786127,-0.017758054921703445,-0.00851874531632799,-0.03555403366220832,0.0021574981400210927,-0.012186356026998198,-0.027004341191674643
2023-01-29 00:00:00+00:00,0.04003613986291606,0.043155125417900994,0.021671929332129514,0.028966005798527816,0.035620643809325954,0.03078192520585222,0.026545254523056172,0.03290579788344035,0.019030932310690876,0.046331650331224807,0.04515785174820973,0.02208140187295429,0.05605499623324861,0.01801850550267843,0.08273139759746469,0.01040198504429282,0.043671196653737226,0.017094433359300255,0.013638789107313117,0.05675281659244942
2023-01-30 00:00:00+00:00,-0.06495789627477248,-0.054336925261718266,-0.061399099827206115,-0.04033407062670111,-0.03203348848717582,-0.0393514588233174,-0.019276625133435525,-0.06579984165493628,-0.060119812090932326,-0.06351340572232575,-0.0489178536288406,-0.06414069830814403,-0.03727406418667548,-0.041318149330730976,-0.08439945469816179,-0.023959892697550975,-0.06101267169022459,-0.048843131673880456,-0.04958874129270907,-0.09298529823017268
2023-01-31 00:00:00+00:00,0.0464223903693967,0.02186582292356253,0.003034903695154111,0.015879350674674414,0.015504186535965254,0.013013096440887308,0.08406486533835511,0.011245098415502426,0.013257769945650718,0.01579958516414938,0.012140284216281837,0.0054810464636582444,0.029334574008145115,0.014778594096118683,-0.0016708441648176058,-0.0014463642537528559,0.006271531072213002,0.007756271571359065,0.03078706425744272,0.0009456265480072521
2023-02-01 00:00:00+00:00,0.017276852498179746,0.11062280177538023,0.05645670866765707,0.02152216653074884,0.015898586067798204,0.025932253556535844,-0.02198353057928259,0.032532137352448504,0.013084298814440693,0.029974996220794938,0.03492752019938955,0.036994194518256494,0.06421298191884701,0.030104621399108456,0.04416089578576963,0.01500427190701109,0.035942772851467755,0.018589928459872812,0.018075724190317402,0.03254587575829385
2023-02-02 00:00:00+00:00,0.002766949319081168,-0.035323459699329915,0.012334122208444464,0.0036643500144918025,0.020297340063674733,-0.010322486493569127,-0.032864269920386144,0.011683453423146056,-0.0065207497004366455,0.0031270965844361043,0.0008767657648843299,-0.01606965342409841,-0.01698789408143257,0.048620687006074116,-0.027576767770234493,0.01118562273034718,0.04487379254122536,-0.005431843882361506,-0.008020458597919581,-0.0009153318716880927
2023-02-03 00:00:00+00:00,0.014216475872465625,0.03980252591673044,0.007047245515402922,0.008740041069352299,0.026538083238239314,-0.002431330219096245,0.021096911200648407,0.0686565777464886,0.024008540052009055,0.03290492080027093,0.012338965732266772,0.027098163329239543,0.012292346216374251,0.008998935868569535,0.015099246259121867,0.005156664290292978,-0.006915559280939729,0.012987195526811112,0.0046256929710595815,0.0465200156348927
2023-02-04 00:00:00+00:00,-0.010956284897022354,-0.022053023066652185,-0.015094626222485016,0.0007249003579485184,-0.005433155532371495,-0.004493712909870792,0.029058248120828103,-0.01945166149462216,0.009986465200676036,0.027247322054486413,0.0017177697247712745,-0.007845336502497757,-0.01361113920487537,-0.008998935868569584,-0.014277215797707037,-0.0050000104167057515,0.020049742779499804,-0.0010758473334631254,-0.0026754241910258107,0.018190194060057924
2023-02-05 00:00:00+00:00,-0.01793656776620791,0.0048297770835368,-0.046701093045980725,-0.026433257068155483,-0.007900375337093604,-0.017031632139821246,-0.03879015883931052,-0.03494063797568038,-0.022842473302209985,-0.04115454315855759,-0.02267500195691283,-0.03544176317506546,-0.01926881385637077,0.001129305597151487,-0.036398077696449004,0.0042204048576128,-0.04514606239737758,-0.021763644636359693,-0.030162978874390137,0.019550133922789165
2023-02-06 00:00:00+00:00,-0.02582121251313976,-0.04107367747458825,-0.0252156577211641,-0.021813576471230018,-0.010734652996457057,-0.007457673107036351,-0.02731748234404473,-0.021781380483133723,-0.021486113805020534,-0.03201696327725547,-0.009083375488667503,-0.022147536222656486,-0.007270493181360802,-0.01937382533968896,-0.0351217542630718,-0.014929168611724681,-0.03532473985688716,-0.02224785866357411,-0.016194685919980495,-0.03686658393425013
2023-02-07 00:00:00+00:00,0.042505118208993796,0.05595961563882679,0.0618856181705164,0.0329124695392788,0.026473476667171585,0.020779401555923737,0.032735787754218086,0.06656718267679237,0.04883512920912147,0.04721812460930596,0.03454497124674816,0.05204681603939849,0.050114657818723,0.04829686480893924,0.049924308327293845,0.04049261792581843,0.04874001497556969,0.03427643452918126,0.029162448688991375,0.060984176999187206
2023-02-08 00:00:00+00:00,-0.011852364192741108,0.012887118700508808,-0.035177051488319906,-0.03215230226588129,-0.01451931132445338,-0.01201050031064175,-0.025725243268000866,-0.026866851787409142,-0.025502292810936234,-0.024434025337282023,-0.012404342752227635,-0.008511877247958944,-0.016393809775676383,0.0065574005461590396,-0.02551158765740862,0.017782264823921787,-0.0242198772345727,-0.010929070532190317,-0.015229354385067256,0.006552029991300114
2023-02-09 00:00:00+00:00,-0.0846618492693067,-0.11315709419500182,-0.1164164909378514,-0.03873450918114106,-0.06938469543240713,-0.052141700352517424,-0.10194112019072547,-0.08040042543803766,-0.03759841355700755,-0.07996909436421698,-0.0657854381103781,-0.02153057674040718,-0.07500769919381599,-0.027610809743991393,-0.12556517609843829,-0.0663823907951042,-0.07338552664435707,-0.06000668091311595,-0.040036139862916126,-0.12783337150988489
2023-02-10 00:00:00+00:00,-0.011384268444926123,0.012851287572052448,-0.0061642111689655015,-0.01833451119341033,-0.0013071897286213775,-0.007883685677702989,-0.006776345772351356,-0.00788990486912194,0.007633624855071205,0.0033436859430633105,-0.021116331578965423,-0.013550733511733942,0.013916832842582752,0.011135972540486412,-0.018231596386746356,0.010163657445136639,0.005513995853284988,0.0,-0.0005238344802865658,0.009233675946945524
2023-02-11 00:00:00+00:00,0.028357027376764744,0.003205364440347589,0.012290657510121159,0.002410607836687344,0.014930494814101547,0.010916288456747329,0.016673182615620032,0.014762784156883826,0.004741592572582311,0.0244948657405904,0.01668032526444855,0.01626754364781346,0.010020337546260884,-0.012256420836975935,0.03421643662098236,0.00677114625463389,0.018060587436208985,0.005817352065913264,0.004183012635325325,-0.003683245416296405
2023-02-12 00:00:00+00:00,-0.011740749199764136,-0.015391684682122896,-0.01285292910210618,-0.013737589781363585,0.007062629678312745,-0.0036204886304742638,-0.00121654516220422,-0.015571387742625446,-0.014292763556925336,-0.020212203948589674,-0.015511194152279386,-0.02824023740230765,-0.018952331284703115,-0.03653374333245595,0.03215407024887602,0.0025078383049639353,-0.02105012628457511,-0.012843142090318954,-0.02269226658686772,-0.004623216741456964
2023-02-13 00:00:00+00:00,-0.013270861061914644,-0.030750885561000568,-0.008472233675979742,0.007296343678506561,-0.06032476274794922,-0.00043941906477148134,-0.0007306381231023181,-0.0061668484953459396,-0.01158314108963076,-0.02014456609246735,-0.006350867518422775,-0.020628467620903874,-0.01590794060961041,-0.023530497410194046,-0.034078072766398085,0.0265693726032317,-0.01620369050781822,-0.0011757790890118394,-0.011812217880074622,-0.03777597415890733
2023-02-14 00:00:00+00:00,0.07349150449377836,0.020356553354497584,0.028517448277211845,0.023154727076597676,0.006435246594271295,0.01936986197704005,0.018227313730481073,0.013581453708524543,0.01732478365730614,0.028184335101802686,0.032979679139187305,0.020628467620903805,0.05106262528135897,0.03394123342803262,0.050233512988683296,0.017378601330315595,0.05378058927849722,0.011696039763191017,0.030845306311903506,0.020953147514755667
2023-02-15 00:00:00+00:00,0.08022172130888636,0.0648696477405563,0.09460831984670168,0.06197011115111336,0.06912790625861016,0.09138049119365944,0.06573397854234497,0.059991504068462743,0.04751708952263377,0.056765810482073076,0.07383336987757323,0.06716982414150093,0.07050845517238247,0.06568860752080843,0.08846026579306566,0.05961066885633038,0.05045822127012883,0.04768213081507037,0.04905197854453674,0.0788094382655286
2023-02-16 00:00:00+00:00,-0.07841316894924216,-0.06278211995645612,-0.07010396280033974,-0.05176193455858957,-0.04182018210477791,-0.033711393282664585,-0.05042119788312444,-0.044059989794030543,-0.05038379000471007,-0.05112934652260413,-0.02238710238021172,-0.037787871187743426,-0.04241585302862934,-0.05083967677940922,-0.07031094728738843,-0.05841288461371056,-0.06760237300103179,-0.044199828979195686,-0.043307837424148066,-0.04909508870297316
2023-02-17 00:00:00+00:00,0.04022295090642678,0.05385944861201798,0.04522326833110261,0.04132186956190622,0.027860564552622483,0.043770785975072134,0.032679617213413885,0.14085397170061434,0.1316156832263838,0.0489016779693803,0.03363755128252365,0.0872253036136139,0.015805432964844244,0.08161133544616295,0.03967025238314897,0.0507619546880912,0.03950570478358126,0.050829687517865374,0.027982829549262903,0.053441032092520574
2023-02-18 00:00:00+00:00,0.006672457722410236,0.00836295678424388,0.0046165765501814055,0.020772260233888423,0.01112005104407764,0.002519415209186526,0.012575931900665959,-0.007579447847201435,0.03624779039234112,0.008881053043960486,-0.0013292021723714732,0.04335994766146029,-0.004103493722871975,0.01658069073305074,0.013307773126757745,-0.00242079149903801,0.03471254162231738,0.010953012019197145,-0.0017737240175404513,0.018049480118982577
2023-02-19 00:00:00+00:00,-0.01613939439540329,-0.011472939500102539,0.013723214095822753,-0.0014695079793598834,-0.015923903356723022,-0.014730846119734737,-0.021048618262282257,0.028501281484718206,-0.0056795284516012205,-0.005319161477600045,-0.007041676854215978,0.0031244167140477936,-0.023131801403451557,0.06851314012730711,0.057584762172989606,0.0034158871814071717,0.03299326469017914,-0.014262446920564479,-0.02049777121134584,0.012695896302740138
2023-02-20 00:00:00+00:00,0.010705940672407772,0.0208070836146426,0.049727202476363426,0.06476827415409014,0.012442336301430193,0.023230285350592204,0.015063619311817088,0.015078009318410192,0.03517548899137163,0.029774528701231134,0.013904960042027494,0.0003742748468618009,-0.015828189547857332,0.3420775558296696,0.055591611809372145,0.022340233626273874,0.02208443091029417,0.04324998379381674,0.030842256038207456,0.056410540569603894
2023-02-21 00:00:00+00:00,-0.028383168656273897,-0.03938435408107455,0.007655539781328278,0.0013774106860950765,-0.01244233630143007,-0.015825264394064464,-0.03257842069761225,-0.040540614431832864,-0.04170612444670173,-0.014338720571391865,-0.02587691925740261,-0.048166683882385465,-0.022141125877213633,-0.09054988519802463,-0.04997136417721859,-0.03521042414680883,-0.04651355533184017,0.004223871116185022,-0.01644982050485726,-0.029852963149681045
2023-02-22 00:00:00+00:00,-0.009471464636179155,-0.020326347278112163,-0.03196398025786995,-0.022973512974976597,0.002885079738022934,-0.011101316717520895,0.00046794572683584655,-0.00900470169812876,-0.010704095615944568,-0.016325092314723448,-0.010063968196039556,0.010028084297036825,0.015655069034865694,0.008915363657952329,-0.03337713163081741,-0.0005758710208094821,-0.015035723939464039,-0.02669672696824372,0.008638265097053956,0.16288741196832016
2023-02-23 00:00:00+00:00,-0.016597891409037713,0.01105226254950339,-0.03047950154565225,-0.022793009528556573,-0.013211083073426158,-0.01005818454576867,-0.014727806710243398,-0.013026306471377305,-0.02345166103504982,-0.016143848371356278,0.004487403049425096,0.02785766650290639,-0.007268162821965445,-0.05550645502406679,-0.010401591596380875,0.0015828480173571409,0.0017298548352885892,-0.01526747213078842,-0.018124299567729967,-0.064677709668661
2023-02-24 00:00:00+00:00,-0.04438044522048088,-0.04908136976263719,-0.06931908254839911,-0.04494310673454247,-0.019653433106692316,-0.032041028461487375,-0.04032755693292642,-0.0699197676603487,-0.0539730637446658,-0.046735314793904914,-0.026229663544409202,-0.06092397348598021,-0.03266649110455949,-0.09421617328745945,-0.03576370928457101,-0.024451807653784925,-0.05491575759611465,-0.019978466930886275,-0.025833139095926275,-0.08519080401787604
2023-02-25 00:00:00+00:00,-0.010442524130994358,-0.01836329665719602,-0.024774181985579586,0.003760816768126919,0.00033074251996535986,-0.0012178923770018468,-0.0021030501967787877,-0.010640015259155196,-0.00898478640781541,-0.006177258892078026,-0.008256406234486072,-0.012534701484878603,0.017325825927077862,-0.022590013605106936,-0.03081229668362402,-0.0002947244347889564,-0.015796663113173254,-0.01354422510775726,-0.0013225765715743833,-0.03370643788191101
2023-02-26 00:00:00+00:00,0.019423398210181898,0.009223799069381389,0.026946915051081873,0.023006580596198332,0.020619287202735825,0.01703161058168721,0.01731060351753671,0.022214740500234004,0.01611494139240636,0.020288499633440243,0.02891478779857588,0.016678261513411476,0.02250386867109047,0.0898631942125317,0.038584356531327066,0.024171240831516505,0.02156211680174655,0.011299555253933466,0.00026465528803398515,0.01576142126407194
2023-02-27 00:00:00+00:00,-0.011992512221318224,-0.01359402609670294,-0.027504484064690412,-0.008103175093623429,-0.013370491047052107,-0.0026679753126395687,-0.00978481387999827,-0.016880581696819028,0.0,-0.004681656491065779,-0.004830824006812237,-0.03019659395612772,-0.012675779734827947,0.06001021151282366,-0.024821653173814014,-0.0011515763472124566,-0.0262104053075485,-0.007896262122225394,0.0015864625220600888,-0.024157776216978233
2023-02-28 00:00:00+00:00,-0.03629655833469779,-0.0404603361661594,-0.04798179048954194,-0.023953241022492758,-0.010561154268666455,-0.015033201397948169,-0.006288165717188566,-0.035900497779527626,0.01760608857504927,-0.026148387812837775,-0.01742729397311297,-0.010920006225466159,-0.002874329971680997,-0.09849224173623697,-0.035453567324779764,-0.005488170909880983,0.009582762666285239,-0.01368322375145724,-0.00609515601057349,-0.04219308580713466
2023-03-01 00:00:00+00:00,0.02360323117489277,0.03983445600177589,0.03901814503906033,0.017274180942821175,0.004303929835277869,0.020842934243896633,0.013269638130607359,0.02919008675185215,0.05268848122007552,0.02520942060770006,0.036690198339970156,0.04630519693473068,0.041555201138320584,0.0630766852293405,0.027929743383869325,0.011376031676045707,0.051270220748029,0.010279930619749272,0.01921870394038097,0.05642522222414298
2023-03-02 00:00:00+00:00,-0.027306411592593175,-0.02472000379349275,-0.017026518020594815,-0.018790481460785026,-0.009626630359175575,-0.006949915104728103,-0.016862975743416473,-0.031082533303082922,0.027756883998663905,-0.008964438423367228,-0.010479770413468176,-0.03524772421650564,-0.024746305993382824,-0.03346925943940207,-0.022917201560325083,-0.001719690879526477,-0.03056617780657278,-0.005698021114637779,-0.01656407004800855,-0.02015181543730793
2023-03-03 00:00:00+00:00,-0.021053409197832267,-0.036765843364879876,-0.04747448740726844,-0.04183414035564986,-0.03185630271785639,-0.048503100831987105,-0.047276910509950934,-0.048182613958813285,0.06317890162153167,-0.03570084879969896,-0.04875223690936088,-0.0445517363278059,-0.05196113670224391,-0.055824572178777086,-0.026717388338713035,-0.03755829768257367,-0.056564771115681034,-0.020785967759834642,0.0005300821751474413,-0.02926198454903094
2023-03-04 00:00:00+00:00,-0.019126668107698395,-0.014502119282420923,-0.031709973896893826,-0.015949301407677953,-0.0027586224390795284,-0.00034764393289772876,-0.029316770107344105,-0.02007763611973214,-0.0769610411361282,-0.020343048346449562,-0.0017345947503006707,-0.014622048427522941,-0.01356329853090017,0.02621714638883875,-0.020755462051451633,-0.00672397004766859,-0.017856181015673163,-0.023613848108304514,-0.010387628361577923,-0.028345564712795167
2023-03-05 00:00:00+00:00,0.0011876485956560474,0.014751755231293899,0.0,-0.0032206147000422834,-0.0031125738426720146,0.003737206709584325,0.001606856264325969,0.010256500167189061,0.0,-0.010075651988741587,-0.0013732273954761825,0.01275194790407961,0.006582274002451482,0.006655598611736067,-0.00047675805432263036,0.008212065560370695,0.030373178788404245,-0.012019375465784046,-0.018101264190562124,0.0008980692116846272
2023-03-06 00:00:00+00:00,-0.019476271060620803,-0.0034170971283811503,0.02327110525102916,0.0016116038943416128,-0.003122292215621835,-0.000902760617454153,0.000668762146238334,-0.009749614965831814,-0.010668956349567727,-0.005076153031860661,0.0008050038448790274,-0.013189552753890003,-0.02899407792982924,-0.02264247674975989,-0.01634651783066817,0.0020796204761772542,-0.0022068104794579473,0.009627029827164202,0.0073340000059466965,0.01955617879386716
2023-03-07 00:00:00+00:00,0.00030252609518283054,-0.019218393252102634,-0.021414094503816358,-0.01705278838271947,0.0051984175288220785,-0.009506895048812334,-0.00967359417837833,-0.012407739702380835,-0.025910350431897402,-0.022646361534804826,-0.002480978317154744,0.003931566767925631,-0.012323795476378728,-0.01970085130504804,-0.01859153353061224,-0.0164575827048255,0.014413534818169788,-0.009627029827164311,0.02828363560694665,-0.024054611930729563
2023-03-08 00:00:00+00:00,-0.04043136705417743,-0.069783457473944,-0.06713930283762869,-0.046091107200266976,-0.007633624855071095,-0.022437472391169118,-0.04064200081954866,-0.04298355596583825,-0.05392610788543711,-0.05126589675196477,-0.019119360558395224,-0.045185275901128856,-0.04176886364287383,-0.09522367835537165,-0.09526079830756162,-0.014740788151035793,-0.05203855159719189,-0.013390340059584187,0.022887865166498673,-0.07681677742180888
2023-03-09 00:00:00+00:00,-0.023582992226343094,0.006730357374776679,-0.048095960739956124,-0.05645237719757785,-0.03545213525808556,-0.06388169730657518,-0.07547171204232567,-0.03932784261934335,-0.057947244045718375,-0.06684254322215119,-0.06404181387886924,-0.06550193677378559,-0.07630393469989855,-0.060803039254238904,-0.0604548915174719,-0.1080517571261407,-0.06446205893443925,-0.056725981400777545,-0.04819892731044227,-0.03568267559857014
2023-03-10 00:00:00+00:00,0.015360302000575882,0.009831856586178777,0.026704770758638655,0.011727694181359343,0.0010820560117982953,-0.010442692083692516,-0.0034935859942561666,0.030000420735412387,-0.012387009265434465,0.020870322725580377,-0.007598438659315794,0.008888947417245994,-0.0717633051944678,-0.00812187205734907,0.047332778680565325,-0.021899314684758833,-0.01798673072231882,0.01288677627635643,-0.0016203082129892024,0.019980684690483246
2023-03-11 00:00:00+00:00,-0.03161553638435507,-0.011010941571539529,-0.01978911387397298,0.01865891538687745,-0.005059642163581158,0.015024507857790617,0.00485732588286002,-0.015619641930183642,-0.04811924834419834,-0.01619468591998072,0.03141980986582175,-0.008564324788198248,-0.030732252129204204,-0.028957555911161073,-0.005518777803942794,0.024284324333194118,-0.03365615290144373,0.008922940018193028,-0.01689873955424819,-0.029103910666005442
2023-03-12 00:00:00+00:00,0.07784681840287452,0.059540344530502345,0.10893784473424921,0.056473515814056206,0.04290677637333296,0.07264804225261712,0.06549392467902204,0.07610644457575363,0.05385540173972301,0.08759429743749717,0.07103204632577907,0.061216309575263125,0.09700319357564577,0.07866958036275795,0.11142949980302186,0.09427324470557007,0.081768236014211,0.04224230519830075,0.020675382834583506,0.06695413479710316
2023-03-13 00:00:00+00:00,0.04011829033814792,0.024411026738721385,0.017764632559203245,0.05187548760896856,0.06646741283997182,0.0918599391330703,0.03182403939921712,0.03418423718993124,0.0272701430726454,0.04389419355722535,0.05725367773066491,0.0315530983588016,0.06596354779084877,0.07112444869167689,0.00985229644301164,0.03589193045305146,0.03220433470343861,0.026412099539777276,0.0026888964843066183,0.03555098426431901
2023-03-14 00:00:00+00:00,-0.0011658409947717173,0.08444912972364318,0.040457629422400034,0.03416481349107579,0.001622586758719844,0.022833529552860565,0.024025587247169387,0.019963334407815194,0.026546181239694277,0.03318554898565411,0.015387883866641848,0.02900866623778749,0.02999015568517841,0.03984590854719956,0.02229854872245582,0.0001493763540008677,0.03659633019475782,0.045172706008002904,0.0,0.09212999468202812
2023-03-15 00:00:00+00:00,-0.056386749321372893,-0.0490355930576439,-0.0979375349867057,-0.06138827210173218,-0.006832627850444725,-0.015718497080592527,-0.06840866142288045,-0.057716272810652516,-0.06339494160940956,-0.0943215489773855,-0.029524202392909437,-0.06132529826733949,-0.09372696865065193,-0.09939838625506413,-0.08084200433506603,-0.026946831792892367,-0.06676779955302586,-0.05350113011448474,-0.036924747249350444,-0.04019352482323136
2023-03-16 00:00:00+00:00,0.002465332527553033,0.03155235977596694,0.01784623526767755,0.02088429316692071,0.07270780390481033,0.028940970979109415,0.04121829685242577,0.035783787782956544,0.03777597415890734,0.0177758518410573,0.014303623541625463,0.016664527439918714,0.031298839194688205,0.04040004549310826,0.02210318716340734,-0.0007675186500043272,-0.0010159161049853175,0.009512556867698689,0.01603129966107295,0.03346515629454691
2023-03-17 00:00:00+00:00,0.07269995502490152,0.027099425828855266,0.10826217668572456,0.07427829605341543,0.028432260869465747,0.0915382366931726,0.05183063621187278,0.08347358894003569,0.06111515187123616,0.07950866226698523,0.06675304670589965,0.07953407242339647,0.08095919971838292,0.14861049945164287,0.09359868228915166,0.0378199498925636,0.08146209887591593,0.03944827032800318,0.04056970056355103,0.05739279799665265
2023-03-18 00:00:00+00:00,-0.03583777545994108,-0.07472747481810983,-0.03813286969544403,-0.033011249550101436,-0.02358670323594265,-0.017960573857961144,-0.04647016704995927,-0.04718221011393189,-0.04457065685414051,0.023392879574705594,-0.017153214596847183,-0.0403480307291515,-0.029551785542971328,-0.06305813596713691,-0.018692133012152633,-0.02758382048894201,0.01610939422232322,-0.02651452154343503,-0.015656416395117514,-0.05402295487510229
2023-03-19 00:00:00+00:00,0.022584916549522993,0.007176674090723358,0.03187751804994188,0.03448617607116919,0.01707395078996577,0.03883042537639571,0.021024850416719126,0.021624158164616093,0.050654986792814584,0.014347448408141355,0.012340812978825897,0.022710395456484435,0.011497132631154537,0.11937845620032193,0.03065730107042578,0.010734096563902042,-0.0030778725436795508,0.024236616230440954,0.031071483231113924,0.041998761908300646
2023-03-20 00:00:00+00:00,-0.03752841040683706,-0.06383450551183976,-0.05210426354008064,-0.04060708271002382,-0.012552466071119973,-0.009188807742989342,-0.04292151240253771,-0.05725872251718922,0.0,-0.07337772529784449,-0.027268258638845883,-0.004387523845459752,-0.07322902829460617,-0.08530785710643732,0.012275671314565825,-0.022353245780748005,-0.04928350409063678,-0.01609230128875513,-0.03240963410655976,-0.06410850608041804
2023-03-21 00:00:00+00:00,0.10698521138482812,0.031545667744246726,0.04695698308777108,0.02800031582011179,0.005698021114637575,0.013917915171174959,0.0707194637635695,0.043523529217739845,0.0265086065011869,0.06575137756278043,0.03874270968448265,0.04506828540170625,0.055206192747263454,0.016207810226853303,0.017913600381194876,0.029843917509905647,0.038903056089436304,0.10963872071469759,0.2292310374062645,0.01958342703900621
2023-03-22 00:00:00+00:00,-0.027429037170063942,-0.05060885433212883,-0.040965353419504434,-0.062351858900609874,-0.04058528011507821,-0.030875102511240874,-0.03656106776915685,-0.04994594734110493,-0.07990207058730497,-0.042518009293038346,-0.03784859319942085,-0.02777192508158612,0.05645092146651542,-0.06818933588726822,-0.05052268942455033,-0.11402146253517437,-0.05605053266361442,-0.05880903319683211,-0.10853609952891582,-0.06442610474714297
2023-03-23 00:00:00+00:00,0.03255656156034879,0.03094553751643478,0.04668292188270787,0.021218870753217337,0.025520216648071647,0.037610483876124916,0.04643384216765017,0.04332340658061146,0.05857930111848359,0.036759835993354355,0.0447974070589959,0.059139194729297184,0.07013045420843342,0.07858527117839091,0.033963796859480234,0.08678831207681535,0.027136282037314573,0.01746769304039078,0.05202884151352269,0.04570215348085538
2023-03-24 00:00:00+00:00,-0.032556561560348654,-0.042935556371831295,-0.03421615311757772,-0.03884753240507675,-0.02241076140638663,-0.030170604453767236,-0.03726812225143642,-0.04862406500785087,0.004301081899390702,-0.028803553346335158,-0.03604853527210302,-0.05663292775323756,-0.00032052994558314077,-0.015230755345705992,-0.07008939818759054,-0.027837891220667023,-0.05876277805380837,-0.04086708933210462,-0.04116943356932565,-0.029644716584996886
2023-03-25 00:00:00+00:00,-0.023067126844468336,-0.009606394294905174,-0.0035461030067504774,0.012053179267555832,0.000930954295320007,0.00030882732901125104,-0.006866401935592462,-0.01945390883298505,-0.04297022305854461,-0.008455658437671683,-0.004405053737011967,-0.016262800591055646,-0.022477713156594588,-0.027847827375775153,-0.012174486869739091,0.004248963824187363,-0.029327615094520063,0.022297467805557206,0.03913943399998477,-0.017857617400006236
2023-03-26 00:00:00+00:00,0.012162503201412876,0.021508124623338412,0.013525639893887434,-0.004001605980007409,0.01904819497069463,0.01822496367160109,0.004582835895233199,0.022935633315154542,0.02127739844728466,0.015365853753180605,0.01820424813649747,0.025950116868808333,0.019695474871753594,0.02217750031568717,0.02563622862063733,0.006885786205224508,0.012871981516660044,0.012054940505353898,0.011225982284101847,0.024033199444156193
2023-03-27 00:00:00+00:00,-0.029095035746685056,-0.04404249054769093,-0.03749323414208865,-0.03509131981127006,-0.05633529488858099,-0.030610293346195108,-0.02024113117105237,-0.029391653020757372,-0.04944827541398114,-0.033002995239287375,-0.033627885582368316,-0.05535345416385175,-0.04481714124116906,0.021696311075932197,-0.05043908736628597,-0.008929330105889149,-0.02484817256337573,0.007596346891934556,0.06713060419766076,-0.054213816594147556
2023-03-28 00:00:00+00:00,0.0633619971772509,0.033926156158619526,0.013253206035794983,0.0041442247460262704,0.008336053402061266,0.005007183266062188,0.012817192099770048,0.031706086191424836,0.025479085300984968,0.02460581080219998,0.0331260346441161,0.011145805476485953,-0.0011213277694341664,0.011067306639681753,0.02676076441270584,0.009864638046247843,0.028643243531927275,0.05469291453035743,0.07130057551249447,0.011080445776571959
2023-03-29 00:00:00+00:00,0.03470716749483906,0.01925684450417742,0.035277026580815454,0.019656652549551592,0.0015951510799844051,0.039117969089514086,0.023565155250667533,0.02075407444128407,0.03183292657321097,0.024982930490509047,0.011261847656573554,0.0607346928970629,0.024164332485622934,0.03855527651156408,0.031290157993210256,0.002334449741198143,0.02331425262025025,0.04012574400577732,0.053186912491205086,0.04313337081757557
2023-03-30 00:00:00+00:00,-0.013206742403523803,-0.024891670021284958,-0.004632318648279518,-0.01800375961125206,0.008570120696866215,-0.011354726247076305,-0.018025723400177007,-0.009914750053210948,0.035061308256819385,-0.019048194970694474,0.000301114124527503,-0.020390716740663107,-0.02495001073469246,-0.05520250994472054,-0.02641209953977719,0.007433827016715844,-0.00810678312437811,0.04517827385302976,-0.019732583666342614,-0.025836626443306834
2023-03-31 00:00:00+00:00,0.05885569343507029,0.0034919675542790696,0.026912589039945034,0.022858138076050184,0.001579030803376232,0.01546498944228887,0.03612220465243684,0.03546300212853936,0.0050293484050019585,0.022429024078398644,0.015440968668430453,0.04791416420562415,0.005710142593547569,0.007961825498008442,0.029251666047854962,0.011048140611780903,0.02759603161724441,0.053077416181051836,0.010287194433118785,0.009878841004696035
2023-04-01 00:00:00+00:00,-0.017704053705775075,0.017279239003366136,0.005633817718256064,0.017600454335777074,-0.006331138589896148,-0.00044379564413691034,0.061243625240718386,0.00015764168078679502,-0.002511512412660875,0.023821993572356714,-0.0004008445243675286,-0.005285424566463997,0.032944672592016,-0.01196663661752095,-0.0037878833169370917,0.01439309749578723,0.006412913534103932,-0.03630162667621467,-0.053312843518611444,0.0062361003877103895
2023-04-02 00:00:00+00:00,-0.026895854481074167,-0.02337572552064326,-0.03138631382067072,-0.02489088759845629,-0.003818012910346423,-0.009920151427765776,-0.034571958308722776,-0.012850180789271115,0.029729687468118778,-0.03888178754420729,-0.01453846867051438,-0.03959174117015267,0.0021581965860602275,-0.028491955794306273,-0.02692470337059272,-0.01974847713777725,-0.025397663571806724,-0.01489785468063706,0.016545389596703656,-0.024270854296014294
2023-04-03 00:00:00+00:00,0.014830504677910217,0.0024251145850503046,-0.008149055573266726,0.038282186571016966,-0.0157432970460113,-0.01328794166506373,0.19452066425095224,0.024603038786365203,-0.04493268298777553,0.013129291441792581,0.008876569371509933,-0.0013793105635054872,0.0021535488025864065,-0.010792964877697564,-0.0034171378137580186,0.008554894826657923,-0.003030815588274712,-0.0018779348242002089,-0.04360094876439487,0.012658396871923465
2023-04-04 00:00:00+00:00,0.005665737535677521,0.012304006862012664,0.031072695475203607,-0.005492363748026032,0.006455800342871293,0.01306073888880465,-0.00920893908530995,0.0031109062264053394,0.015202995519656712,0.02008675856673751,0.03252769871276309,0.01710613042859958,-0.004203724864642086,0.003333336419758217,0.022722756707911494,-0.00015212596058870328,0.03659045721659717,-0.0037664827954768934,0.013420331614403626,0.001795332618674334
2023-04-05 00:00:00+00:00,0.007419760277407375,0.02087062776237832,0.019635974516858935,0.0007864727106135764,0.009924845354415344,0.00016117729039769833,-0.026094456783926304,-0.005138197369080131,-0.0033585254071343273,0.00047337278990462083,0.020280870614801574,-0.006670775536739613,0.000647878221560671,0.0008316008795259878,0.002387205717106186,0.00652060843995112,0.013082638342215937,0.011257154524634468,0.005753413351034185,0.01689680039347821
2023-04-06 00:00:00+00:00,-0.02425299473225801,-0.016537980284449996,-0.0016680571006970587,-0.00947874395454377,-0.005110199558874822,-0.0048462984303144436,-0.08158160564054422,-0.019705847714722707,0.024097551579060524,-0.020560131356641895,-0.019190771703289936,-0.016527025397775934,-0.018191231990714613,0.030292942624403716,-0.01683136632501463,-0.0012099215027131982,-0.025350723834920836,-0.013145729212502616,-0.005355561744433577,0.0
2023-04-07 00:00:00+00:00,0.001565762324061915,-0.025738686268431663,-0.02080479875136145,-0.01197619104671565,-0.006424692834698326,-0.004558093631494347,-0.03806460848832348,-0.01653460897585366,-0.0024660924951934427,-0.010684900100016267,-0.0046518807808922,0.009123646367769205,-0.004075568785036855,-0.0203673028244337,-0.00876771325331015,-0.0007569450062425454,-0.012253837715351054,0.0065944657252807485,0.019303337213878176,-0.030441025501235293
2023-04-08 00:00:00+00:00,0.004682630824800833,-0.007907334997740613,-0.00855925339567006,-0.005638355654266604,0.0006443299191988014,0.0011478259451552448,-0.010760680990653894,-0.007799844548269959,-0.020790769669073894,-0.00636788828270304,-0.008026892640481205,-0.019032317208294357,-0.007645043052252073,0.010642752932438871,-0.01976348911883975,0.0015133174800908288,-0.014770325587889935,-0.019915309700941318,-0.015333502702967215,0.0
2023-04-09 00:00:00+00:00,0.01058484130598746,0.0062764566802953085,0.005144338295600713,0.014434893783602484,0.00738010729762268,0.013699657615021985,0.022369033835687235,0.013127163629046043,0.01584026450921777,0.01026652869836024,0.00544807617683312,0.010186371481021382,0.0074242681313862946,-0.005716634596382984,0.011904902506318458,0.007382331078962759,-0.00016910459159248716,0.0038240964384034758,0.0011878837270904153,0.0
2023-04-10 00:00:00+00:00,0.019581045199106344,0.013688974565402625,0.022548869686613283,0.01892800988551886,0.018058466341062042,0.04533402443678367,0.018462795895607075,0.012798127010726756,0.023703602629748632,0.021651074269944833,0.027212274694365286,0.01924987256224756,0.0347181755333725,0.018661799188420064,0.029635396845491883,0.010155403885148582,0.01660415505203516,0.008551120989250217,0.023852548232596856,0.018910964285697957
2023-04-11 00:00:00+00:00,0.010770298225031944,0.007751631455075794,0.01108658805634055,0.008557033932979605,0.01186031380917412,0.018820778757940998,-0.007701003641677032,0.019518957479707208,-0.004858309151076295,0.02212375478375488,-0.010705196364642943,-0.005736153395524746,0.0046808596104548645,0.005611237167786386,0.09535369685213513,-0.014668725823642533,-0.013227484614221824,-0.00569261499328657,-0.0017403078935516367,-0.005366739177940787
2023-04-12 00:00:00+00:00,0.008187615519582109,0.004516279538303186,0.006593430479831905,-0.0031031832505158956,-0.007474341865919896,-0.010396427448109471,-0.007401251405289104,-0.0018723675309346495,-0.020500922995933542,0.025736714644049665,0.01446213399745325,-0.009772288903275384,-0.02319193488279959,-0.025912380985639603,0.035061308256819385,-0.017952710978952104,0.002188737299399808,-0.014374948057522733,-0.023102045428268932,-0.019013700912292538
2023-04-13 00:00:00+00:00,0.04917838348292442,0.042298197204640654,0.031269393981394465,0.018476276167573212,0.014893232153328008,0.01612230751029388,0.04486843358385192,0.03544130998819565,0.04138521616285428,0.016201974576280406,0.048169336152757536,0.031048245585955633,0.02266112113287659,0.021907569866127036,0.026126304592219998,0.001380685959916985,0.042636694080664755,0.017225306281879123,0.01494032114769311,0.026162971756516537
2023-04-14 00:00:00+00:00,0.030122759455108297,0.03715983837848998,0.01996913439392932,0.008355536647931617,0.012852074086210934,0.003060121449609667,0.015572920569649124,0.014515780503715367,-0.007179927134808118,0.0004463289518416263,0.04279836040920956,0.037501927647957393,0.022678137247560348,0.04011548496904551,0.011396134730869582,0.014609908322826862,0.016463250444221398,0.014131181923737525,0.01970697470631315,0.025495886517393276
2023-04-15 00:00:00+00:00,0.03167736502401672,0.009502609577231768,-0.007834983929818688,0.00226671800869101,0.012388736785432671,-0.005656179900882534,0.0024783160144670005,0.010786953505039429,-0.005620247632153708,-0.014835066403941142,-0.004481476696807716,0.033277137044091507,0.0036267590657500836,-0.0007713074042238699,-0.027073023448748512,-0.004694488821391926,-0.006680476570791974,-0.004688241123455493,-0.006718520328996034,0.00519481687710393
2023-04-16 00:00:00+00:00,-0.0019922530109139427,0.023250358241240256,0.05607993235379286,0.014237782662772399,0.04319754903337188,0.00031551290745832457,0.017288925421014224,0.002935135655762573,-0.003225809248882677,0.007669787203354665,0.013337427205203917,0.016723833565770816,0.03386362515314242,0.04673043120642132,0.05224917834122276,0.01011863953168107,0.007631197605799895,0.008423072729108923,0.0032689193612656384,0.016274449127336367
2023-04-17 00:00:00+00:00,-0.038857384527407585,-0.024787388839514462,0.016716220118168743,-0.021813576471230018,-0.02239442140360862,-0.029277429572032238,0.010341126258140472,-0.018935477002203775,-0.026188075957410684,-0.024108513546514575,-0.021309423514337927,0.002453988961566566,-0.01176779986801541,-0.04982162377609433,-0.03045107075510425,-0.012245976605047133,-0.029737785632205308,-0.031237750495280246,-0.019384208414393585,-0.030187717044321372
2023-04-18 00:00:00+00:00,0.021422879444086395,0.01630099932712787,0.0330886095936774,0.01584340948472596,0.009076332254197102,0.031761089816271876,0.029547113860167125,0.032038008312258684,0.010721752194140888,0.006882339622941958,0.014123514241102865,0.0499566171186729,0.030980115900054932,0.00924505814405099,0.009716675638572569,0.01614520170131236,0.03147843010998938,0.016213993734819448,0.0412212101842043,0.017361547195901026
2023-04-19 00:00:00+00:00,-0.06329164754870441,-0.07035922524350399,-0.11061538849618488,-0.06733684397101333,-0.06222893923193091,-0.053510138704066394,-0.06849206335428702,-0.09157115611076024,-0.1027206706948096,-0.07449494864093481,-0.0841518437953626,-0.10124991150622357,-0.11946419298281397,-0.09822854452055464,-0.0910485241766009,-0.01781986145175462,-0.081321522373565,-0.07972739945714508,-0.0807473134757577,-0.09281759181045013
2023-04-20 00:00:00+00:00,-0.038193136558830845,-0.02676063565006561,-0.036484733334406556,-0.013704366032112641,-0.013427211877374633,-0.01940603406257386,-0.04646583065820613,-0.03188675947589404,-0.020202707317519466,-0.01139472323949485,0.004772096728467839,-0.03144913268250335,-0.002767172057400369,-0.007643349312568012,-0.02050896672162659,-0.003204886375393344,-0.007920151594379084,-0.019659194960138317,-0.03291200499676369,-0.030683135672848243
2023-04-21 00:00:00+00:00,-0.04674583646485265,-0.0528050593949501,-0.07722337062346685,-0.02798536541807045,0.009698183317508139,-0.03534405077145466,-0.0674274199940177,-0.043819719451889685,-0.0330062964681702,-0.038085334023874796,-0.049696914889803157,-0.054577646154583555,-0.05584223837710008,-0.06243785894061575,-0.04373539350780793,-0.0069023972177983135,-0.05580694556395101,-0.029694652639115752,-0.05649018795474282,-0.026641930946421078
2023-04-22 00:00:00+00:00,0.033936418571310904,0.020424760944382395,0.015812920999539615,0.018197359051907513,0.03367321510658781,0.02011734939753183,0.023441527063951844,0.016952431744879745,0.028357287629926016,0.04404660354037414,0.013634596948651654,0.008678665894306515,0.019499225051434026,0.03477836014921586,0.025094253586102566,0.01724312196520099,0.005831982995932974,0.027602601666891883,0.049521518638649446,0.02955880224154443
2023-04-23 00:00:00+00:00,-0.017853062805217357,-0.019592313964802693,-0.02173360140926747,-0.018197359051907582,-0.004525577191447453,-0.008166817188415205,-0.018861366385377554,-0.007254354884037724,-0.01597027836449156,-0.02406131116011732,-0.006509380185517005,-0.01304640795597281,-0.002877699827615169,-0.011458917804071543,-0.014794537065838822,0.009186119863783537,-0.01353844315430765,-0.010526412986987504,-0.01537506264140915,-0.013685453085254314
2023-04-24 00:00:00+00:00,-0.013210916136028823,0.008011461423636325,0.004739345363896568,-0.005020931050099569,0.0015108025233574302,-0.002891754748673293,-0.0006348803463841462,-0.0035620426094908945,-0.006650855869909686,-0.015853055095346555,-0.010886106900897575,-0.0019787992322620723,0.01782293265374237,-0.04163497265157735,-0.004200706293790542,-0.009186119863783428,-0.01279097984060336,-0.011708489264900167,-0.007777096878272744,-0.013875346493617068
2023-04-25 00:00:00+00:00,0.028279519478618082,0.01339244723951721,0.041105642231701565,0.008354267469857724,0.021506205220963463,0.028306339200071688,0.012997848457207003,0.019186047958716073,0.010431578709815719,0.019903693545191843,0.01308561960331121,0.028728792107347325,0.03033577103648645,0.010115028770111747,0.02539965683289762,-0.003941190488826379,0.016835102999433152,0.015932360381085364,0.01805335943565774,0.017804624633506686
2023-04-26 00:00:00+00:00,0.017339296076308783,-0.010278891610673217,-0.02585607985366955,-0.021867986636580752,-0.0233194423451443,0.004037661120266265,-0.01477766077549936,-0.02480930551307811,-0.03162697717755476,-0.023001269589326044,-4.823008969043831e-05,-0.03782493214119191,-0.03237612540562842,-0.01753621310772857,-0.030087897956353093,-0.011763942861921513,-0.017394961183320488,-0.01379332213233576,-0.0165364017279226,-0.0168071183163814
2023-04-27 00:00:00+00:00,0.021442596035775825,0.0518463095912806,0.030948028620825463,-0.005115100666770377,0.0009070295406426232,0.0365394056503652,0.019530640329914983,0.01996344424663272,0.0038872740884016476,0.024011370685311326,0.02260944219517275,0.023424240187923523,0.017992164198397293,0.012031612052399407,0.04816340137862273,0.010548137241031737,0.03611427198578462,0.007450806155865421,0.010554756035374905,0.02753369605502436
2023-04-28 00:00:00+00:00,-0.014243855751288398,0.016872226015389662,-0.009639995265059985,0.00851068966790861,-0.020764104780064626,-0.005480032501360423,0.0023680449777226426,-0.003860036680054085,0.008691508118458612,-0.0030333693633286603,-0.009337843733620253,-0.01829748444157795,-0.0011150759406961513,-0.004610427714782497,0.044237561006343566,0.013743325882044015,-0.005416153337562185,0.0042328105526207626,0.02726577019758928,-0.01662629986583134
2023-04-29 00:00:00+00:00,-0.004710557861195714,-0.0006831184622234723,-0.0034246608813642146,0.014303988098262754,-0.006811171842739353,-0.0027757795765594477,0.015318397126767996,0.015682670432147626,0.0028804628653540877,0.003033369363328658,0.00887668579981968,0.020387349361037137,0.016048155826268472,0.006448663526533611,-0.006447475590969537,0.01975262854613829,0.019717433907135234,0.011548684784782165,-0.0033416906619033247,0.012739025777429712
2023-04-30 00:00:00+00:00,-0.017043019036972338,-0.016536420224886928,-0.022550825521896373,-0.01684959829769643,0.04732457200782216,9.441762633578723e-05,-0.025578747399096966,-0.027523133526090857,-0.020339684237122558,-0.020913794641177104,-0.019964187678360883,-0.022520304311178643,-0.031904546518745226,-0.026990935826847768,-0.019595662945050454,-0.012876667225446675,-0.033754671052643515,-0.01472161182535985,-0.015814773466021708,-0.027642431280004598
2023-05-01 00:00:00+00:00,-0.022495836169417867,-0.04548257038487293,-0.026668247082161523,-0.0051107436625594475,-0.02702867238791926,-0.040665991207925405,-0.008716028146534388,-0.03656302622218849,-0.013793322132335873,-0.009842089288817019,-0.02127176363574112,-0.01824370070516037,-0.016803275849825106,-0.029681451272063272,-0.03490287168106002,0.020348682064147545,-0.021526160560913398,-0.019251931499321254,-0.011973630328895285,-0.01512888159630009
2023-05-02 00:00:00+00:00,0.012333147077216073,0.002450870377635377,0.011346792387727865,0.01861305850019883,-0.021539294246991122,0.021206996165195773,-0.0007615179959329492,0.008260878334000618,0.01379332213233577,0.002080083953328005,0.02126641628521955,0.012819765055664513,0.016576544185777115,0.0009713453896321027,0.01311939197091937,0.010310118192390435,-0.0011261262451352473,0.009672294642507507,-0.0008607704426457742,0.007088637277734536
2023-05-03 00:00:00+00:00,0.006109998641578474,0.006506439002558641,0.021733601409267507,0.0058504136781755605,0.013593042165841802,0.012351095602062214,0.010860063801246447,0.011313322301717933,0.009737175277858244,0.015464225697581553,0.01856378802063968,0.0201196925651777,0.007680182318628784,0.0009704027932785145,-0.0004495392298677004,0.0007220738273154964,0.011947127355870934,0.0,-0.0028026319951077582,0.0070387419814760535
2023-05-04 00:00:00+00:00,-0.01715132277722742,-0.011049836186584935,-0.01640341407840414,-0.02275698712261629,-0.006464544599981035,-0.006497982228264741,-0.01569652480068568,-0.018692133012152407,-0.026511125548332078,-0.01235218999095185,-0.014832948258200517,-0.018546578189995003,-0.005641445628780708,-0.02355359129839762,-0.02273858768931821,0.0018749554782452407,-0.023468644928343597,0.0,-0.005194816877104023,-0.005022612266291332
2023-05-05 00:00:00+00:00,0.01765880819791346,0.02108756162009617,0.026232923692201947,0.022756987122616278,0.008303907472950955,0.02288090465334252,0.022580587283374788,0.030563240161642503,0.011869575555383729,0.014906469796048509,0.06007950628405556,0.03206123877995224,0.002599018356617208,0.037041271680349076,0.0484834627408663,0.021665613693248265,0.05200542677931425,0.008519753344770486,0.013579258126380854,0.027807154119492878
2023-05-06 00:00:00+00:00,-0.04011405981087071,-0.03382775502232622,-0.04712297013009711,-0.025317807984289897,-0.014189010411723367,-0.02253281543081646,-0.04398694947967757,-0.03728654928095664,-0.03400327590139327,-0.034253478478539316,-0.04987111742589557,-0.043269863095870255,-0.06227647629238154,-0.0430173850836907,-0.04069419082655442,-0.009492172992151833,-0.047645643549017194,-0.020354210991773345,-0.01923759748866723,-0.040985246500047826
2023-05-07 00:00:00+00:00,-0.007155191517854543,0.012193595957629068,-0.010306244605149312,-0.00772204609391039,-0.0027998151747464935,-0.01459915625864984,-0.0026102860031305955,-0.00017754105683569593,-0.014344508256400365,-0.011149571301935059,-0.013768127585020303,-0.001301424520320923,0.0019198470019696585,-0.013072081567352662,-0.01147591203453059,-0.015059445590231374,-0.004739794635212244,-0.00651468102119353,-0.020282882277140788,-0.016461277054071962
2023-05-08 00:00:00+00:00,-0.028870209588657648,-0.03552425477525158,-0.062225536966816083,-0.044021192058261556,-0.02268528283108358,-0.027143379896367045,-0.055483976267002126,-0.04782294741530877,-0.06722530584778687,-0.024866146066081857,-0.012286462103440952,-0.04877569458810901,-0.07090413954764842,-0.07894681715289938,-0.04920576298403067,-0.0101671173554442,-0.057493837986923244,-0.026491615446976455,-0.047199003120929,-0.056548397350587205
2023-05-09 00:00:00+00:00,-0.005489994574080531,-0.02060551774477012,-0.007159158465591019,0.09522835009191065,-0.005432191022198423,-0.0014655392981985705,0.00976019845068272,-0.008604617249812038,0.014246816312707683,0.025399906420360715,-0.0005630630779391869,-0.009157573154020732,0.027791903551078304,0.014138354051210911,0.0014538408182278534,0.008141946693666599,-0.002822013564009839,-0.004484312447328576,0.0013999069015093886,-0.005503591216978952
2023-05-10 00:00:00+00:00,0.01638038263136128,0.056949556689446866,0.01362330508548018,-0.053794481598600175,0.00702429452678819,-0.0010690420309266652,0.00027356039016184625,0.02596103522296017,-0.006550241760718542,0.0037283665026628604,-0.0030807973686073453,0.01006873494826658,0.0128087307353816,0.04021705996436636,0.012512194033500531,0.0039020209925529664,0.035689751381780876,0.0,0.0032588483217191205,0.010977058631150994
2023-05-11 00:00:00+00:00,-0.026061000342084802,0.003907497361282836,-0.03741821491837724,-0.02270839936981224,-0.02187285655694935,-0.0230965139643067,-0.016408503266629865,-0.03445085133244841,-0.03341067999100847,-0.03902934390573523,-0.02560701544919554,-0.03522143496336308,-0.0006180087953946875,-0.052167229335024344,-0.036031161474421695,-0.02364383345684494,-0.013333530869465256,0.004484312447328586,-0.02256264924807878,-0.026550232094120954
2023-05-12 00:00:00+00:00,0.029305123219708747,0.011362733850676154,0.01592601677098613,0.01316385836624254,0.003246756098869873,-0.00645829172740886,0.005822029198228047,0.012052876606636734,-0.009101314246345636,0.006611594332312789,0.007302038414395143,0.040520062150811526,-0.005330701273823661,0.0021834069809435813,0.03555280700464476,0.02003137378092384,0.024952561661073173,-0.004484312447328576,0.02302733327131027,0.0033575856948459474
2023-05-13 00:00:00+00:00,-0.016052582491579,-0.02441691530424351,-0.018605187831034358,-0.014932205422984473,0.007105973053559206,-0.0007366023552270455,-0.009443203071665037,0.0007485030289581124,-0.003434462448634819,-0.006058955467736456,-0.00685071075121409,-0.020131837451510964,-0.002364508599621474,-0.012068166213485476,-0.0028749420855990995,0.00375668697839939,-0.01767551115872233,-0.007896262122225394,-0.015213868635827715,-0.011236073266925842
2023-05-14 00:00:00+00:00,0.017670705821989277,0.003210864645641317,0.008016074988236125,0.019281929549450284,0.004495832877732132,0.005302016968638717,0.004038159076504462,0.00018703824986730905,0.0045766670274118935,0.0011043623430532275,0.0022813782736472547,0.008590327407622838,0.03957526701803901,0.0033057881344994103,0.004309319572742259,0.0007208246545799596,0.007224477385239332,0.004519781705619557,0.0030613470276301576,0.002257337301650086
2023-05-15 00:00:00+00:00,-0.011382236705315527,-0.011051871563470535,0.0033211588149269795,0.007782140442054949,0.00415668064518656,0.0090430011641092,-0.0006950719679295589,-0.0063790084977885094,0.003418806748785461,0.00933816178794094,0.009398726600278533,0.013351738325216519,0.03979631899430477,0.023914183099588378,0.0028625973746331593,0.012459881926223645,-0.004289341729476546,-0.007923074837327435,0.004691540390391398,0.00449944516122975
2023-05-16 00:00:00+00:00,0.0035369374377412334,0.008300333553069621,-0.012008149628396496,0.005154650588664643,-0.006402070522022523,-0.004734677357132959,0.011613568937199139,-0.003204828834098984,0.015801683191322136,0.0,0.0044006103303645,0.0036106553443145716,0.0350556021947424,0.0021459235702766762,-0.015362760138864626,0.004119031461142018,0.005067249197721177,-0.0011370097870750135,0.03495412179800495,0.010050335853501506
2023-05-17 00:00:00+00:00,0.01963220240521188,0.0044902710039236545,0.017958580409027432,0.011078085173154386,0.009269684403624006,0.013658322391184448,0.028189968040665255,0.023512932441766488,0.01334836282342699,0.014115326650669802,-0.0011463582445248271,0.014757665163612847,0.04231881793696568,0.022258470600942697,0.018692133012152327,0.009311579695210265,0.03833055754169014,0.010186845306992997,0.013245226750020723,0.009950330853168092
2023-05-18 00:00:00+00:00,-0.010978822285583972,-0.018548956123762596,-0.032833770174071374,-0.023147197190651447,-0.016036264112497953,-0.021552134669642054,-0.018750127780031947,-0.015613700094141283,-0.02460974309596609,-0.011385322225125352,-0.011902930731227146,-0.03416691737157813,-0.037441300230433884,-0.010537505302785799,-0.03478611608541554,-0.014854909930105775,-0.006946428007047446,0.0,0.02467085477659574,-0.009950330853168092
2023-05-19 00:00:00+00:00,-0.008925008533629993,-0.011428695823622744,0.0,0.002598528963263731,-0.001294079766488046,0.002196585934586688,0.0008166599065557433,0.0063492276786587445,-0.0011331445971687313,-0.0021834069809435063,0.0065100648420629,-0.003220614700042172,0.015036226874055876,0.004228336109521105,0.0009828010619080778,0.007242806638835229,0.0016941180522403677,0.004494389587839267,0.01704280275414104,-0.007808182447811699
2023-05-20 00:00:00+00:00,-0.0051750081445650015,-0.0003769317798115883,-0.003411808154336548,0.00861331767811493,0.005488310790050793,0.008231203535191795,0.0014954798518235107,0.006863954228298649,-0.003407158321614309,0.001092299398608865,0.0039099765100741425,-0.0010758473334630141,0.006731107815675667,-0.00634922767865878,-0.003937012959339532,0.026530458587282688,-0.005090988651993418,-0.004494389587839326,0.002136752949735242,0.011135972540486412
2023-05-21 00:00:00+00:00,-0.016520199498554676,-0.012900956768595744,-0.02211562146367342,-0.01642924978106689,-0.013614472848150585,-0.013171912518513606,-0.02044948773549794,-0.025464772340957193,-0.03119837085586128,-0.021518071628942762,-0.008007039934466744,-0.011289070637486767,-0.002600218149758102,-0.03346237731640484,-0.03359553851472762,0.03306982469149923,-0.033836369001213215,-0.007914117055990643,-0.02375921696290088,-0.007782140442054963
2023-05-22 00:00:00+00:00,0.021151729368872954,0.0013357506041026116,0.025527429618010026,0.0,0.008449839031309298,0.0037871532594394926,0.010894405483222406,0.007180680891929321,-0.0011743982559415578,0.016593301073530284,0.006868667024691615,0.01589171760908543,-0.014753559778240163,0.07911345734267716,-0.004087895319667208,0.03908738870804691,-0.007852415691904696,0.0011344300706118218,0.009355012204819022,-0.008968669982760375
2023-05-23 00:00:00+00:00,0.006772340661295639,0.0037116388077890936,0.00204151142697663,0.008680610064305852,0.014458083175229917,0.01369903691712277,-0.0002743484242174777,0.01680398017049204,0.011682375854356651,0.007650310536462571,0.019993039425737928,-0.004448883613103932,0.009532751748297087,0.03193884250783263,0.024780028998486865,0.006134988567515929,-0.0003942440421652815,0.0011331445971686754,0.0071205393096564935,0.007851975282685391
2023-05-24 00:00:00+00:00,-0.01797923668800246,-0.010888359721428743,-0.03951987414491942,-0.03160930412151672,-0.024214258120594627,-0.03326629631528951,-0.03135489909841698,-0.027975165170204323,-0.028270433938255474,-0.03208239754929062,-0.02964688357265533,-0.028698164086743246,-0.06627029969904066,0.03759478875976967,-0.040780370344928187,-0.020858230120409695,-0.019108861698046473,-0.019440292041524983,-0.02636031074701729,-0.028330506626225996
2023-05-25 00:00:00+00:00,-0.015791989079634947,0.006031901097706522,-0.0042523097385303915,-0.0017857147602345325,-0.00491401480242904,0.005483813844004058,0.003391750001120884,-0.0013337145922891975,0.007142887512380204,-0.003942556500808929,0.0031673945975410098,-0.006667749739004392,0.008701255664303714,-0.06649565424752546,0.00155965719164681,-0.0011716462968906355,-0.004632901830777583,0.006904515346544486,0.001764446862707253,0.0011487652038733585
2023-05-26 00:00:00+00:00,0.012488021316363701,0.005141399500418431,0.017599891110184198,0.011550550451202945,0.007524982343149464,0.008730076726596555,0.001268946240066035,0.0,0.03954003437032767,0.016788307003257046,0.012214640261706482,0.010458025912785256,0.005873901138664365,-0.014256860624864977,0.0051813587419975845,-0.01827195100081778,0.0046329018307776915,0.00571756846320346,0.03166605937782092,0.012550079154288593
2023-05-27 00:00:00+00:00,0.011243776756529829,0.0013286516142673897,0.01592280092845943,0.0052863559231480246,0.0019537616113941554,0.005539576292267746,0.02201872679330532,0.017388455503547232,0.006818208231776925,0.008289630227888057,0.001148268974181205,0.01470844854406948,0.016740127862495853,0.08829260714567842,0.054311989353739716,0.023339200198538947,0.013374787657710028,0.005685063634608259,0.006384358778468572,0.014631662268064049
2023-05-28 00:00:00+00:00,0.04296858450151874,0.03613729030567008,0.022411803927377627,0.022590013605107068,0.02156157544010563,0.04409840842612671,0.013281498717234809,0.03044796515057492,0.030119398906935702,0.020158677729629156,0.0421350907944223,0.029537689510114262,0.03222501060803216,0.020446808977683858,0.018429231576012364,0.00336395711197377,0.020024226191424563,0.005652926302788231,0.02223712354856952,0.03405051637132414
2023-05-29 00:00:00+00:00,-0.011032420803576725,-0.016695494562730694,-0.027921459738347306,-0.012970350442627404,-0.007991092548007696,-0.011777618425209708,-0.005318798764571774,-0.007846039702762255,-0.015504186535965312,-0.009756174945364685,-0.008439401459503443,0.0009044317770573179,-0.006472514505617479,-0.005535069482001028,-0.01159993674067718,-0.01719688028186195,-0.008980927212994124,0.005621150270429911,0.025805241036715436,0.0075309662011644315
2023-05-30 00:00:00+00:00,-0.0018506284197791752,0.007967431437767122,-0.00207397239912926,-0.008741314401573549,-0.0003209757690854117,-0.0015154032789555,-0.01127624709599936,-0.003118982438565939,0.017699577099400857,-0.0054615100255219024,0.00421281919287129,-0.003622645471262503,0.015182422589379276,-0.009293747191459494,0.03252319170555993,0.003279766797001288,0.007035401307502892,0.01777824602128397,0.05104053296770778,-0.002145923570276771
2023-05-31 00:00:00+00:00,-0.009304865752006265,-0.03559896917491927,-0.02381064869371856,-0.006164704684053901,-0.015203268734406711,-0.017632811059524262,-0.009169277912679496,-0.023613628567143226,-0.02217385749432208,-0.013230622986630627,-0.014286638596147112,-0.02062558794338785,-0.02003680105417742,-0.020755462051451633,-0.020923254964882846,-0.014910878622451195,-0.021654389435381952,0.01854935891113177,-0.0075210073932834775,-0.03053672386008165
2023-06-01 00:00:00+00:00,-0.027072579217633744,-0.01231495263439165,-0.0014184399541337456,0.0017652255245691492,-0.006212215498892137,-0.014526721963616974,-0.0032152121078786056,-0.020721205221537604,-0.010140931976049337,-0.010599820305142938,-0.006344706338571053,-0.020902336416590592,0.040848536968266645,-0.03689738937582579,-0.015496678154734716,-0.006000418030366017,-0.008594037105150762,-0.015250840252466829,-0.019744556973002033,-0.0178775711074059
2023-06-02 00:00:00+00:00,0.037170990838553776,0.0307892594975134,0.027993430422002086,0.013140793561058328,0.0075151472793079715,0.015710863858149307,0.015835863640578787,0.013735431508758618,0.027919177997333233,0.017788128835810803,0.023830490355990427,0.016570646475134343,0.013288531337030904,0.014727806710243386,0.03689041066299356,0.10031907407176201,0.017114845618903914,0.00874322509572871,0.03473042820080676,0.02559961720131617
2023-06-03 00:00:00+00:00,-0.006100005654224782,0.0044021988387998295,0.00619197024792098,0.0,-0.001955034835803239,-0.0063842684993772065,0.001927578732592429,0.011865663276500982,0.003298518658665108,-0.0011025359441000663,-0.0076973271057092845,-0.004506261995769792,0.006058092478124707,0.02502536756694038,-0.0032980006335941265,-0.010825380909700434,0.0033487670416307534,0.0,-0.010736299447255813,0.004385971943254268
2023-06-04 00:00:00+00:00,0.0037174764001325733,0.004662013105811371,0.014300550142196332,0.006938449344920854,-0.005232189830302239,0.0016975360281114345,-0.0028927632266872684,-0.00506805402001151,0.0,0.005500563923812067,-0.0010840625375848512,0.004816291451050968,-0.019346623815155707,-0.014361185068127823,0.02929760812471709,-0.004780885600342008,-0.013861608086624429,-0.00655024176071843,0.03242912405851574,-0.0010946908591815245
2023-06-05 00:00:00+00:00,-0.07111545121726805,-0.07182078653797498,-0.06422304239596816,-0.062408840072467095,-0.09665534643049559,-0.05250715845555731,-0.08775156483039816,-0.04799070963697503,-0.0823321907927522,-0.06985524463435565,-0.042979069839285816,-0.0636709496634355,-0.07127810087143562,-0.1110554754433267,-0.08709470685093382,-0.038326544351288815,-0.05998923049991879,-0.037950982909791514,-0.05149955995028193,-0.06446550445322641
2023-06-06 00:00:00+00:00,0.0048261271813440304,0.014191673701338512,0.052662219994892276,0.055470390727546164,0.01540972975959381,0.05673457801927024,0.05636325173146713,0.02668902932581304,0.059010756258979405,0.034117214693250686,0.04013377100477853,0.03362070616364648,0.035944081021052406,0.04323287910456571,0.018821754240587667,-0.0014054816087349209,0.01053084710977942,0.02138517061702263,0.04042898999564472,0.027651531330510164
2023-06-07 00:00:00+00:00,-0.09126851411294869,-0.0729564568749655,-0.04190557271518844,-0.03363148820912578,-0.08108046739189102,-0.03325860556385626,-0.04319729254916248,-0.034816737860562205,-0.030806771642757632,-0.03942539583897791,-0.028257596795300086,-0.05651035306861638,-0.02303044438368224,-0.07832419891583565,-0.08924421853713357,-0.018844130146213535,-0.0474083411997297,-0.02823451246259746,-0.02232278135050675,-0.04058528011507833
2023-06-08 00:00:00+00:00,0.001550147574401549,0.0003179481771260398,-0.006440093814729661,0.007174918672295264,0.010358811216478107,0.00602863973269374,0.010056281139038562,-0.00019906439798992608,0.03192973638738143,0.004131017972712407,0.007346876378127145,0.013096224784920556,-0.003947002586776414,0.007782140442054729,0.013322872255973025,0.008562584749315528,0.016990171274112977,-0.0022935789870995125,0.010173808840084047,-0.0035566131148471155
2023-06-09 00:00:00+00:00,-0.08971865444690001,-0.028264736864215732,-0.013005963679133993,-0.009878841004696196,-0.005741642567675283,-0.0007852550651334101,0.02197570790105828,-0.00819594792791886,0.005595985504121246,-0.002358491659292828,-0.0028594624490205275,-0.0003336670034293545,0.008998935868569535,-0.0044395189453650275,-0.082162475292935,-0.07244985220056686,-0.009984888685704324,0.020455258661401823,0.02713052612603975,-0.019185240721348727
2023-06-10 00:00:00+00:00,-0.07163468884766544,-0.10773719621586855,-0.1657326441008707,-0.06912181223885462,-0.08739532784863728,-0.024336519277700846,-0.117801029196703,-0.0979833601675215,-0.2511550022144066,-0.11630832664409838,-0.049476946677575705,-0.13560739408597752,-0.14650917793654558,-0.15879623310436408,-0.10855847169314264,-0.03375788383548006,-0.12015823641266433,-0.0795741260614764,-0.059939447679920314,-0.12492104151231992
2023-06-11 00:00:00+00:00,-0.009877526805230822,0.024819930026962533,-0.006026707866860375,-0.005819609053264153,-0.013921338518608007,0.003258464490493794,-0.0038942122878096704,0.0013274338232388114,-0.01882749313797333,0.0006629101999474445,0.0007019967243075934,-0.011145388238637942,0.007105514037161859,0.012953549000391187,-0.003851095902097423,0.009152073033279988,-0.001230769386132846,0.01690861539842724,0.02744697841249544,-0.012422519998557209
2023-06-12 00:00:00+00:00,0.01024149405219692,0.034225200543169715,-0.005194816877104023,-0.0009732360865521835,-0.0175706255887828,-0.0007856342026842933,-0.0013014480444409455,0.0026495930713939142,-0.01324522675002068,0.0033079752295453405,-0.005830653396786247,-0.002902759657961351,-0.002319887623768201,0.0038535693159899723,-0.023423322017561712,0.0127300163220061,0.057432049085875604,-0.006006024060211922,0.008222629749454032,0.0027739268827252244
2023-06-13 00:00:00+00:00,0.0014545457109943617,-0.010237623204869388,0.02401487620387392,0.025001302205417186,0.05427199243921062,0.0011211542039807445,0.0051956603322504446,0.02008362635776253,0.0,0.008549871221238261,-0.00140695864642246,0.026770241064604832,0.0,0.008934328733765774,-0.009923998085987791,0.01076406562750337,-0.0025614171647733194,-0.006042314455962586,-0.011299555253933394,-0.0013860016078771403
2023-06-14 00:00:00+00:00,-0.04420403955692493,-0.017142277387776253,-0.03624210277343421,-0.03478611608541554,-0.026137144367692218,-0.03155784923802867,-0.022436051229393742,-0.012614347343728053,-0.05794303530036647,-0.034647036444712266,-0.05260319656222012,-0.00947874395454377,-0.0577658088931679,-0.05082527044292594,-0.03794493156412337,-0.012874513122049474,0.026686653853399453,-0.04082199452025505,-0.07829474985298551,0.008287340248570287
2023-06-15 00:00:00+00:00,-0.004949562741166704,0.01899049323097092,0.0026327351757993345,0.03098021234773715,-0.006325131776968814,0.018526725673652867,0.018866936473706054,-0.043616440326558384,0.004698520781554114,0.022126279793981272,0.009650728476360676,0.011740335570600476,0.019628379743581656,0.05589498979317653,0.019829709585718062,-0.00028172982296494433,0.005207755458247608,-0.035993602647905486,0.0,-0.006901338640693157
2023-06-16 00:00:00+00:00,0.004569695690065268,0.011360498565650641,0.012195273093818425,0.0300492092429109,0.012192709382384441,0.028745138290379006,0.010669354363398885,0.010914160180678553,-0.015748356968139168,0.011210140473610516,0.03011264842388073,0.0022564883587323885,0.02030189810840608,-0.00888894741724604,0.03590811312630407,-0.006359995998262657,0.02783834150625462,0.014295240186826532,-0.008786667409829942,-0.006949298293205917
2023-06-17 00:00:00+00:00,0.013210231736806482,0.015735876858314183,0.0060423144559624406,-0.013035566337454866,0.021497314000598948,0.006507155969033793,0.0001607846293357545,0.024129857059688207,0.007905179507113247,0.0058842928856895575,0.0057115151433317,-0.008488214691385975,0.009543179818576686,-0.0025542798050967423,0.021325525447572723,0.015615425972423304,-0.005064416857702341,0.027991649436867987,0.007327573873219276,0.015225207597065596
2023-06-18 00:00:00+00:00,-0.021604023865275088,-0.03835396544608658,-0.024391453124159124,0.0028076761541985617,-0.0016373315160123586,-0.006698102267960423,-0.0012870014646473376,0.0013236269305081242,-0.014274627792593163,-0.007196629032039692,-0.00394930791589547,-0.02357560076453831,0.004284329825064509,-0.016763771039667114,-0.01222273177341068,-0.020875229128583306,-0.010652564116207361,-0.002512564135883048,0.01531803911308819,-0.01383147914846185
2023-06-19 00:00:00+00:00,0.009153381986487201,0.003611584283311808,0.011398632841673391,-0.0018709079358117313,-0.004105096076836691,0.0189678131440085,0.005298238291100343,-0.0013236269305081417,0.004780885600341895,0.010450780943717517,0.0093463488990178,-0.0044708014987748235,0.003749923577032653,0.010349380862003292,0.0412102686466629,-0.002425973362479379,-0.00022313957472932071,0.006269613013595395,0.013872111477805824,0.013831479148461799
2023-06-20 00:00:00+00:00,0.02659830897735561,0.01969088895533215,0.05512204949988887,0.029522439266321834,0.01874545517323617,0.05308872645011515,0.010829855807947746,0.02872260111862275,0.015773197677094314,0.025658880416762862,0.031103921349883094,0.02577065692308625,0.03612331164692587,0.04282770374776554,0.03299016340264522,0.008252750311290505,0.020104510128558288,0.033192967355763964,-0.0014191588798459591,0.017699577099400857
2023-06-21 00:00:00+00:00,0.05641876883581434,0.030101104604996345,0.06237033072645809,0.2114389553646819,0.00443102436971052,0.057849597296170514,0.03853203097725177,0.033536834809919806,0.06365785177197762,0.06140664282189884,0.052779084512651064,0.05341748439084509,0.05709616865614967,0.09743772105810121,0.034842615146775786,0.02463385584845074,0.0428147583031055,0.04838701963665898,0.014101764708192544,0.04615189488713197
2023-06-22 00:00:00+00:00,0.012845168805259188,-0.00399113611834693,-0.019570096194097223,-0.0178178433167939,-0.03268264743035842,-0.0036396889082070654,-0.0009149131470773596,0.0008293593674641255,-0.0029411785908162623,-0.010176681662147219,-0.00909309877120227,0.00035990642821451594,0.010293692483260914,-0.0434353990317719,-0.036045261112536045,-0.0009682551416952459,-0.008417558119529394,-0.0011527378798083963,-0.012277501508445527,-0.018205964496572524
2023-06-23 00:00:00+00:00,0.022848393776221925,0.033642316418234806,0.04935465755162465,0.3110035069855537,0.014430264829028837,0.026533986237444202,0.04007114061762341,0.05503757116297437,0.08467679338950557,0.12802589208611606,0.01095467625486762,0.08812027375109509,0.060179564174124775,0.06774598853238813,0.030224522908726185,0.012241401746639161,0.026690491796262126,0.0317847414943135,0.004646942395924067,0.04365263015773681
2023-06-24 00:00:00+00:00,-0.025265939419221988,0.00802357874949642,-0.021293580200739962,0.15477773738033349,-0.0328716927317517,-0.005262367873937984,-0.0228293341831174,-0.017811672156126224,-0.019126266093527047,0.017838878087270194,-0.009380070314859884,0.010325421572439803,-0.01713032992806442,0.0,-0.029021876942965884,-0.013072081567352888,-0.026267926820610302,0.01000564211732117,-0.019540617680943447,0.03578420049029778
2023-06-25 00:00:00+00:00,0.009977719109085624,0.007113689286189293,0.03251704257058957,-0.09047936582279696,0.01010109598650392,-0.002123952410926466,0.0004497414062765312,0.036467479442759215,-0.004146515961848577,-0.04684198510010907,0.012634781833543817,0.0039056192852263286,-0.016975282558446495,-0.004376374599799,0.01904819497069441,0.012798633384079277,0.13716862285405187,0.0131870042819539,0.00778054703112776,-0.006079046076382226
2023-06-26 00:00:00+00:00,-0.0405224844309443,-0.028654640657572412,-0.021813576471229907,0.14090251211268948,-0.011370937426979809,-0.00641095284669021,-0.03012550955239295,-0.03327768407465916,-0.006949298293205917,0.014069496153580099,-0.021199536794378554,-0.016375017930262907,-0.011287959773851507,-0.02666824708216118,-0.041534709132810696,0.009526473788214387,-0.030478193444591715,0.005443671581176673,-0.023316851246272415,-0.02844966146808367
2023-06-27 00:00:00+00:00,0.02186264792657303,0.02611226640679578,0.0037950709685515343,0.027338563273051942,0.005912179383228624,0.013925651745678577,0.012586505377530461,0.014229489103964722,0.005563296685328732,0.004289550813312176,0.01633201125366475,0.023012031366746278,0.00981294957847397,0.024472856518725522,0.021885371973889758,0.006614941434508771,0.002275745340226908,0.10991040975980362,0.009971000765011786,0.011229063716413287
2023-06-28 00:00:00+00:00,-0.07156231647884562,-0.03255650256867402,-0.06737081111508333,-0.021099683856449326,-0.029483015639737323,-0.020241978544881276,-0.04667982386535671,-0.04351563743616216,-0.07934946674455991,-0.06693125124008206,-0.033121168263168056,-0.06378587339492879,-0.059050410192475415,-0.07766458526856895,-0.040496330977915114,-0.007699099285653886,-0.08806240356018792,-0.02362314576343594,-0.0402795620849942,-0.05745038464494248
2023-06-29 00:00:00+00:00,0.030624049648710124,-0.0165731337248702,0.0263909758558059,0.11842451997435217,0.010782938206752813,0.012223257058951633,0.013493339099929233,0.021493122580101675,0.016381602371885764,0.030424881952802303,0.01302732275023142,0.012984976568922366,0.020388187585480215,0.03271319740630257,0.11910408573552049,0.009446763910088857,0.018040669687572924,0.016790517912991035,0.021290989466339838,0.010457611643958224
2023-06-30 00:00:00+00:00,0.04163561692813039,0.03427655562504308,0.028017396803706025,0.1827161119381538,0.030420596700711934,0.0008105804662547625,0.04682099381624707,0.038371652857589825,0.1050650510375648,0.14922338701653037,0.04322107124698339,0.06918523684593825,0.249122063916791,0.09531017980432493,0.04722722924286975,0.023233703562582655,0.06869484523134217,0.08087111454397135,-0.0037990759074423394,0.04699277300098428
2023-07-01 00:00:00+00:00,0.01898900488830444,0.028652214676241666,-0.0030745604542454607,-0.04333171585980344,0.031137296298721594,0.0037308892745919983,0.030379457088359454,0.032478403057776,0.03911841659547135,-0.0019138761822842757,-0.00481561414669504,0.02965260950152619,-0.014828816673460756,0.033901551675681416,-0.008519753344770523,0.013814894545534473,0.05803267327680548,-0.029332992146873828,0.0006341824544015696,0.025720952517062884
2023-07-02 00:00:00+00:00,-0.002739727741120216,0.004175807299774531,0.010719857632196645,0.026758582134933078,-0.005663445558400081,0.001017271646457164,-0.007324966827260426,0.02673709559088083,-0.023286951378790652,-0.024237735219859193,0.006721965869777927,0.005673556582092562,0.0587444569955834,-0.02765153133051001,0.0393235462039143,-0.01604835799778993,-0.003406547444893258,-0.001862197931064651,0.023599299226589245,0.010823918061010294
2023-07-03 00:00:00+00:00,0.01733852716227304,0.03510928129108106,0.009097864117526439,-0.02367374678372311,0.0,0.01745687224902878,0.00644879854691056,-0.011897275867340016,0.006523180339123476,-0.01532786498633195,0.00927821051935302,0.013365934095209182,-0.05715841383994864,-0.019927245652624947,-0.009816663694475652,0.016695314092038196,-0.008114732113067978,-0.013133397029292119,0.009245058144051209,0.016607736399660546
2023-07-04 00:00:00+00:00,-0.014598799421152749,-0.02629316859666884,-0.015975995933724407,-0.07016692504124188,-0.01636028310520691,-0.012586501609656327,0.006552626285154984,-0.015400619813011461,-0.03439492478788479,-0.028299008173226836,-0.009939080826960508,-0.016275361153251258,-0.02836533180783615,-0.014941579998198914,-0.006772622917818084,-0.0036283569675089403,-0.0029011806387060687,-0.024857876481767825,-0.003687773079184736,-0.028641575963384153
2023-07-05 00:00:00+00:00,-0.02950066439669799,-0.030190972279145568,-0.028784562165459097,-0.0014695079793598834,-0.014956656045773961,-0.008542384639438915,-0.027814316034533573,-0.026526754333428597,-0.027286822558994485,-0.006685548172399763,-0.013435583330342312,-0.03463684777127323,-0.016145756064832588,-0.020641688887343485,-0.006818804285721035,0.0005191434250274965,-0.01814067153968137,-0.02648511845995416,-0.019691795999771153,-0.02451103101434969
2023-07-06 00:00:00+00:00,-0.019563135018660898,-0.023147935635103558,-0.023962807928651155,0.010969031370573937,-0.028445985067972787,-0.02017875019166179,-0.032764951222626355,-0.03796190517016648,-0.029475818132953576,-0.03518346617662184,-0.03417848312536383,-0.0353861946617164,-0.07433291872985874,-0.01771917898510291,0.03160066104181435,0.0005188740549672472,-0.026798193154724273,-0.04680406619780251,-0.03298522255563585,-0.03407269663588007
2023-07-07 00:00:00+00:00,0.021322769468821244,-0.0013079020937990815,0.02947246373962092,0.011928570865273812,0.014536382513640592,0.014916247025860701,0.008445347700700143,0.020725107739344505,0.041847109935500504,0.026893263256148155,0.013311720667936329,0.01242251999855711,0.03080665367996786,0.013318731840281437,0.09201329492536217,0.021933797921988293,0.039658925254947526,0.014478019180653235,0.01396520708838007,0.020331068783583758
2023-07-08 00:00:00+00:00,0.021910109635744544,0.004244442351817783,0.06826000227129887,-0.02289760223584781,0.002966732415430568,-0.0019815498424806542,0.005033183812331676,0.0017566121429227976,-0.009608859106636737,-0.01151242437570592,-0.0030352123725826893,0.006476706577989515,-0.00448934536259444,-0.012202037140206057,0.014315645079920522,0.015734480317684863,-0.042321536185164085,0.023339466319303274,0.0036204916557566053,0.024845998586530586
2023-07-09 00:00:00+00:00,-0.02191010963574457,0.023399157081957597,-0.0044085302847659685,-0.023810648693718447,-0.009353809695997166,-0.004100239112277894,-0.005644991723737337,-0.00920762700677398,0.0,-0.01966579455294348,-0.0013089990173964256,-0.007451840736195568,-0.02810367983219071,-0.002234637801416488,-0.02272298091589383,-0.03288141354574749,-0.0038160702672483194,-0.007045826833202646,-0.005115100666770377,-0.0036877730791846247
2023-07-10 00:00:00+00:00,0.011884096524181669,-0.01971351605346439,-0.014089962427468879,0.033688175498949216,0.05039583925348806,0.008283044133908972,-0.001990964743742942,0.009792479348232859,0.0013783599701213596,0.017558312213378734,0.009403788041753397,0.0027604141909291884,0.017101563814543988,0.0022346378014165844,-0.0009385265822643885,0.0007740937039880377,0.001337281697046296,0.009049835519917856,0.021142436573809164,0.0024600258408621774
2023-07-11 00:00:00+00:00,0.016882399244572684,-0.00477224333034263,-0.009002311358965088,-0.0025514867131579406,0.009700965326257716,0.006898842392956891,0.0007662248478471292,0.01604674355148217,0.006863444924982429,-0.004228336109521176,-0.0011174077306010499,0.0063040700168328495,0.0005168225863139083,0.02098365230059069,0.03551214755326548,-0.002582646063631992,0.005141399500418431,-0.014113137476464655,-0.005664548871492234,0.01825978913275469
2023-07-12 00:00:00+00:00,-0.012721505585408145,-0.014124064652301354,-0.019787555819702162,0.029487933030643444,-0.019086873854736057,-0.007937473335964864,-0.0038370087747910736,-0.012933294840692498,-0.01655210202873187,-0.005843310118937135,-0.0034558928510683502,0.007384846533041578,-0.005803726519677933,-0.005479465764625708,-0.00590776542156076,0.0064441516985986914,0.002087089269129432,-0.024667232201796396,-0.009088089603546096,-0.007263954458225169
2023-07-13 00:00:00+00:00,0.2104684042524138,0.08656102382242285,0.08116547334030864,-0.02985296314968116,0.04880968798360495,0.034748976139702924,0.07962861184584581,0.07448260013171275,0.10924725014546793,0.0729275817263287,0.06847844472655594,0.13056795286818512,0.05696784029964154,0.05452980945939679,0.17016962461347596,0.04852095551886638,0.1071973416853144,0.4793252917728716,0.5486980496524475,0.0960831053659097
2023-07-14 00:00:00+00:00,-0.08479653666007704,-0.010368053844171166,0.036873742668442934,-0.0368139731227162,-0.031736102507724386,-0.03698946968873567,-0.027789564517092677,-0.017097542720186643,-0.03812405784173833,-0.057071012712418455,-0.03382087398995878,-0.023577288697664834,-0.06825676545444917,-0.03818067145786728,0.02505825873336282,-0.02265088484900157,-0.00017028522816803633,-0.1394398293106889,-0.12722586008642783,-0.03253231367079634
2023-07-15 00:00:00+00:00,-0.005201174338061226,-0.007692740126540124,0.013568729206068796,-0.04137454613868662,0.01201937546578394,-0.0007422255191403193,0.049561616309899234,-0.0034916878257486815,0.0,0.010951869570071836,-0.0033184841941049197,-0.005765366214773352,-0.0036859606789233904,0.008611463334918544,0.029191062145902016,0.01169895110271314,-0.009926489175530214,-0.054808236494995145,-0.004747286212515219,0.004550633563996509
2023-07-16 00:00:00+00:00,-0.035595390742530215,-0.03318460145171379,-0.037766245797458416,-0.01351371916672282,-0.03567463834105925,-0.0019011428276580337,-0.03463488456257639,-0.022527248816132932,-0.020943173845243135,-0.025743475757025742,-0.004826765168303919,-0.04599701746722831,-0.020142419140012743,-0.02606010666986507,-0.0014577262056566255,-0.012700955194564609,-0.015600940442479661,0.027018239365316134,0.04421441429764551,-0.025288703951924195
2023-07-17 00:00:00+00:00,-0.008940034000501215,0.003824502696319035,0.0076682146401790925,-0.03253642022492516,0.007401349576434206,-0.0031138012758330853,0.004306020719753339,-0.0013188885567006388,0.023530497410194036,0.0142670848006821,-0.005692223930894661,0.0840049956435783,-0.0074558668368812486,0.00219780308247944,-0.022870786617357405,0.0021280598880355456,0.0328236357361457,-0.016897483456153727,-0.012666925867523363,0.0046457690991725895
2023-07-18 00:00:00+00:00,-0.00740386449902547,-0.015278891166157237,-0.04255961441879589,0.007003118219760402,-0.016106067753031247,-0.00929617827722886,-0.016753713647343946,-0.023463165050910173,-0.02353049741019416,-0.01693162141577996,-0.007346931096489898,-0.039020343582069815,-0.006965635478182251,-0.016602484285027728,-0.04815603691241778,-0.002378717866537926,-0.0005073137844494646,0.02524034565031103,0.05346749541268415,-0.04503130474874697
2023-07-19 00:00:00+00:00,0.041455073566457765,-0.011260404818379928,0.013674196514230685,0.0016406894574600179,0.0024948037887828718,0.0016758040032582482,0.01975693363788029,0.0023134770295305702,0.002642009462838576,0.0015995737881413724,-0.004532687429924358,0.0005786200074644064,0.0046853804046997705,-0.0033538320984315517,0.02970324444780808,0.0066212997231103144,-0.006618607105518162,0.1665891846083031,0.052584400389403554,0.0168273201325253
2023-07-20 00:00:00+00:00,-0.02035454646953644,0.02026368106833859,-0.007893833598731283,0.0,0.008271345750677334,-0.00365806621063334,0.008389668832814069,0.030719139037530374,0.009192448184164145,-0.0037363267378765067,0.0015660467406395737,0.18988507205119948,0.004122375115452981,0.019956316383459256,-0.03598763276595981,0.00521610720655317,0.023890772886259657,0.0425596144187959,-0.03184706290498087,0.03167420209522906
2023-07-21 00:00:00+00:00,-0.010814354757776451,0.005745307855989955,0.00717878172700577,0.008569732103808207,0.0036999014458172254,0.0034076103143899864,0.03615521719184978,0.023986389827481393,0.024533186523871924,0.002670228555878892,7.400907143141417e-05,-0.027648177983282878,0.0184495204141555,0.00874322509572871,0.004716989878138867,-0.0037230124909464627,0.03109906922992829,-0.03745756253490044,-0.02925791575719761,-0.018648559078072977
2023-07-22 00:00:00+00:00,-0.008671966984603633,-0.01722796876421595,-0.032718294622967624,-0.027602164273137317,-0.0107261754440352,-0.0036089728683473903,-0.03828152035315886,-0.0316722463895719,-0.011545990997060909,-0.014504686202881688,-0.013416019757593498,-0.03147505981312556,-0.021485411285398614,-0.004362057080165634,-0.03918934109636983,0.04223837255718291,-0.034930172441652224,-0.010230268250815034,-0.0507952847104126,-0.01302564301715596
2023-07-23 00:00:00+00:00,0.02264488406510975,0.001402146592228734,0.0007388253014322572,0.041323122067700606,0.00578992519041253,0.009678127907075769,0.018697388715247263,0.014386049131909811,0.006430890330290331,0.011834457647002798,0.011828910977324096,0.0011413354862703858,0.011552085282864564,-0.006578971098042511,0.009740336748384804,-0.0063370810506385026,0.024399495944132595,0.0019261643194396544,0.007203564959101384,0.040869669188329356
2023-07-24 00:00:00+00:00,-0.03792228180346938,-0.029866027701632488,-0.03227296970852046,-0.04550898000037862,-0.014956656045773961,-0.030621568131757492,0.03287967411915621,-0.03434299770647726,-0.04590970130407797,-0.03261158558876078,-0.020719006444616717,-0.03929169159107555,-0.044110277497730416,-0.04500196891208685,-0.057776299265628765,-0.022930941063917017,-0.0604210594747649,-0.06835164030114524,-0.050409839165439195,-0.07481232154012246
2023-07-25 00:00:00+00:00,-0.0052545276891290005,-0.005567943115244407,0.016641836415008774,-0.005467942119834926,-0.005035679965615674,0.0017946972401168204,0.09812415364380919,-0.006548559611621651,-0.0040349752121791056,-0.0011055833077497552,0.0041319920912332355,-0.025906108927324117,0.00347164243631851,-0.00461361833351261,-0.004288171236566258,0.005141399500418652,0.002073972399129172,-0.004819286435948995,0.009638628837768793,0.0012322860462651017
2023-07-26 00:00:00+00:00,0.01048158957398744,0.003678318810407512,-0.004511285846501237,0.021281838047632156,0.005454177565362562,0.004201036310069169,-0.04907731596167446,0.011527505171067414,0.0013468015503787952,0.01209470488334492,0.007689746873933568,0.04626171781607334,0.013215806765022733,0.011494379425734991,0.07848783183302423,0.00632913505164753,0.008766708488884828,0.07188722951331587,0.010105349151922337,0.0036877730791846147
2023-07-27 00:00:00+00:00,0.0026033207023055784,-0.008267279798718684,-0.009084089720342473,0.012310372943064474,0.0066722516090677204,-0.004410782171051959,-0.004114702989422089,0.0007637961035823837,0.0,0.0049059787688544056,-0.005742954969081114,0.031405543344448464,-0.00044140367081727975,0.0,-0.0027849630094863333,0.0027866983563620807,0.005291469204128264,0.022858138076050184,-0.0030769255044791975,-0.006153865574378112
2023-07-28 00:00:00+00:00,0.007124382465706496,0.01226462023133893,0.005309075799766693,-0.016447739209025907,0.005388614075403046,0.0031214513568593983,-0.005685504396535686,-0.0038248277648064177,0.008042938799460228,0.0043407555949188424,0.006912142997172488,-0.02779543112034888,0.009228806437621705,0.00228310601456855,-0.011218066361277132,0.02874206555845423,0.023055291280596687,0.003133816416171484,-0.002664985096439151,0.021978906718775167
2023-07-29 00:00:00+00:00,0.009953525746450528,0.005856046788787247,0.0007561437033240965,0.0024844733276619658,0.0020648365791778593,0.0013213554199944793,0.03888672929605286,0.005541238980511803,0.00930239266231363,0.0075512764430108485,0.003339861679952561,0.009223739490583761,0.031010236742560218,0.007950070265460523,0.014003029370763406,-0.0218691862706922,0.05060265501945129,-0.009431066445207852,0.00014043957610330025,0.016766859857067107
2023-07-30 00:00:00+00:00,0.00827239843156587,-0.0076306701471556965,-0.008349194610921404,0.04527855054682793,0.0004124561823784642,-0.002449433712539638,-0.02793230568705405,-0.01227009259181436,-0.003976148379639406,0.013874288726299555,-0.009978037223819103,-0.037284308145437,-0.0030793759401298187,0.002259887967437504,-0.03723619176373234,-0.03958607669406468,0.014912763611188845,-0.011435956906758537,-0.010588085080941723,-0.007151401157625128
2023-07-31 00:00:00+00:00,-0.027627841384522053,-0.01634059862003666,-0.023131332023418966,-0.02036404968637541,-0.00620477688688287,-0.0016693633056041337,-0.002052861896200866,-0.01457326870131273,-0.010681009420334052,-0.019802627296179754,-0.0030393279859110174,-0.001059462421971482,-0.018786446983432632,-0.017074973752578007,-0.021676546935819996,-0.026218967526450906,0.016994074974140745,-0.04242071588395214,-0.009984393312367348,-0.01324522675002068
2023-08-01 00:00:00+00:00,0.010691823867137544,0.013227409536810491,0.005445365458572138,-0.011359148507077935,0.02742140300465878,0.016076157104390566,0.0037177146851758345,0.019192214557607307,0.005354765137659867,0.0016203082129892612,0.009293263759436142,0.012378351362698404,0.01782884729329602,0.019329766139667224,0.013394926104097928,0.009452107669383618,0.023915170336100952,0.024367356448294592,0.01324334058213856,0.01920827363826719
2023-08-02 00:00:00+00:00,-0.03609315659568135,-0.02972474028466926,-0.026731151373303074,-0.06750770107461702,-0.028666991706287615,-0.017659224099430867,-0.0515964012350341,-0.028631812674327267,-0.025694449374782637,-0.024584685333238186,-0.018081103995239624,-0.038692126273479066,-0.0705604488360997,-0.03087723856443946,-0.038140216019527225,-0.03019973986363229,-0.08226373849559815,-0.06518935096854961,-0.031470374914683005,-0.007159935122092595
2023-08-03 00:00:00+00:00,-0.02400791554205408,-0.011654202175351609,-0.008803578266759635,-0.01716969319391459,0.0016604403980990355,0.0002613924558795061,-0.0086604059558231,-0.01633502457189521,-0.01796869354281644,-0.008331067346988815,-0.0022254213134208136,-0.031226632237236325,-0.058691661396612325,-0.015213868635827603,-0.02183492860320007,0.010686925640050709,-0.009791200936245692,-0.03533936644530874,-0.032643848076362836,-0.021792629990852613
2023-08-04 00:00:00+00:00,0.004439139951551867,-0.016028421532221507,-0.002414488094517464,0.011040076804158727,0.002485502522312029,-0.002732062666357572,-0.0014960900444424203,0.002807863858426554,0.0027855171214262267,0.0,-0.003044158988505136,0.0025231300181212226,-0.004248868304002724,-0.00947874395454377,0.006600684031352093,-0.00454752943762963,-0.004602243494656086,-0.01888218772133021,-0.042205555523301554,-0.008604847193518303
2023-08-05 00:00:00+00:00,0.0010216244716257697,0.0032968356718814525,0.003218023694200793,-0.004401415556210622,0.006186862382574544,-0.0014388313646510047,0.030033092483029315,-0.0038125861372593542,0.012439690475639201,0.0005575690136085463,0.0034090539218758144,0.012244483019979463,0.011130044728837642,0.004750602758597799,-0.006600684031352136,0.009719508900330999,0.003453666782940684,0.019601353520035482,-0.010756193547564146,-0.0012353306079927434
2023-08-06 00:00:00+00:00,-0.005118591622576727,-0.002471607213614019,0.011182225145539227,-0.016007456074996436,0.0,0.0005601735343276643,-0.019203150434010142,0.00621306738597087,0.002743485945750834,-0.006150424755601201,-0.003381735324192536,-0.0180009046719186,-0.006638928361634859,0.00590669171539018,0.023992426743221367,-0.007118388952824778,-0.022749009260763006,0.002154399397026225,-0.007662872745569137,-0.006199647879525338
2023-08-07 00:00:00+00:00,-0.004457404945707783,0.0015307627363560828,-0.009577088364310603,0.06338927292766146,-0.004533286147999155,0.004207247848642796,-0.009877625808079285,-0.006816385654648281,-0.012405396857487741,-0.006752980080306695,-0.0006449180139251584,0.03078019229136798,-0.0009693445566968612,-0.008279172069020648,-0.003454234868087446,-0.001820073305353377,-0.013187004281953688,0.024797586609398247,-0.0006412311858060975,-0.013776047544118406
2023-08-08 00:00:00+00:00,0.021754766854562325,0.002585195329329691,0.016700189317134715,0.002940560825046459,0.012723340118043582,0.01896787840738051,0.01912516205704088,0.017547808197263592,0.005532517569725698,0.012903404835908001,0.01476121663329752,0.018532826677113066,0.0164716678699763,0.015321454694433651,0.04648069432076937,-0.0010415311447976659,0.03429289782634175,0.0,0.028767591492135113,0.008788506033079338
2023-08-09 00:00:00+00:00,0.013028412110200898,0.0028126117217352766,-0.004743091896012849,0.0012575981535895692,-0.005725987014885077,-0.006349552885029144,0.005985254284389039,0.0,-0.004146515961848577,-0.005029348405001973,-0.0005119017260491729,0.02866964308922864,0.002619984826079143,-0.007042282625412923,0.006584385928179238,-0.00039085402100085106,0.027252294808971754,-0.009138903676202294,0.002334449741198143,-0.006269613013595374
2023-08-10 00:00:00+00:00,-0.016059227698475464,-0.015211660572200148,-0.011155494171785399,-0.02890128908329837,-0.00947874395454377,-0.004276592986209428,0.006213252852257808,-0.01053164230021658,-0.006949298293205917,-0.006181531344214853,-0.0015534737819997478,-0.007713969087733437,-0.011242792744204257,0.0,0.009795996703182108,0.007788201360344651,-0.009324826409849487,-0.019251931499321365,-0.015982790866873826,-0.006309169193264721
2023-08-11 00:00:00+00:00,-0.01085124245437469,-0.007992884783490693,-0.0032102756302483213,-0.012147654802036145,-0.00748133165228874,-0.0010094804377126705,-0.0018467225931646629,0.00019974033822510082,-0.002793297905612711,-0.0056529263027881,-0.0019614683254447346,-0.016809342909030474,0.005278323195278027,-0.0011785505194442526,0.0,-0.0014233035979786665,0.0016139448306458394,0.0057430165026180115,-0.002055499182095999,0.006309169193264756
2023-08-12 00:00:00+00:00,-0.0047846981233362704,0.008586814835991703,-0.004027391669982209,-0.0017474884307144486,0.002500001302084649,0.0001406818655240356,0.01259528589956183,0.0065691487354697115,0.01801850550267843,0.005089069507471228,0.0005893851369798252,-0.006696154657411304,-0.0013169711571240136,0.0023557136924589835,0.011710208517781527,0.0036189777122476105,0.0037022175083497354,-0.012968481463660003,-0.006669867509107218,-0.002518893019483915
2023-08-13 00:00:00+00:00,-0.008601463662685577,-0.005477508336724923,-0.009732436918231111,-0.0013126232468802538,-0.0004162330965402112,-0.004301773191170979,-0.025217522169634375,-0.010571555519291717,-0.011049836186584935,-0.011344421152973325,-0.0049855684653567585,-0.009857618139568524,-0.01874412457144763,-0.003535654832307644,-0.02767779444565464,-0.005173986448550727,-0.02242173540131113,-0.0007254262196978869,-0.003191831627776174,0.0
2023-08-14 00:00:00+00:00,0.004137936938799233,0.0166956693201029,0.00811692768157639,0.00785001850592708,0.0008322930151693695,0.0043275966976988696,-0.0013379718346007694,0.0004009623149148883,-0.0013898542890543016,-0.0011415526353826184,0.0025880114167464037,0.005818296638251132,0.002316650429499745,0.007058852839624607,0.03845849378776662,0.004786864693925726,0.028348865288393987,-0.011678964864146374,0.01381083940875007,0.007537724131426673
2023-08-15 00:00:00+00:00,-0.03004068019806918,-0.04897219106881282,-0.04463550841410101,-0.005663269329261141,-0.015510686141114362,-0.0078774528796102,-0.051652739154979914,-0.034876584686220805,-0.057240230162350414,-0.04676480369045814,-0.008991809076098535,-0.05106609265984008,-0.03532622395840836,-0.056675804985050746,-0.05217156967873616,-0.014822791221711294,-0.050444622591920285,-0.044284909584612446,-0.03840754866960406,-0.04479315659975417
2023-08-16 00:00:00+00:00,-0.026227477836885303,-0.038594444877955575,-0.03878124929211047,-0.09478607077765261,-0.02005614485362823,-0.016209084961303622,-0.054466755935222474,-0.03077165866675366,-0.0717317334118388,-0.028530007873770583,-0.011642266459590973,-0.04071551147757912,-0.06112941738495328,-0.04569322765889885,-0.04624111450353534,-0.022386523331884414,-0.0866296713716326,-0.028017396803705998,-0.03585809001972232,-0.04278727520520898
2023-08-17 00:00:00+00:00,-0.07324026885378988,-0.05465841253786408,-0.07383762881603859,-0.12247703235966206,-0.061783698458726666,-0.07616872037641167,-0.09602503999024953,-0.05341342058486464,-0.10325303331826167,-0.08410472318243281,-0.07243586284279085,-0.08854518152846971,-0.1407616371825101,-0.10680455923006,-0.05217010286108505,-0.027157133968907295,-0.09003013392072017,-0.11266592155801095,-0.1509295191205587,-0.07075085611784943
2023-08-18 00:00:00+00:00,0.03350977889887792,0.024603460574568844,0.022451831768970663,0.017756721589259044,-0.00921240969474311,-0.021619596661148415,0.036051538588979075,0.01812332857352579,0.006993035490970604,0.03294105482397053,-0.011905329843399048,-0.0021027100347493803,-0.012271998673453773,0.011494379425735212,-0.014883995699237216,0.004395007761236704,-0.01657273177113393,0.030450373523427738,-0.00039502271894265516,0.027478229191127752
2023-08-19 00:00:00+00:00,0.018018505502678212,0.01728470424965917,0.0,-0.002135612130421561,0.0032340060526510317,0.0017643901949644589,0.008343220376361139,0.0015509031578802718,0.015557790030925943,0.008389852375176024,0.004851026845808832,0.0008092579546611116,0.0031211011603390717,0.023995505556215643,0.02590339094884768,0.015097192560395135,0.0004074979681490096,0.05906082095798533,0.026704637278646585,0.012757083000770941
2023-08-20 00:00:00+00:00,0.005564844633407506,0.020939810638788924,0.004614682854672462,0.009574541227419991,-0.0013847221229466161,0.003441579224086804,0.0007835148876892458,0.0004426737566753873,0.0034246608813641747,0.0006424670956615076,0.009281984784250725,0.00628983607395178,0.01653441052109197,0.004175371410480592,-0.005953761575999059,0.024402837690753167,-0.0012229924068192346,0.04655673107190257,0.03496529294084781,0.0014074597678797698
2023-08-21 00:00:00+00:00,-0.02813916667194646,-0.04153205246749898,-0.04713407767445237,-0.01708530614880381,-0.028580066578989677,-0.0024110762869472635,-0.020893447588277225,-0.020568576679138754,-0.0068610903799452404,0.014030842421643742,-0.010552503530499763,-0.007422980671120379,0.026466573188163273,-0.013986241974739952,-0.02653169356848931,-0.010727869258587838,-0.02854972556293073,-0.03851163538707104,-0.026156350494166203,-0.018453327040868366
2023-08-22 00:00:00+00:00,-0.015337723983709946,-0.019402495326789452,-0.020478531343540562,-0.00431732996558082,0.0023736066211740396,-0.0027181324335439115,0.0011190153833342124,-0.0009039548638142085,-0.008643096156019969,-0.01724731351247805,-0.01971879524303507,-0.010092874215748268,-0.03292416020406184,-0.005649732542119021,-0.02919566063826871,0.005047161730260446,-0.020138465425359464,-0.03340432783184147,-0.006695386082984818,-0.010079278994702555
2023-08-23 00:00:00+00:00,0.03530448261516815,0.0037761339543399305,0.017578577643750905,0.04701156106358662,0.026668247082161273,0.01435456870308414,0.018990917317253785,0.014811760913605252,0.029086738301834166,0.04288172748326576,0.026924935486139112,0.03851567208061519,0.012416807034985777,0.026556417361432674,0.054348360653365305,0.027699706688823548,0.020138465425359423,0.05480823649499495,0.017315626240393504,0.0228908421289029
2023-08-24 00:00:00+00:00,-0.008239746992939412,-0.030477247843767645,-0.02053861927222773,0.002061856400558556,0.011019395249610698,-0.009604966342235453,-0.011192676159026345,-0.014585695579761316,-0.011874609420712853,-0.00992563979996993,-0.011045470103193834,-0.04310734954778834,-0.011645856414732737,-0.01669023444037885,-0.031778374987233945,-0.01244829352656803,-0.022496704271505734,-0.028641575963384153,-0.021739986636405875,-0.018558705389768223
2023-08-25 00:00:00+00:00,-0.01783390084669822,0.005535580146984071,-0.007936549595736303,-0.010872486082713574,-0.0027434859457508326,-0.004595714908301547,0.0006339144427811062,0.014808437534129203,0.0034071583216143558,-0.001872075429744974,-0.0044404831995776915,-0.011572289830708968,0.0038458627511527713,0.008379937306750917,-0.030860693969309846,0.007798323897708526,-0.023453843800154778,0.0,0.013595230938426314,0.0043134502537193475
2023-08-26 00:00:00+00:00,-0.0007659900795825345,-0.012777951636059593,0.004967720101934447,-0.010465820280127543,-0.008737696428205521,-0.0016375635459644805,-0.0036505079822066696,0.003779041954348275,-0.006825965070399871,-0.009413310801921568,-0.004095932823676615,-0.0013311150051987617,-0.0018441683419326788,0.0013898542890542977,-0.006386658898796192,0.0027151093025639824,0.010926682138826674,-0.024511031014349805,-0.005148261919215507,-0.0232231046110114
2023-08-27 00:00:00+00:00,0.009153381986487201,0.0036277422233068094,0.010842885924707706,0.039706169694228396,0.008737696428205427,0.00323873624067934,0.004600626818527051,-0.004001783908716157,0.0152934161694984,0.010037725433511299,0.0068313344079224,0.003988041177955627,0.00582823735680703,0.005540180375615351,0.024343948032198078,0.00129032275967015,0.0180922445170539,0.0008267879759942175,0.0009553836591794028,0.027518028893892085
2023-08-28 00:00:00+00:00,0.015819538944892592,0.012044168574366024,0.016529301951210506,-0.0365549065822385,0.0018298266770761572,0.000698176287035663,0.004264398786457739,0.02659789720876218,-0.0033783815916273064,-0.00689009929051768,-0.0031708573681733664,-0.00815923267667415,0.0019860979716293243,-0.0013821702269516474,-0.011124661282957242,-0.01572584230546406,-0.0027786701644595614,-0.008298802814695066,-0.0007642338927557949,0.009950330853168092
2023-08-29 00:00:00+00:00,0.018512191008358943,0.023930441743274806,0.041554609409681156,0.1662873836591619,0.03635132123796978,0.059320826564098275,0.04544486232199146,0.014642811153430137,0.04951506452738071,0.05977388847001314,0.04514587765984236,0.03499330348859111,0.04972001836556376,0.03399375581571265,0.05810370836956416,0.012755607023046374,0.02682031735018265,0.0368139731227164,0.031234900440915266,0.03201386824586418
2023-08-30 00:00:00+00:00,-0.02676739736432507,-0.030280545908729018,-0.037704749024239446,-0.0421735587447736,-0.013756595907971104,-0.0151357950818478,-0.00786215117294867,-0.031266116076650106,0.01120908453471996,-0.05350820381108531,-0.014086093183490871,-0.044400394529816166,-0.017728103293580606,-0.0134591533740048,-0.04553708576970567,-0.02223185587734323,-0.03369319663794476,-0.0334861830300417,-0.02134512793573396,-0.02216157180285245
2023-08-31 00:00:00+00:00,-0.03840717829966826,-0.041999810155081696,-0.04218379230350489,-0.039202186229028164,-0.03223888733551155,-0.05107008806335594,-0.03270887082747996,-0.05975656022600779,-0.06751534664010227,-0.030439889848027715,-0.035497715393938846,-0.007794007601076986,-0.05718450000254522,-0.04291315870389969,-0.053267029181487444,0.014571967726786999,-0.05949379592387168,-0.0467573480200106,-0.03348398244446576,-0.04000533461369902
2023-09-01 00:00:00+00:00,-0.0011753184506733435,-0.03812368368329092,-0.006030169026591188,-0.03929778741436999,-0.013940746217211412,-0.005246038619321044,0.001880288864852128,-0.012486909802746603,-0.010274062976185229,-0.010356079610091164,-0.010162291872580201,0.010490789953486538,-0.014345638941373385,-0.018558705389768223,-0.02098874078509605,-0.008507347952439173,-0.025482036637866804,-0.006110887632800261,-0.025769513179051566,-0.0058479698824231
2023-09-02 00:00:00+00:00,0.004302764314868119,0.02372238744035147,0.0,-0.023315805313616766,0.0032702668715450414,0.0024948459526167835,-0.006281427688603588,0.010142792461192107,-0.006908490343811673,0.0051914457932500735,0.004843632695716121,0.0052044103033397114,0.025242384371502877,0.005747142255568071,0.008756172349461763,0.01227971014962811,0.03186600724779032,-0.0061484603004524595,0.0016051367812284368,0.010211613170196242
2023-09-03 00:00:00+00:00,-0.0011716462968906355,-0.002934704967594136,-0.004040409537004863,0.005625174638553684,0.0,0.003923561650647033,-0.004895390747599144,-0.00046948357669853255,0.0051858370323654155,-0.004541039266256499,-0.0007271905406814061,0.009167494823962946,-0.010270865265745933,0.002861232281032195,0.0035833158382837763,0.00012982797811150382,0.002496880198586924,0.04479646469416486,0.011758979540335439,-0.0014524330803148745
2023-09-04 00:00:00+00:00,0.0007812500397362939,-0.012123152616529747,-0.007110238182504771,-0.011282170953694404,0.0037243990909822727,-0.005606105973525642,0.0014237129668936937,0.00023476934020255231,0.005159082810027423,-0.0006504065269935782,-0.0032635845704295906,-0.002491902610179135,-0.0028195507400999415,0.01277519148872287,-0.00255820042303844,0.006212003928545528,0.0072284028309687965,0.046902878689456626,0.007894258482502666,0.012996572827180137
2023-09-05 00:00:00+00:00,0.006616097299607465,0.013298068304631415,0.010142074764624896,-0.009326492474095192,-0.002791998091031179,-0.0013142673496244822,0.011942316664214182,-0.0007044734352637549,0.013628831055605837,0.0013003903002835552,0.0024135070031771496,0.02057855151623194,-0.0094563352420354,0.05888079741771224,0.03720891783559097,-0.000645286206813797,-0.014281099565416556,-0.016207810226853425,-0.0061126089960716595,0.002865331473286427
2023-09-06 00:00:00+00:00,-0.00038797284676760416,0.011963959453734054,0.004028202828604788,0.00519211965995771,0.0027919980910311335,-0.0012472832474370724,-0.005796209538301371,0.0035174148118786042,-0.017065260554186983,0.006476706577989295,-0.0007956910690343726,0.02653101992812283,-0.00444374640153044,-0.0120402792320806,-0.031080195894217597,0.018799709633704826,0.01832423175777296,0.012180418556871013,-0.004559429050333521,-0.008620743043907088
2023-09-07 00:00:00+00:00,0.0007757952289797915,0.007657337133593419,0.01496287267671232,0.002585985408007814,0.008790248596616796,0.019035486849342184,0.0,0.0051365977986955,0.010274062976185284,0.005793386013824978,0.009118511581993099,0.013397631244369313,0.013272433733427087,0.005369140415058231,0.01415594923013246,0.0030360554630314385,0.0035802231127008127,0.012830969936741947,0.0033720154930456524,0.005755411570620752
2023-09-08 00:00:00+00:00,-0.013664081421332082,-0.01610480944720174,-0.01697494579013256,-0.0025859854080079172,-0.011116371999510799,-0.01320815513349337,0.0009422111249812828,-0.009594083185092694,-0.0034129725962399574,-0.009674374067532701,-0.007106026156969444,-0.01689469409934472,-0.017416526371177788,-0.012121360532344737,-0.015684611948197348,-0.0002526528563213049,-0.025105921131076472,0.011881327886752686,0.0,-0.0028735651957318073
2023-09-09 00:00:00+00:00,-0.004333274458337499,0.002045588089105046,-0.009104766992919204,0.0,-0.0027985092890981896,-0.0003431630206622342,-0.005035415832321823,-0.004005188532336522,-0.00171086440362943,-0.001946156955485977,-0.0005501256258888519,-0.01848184386379977,0.007161644359695739,-0.01227009259181436,-0.00870684117596184,0.00025265285632122657,-0.010360401177955982,0.03481976515922791,-0.0023790653568500097,0.0028735651957317787
2023-09-10 00:00:00+00:00,-0.017121660542921985,-0.02827514246846425,-0.03832680386617506,-0.014606415132364891,-0.007971906227853294,-0.0023191454606873935,-0.03352627735390932,-0.02075208638842912,-0.03484673133016819,-0.02099814683977347,-0.011140737921668128,-0.024631787189665504,-0.03141113521009062,-0.022192311594362184,-0.06371581438610786,-0.011049836186585046,-0.02365172890187567,0.017339296076308783,-0.013790565310234983,-0.030592334717559698
2023-09-11 00:00:00+00:00,-0.028102032520694775,-0.04373539350780793,-0.025669858683226066,-0.03257965048089745,-0.030109801471370455,-0.02663039767580389,-0.01330178082334277,-0.03932676842746135,-0.041634972651577236,-0.024841827966463777,-0.04138451952242031,-0.031410890363229506,-0.0376836852005384,-0.028451421224392703,-0.028923039469250476,-0.009624713374209557,-0.025925599895056384,-0.04041724335885355,-0.04633795092475928,-0.053163619122294156
2023-09-12 00:00:00+00:00,0.013946083290562338,0.0007840063122086221,-0.0010840109462583367,0.07476697630603867,0.02207383291373003,0.02657196307677719,0.0067551125970285565,-0.0007523511326665376,0.011029523575499604,0.017520663818190813,0.026152430753237553,0.02172153958313776,0.018685839528111196,0.015748356968139112,0.011223462369849576,0.04043507248021826,0.020222162381186688,-0.05931225377622794,0.01256824252231289,-0.009404458027978407
2023-09-13 00:00:00+00:00,0.012950403574783697,0.024616151222440295,0.007563515257244555,0.005526263750118404,0.008506667554328226,0.014671204201257093,0.005893926688777798,0.0030060142876052846,0.014519311324453369,0.012612181782688659,0.009154626062353411,0.010520260674179204,0.033134079125205135,0.033522692038643644,0.02643325706815543,0.00592667496009643,0.013963071491286765,-0.002480365058331954,0.005811556414776868,0.015625317903080815
2023-09-14 00:00:00+00:00,0.010400093740187483,0.04412590511396119,0.011771136450211129,0.04026071478776351,-0.0014127621845888524,0.011403348118842957,0.013296774470334193,0.014896005325414505,0.021391189981317345,0.006574645642085385,0.011657197827190198,0.021527410905501573,0.013620914055253593,0.002743485945750834,0.024162249279079995,0.030790311102855746,0.003519065215195702,-0.003316752625994038,0.012340757192412188,0.01691047214831654
2023-09-15 00:00:00+00:00,-0.0031885240246271158,0.014382466267253351,0.003186407369407781,0.0442425093946533,0.00891396941575445,0.0029091145916004006,0.00674268086739237,0.019763971362972546,0.012270092591814401,0.027788540888630343,0.009070495757411094,0.0345137308086571,0.04755401851087282,0.012253386805764967,0.01526747213078838,0.0033369116889064077,0.018791876498010045,-0.0008309098940873922,0.022836194942257738,0.030032287098875076
2023-09-16 00:00:00+00:00,-0.0007987220871908689,0.029980223613844507,-0.00531633362723267,-0.012042757863182301,0.003729608052827626,-0.0015173159554027868,-0.005776652777454457,0.01105249117484314,0.00521287018853321,-0.0019138761822841644,-0.004206753484545366,-0.013599197562644593,-0.0077702836296640885,-0.013624188939543532,-0.0010454784015529453,-0.006325735720296083,-0.003453439601197926,-0.007509422022131459,-0.0013995803544231322,0.008836581800497944
2023-09-17 00:00:00+00:00,-0.012867085443164313,-0.02853888580306169,-0.030305349495329037,-0.022144603370010736,0.007417743794079798,-0.0012115920994153866,-0.010840653045983306,-0.02786370448693491,-0.03348330412678845,-0.015444322427473631,-0.007319921657535613,-0.021727739763950763,-0.028389403660601442,-0.017993565048012528,-0.016346264310316373,-0.0021574981400212367,-0.012532073969854113,-0.028027312254655965,-0.014713557788708512,-0.034306123340954967
2023-09-18 00:00:00+00:00,0.018047411831721028,0.06158153942941473,0.001098297749062592,0.034647660435796625,-0.0023121397583795024,0.008819719840065637,0.008262501440684075,0.008806319142238039,0.026526754333428385,0.017358198609757732,0.008701736946528362,0.06625564350054271,0.03615968729026551,0.026190332252191074,0.043179659613380945,0.0064585800394117284,0.01873970397398155,0.01707983449947074,0.021095709487595544,0.016554177882504507
2023-09-19 00:00:00+00:00,0.012638398871723067,0.015987443363040667,0.010917138995348666,0.006422040420338195,0.005540180375615351,0.01659208048714994,0.011230665128217883,0.011140827266845796,0.01901526611348753,0.003816798526700811,0.0039392937049882275,0.04160743289915804,0.020876330738964048,0.04652001563489291,0.019662846751407066,0.007955869310870186,0.010034291718377204,0.0025369992465886526,0.02163309535542585,0.013343415173684356
2023-09-20 00:00:00+00:00,-0.012241021556738261,-0.02852508374717514,-0.01752509255538073,-0.015204162960433934,-0.012975158863133418,-0.003138296199427117,-0.0009577015895604776,-0.003377566540236313,-0.008598505255231793,-0.01085232482903987,-0.012776634737105578,0.008581246753261846,-0.041422898372041224,-0.022325287047835908,0.012897004159996416,-0.0013018523644694347,-0.010034291718377292,-0.01274985397188263,0.013910579795524895,-0.00442805151573202
2023-09-21 00:00:00+00:00,-0.02738793818314807,-0.019945259519234967,-0.024609743095966204,-0.032557723483432124,-0.016933612529439625,-0.020745316649489014,-0.021141754123662954,-0.0309227092236623,-0.005194816877104023,-0.02337768800906237,-0.02390482489121464,-0.03552588199671396,0.0021665127632425176,-0.02283510907101732,-0.04176707707986425,-0.017080140513175694,-0.027889327921284728,-0.026876346785792184,-0.027425622449716698,-0.026988144717646916
2023-09-22 00:00:00+00:00,0.0,-0.002381120251014999,0.004519781705619336,-0.003362962573729078,0.001422138187067481,0.0004538251782273123,0.003419363422791947,0.0017432453673751375,0.0,-0.0019730358258583337,0.005753835491244665,0.04317217186520878,-0.004958943991369421,0.028133134708572472,-0.0015428133685103705,0.003967543527363029,0.0042333082975872065,0.0070052825884085925,0.010006950964451453,0.0150832422113285
2023-09-23 00:00:00+00:00,0.0048879934388881,-0.006471603903522829,0.0033764804166060906,0.0019230775157414838,-0.002846301731838806,-0.0001572726369548166,0.0,0.0034774004241670815,0.010362787035546658,0.004597709248629549,0.0004894977725181305,0.03266000327198424,0.010815927442367939,-0.018667208719689705,0.003083250130120565,0.003354099934111625,0.004449135075930484,-0.003496507058729314,-0.00902143792519211,-0.0029985029962565574
2023-09-24 00:00:00+00:00,-0.01391184466445449,-0.0149309563683626,-0.013574869091068986,-0.016953663513624664,-0.010506304855509744,-0.01240277490489352,-0.013583385349624668,-0.009967687810146933,-0.01908123807542765,-0.011202753076553398,-0.00828463395836899,-0.03064995234395996,-0.02316465802423601,-0.02452438986308435,-0.006692431671038407,-0.00023920583776307884,-0.010569681489687668,-0.016777435477512315,-0.010894432799572938,-0.024317307650706357
2023-09-25 00:00:00+00:00,0.013098836489591325,0.008417197851713243,0.019177124639738637,0.027940160455192424,0.007651878559661009,0.002147539347757194,0.0041108337097990905,0.018608650105229226,-0.003508775529679254,0.008578079653782248,0.004809036607637084,0.07220057271372106,0.01172712994025231,0.002754822678844462,0.0015483874061295432,0.012599715002121746,0.008464663755311632,0.0062139569679430726,0.006946539791987942,0.01375117161282442
2023-09-26 00:00:00+00:00,-0.0016280019875717098,-0.011574037896244178,0.01000564211732117,0.01929017707416201,0.012781239081260177,-0.0031656440496646743,-0.005264901927905866,-0.013612386901533748,-0.012378584232639643,-0.006591981682152949,0.003569704074099457,-0.018586393629420918,-0.008272895072164855,-0.011065119812472575,-0.018740787946502274,0.0005904233506818809,-0.002578831578050466,-0.009782203394461012,-0.00734494617175981,-0.004562745558418173
2023-09-27 00:00:00+00:00,-0.0036727239815032356,0.0017231480426822385,-0.013363227812167028,0.06669137449867235,-0.0028261912358350815,0.005754212215801185,-0.001485761726061196,-0.004996263203695404,-0.0017809443709948087,0.01509710328181924,0.002900413916830404,0.03853553263895098,-0.0042409550723023,0.0,0.005763704716750134,0.009282717499255164,-0.0023501773449535156,0.005347606326595277,-0.0051937791543243145,-0.004583659667657928
2023-09-28 00:00:00+00:00,0.017426986120474254,0.019324272826402842,0.03848743298584583,0.03974032864951412,0.014051753455650287,0.024288394222757907,0.015898064908876283,0.019837000585191278,0.01766830413331368,0.029527177188174547,0.03343250142291594,0.020968927757128338,0.026100596126669012,0.01928434416560468,0.04194988485850975,0.014514042884253793,0.03899444321227743,0.014998075577434985,0.020811374435451464,0.021212916639192763
2023-09-29 00:00:00+00:00,0.0020068238723898466,-0.0005630630779390758,-0.010846093309390212,-0.015622019200625371,0.0009298001599665274,-0.0042437853832940535,0.010191789263130307,0.0002454891383384813,0.012184659016367219,0.003787883316936935,0.008709744136773601,0.017647890254253167,0.005200378804597957,0.0,0.015904907839664514,0.026953357352005353,-0.003854443044332811,-0.012334958157951284,0.022690782498811988,0.019302752254528675
2023-09-30 00:00:00+00:00,0.01827623377260041,0.01855392556255103,0.007604599385219433,-0.004691840554025593,-0.002791998091031179,0.002064247824862265,-0.0009661836500410655,0.007093095655434933,0.006896579059060459,0.029797362804944758,0.0020609052508540116,0.03036733314105791,0.006386883025070726,0.0013633267278641253,0.052352890608073833,-0.005851918567938745,0.012192519520713,-0.004442477319561074,-0.012736567388731294,0.0029368596733097057
2023-10-01 00:00:00+00:00,0.04578603123043772,0.04460198715687216,0.053725399356163064,0.03528295423234668,0.01663624320237229,0.03748988079317705,0.017883280359802557,0.03825472432302423,0.03710375020337721,0.021180822079446826,0.036953345156396686,-0.016867128104202673,0.033097833297781966,0.03480940466586115,0.11063437101968246,0.01689928863591074,0.04326067023752838,0.01765270905636757,0.017709798756024797,0.03458557964977995
2023-10-02 00:00:00+00:00,-0.025906210680909925,-0.0572595036661213,-0.04617819372078001,0.016373677304012207,-0.016636243202372347,-0.017952769440012815,-0.019011675740272276,-0.03411997442163826,-0.028549378106718475,-0.03410805658090657,-0.042047422395011,-0.0752738632845365,-0.03309783329778199,-0.03344793406754013,-0.02116929179997209,-0.03007830237866269,-0.04303627889809268,-0.024801979900591502,-0.022772114862964057,-0.04194396458096697
2023-10-03 00:00:00+00:00,0.007306319754629156,-0.011402953147412746,0.011745997299295886,-0.0671674982998527,-0.005138997527918854,-0.0024781075361443865,-0.010213268644085897,-0.0104917395243187,-0.0034129725962399574,-0.027639950487540494,-0.0033260255770674258,-0.008199521710206046,-0.007149950593573217,-0.023400930164612473,0.009793563480797834,0.03671476075856967,-0.021545226184981454,0.028295433235151594,0.05080517996384063,-0.008902135940593154
2023-10-04 00:00:00+00:00,-0.008078520565201436,-0.014259474466375478,0.06970033525894206,0.012084739215071827,-0.0004684938010262312,0.012756619276586195,0.001628134517912313,-0.008621804855687115,-0.013769580723756995,-0.004468567920877019,-0.006235906218074599,0.03514251439024086,-0.016936509530898175,-0.005586606708639823,-0.020116235788216676,-0.020042982493805168,-0.012689061707463712,-0.020256086675734253,-0.011944897529165463,0.01479316917783051
2023-10-05 00:00:00+00:00,0.005008679320912748,-0.019285742377710993,0.003952574315823342,-0.009482829681261769,-0.013207739167777899,-0.013342721522066095,-0.009973106450093014,-0.004463186183991181,-0.022788015010040696,-0.012230599836755247,-0.021355046922359133,-0.02761256083360704,0.00619197024792098,-0.014104606181541935,-0.018765551755990754,-0.007564247187800594,-0.00023220712980228031,-0.015240097744999485,-0.01876298766095557,-0.019274132612866677
2023-10-06 00:00:00+00:00,0.016768685602450567,0.01150023592395915,0.050010420574661416,-0.0004331817265050982,0.01320773916777794,0.018818266735082634,0.008344971932180688,0.01087504538887541,0.010582109330537008,0.017972242404430436,0.020413258487783748,0.023041273568069082,0.010744539282977163,0.014104606181541945,0.030798357015462362,-0.011970729505523345,0.020458132194968906,0.009887721006407607,0.005342504598129573,0.017804624633506686
2023-10-07 00:00:00+00:00,-0.022550162488871938,0.0077855064537518046,-0.029511899026320447,-0.0026030383461623165,-0.005167970158442561,0.0009154062279922295,0.0009771987748303742,-0.004187713965759914,-0.00175592670226492,-0.0038240964384035057,-0.00699081722214893,-0.015168793120438721,-0.0007636502852972222,0.00836824967051658,-0.004709920931164497,0.010155846974700861,-0.004789608882564205,-0.006280864075414459,-0.0074491797045626515,-0.005899722127188271
2023-10-08 00:00:00+00:00,-0.009320455821958088,-0.0030204985208151162,-0.02544168534586047,-0.010480445274700427,-0.004248295273073228,-0.0014181982742726472,-0.007680403797445184,-0.009673894120864512,-0.005286355923147949,-0.010915036133879797,-0.000446973902329224,0.01960976175674413,-0.0016820861829848262,-0.0041753714104806215,-0.0034393843019094672,-0.0006814310314792114,-0.008495057401346944,-0.00360685693099313,-0.008084740860514365,0.0
2023-10-09 00:00:00+00:00,-0.019701188820478676,-0.015972460953325832,-0.056051348905322464,-0.042139807142331835,-0.026847250036188052,-0.011779875664382407,-0.03726724184396273,-0.03319701771291985,-0.045174799356701274,-0.02948133590708357,-0.03281370787343065,-0.05312641253965234,-0.035359185497364304,-0.04274154837727102,-0.04943636774603818,-0.02170627858186306,-0.04552135989604718,-0.04338474560252414,-0.028822699053399126,-0.04230237969068939
2023-10-10 00:00:00+00:00,-0.009194548084838949,-0.022499468937714408,-0.0010487677940843767,-0.028799017690867342,0.013513719166722855,-0.007275373195296091,0.006787740298310502,-0.018201230495046027,0.0018467225931647112,-0.006671138817022535,-0.007942197439895009,-0.002339182353172155,0.008525470015152954,-0.013187004281953801,0.0004523863456477932,0.0010443865179062505,-0.005808341595746902,-0.01616773210534032,-0.012410087213302303,0.06280090123903023
2023-10-11 00:00:00+00:00,-0.0036210057669522934,0.0038846604954824865,-0.0244303175069003,0.00891396941575445,-0.009633985881133934,-0.01896652932854734,-0.010540730032593792,-0.018806010465282488,-0.005550430530649092,0.0,-0.0004849258349932817,0.018020965500046022,-0.03292083806025035,-0.010378150968713867,-0.0045330993309844955,-0.0022060966857319073,0.0021820835425179277,-0.008666399932398025,-0.015630075627841668,-0.05053080864721588
2023-10-12 00:00:00+00:00,-0.008500354765392492,-0.01836018466926817,-0.019544596072970395,-0.0004671805737856531,-0.007286891607203218,-0.004321426540286491,-0.010825778036861642,-0.01726040693299993,-0.00371747640013242,-0.010090902981962831,-0.01755086126039427,-0.02659877127708249,-0.00701070777219741,0.005943553900848137,-0.03372923106492673,-0.014282612259648109,-0.031241010742411417,-0.008742163495866028,-0.0119367542048129,-0.021572485254127888
2023-10-13 00:00:00+00:00,-0.000813338800428396,-0.002889955620009011,0.0032840752011900187,0.014842573037928849,0.004863822818078398,0.0038182399293200187,0.00877274053216298,0.01216724487104477,0.012951152347077981,0.004048588526000332,0.008118371630919484,0.008164440287168185,0.007497997638089233,0.00738010729762246,0.02597548640326052,0.007985949664533672,0.007220247973487097,0.003894844261541057,0.004338401598598141,0.01545625823669189
2023-10-14 00:00:00+00:00,0.00487013949604273,0.0024342017192226324,0.0,-0.012508849691708651,0.0019389245046742267,-0.0003544668067039467,0.024529691370775625,0.003755369220295057,-0.003683245416296405,0.009383446865797845,0.0017894504469295222,0.010283219428614154,0.0006493506721675918,0.011696039763191236,0.007299302481611535,-0.005630513408874785,0.013062416167390286,0.012554486479262604,0.00288184637488895,0.007639456557957626
2023-10-15 00:00:00+00:00,0.0012138378993934139,0.0028829395583976035,0.0021834069809435813,0.0027932979056126536,0.015377525506786671,0.011171707530674917,-0.008896407815586507,0.004807701568103299,0.011009285508369396,-0.003341132409835088,0.0018183517126618392,0.012471355893960279,0.000162271805630023,0.0,-0.003186890928519019,0.01933890651698613,0.004397759347769904,0.019953156028635705,0.001848239565046067,-0.00610688920817945
2023-10-16 00:00:00+00:00,0.016045270022176,0.004082564073710006,0.024772403007584848,0.07044849836026011,0.023097892288723765,0.04840156611029453,0.011566636371465292,0.006109728130370487,0.018083675433295327,0.019881370553828995,0.026385752136300226,0.013647522499529533,0.02499729581121194,0.02582639955989846,0.08811276142712733,0.024841751454406882,0.004135755803754613,0.010294896726862035,0.021113248742385828,0.0076278020488860674
2023-10-17 00:00:00+00:00,-0.02009713942305435,-0.0281579429495845,-0.03243527575315396,-0.01924818830491669,-0.01502375676046075,-0.0036863346095197267,-0.01612938192988353,-0.028473586216775305,-0.02909296094166478,-0.01854357771216896,-0.02174884977866825,-0.027620482661719282,-0.017883280359802523,-0.02292363990193685,-0.0008354219366422798,-0.0034951272966654684,-0.05771552885575098,-0.042802539234760316,-0.013347013100558856,-0.010695289116747919
2023-10-18 00:00:00+00:00,-0.013488861785943771,-0.023715284960473974,-0.02110017204008634,0.0017652255245691492,-0.00569261499328657,-0.0026768518861103275,-0.007821838892629693,-0.004369204110663884,-0.01299925454363971,-0.010077344266623755,-0.0010036920083754475,0.0049059787688544056,-0.030092213369931748,-0.026433257068155597,-0.021542543750710547,0.006865917005154383,0.010998959841530695,0.002911210207458313,-0.006945891051112858,-0.032789822822990956
2023-10-19 00:00:00+00:00,0.015921953010585476,-0.004619681652755611,0.016694878572170054,0.0022021590049005574,0.004746093389255759,0.01380644022600064,0.004938281640582577,-0.001369300501504362,0.0,-0.0006754475096379668,0.0019999942769046096,-0.00709416344940724,0.02540912043480598,-0.0165045006714632,0.06248153936589507,0.00937820873670773,-0.000508905863400651,0.03989132902730181,0.06334623623257638,-0.007968169649176845
2023-10-20 00:00:00+00:00,0.01726603824290965,0.022731839113608654,0.017505917513614588,0.05603347180255499,0.004252309738530476,0.03272936881268124,0.01734488208123373,0.01873273184494158,0.022182055525974704,0.033225647628320386,0.023543412522501424,0.03577092415669013,0.02556866677233898,0.02833895831846594,0.08087546275288987,0.008299721189960701,0.017409295501885604,0.0,-0.00927901496230059,0.031498667059371016
2023-10-21 00:00:00+00:00,0.029033031743713515,0.03406282060236995,0.043508188241531826,0.01486402263214934,0.00985229644301164,0.008082108028452294,0.02130727235304545,0.05009569751156547,0.02348798130721376,0.02835241459086729,0.015497567989964853,0.16343000707500663,0.02138534631687236,0.03184060585565863,0.08132251673009445,0.00943299744426674,0.03514306848522174,0.03026365763982693,0.011393383842263785,0.03802739558923932
2023-10-22 00:00:00+00:00,0.020287777171521318,0.018829008152907778,0.046661608555483264,-0.0024620447397750386,0.016667052485211862,0.002759830846653565,0.008300153436892966,0.014728554721375386,0.0035650661644961446,0.008855212829732544,0.021114541154504913,0.13378377271026934,0.007845590585527478,0.02531780798429,-0.009251393720530477,-0.014183075417377126,0.017237678433449293,0.0009029345985920607,0.0034502621921525278,0.0074349784875179905
2023-10-23 00:00:00+00:00,0.06171623985855825,0.040188188970713724,0.04742059206463575,0.07363832320767001,0.04795899983539922,0.09768020786547688,0.08865777889457244,0.0937736056031121,0.05200478499031455,0.04674897957407282,0.059367241974827685,0.03727498511128248,0.05601702650468266,0.06713930283762852,0.09296037062409401,0.020603468547795573,0.03841701610379179,0.04672511439066239,0.0465461086041439,0.04490254662071204
2023-10-24 00:00:00+00:00,-0.005358112479619432,-0.004275337850401948,-0.02488166637673666,-0.03931232040253231,-0.0145473140687241,0.02545906657086265,-0.012237132259570977,-0.039083013201258676,0.0016877641137198365,-0.010876240144138799,0.010995931028651353,-0.019571964669497843,0.001881740440910085,0.01162053102301879,-0.05513080075104445,0.0018423196757917173,-0.036756871052750856,-0.015625317903080756,0.020429165692150777,0.007057192309998759
2023-10-25 00:00:00+00:00,0.005714301263438635,0.016149947271114753,0.01919444725614716,0.009089175396789058,-0.013861165365153505,0.016759533553249224,0.025497971933970857,0.023819072075341334,0.0033670065479042485,-0.00426180249318543,0.0012149615310383514,0.06404428023932329,-0.006383309067782746,-0.002570695503100866,0.07254417607624238,0.012374397961060707,-0.012638775607603967,0.0008745081449325757,-0.006463218190211893,0.002808990611054952
2023-10-26 00:00:00+00:00,0.022536165022413127,0.00728090586904073,0.04915222065419803,-0.027519184227983114,0.004940499606774121,-0.01003363081588025,0.05037806304471937,-0.01337263329671435,0.0050293484050019585,0.010318756201375132,0.009040509641070294,-0.01182584508730685,0.0007274314716641094,0.06718944448780083,0.01012123346351115,-0.007083094648640507,-0.013530044524575102,-0.010544913176614998,-0.0034280592885307538,-0.0028089906110551153
2023-10-27 00:00:00+00:00,0.007285374808020295,-0.019866803462568652,-0.04252026835044681,-0.032884179613042824,0.004024150299725548,-0.00763160546721126,-0.05860856218123489,-0.02365984423701882,0.006666691358189297,-0.03003596920769232,-0.013386453030617656,0.023245292113658677,-0.026078825994472452,0.05615510282972874,-0.03225085711561914,0.0072969526477449104,-0.021389875118303203,-0.011550550451202981,-0.018791029970128634,-0.004228336109521064
2023-10-28 00:00:00+00:00,0.005515353519066544,0.021957250882603883,0.035254114673823896,0.02354021563039927,0.007114303016608637,0.005560455807826632,0.01813445425346051,0.011063123898773387,0.0438738113916195,0.009290868937845575,-0.001799977986263272,-0.023702937080686874,0.010985858706636133,0.0606915405436658,-0.003156568277546769,0.008517032215302069,0.014800467504980845,0.018592833076615925,0.002942260305723689,0.0319693660560588
2023-10-29 00:00:00+00:00,0.01535080459612353,0.01807319663452506,0.035814033475305734,0.004479746852283249,0.00618376528802277,0.012969433130901344,0.005059642163581147,0.031546872160963364,-0.0015910902322418517,0.026165167739185858,0.010606762485537609,0.014361272092782285,0.015529172311110536,-0.0227405576338741,0.03723669419594381,0.005919053323905296,0.01675406434619727,0.014802185805135365,0.020896553953859132,0.01897075862978093
2023-10-30 00:00:00+00:00,0.025732413966478032,0.10269083546044996,0.007884403524149056,-0.0012197602650757047,0.003955179842928014,-0.0014828854979810758,0.0034547320959181327,0.04752025261649807,-0.001593625835278036,0.007777484612607352,0.007713304504797227,0.012465970140362024,0.006086975315849149,-0.009906520202792165,0.062289573192409284,0.00724526716434496,0.006241018817161998,0.027282169497105373,0.038625734478859086,0.01068100942033409
2023-10-31 00:00:00+00:00,-0.03389017504669017,-0.021954230897377556,-0.011408636246678674,-0.0036682331738123754,-0.007926065272420716,0.004775852062776867,-0.019150447426569784,-0.016938225327984783,0.01739174271186924,0.04086966918832915,0.0031073151714650442,0.011784126087846219,-0.004634331248667382,0.05592855265922498,0.09442515488777076,0.016292582673436924,-0.007445693098497546,0.01915926993847782,0.036688897556065296,0.003976148379639417
2023-11-01 00:00:00+00:00,0.04700081842970941,-0.005437888834826425,0.07643787465916599,0.0016319873063216285,0.007487372569618574,0.022314560261213128,0.009766129658530444,0.06061139998719464,0.027822505599299194,0.01589136733663466,0.017653654013214524,0.024793580052081616,0.015555549152700868,0.06479999322691543,0.06916646752939758,0.030313031078349654,0.14494741796812072,0.010668956349567535,0.014734146199139266,0.03891541624967362
2023-11-02 00:00:00+00:00,0.0504788957758799,-0.006743457070333924,-0.02903563576458214,-0.04077103780797123,0.017399308009847354,-0.013639193957310053,-0.01520052652406886,-0.020949889761966,-0.010728072239999,-0.026242236060290757,-0.02532627640689565,-0.055744172193223564,-0.007747527992623227,-0.06375451482536239,-0.022610941161382,-0.009229600028895878,-0.021501671523120956,-0.023958188468250263,-0.0051075158399635275,0.017654935238720745
2023-11-03 00:00:00+00:00,0.019013145580258163,-0.010136739136364129,0.019175243630501902,0.00887767403201742,-0.007357747973703723,-0.0064546666973641625,0.002500552895209599,-0.0041130050405761495,-0.0015420203518153371,-0.002314815848451375,0.017564735146825508,0.04033127724533891,0.00028801843517066173,0.04694739650898115,-0.019578938669813483,-0.020363155255593405,-0.008559863949769129,0.023958188468250353,0.011006271269405692,-0.02275698712261618
2023-11-04 00:00:00+00:00,-0.00426180249318543,0.04279065126482759,0.009042396178448524,0.011715615172562763,0.029533496783577532,0.00989677583723088,0.01472866581861767,0.015283905309376409,0.01683283815023249,0.012093438490683117,0.012380013060606685,0.0031364374901303115,0.013728229330688926,0.12363714195356762,0.07235013619461587,0.004413205705378415,0.012388026855392774,0.008939515038808828,0.004563985102399956,0.010178204915756052
2023-11-05 00:00:00+00:00,0.042114630335526294,0.03221967351215884,0.010582109330536788,-0.012136579186356604,0.028686232221842016,-0.0014324869251003767,0.028540750007972824,0.01715598574673747,0.026947738409767743,0.028774904897509064,0.019305423108153284,0.06197456372850228,0.016759775435558143,0.14948278514694946,-0.03016025636342049,0.004393814865213341,0.012865304517765576,0.015255213548248136,0.07184022607641602,0.023765971597424638
2023-11-06 00:00:00+00:00,0.05823027752356877,0.044462166503520334,0.05742828295506648,0.022070435710647374,0.04448739985456373,0.0009766198683485855,0.0717839456138421,0.04214828806054239,0.0319794693215351,0.029591200174558987,0.004872579288074975,0.05974411770706402,0.03916699447797091,-0.003800840759656226,0.024247977110028,-0.004393814865213368,0.06823818611299122,0.04365463219781546,0.07870290424943306,0.029234725108350828
2023-11-07 00:00:00+00:00,-0.0313927124078626,-0.031977609841275206,-0.020858230120409695,0.00452024603653138,-0.03551141139741255,0.010022908737337355,-0.039938529973156715,-0.00808575256338738,-0.015861904300466655,-0.021834928603199955,-0.00828271449710818,0.004303726286216785,-0.0142019023218808,-0.04358666571254878,0.01809897800336239,-0.011017976877292173,-0.03607046411744223,-0.03492788105957834,-0.04258394502304755,0.004790428322632739
2023-11-08 00:00:00+00:00,0.01833878450401043,0.021855600255819153,0.013953714773865308,0.006538642012700582,0.002028809784957912,0.0063528178351219345,0.0263597833367591,0.02128594423239707,0.020144566092467495,0.010977058631150994,0.0015105783085971145,0.13461401190220446,-0.004642280319563596,0.04510873602161757,0.004647928423282493,0.01795748834666901,0.049678761210535896,0.007867861200613738,0.002769882957610527,0.03751905477591671
2023-11-09 00:00:00+00:00,0.029474658116179792,0.04221755206857569,-0.0023121397583795024,-0.022241444007367748,0.019667501290974363,0.029766675983155067,-0.023773868319722054,0.011261602768208267,-0.030371097876298644,0.1211736903942441,0.11645691140702073,-0.021408581342376876,0.010347267267947742,-0.028540309674384923,0.048867446908370624,0.005678952489834552,-0.010871782484689129,-0.03671601553827192,-0.030148581601072522,-0.01975659843607627
2023-11-10 00:00:00+00:00,0.04640896416242142,0.017032442960278272,0.12869719583706177,-0.0016673617868689183,-0.0023875856945015225,0.01623057053490802,0.0244373062794374,0.04042898999564472,0.040293220382615014,0.0028971531611527873,-0.02076739778150022,0.05916132195582037,-0.007477432705199331,0.0687841903509688,0.2241587126134054,0.07150429371235345,0.030185892761104883,0.005674924026024872,-0.0105581674613941,0.051469335229480426
2023-11-11 00:00:00+00:00,-0.003894591447435675,0.006624338715966245,0.13021858432825878,-0.012594624920400456,0.001990050408010009,-0.004611757237879132,0.04029658791511183,0.047351573739708136,0.023694488292668552,-0.03383504904880302,-0.011886198392189226,0.06157716006113965,0.026661064799416517,-0.06254392049088418,-0.005840207733301346,0.016618812129966572,0.021175718636919715,0.01045445790385898,0.004689517708426179,0.01768001853617241
2023-11-12 00:00:00+00:00,-0.002604846484593253,0.03069621803603416,0.12260232209233247,-0.0004225649756517892,-0.01643652958140638,-0.0017756126342137468,-0.006903632634936826,0.02698548268433771,0.009595687061855335,0.0,-0.004143642225854702,-0.02781546626856074,-0.005061952995954667,-0.02599594990149638,-0.0010655302020382848,0.004711107507896649,0.004440340320671903,-0.004811556997222082,-0.0019638951851787337,0.019523396682098546
2023-11-13 00:00:00+00:00,-0.07190342990568985,-0.037865486197123675,-0.1633250561032995,-0.011049836186584935,-0.025794674771262207,-0.016353527492521336,-0.04446342512644985,-0.06532121774242532,-0.01789448987655053,-0.003998006324854474,0.004377399732726625,-0.10984272465244234,-0.05179949536014146,-0.07625897319817679,-0.08681755975867124,-0.015135624843780648,-0.03666168639882457,-0.017025137611952283,0.013368580622593385,-0.04841429496748761
2023-11-14 00:00:00+00:00,0.0030782170661258035,-0.006013904736268774,0.05608946665104358,-0.008583743691391442,0.004964842635354815,-0.0253224983929354,-0.028845537362123044,-0.028641123213391934,-0.03533936644530885,-0.04611472781539608,-0.03682998133401603,-0.02918625707483907,-0.006915559280939617,-0.013877065709551486,0.09619069408151855,-0.044579356448202066,-0.0313163780449963,-0.036640235149801456,-0.062491478200016465,-0.04025845548026382
2023-11-15 00:00:00+00:00,0.05675474353994306,0.05629283985553051,0.19398349654179745,0.024692612590371633,0.04597583878275612,0.06287397140001015,0.050996452984969846,0.06823573803489175,0.0505016141849864,0.042100673253553246,0.03917912993641699,0.07472756196413712,0.04729863892675151,0.051074929936415464,0.14126850231261195,0.0178403025220239,0.06149596007277312,0.029254071082072633,0.02896030833047676,0.04138521616285428
2023-11-16 00:00:00+00:00,-0.02188504746066386,-0.005405418566908047,0.04763928361887712,-0.016108868898980087,-0.04432635387268054,-0.04579700167213188,0.041624505951905574,-0.03884695123526906,-0.03621565693750994,-0.031148803683481278,-0.04812071941568879,-0.08040878252329077,-0.04221316391811549,-0.05282318212994475,-0.12399209320331572,-0.016764770763493406,-0.0351709534963609,-0.02502215617549249,-0.05747613496517549,-0.06034312990746851
2023-11-17 00:00:00+00:00,-0.009489023348470767,-0.021492609859700498,0.010538470956883752,-0.018547005662648906,0.009023851225566416,0.012377896572665345,0.08372381790121985,-0.020385756924473978,0.0112836176020273,0.005173317280220599,-0.0004843738543024243,-0.011897992939591337,-0.009627711349077441,-0.025699243307581214,0.01220890412181297,0.013395657502978699,-0.017081160638060304,0.0,0.002285342163443198,0.018957913744614207
2023-11-18 00:00:00+00:00,0.027141260256513765,-0.017077908212157197,0.0022763497195855,-0.010503378836554904,-0.0004084133199510559,-0.001252220312786142,-0.0735828859251705,0.008544626182389404,-0.004216450378934804,-0.009852296443011483,0.0009073716921085151,0.003497016531873039,-0.006136301809128218,-0.0072072384049492715,0.0008541898529113509,-0.007840899761638827,-0.008651253328417732,0.007572606653965086,-0.00441213233116049,-0.015375820362109608
2023-11-19 00:00:00+00:00,0.017867001828424538,0.014411950888037437,0.038363312773543976,0.012243266182822642,0.006514681021193672,0.021420590373204398,0.00223964259350466,0.027046318920313173,0.01537416724958795,0.020629921936840826,0.024595673263129086,0.08085915750443162,0.009686685429220191,0.022352294033840307,0.04245999652449361,0.005717346840077763,0.033019119266079075,0.014149216492870712,0.024588750934004235,0.023558215517049175
2023-11-20 00:00:00+00:00,-0.00941922191649164,-0.04353969016280413,-0.09159716909540326,-0.017094433359300183,0.026828435891713513,0.0023772666332884944,-0.03516234253857271,-0.02459140313732232,-0.02102389979170699,-0.007686432924156294,0.004924542605039942,-0.029336798445105453,-0.014709297695511462,-0.0250684568626181,-0.0770330568224853,-0.02475059088717868,-0.009020308738690929,-0.010801933032813633,-0.02197180472346974,-0.019988907741928713
2023-11-21 00:00:00+00:00,-0.06460862524219538,-0.08893970471263496,-0.09186289112756624,-0.044291016709693515,-0.11546450860834528,-0.046657457238005864,-0.07927060623252877,-0.08745727728685304,-0.08726894299234149,-0.07363325104345375,-0.04471196713987043,-0.08037086816423146,-0.04954573655142988,-0.09006557062218849,-0.09098861378941683,-0.04912698792463483,-0.06717679041987146,-0.05406722127027582,-0.056102031753983254,-0.09459784450173539
2023-11-22 00:00:00+00:00,0.06487147187270054,0.07093336631294919,0.08849992855383718,0.0336242489054985,0.04593528514873408,0.045576998787717926,0.054111226638937734,0.06301925318385675,0.04532497841137455,0.049686245192942624,0.06518464889455769,0.06189636315110566,0.037824308667338866,0.057819570888826236,0.10833768645351965,0.05100715274548634,0.23078438871823817,0.04145671367834613,0.053976284898392464,0.05337988878050402
2023-11-23 00:00:00+00:00,0.017713409218965862,-0.007065556459324537,-0.006760045057719325,0.005791952034861667,-0.00978939505349916,-0.003053710529443689,0.005923018303122071,-0.0067875757537448405,-0.002958582039745154,-0.0031662295580495493,-0.0004896483114064268,0.013002629888330404,0.011721427884090911,0.02770260254933575,-0.018410268377415166,0.009152255982725323,0.03569510789435966,-0.008496227829085646,0.016236758715125893,0.006169051026715108
2023-11-24 00:00:00+00:00,-0.0028442165262923917,0.01858199852088375,0.012039634955112346,0.005758598416341376,-0.004715978729722131,0.011180012954367782,0.02565239767220807,0.01984459689112207,0.013245226750020723,0.014690715410003592,0.008998284241456845,0.005817190919517811,0.017399183935504027,0.004543397184026351,0.006174492581101822,0.02390860627816282,-0.026245705552633846,0.0051063940745740555,0.00048305290368483777,0.012225091129259276
2023-11-25 00:00:00+00:00,0.020249314206544047,0.06339423175323407,0.022249438523519533,0.0052863559231480246,0.007278987394611584,0.0017776195288349984,0.009674209869892189,0.01627282833687355,0.024549969412039453,0.011393183829443224,0.0010807099153864956,0.019149812381231666,0.015989120432452604,0.02418389245288396,0.03388982690299525,0.04122363551598622,0.0,0.027628379341560223,0.0025723486853113046,0.027563158929153397
2023-11-26 00:00:00+00:00,-0.017405097680251547,0.04340216317848632,-0.014144507386164625,-0.003521130398578825,-0.011585626264527062,-0.008859513391713852,-0.0032990767138426683,0.00018767007655712668,-0.0028571448007798914,-0.016091704610997327,-0.010015956671339116,0.00027092928911329417,-0.02593520981292492,-0.03787648429049833,-0.021480334438130737,-0.01079694888527827,0.0021057754602436937,-0.010792964877697564,-0.011465608042678791,-0.005927699633275178
2023-11-27 00:00:00+00:00,-0.02509935680229536,-0.06297933912326796,-0.03429459481722531,-0.01600034134644119,-0.019612744591334268,-0.005482130309367848,0.0020314887636611583,-0.03300251823770422,-0.034938051361280344,-0.029741969198737415,-0.017032904579779306,-0.04007167785707884,-0.011633883460228244,-0.012951152347078006,-0.04457809897325696,-0.05580580932502912,0.018278527172615668,-0.02793241267559372,-0.019351210603308956,-0.04002960145185257
2023-11-28 00:00:00+00:00,0.021218870753217555,-0.0054948153121979725,0.016086137751624225,0.0004479283389565039,0.010507977598415165,0.01535223194675372,0.024927701461233718,0.02281759428518933,0.004434597067865775,0.016043124840575684,0.010128557208434865,0.02334031476870547,0.00791427974394689,0.01662088123604028,0.05511815335259422,0.009957130293476928,-0.020384302632859338,0.017021687569430524,0.011197218915233656,0.006169051026715108
2023-11-29 00:00:00+00:00,-0.01094616089749723,-0.0036800561068617136,0.02105340919783248,-0.0004479283389563693,-0.010067933586913777,0.0009453771250752638,-0.004463739587711511,-0.021848320195540255,0.0014738396183005232,-0.005852637083743747,-0.009482649945161606,-0.0006888950396446204,0.0032911240982138297,-0.00827590930385971,0.019236272783579665,0.004651621915913733,-0.026120581547522104,0.0,-0.0026233823866502384,0.013439420361661146
2023-11-30 00:00:00+00:00,-0.015049789003999064,0.0029235037876092287,0.012703064256253456,-0.00809721023261925,0.0013189713936782835,-0.0034581251896556686,0.036123512755941785,0.058696552995191116,0.0,-0.0048141307204516235,0.011346019670436606,-0.006845789623108917,-0.008320231615718725,0.027324104274554176,-0.0001686198469555516,0.0003866602271470749,-0.008189232696991781,-0.0016891895908447178,-0.0046075447647539345,0.010863112257370931
2023-12-01 00:00:00+00:00,0.02236052652600524,0.023190993911933012,0.02219231159436221,0.016573727638150054,0.003946508082083533,0.025092382063089787,0.0050215313552345806,-0.00036549708009219763,0.014620143454962391,0.017012637857098258,0.017047185146421714,0.039188688045594076,0.030500981316865773,0.008053734807096825,0.0075598848079402575,-0.003970372716781108,0.009519904882696904,0.01259991469700782,0.010174029341197252,0.013118852429114503
2023-12-02 00:00:00+00:00,0.033762797686281605,0.017695870382273486,0.016776634693704995,0.013677689515288626,0.0021857932199802256,0.019655100831166433,0.027292600982457563,0.01649634073008424,0.01726661602093155,0.0321604480095267,0.03645764277647056,0.06483871626665803,0.008764054148274547,0.047856021177634926,0.06338723104232659,0.0010667702122062412,0.025600347853375564,0.0149132838507176,0.01346002645012693,0.03034071705267222
2023-12-03 00:00:00+00:00,-0.00681390648981538,-0.010013643703258666,-0.013581014535297354,0.00785687149522016,-0.003937874263897277,0.013142794289187723,-0.005352584340884072,-0.003782765926560475,-0.001427551991185446,0.012680869900277376,0.012947407494196705,-0.01810946420748912,0.0015223862880798904,0.03670136685042796,-0.010739206181068186,-0.0008727273281201151,-0.0188083065021042,0.0032840752011897975,0.00337702339109089,-0.01973366415695025
2023-12-04 00:00:00+00:00,0.029689095881801124,0.024644030360463153,0.033172024012467015,0.09253954672381665,0.02339794781860966,0.049271977534901416,0.06951387291010613,0.01628962897052846,0.025389234004819593,0.007031671363680747,0.022731530221834852,0.006853253550569596,0.008537644809281273,-0.009876623495912088,-0.021506205220963505,0.007345867171615502,0.008875797913968291,0.0016380020042383698,0.002565337305532699,0.026606543444712385
2023-12-05 00:00:00+00:00,0.0454132086597019,0.011592564234169654,0.07882096042321413,-0.005564402274635462,-0.009898940310729673,0.04839691964470645,0.02652789399366177,0.047673469469356904,0.03287967411915621,0.013916725600129989,0.022025710207649485,-0.005326244282674206,0.019149087872964387,0.009057287112509544,-0.009945463895511457,-0.0027000980724430404,0.023450577330231634,0.0016353233407306164,-0.005620247632153708,0.020339684237122783
2023-12-06 00:00:00+00:00,0.03960913809504588,-0.014870919798179675,0.06545497148428572,-0.025430230119304724,-0.007815932102952042,-0.007072982823143485,0.006128506079147823,0.02325880803216819,-0.002699056969165058,0.0009866799024451063,-0.02679329436545996,-0.029747007375522064,-0.02630475346837674,-0.03079727374891542,0.01334655228209343,0.011520864756174412,-0.041781534014955,0.024214258120594745,0.030137094420238906,-0.01464814923733463
2023-12-07 00:00:00+00:00,0.028051705770860594,0.01598242397970717,0.0030487828493587312,0.009359173098061778,0.013853035389293729,-0.011249508685349425,0.01047898093614909,0.03190374749132129,0.03844078330742847,0.08049777025249277,0.05363904278121185,0.02732816469394779,0.021990915557280572,0.02586710764105677,0.09096474855112859,-0.005743841179252015,0.04767843531674148,0.0063593219082924216,0.004987541511038968,0.029084824178957146
2023-12-08 00:00:00+00:00,0.18012375371147515,0.049645805928880606,0.14694933937707533,0.02638042668010409,0.02672481424719984,0.020536119557329653,0.057818399622106983,0.09104839508306914,0.038269976260630695,0.012658396871923465,0.0012684408153208265,0.0757045192214075,0.05876329783035282,0.04115142954217709,0.10101094597591577,0.02343671956982912,0.034208724155442516,0.04644797731047311,0.04395142111116359,0.04104247737860604
2023-12-09 00:00:00+00:00,0.05995570382025593,0.005940421799787703,0.047161907296666916,-0.0031608086370893958,-0.005035679965615674,-0.010408972260493799,-0.03178678412190866,0.03788658026829976,0.06539860172540436,-0.009932361562685095,-0.0077587898612528645,-0.04402752062842393,-0.028163597648331748,0.008658062743114531,-0.035863664200822355,9.377784036498685e-05,0.049433457855173744,0.011282556690311692,-0.020594489613060155,0.03022637614879231
2023-12-10 00:00:00+00:00,0.02675004035425593,0.021359851858640432,0.15177511563440751,-0.006351748230609137,0.008795868227265642,0.0017350244818206502,0.03394894712640405,0.0341925481529226,-0.017741447009596043,-0.003636367643383763,0.00507152345936957,0.010502814353832065,0.011205328969441873,0.017864552765864468,0.034929147077874936,0.011189971293543807,-0.035253148581124216,-0.002996256923234639,0.004999631655153735,-0.011357891844409516
2023-12-11 00:00:00+00:00,-0.0770350183175643,-0.08119666791199591,0.02394368175262989,-0.0856004037268361,0.027150989065950898,-0.059660757354924286,-0.07892251589732965,-0.0909782587721283,-0.08462758563435341,-0.085522173438162,-0.05562098586873983,-0.10280443476325053,-0.06021171148092818,-0.10032659009234027,-0.0636929680287388,-0.03789370084863431,-0.07953816679502317,-0.07717111571337565,-0.06719177848107055,-0.09811785595852336
2023-12-12 00:00:00+00:00,0.04907547457611916,0.1748563032576158,-0.014564006929368808,0.005624068468948114,0.0327374544639414,0.005776503301278852,-0.0034053454212692345,0.06100156846541555,0.015464225697581553,0.007412932389125313,-0.009781994551532417,-0.01672907813482942,-0.004136795750508112,0.03512066640926776,-0.023767773482015666,-0.0023141462453519935,0.021408537389181574,-0.0024340782808795294,0.0008078197385741482,0.0632490303076994
2023-12-13 00:00:00+00:00,0.14327371942984957,-0.007435613934464464,0.03923097224668529,0.01498636482766536,-0.01026459861188284,0.032639616880829996,0.02744218883961665,0.064091429200133,0.0038289772370972515,0.021432871084414096,0.02540675504178913,0.0168644969176214,0.01031007826785817,0.052812271628109364,0.029020855768400997,0.006830561936716021,0.010217202546654914,0.014516383941124226,0.013315348730421651,-0.011898463791614584
2023-12-14 00:00:00+00:00,-0.036928211857449954,-0.01060766274447432,0.007919315880709462,0.008463867708401044,0.005145469496206212,0.0035680023564587876,0.019310378175644613,-0.012706987655434345,0.00887767403201742,0.006245516337730549,0.024112299688721868,0.039819461007216096,-0.0026018501497529012,0.018533349008585612,0.0692005342433826,0.016167732105340404,0.010271086581565086,0.021386953779157513,0.006512611375548315,0.06324552017482317
2023-12-15 00:00:00+00:00,-0.0690150786576477,-0.058005374272220994,0.01037852626794472,-0.04393471433020512,-0.033724593049507486,-0.025470477640977214,-0.05510200537265362,-0.07695038447251643,-0.04652001563489293,-0.045562619678565494,-0.04181551117712235,-0.07348757507970831,-0.027806601782146254,-0.006139696953622415,-0.04278944136012155,-0.04278933727558949,-0.05244405679106471,-0.03671601553827192,-0.025658880416762866,-0.06760757725498906
2023-12-16 00:00:00+00:00,0.012249780723385745,0.10177083901566407,0.06129099727701442,0.011818916303142605,-0.0020437366606817697,0.008020387258140575,0.0431282656337719,0.02008185409361265,0.06404236632709542,0.038835059465508776,0.003802713225757799,0.0027271790617033713,0.017608056937074065,0.006904515346544486,0.016549649418121138,0.012330129790880912,0.021470955103753433,0.013726497313573357,0.0076058300143475345,0.03120210086997928
2023-12-17 00:00:00+00:00,-0.04612835947265985,-0.08175925617221547,-0.03863348626793596,-0.017116941940697752,-0.023179845778993236,-0.021599191335207872,-0.04398857324678604,-0.0444004897223595,-0.008722796740353651,-0.03833393191806325,-0.01466081918858795,-0.021671691344418955,-0.014089652069022914,-0.01929816740150756,-0.039426919979457874,-0.007712998940144774,-0.01700776891976208,-0.021070471569331856,-0.016252592428622595,-0.03668156663460486
2023-12-18 00:00:00+00:00,0.03670602346036918,-0.018359145122359526,0.013206354813610273,0.009691705816384606,0.012070906190990239,0.030541766708551847,-0.008861091046612318,0.014778233691016192,-0.027920595398627273,-0.002006018726865743,0.01037611637258206,0.04609175010372188,-0.004646913945357321,-0.02525785414872534,0.04887751009631167,-0.011136960327650451,-0.019654196946848432,-0.006573565166654492,0.0035983028684328697,-0.018858018634396723
2023-12-19 00:00:00+00:00,-0.04414228773206476,-0.0451232576317987,-0.0351086738421779,-0.012795233024807047,0.045296865966482296,-0.008990828549252048,-0.020838657114431374,-0.02634248413658125,-0.01949379468100113,-0.013646913841182103,-0.018884704816843227,-0.03990242290767988,-0.0016951550887907686,0.00239521072595485,-0.019265281770085383,-0.0029776696939245034,-0.018847658697215622,-0.01495044457843912,-0.012816475139714924,-0.0330138120724435
2023-12-20 00:00:00+00:00,0.02282381356525713,0.02295680402575209,0.08948273770461267,0.01891413323506448,0.02884065832460021,0.03241755264462973,0.01397700627506626,0.03588288607431198,0.03355153417123286,0.02661467661019262,0.011077536520739216,0.010792613488771315,-0.012806094189954766,0.06782259633876109,0.11881750801565082,0.02095192956253365,0.015646577705843927,0.0207046733616912,0.02029861804785399,0.021752431799904354
2023-12-21 00:00:00+00:00,0.07467739650533466,0.06700897357334747,0.056148034989853,0.015135424065100813,0.04433483378868098,0.004406916568444891,0.037432650620615474,0.1917242941358866,0.06865440473807798,0.023023304481578744,0.016858505702015424,0.07121216152448183,0.015629758356051654,0.08015734056183753,0.132314255181178,0.018326130164783537,0.04229239455855116,0.021889807952734375,0.011279526612976086,0.049706532182240686
2023-12-22 00:00:00+00:00,-0.019878208801421292,-0.0002631463547485641,-0.013578833256991009,0.022072203355499215,-0.0036818892845808036,0.0024419680670525194,0.0,-0.05693488146873648,0.001184132761216772,0.05877131741541334,0.03722042643648378,0.011304694194364613,0.03667977446263289,-0.03214812137547692,0.04235534519124476,0.004291647424383223,0.03340536475404907,0.015121657024085005,0.00048057670127963216,0.06568280154378732
2023-12-23 00:00:00+00:00,-0.015539322071296475,-0.006071557214726487,0.05783195885515582,-0.0233605866129537,-0.0003689356249190079,-0.006088221088727501,-0.01623808562981105,0.045708201987284876,-0.005934735519814578,-0.019830024931765413,-0.0070541699979998745,0.013029291216989923,-0.01547658090993681,0.011299555253933466,0.09707294873506445,0.015861359718984062,-0.008326181161944158,0.0,-0.007878487572079715,-0.003031836582120125
2023-12-24 00:00:00+00:00,-0.035027234239532086,-0.008598200380482698,-0.007730112659207093,-0.01646484334972501,-0.024277569581346838,-0.016395107062850675,-0.018902112701427325,0.033657306941244566,-0.02776279697735643,-0.02978239500552349,-0.019312755101442716,-0.027147478941288727,-0.01852807756104224,-0.042315384352860946,0.041489180133795614,-0.005259215728484797,0.07635905925338353,-0.006339165443735654,-0.012017033212173085,-0.008130126083250176
2023-12-25 00:00:00+00:00,0.05313312813999971,0.057178196624969715,0.010431974429631088,0.025448860995420323,0.009032805112124292,0.013507101635684676,0.02837984724370636,0.06518428866194423,0.07428281261224931,0.0283841193174352,0.0032191234748903032,0.020942834351859035,0.015348424643662368,0.06385147198653277,0.07253778878083063,-0.003206642377996975,0.01839165590096893,0.04050397893481148,0.0542133855333737,0.06038449695035125
2023-12-26 00:00:00+00:00,-0.02514529433680023,-0.02184439415846211,-0.08147932788271446,-0.023702898090082674,0.10921221161125223,-0.02479535186467053,-0.03231298899054357,-0.0413162594699287,-0.010279930619749385,-0.028384119317435126,-0.01797824191304084,-0.03214411111723643,0.014024703956998183,-0.05582516111230395,-0.07218213838142092,-0.026903159093373402,0.052684204941093674,-0.03891541624967361,-0.03832974528055427,0.006701796266018632
2023-12-27 00:00:00+00:00,0.039776598604660506,0.027378071396545973,-0.046552183939465,0.14129662943922772,0.08496584212577103,0.02140979529821103,0.024866146066081698,-0.014275352339443425,0.03829296684742345,0.08637137696778449,0.06401084348004162,0.10178269430994218,0.03672842795316963,0.04198410970043253,-0.050876969779326035,0.021978906718775167,-0.014949191513484979,0.036622713678698356,0.019269646327382307,0.05927660992954031
2023-12-28 00:00:00+00:00,-0.028179898614139325,-0.04795439312203598,-0.06304557307415387,-0.00989353579810901,-0.00463894445639322,-0.02012077980823538,-0.020605939721071526,-0.03131096900977558,-0.03944173205129673,-0.012400513198454961,-0.014484107103263628,-0.04304632299018001,0.0069513034842809945,-0.05074328979031402,-0.048977254908986086,0.0010436928695403747,0.07568591287443259,0.00989730195619464,0.0009459247118694407,-0.0545169626765523
2023-12-29 00:00:00+00:00,-0.012254054163740492,-0.036991620480021095,0.009502447096396475,-0.02870639317885925,-0.02797605049447613,-0.011740790238734814,-0.008428707335055503,-0.016151574422743092,-0.026792516996574988,0.0022256853167287203,-0.019361626498728475,-0.029483828482325027,-0.04354320334658384,0.014556297774207454,0.04203147890905933,0.0014214643473774466,-0.03096383700884611,-0.018349138668196655,-0.01844836036164212,-0.02208443091029398
2023-12-30 00:00:00+00:00,-0.011906871281543245,-0.021715980346756925,-0.021381772943070254,0.06254420796041776,0.010780066347669275,0.0017416561151908701,-0.010720111503705438,0.006611793035279097,0.007058852839624827,-0.010279420123825421,-0.0032760632932055125,-0.024295329870241498,-0.0004096402050865637,-0.027097959767250886,-0.04104964279680258,0.003308913442147072,-0.028140675066994546,0.022129861508102623,-0.0036986453678460223,-0.011718884113213375
2023-12-31 00:00:00+00:00,-0.011881990682471425,-0.014051753455650415,-0.020031486434379717,-0.040744979617833445,-0.0168552249206255,0.0033947781497301243,-0.005012541823544175,-0.017404355199493318,-0.00942292013450526,-0.015391883767584031,-0.00428989080455275,-0.015012903200312056,-0.005340649462266335,0.03501451784510184,-0.0017679996747602916,0.015825041144396892,-0.018656233827316564,-0.02677024106460478,-0.008250471454882882,-0.009871748479154117
2024-01-01 00:00:00+00:00,0.0479881751938936,0.05514905891158105,0.08428392546443551,0.030713314588369362,0.005437403449299313,0.04386318131378095,0.02688274698234516,0.04680261186494525,0.04850835495240559,0.02611584713055951,0.030287754449622444,0.03982290112102886,0.025619835690763326,0.01916991610772034,0.07743790852689017,0.0007429420846929999,0.0510163244370193,0.02298951822469878,0.022169582665582305,0.08825068809136594
2024-01-02 00:00:00+00:00,-0.029639036525696993,-0.021477093337199542,-0.03222568377556747,-0.04077531898522834,-0.00415535199164377,0.01722000317113513,-0.009722071223153314,-0.02164026585451244,-0.02511547537770023,-0.023837422813855605,0.0014020540260539925,-0.024875932711232875,-0.023699396143058483,-0.022760584238448768,-0.02935956815493531,0.005739162286354841,-0.05754548564660051,-0.022214624733774155,-0.007655539781328127,-0.03230553199689003
2024-01-03 00:00:00+00:00,-0.08284276743521866,-0.09977145281354569,-0.09851649652332121,-0.0941439989141424,0.011465093740210186,-0.04788769521256018,-0.10511661321759277,-0.0979769115449281,-0.11893977378420716,-0.0924467367187919,-0.06381928005018102,-0.06948280893550968,-0.11197562002471564,-0.11258076363131335,-0.0800427076735365,-0.014784778121018907,-0.10916176921682148,-0.06893754492188711,-0.0701256660059039,-0.08718195268300713
2024-01-04 00:00:00+00:00,0.023075216245330984,0.034277749130036804,0.05085841723349116,0.023232301493268416,0.02470805911065698,0.03002352150755492,0.024094648328435938,0.03263753082817885,0.00519481687710393,0.0217292499954711,0.025640081953999767,0.02636687584074235,0.017774869799809176,0.03559094510270253,0.06284326649105705,0.001965280684953823,0.014965950859476423,0.009087216601356914,0.007698267425752336,-0.0020491810449355693
2024-01-05 00:00:00+00:00,-0.05130252966075307,0.005826390535447365,-0.06014049315785919,-0.0008354219366422798,-0.019339342599452303,-0.0001356796630157846,-0.016079060112171643,-0.05598695987208282,-0.03158157205029893,-0.016749160021497986,0.0007363494597344715,-0.03040385147100873,-0.0061929055261967115,-0.04529975922966331,-0.04853283382733521,-0.024416846578420515,-0.014810514471505118,-0.020773493170812243,-0.019097354587062697,-0.03655759573379758
2024-01-06 00:00:00+00:00,-0.03515069146132453,-0.04952145395984892,-0.05207311160326416,-0.013462550822860495,-0.03200273108617383,-0.004012787545087865,-0.02560629950138299,-0.04348212909556712,-0.012105057026275517,-0.012497038423272122,-0.012418222543956053,-0.04759862396292144,-0.005469475804535433,-0.019705071079332444,-0.06372503048452523,-0.004897968975547142,-0.019777759716042714,0.007528266420791588,-0.013641344798377062,-0.01933465170745561
2024-01-07 00:00:00+00:00,-0.05546053465610944,-0.04356424598720409,-0.028426822542505586,-0.015365219064056253,-0.016724442941194757,-0.000894225072540774,-0.029469454036639194,-0.033355429731929426,-0.051364516922390684,-0.031164718802152963,-0.00867738849855344,-0.02143987039021852,-0.02109230683869536,-0.06686294522912659,-0.04727696602474476,-0.010354764218655317,-0.049392755329576474,-0.040821994520255166,-0.029303508189829623,-0.05460966771699168
2024-01-08 00:00:00+00:00,0.09024174523386623,0.055799597573213094,0.07002286008967563,0.08805026368322175,0.004289727746325209,0.06653020711240704,0.03836499082720285,0.08125730753424971,0.051364516922390614,0.05305614028400623,0.04791045990948524,0.07243913524987554,0.05243625384361769,0.06270839002197931,0.09017422916768186,0.013526776298201763,0.03855426861012083,0.03664662310977444,0.0462397488850593,0.07074772639881995
2024-01-09 00:00:00+00:00,-0.054683326274053916,-0.02895797774760898,-0.0404409695585107,-0.03649893807246176,-0.00859793656401484,-0.018075510415030107,-0.025791001576614354,-0.04846280896273004,-0.041442394416074335,0.043338510475555855,0.0059254932475093485,-0.030373902009029532,-0.010985858706636254,-0.033872840382092026,0.015007379610697655,-0.013818647682284836,-0.03738905832431128,-0.025425098365810056,-0.01869866624835852,-0.05033885476761293
2024-01-10 00:00:00+00:00,0.09948850818060366,0.07174788390518322,0.10613943300215406,0.039644831347240166,0.015488858007273659,0.01172860796383382,0.0473286108738298,0.11414493625683439,0.06153684147582869,0.2187985931232038,0.09750304973321598,0.09427568323333328,0.0453794395203682,0.06340739069459632,0.026223195099102346,0.02374997453511024,0.08861824809310198,0.03624501249495931,0.058079179119667125,0.057781738674691226
2024-01-11 00:00:00+00:00,0.02787636952825487,0.025666808222504837,0.019532874932302116,0.08067673695069749,0.007817629391053281,-0.006771062230729273,0.017777715711001906,0.019456589972233616,0.03901665234245172,0.11470708253061185,0.012928853258319134,-0.003322924570187084,0.025075267874813796,0.04813552487154745,-0.020803127629763173,0.008986486243662179,0.03750346138838881,0.021294825970572702,0.0018292181038000426,0.13828701585409087
2024-01-12 00:00:00+00:00,-0.06092535431714401,-0.06695031188582234,-0.08939743244494096,-0.0627774263914901,-0.03836449318218358,-0.0798528754667809,-0.05456008947743966,-0.07397581065217482,-0.018018505502678365,-0.0208092107063401,-0.03714815678577363,-0.0597305002935858,0.015050335862170569,-0.05137439409969108,-0.08107761070202343,0.00610244582600583,-0.0358300754346551,-0.036307618359758015,-0.05463041171277128,-0.05401597207103342
2024-01-13 00:00:00+00:00,0.002735480870533184,0.02409277293767609,0.015465649322928881,-0.02025780221850037,0.01870462013480735,0.0015242196406752171,0.010559760215002253,0.006585903678266533,-0.007822725681209045,-0.014583591799092233,0.02182127193995902,0.01361615646309384,-0.013660095126644045,0.0008107013009888613,0.03969239453916903,0.06696911034951405,0.00802365972913304,0.00920123597440844,0.008387258672741989,0.05031911018970739
2024-01-14 00:00:00+00:00,-0.044691853641013406,-0.021186813680420833,-0.033438612761177676,-0.033616610798984974,-0.008974632283135109,-0.02638212870563945,-0.011059447920589988,-0.03990888477156096,-0.025183570786961016,-0.07628970305024212,-0.04170818291825345,0.02818055896157473,-0.031040866892256654,-0.03714830777455126,-0.021513009353793775,-0.026881192760523566,-0.04834545004167554,-0.01679300588262123,0.0027801929289248194,0.030098031157279347
2024-01-15 00:00:00+00:00,0.0047497001993458314,0.018734750267515074,0.009026859602507719,0.01814931850567727,0.05836340077724228,0.01848861088034885,0.013034757204844327,0.025628594498656797,0.04334230579883217,0.009393268389818693,0.015612245726752063,0.028726090102809312,-0.009358645801454546,0.004196397261765492,0.005845794401614637,-0.023288599128312003,0.05420880593606026,0.0008463817686811172,-0.0010416667608567657,0.04480327701583832
2024-01-16 00:00:00+00:00,0.01504919297385801,0.010258504305735284,-0.0011239113293224931,0.003988836561232747,-0.00727046034902227,0.014637901828299413,0.0032015788952792154,-0.00213304973557321,-0.00386349482504459,0.02035976304644996,0.02966184534886525,0.005647506473332411,0.004474280394921107,0.017435061822101566,0.03386269264739939,-0.005352541387364376,0.022822567343644976,0.0025348556031881157,0.0,-0.03141619623337893
2024-01-17 00:00:00+00:00,-0.013912613953985575,-0.01320893917617785,0.013681631814807459,-0.02826187291743927,-0.01857241984475833,-0.008423584725432613,-0.009263328142658551,-0.019268938157428448,-0.016916473666700786,-0.04152457423849325,-0.02235911176778112,0.03158292922235935,0.0002879769638332227,-0.02079076966907378,0.04497277798374611,0.0028644048228939514,-0.008091254146839888,0.0025284463533586906,-0.01258537849117311,-0.02513597327154216
2024-01-18 00:00:00+00:00,-0.049680374753539994,-0.045643342809748605,-0.07095581415096977,-0.026978187310456037,0.011568252401187648,-0.03445139745815894,-0.03164063023158293,-0.04636453695459351,-0.06087071508702592,-0.06795663022272759,-0.023748366630328005,-0.07255227268974554,-0.019627002062700866,-0.03158606583651616,-0.0784116520191648,-0.0023093631805224516,-0.06878187876541744,-0.03861483612777966,-0.029453266913495382,-0.05320900378568964
2024-01-19 00:00:00+00:00,0.003574978981272509,0.0010303967938966232,-0.025936315111112444,-0.0037934713562974847,0.005416613530208025,0.007990013891329613,0.006256005082893137,-0.01768430817547807,0.00833338155914424,0.034950333754557375,0.008539568821651248,0.09495039839866111,0.045632019876310236,-0.005217403139688178,-0.008297037279530455,0.021681314000361673,0.005837359795505576,-0.0035057003476284972,-0.014047480836941064,-0.020339684237122558
2024-01-20 00:00:00+00:00,0.02273716139079838,0.01380742978785534,0.004876571687876501,0.009665971454428312,0.007912685690331748,0.0008880084302503328,0.11072980941629595,0.00275222886845433,0.005517255374754659,-0.024376831424093828,-0.008054016030501146,-0.02112997513632381,0.0009814231422166772,0.019853910662430953,-0.007935698482288568,-0.0039898493261947745,0.02178396394412211,0.01394965950871188,0.016580501912671165,0.012639934935819566
2024-01-21 00:00:00+00:00,-0.025119060095332078,-0.01990217516609001,-0.010698558410073947,-0.009243763299539269,0.004403907715255244,-0.002778941360300473,-0.02667132638814743,-0.013984204582479717,-0.009675265523418422,-0.008531435049468756,-0.006070141542372212,-0.024698949344495943,0.005450366367976534,-0.007722046093910278,-0.019460308632917454,-0.010136610240983841,-0.018642764565259325,0.0008654262764286796,-0.01272975909624519,-0.013618887534803864
2024-01-22 00:00:00+00:00,-0.050122529911957786,-0.0500343322925999,-0.09706340603506036,-0.005078301222654466,-0.04067814631909058,-0.049606002668420156,-0.05892205842677418,-0.07238300766275363,-0.04111138824243118,-0.0657632610334671,-0.059897387892233325,-0.053223202392059146,-0.06313648470565916,-0.09006984308390835,-0.08293780818398647,0.0032988209151151734,-0.05297012845590261,-0.025406535192546473,-0.03520244290635878,-0.06369004019380502
2024-01-23 00:00:00+00:00,-0.0027199514624221682,0.005431843882361821,0.03657322508885246,-0.026221145496674054,-0.02348379789819544,0.008294955472882228,-0.029728855175584542,0.0031491129787724705,-0.020468550855394743,0.007812539736793625,-0.031428148415456714,-0.020624995763578936,-0.028001227292865062,-0.016152370171399113,0.006064588419245066,-0.019305083906352508,-0.03465443491168272,-0.009808371098519928,-0.017594640154560675,-0.017904638385480877
2024-01-24 00:00:00+00:00,-0.0016775009175941534,0.012275377571110337,0.018438173970752772,0.02876351974745081,-0.01926060554181551,0.004683034141144241,0.010556536826092387,0.01575326970563922,0.017569998101383485,-0.005636260314198102,-0.0033857304732878464,-0.003993979313412535,0.009572359045364761,0.013320843975660773,0.0510739460882507,0.01481234265838762,0.004099766589710113,0.008920665758379362,-0.000385951374918184,0.011621895205985748
2024-01-25 00:00:00+00:00,-0.02099536350692708,-0.011842102001073955,-0.022363596086858315,0.001268767351424176,-0.0034176383231514776,-0.003092975166303934,-0.013886457935826787,-0.003720934525690074,0.0,0.011240931161368742,-0.007355781023558437,-0.03566319271054963,-0.00957235904536472,0.0009447331831616659,-0.021175654630859218,0.029874585238808215,-0.01997311574600014,-0.007130154984591303,-0.008334189144959375,-0.019088596562522625
2024-01-26 00:00:00+00:00,0.03847032452397702,0.04199090172523712,0.05577357396848437,0.02173998663640604,0.033992840444943835,0.04555239092628425,0.024082279157235823,0.0357017321798292,0.02153708514438376,0.02714331184694644,0.02186288688866119,0.03172368708794877,0.02338846708648126,0.02885262962178296,0.05995433285618432,0.020830408951607905,0.03402328339650947,0.03601618962470721,0.0353731555029285,0.039879366231596325
2024-01-27 00:00:00+00:00,0.0026773777707163942,0.004248490924791768,0.031128543255945034,0.00782702245046815,0.011188007453726338,0.00707902280697713,0.0036252305469770215,-0.00044974140627646877,0.007077170374085079,0.005424590810912592,0.00011464805265211808,0.011075397103479736,0.01495105934507226,0.010041161499490497,0.021441644762377376,-0.017980389209864372,0.006200271224738487,0.003445309178912603,-0.0037643560356273526,0.0323914957912355
2024-01-28 00:00:00+00:00,0.008397386775164632,-0.02534167025128578,0.04523531838703501,-0.02829984946642067,-0.0009821575515333535,-0.002128775638974226,-0.016608333441140904,0.029985261031785056,0.001409443503233604,-0.022302628598264283,-0.004879740236961713,0.009366937524242197,0.004251894097198864,-0.018332319083471618,0.01787075836216913,-0.0017803102441255633,-0.0073776323900911845,-0.02260965876812846,-0.011760378334963741,-0.026237630216857148
2024-01-29 00:00:00+00:00,0.07028376408052224,0.024617594708918795,0.03499228343512818,0.018402861466246225,0.017532916658169456,0.029806119942710457,0.03159406189818929,0.0230159757009217,0.00981087056425924,0.050612211439376754,0.026539977220855035,0.03554844526207051,0.001169761794447897,0.03989649699931225,0.057690790451099073,0.007102302582066384,0.03359296597758223,0.023469134540847095,0.020958003005898174,0.032195939800487905
2024-01-30 00:00:00+00:00,-0.02385646036195858,-0.026847250036188052,-0.023570114707111223,-0.016294490455418465,-0.010027578767512693,-0.008385579459892248,-0.02024033832045288,-0.02826839512953135,-0.019718948788955505,0.023981964686485405,0.010904260075984275,0.030908986351018814,-0.01412827032507244,-0.010723963362975611,-0.0027575357241158703,-0.00870729623913344,0.01806209399822838,-0.032303114251606944,-0.04685817516042042,-0.028114301480839272
2024-01-31 00:00:00+00:00,-0.031648210950781616,-0.032407242954777774,-0.059968250109098904,-0.013144136661817638,-0.023352483656226664,-0.008444749797383772,-0.012242217638851513,-0.02698458765705955,-0.01866529421935986,-0.0398844404805443,-0.025884739060646825,-0.0029769631097709337,-0.01057895584569962,-0.028247891869118042,-0.04477456883607861,0.0017831673769147511,-0.0417747150088505,-0.024249055253314385,-0.014595919871284089,-0.014359221077888876
2024-02-01 00:00:00+00:00,0.020291127845608416,0.003069504712161151,0.02029314639932286,0.00976860603053639,-0.000998834775900756,0.011742435619609937,0.007842185397041672,0.02038002853536951,0.020086758566737292,0.003692311887127592,0.009216574739179674,0.10807896393386915,0.01161591616378729,0.030043224487792352,0.00872829898139722,0.029664307634092106,0.007966847117401405,-0.000909504382840611,0.004954920453550495,0.016393809775676352
2024-02-02 00:00:00+00:00,0.01330223057706556,0.0033874260659842183,0.08247129812920219,-0.0012687673514241763,0.003989366993033515,0.0027134001651212595,-0.0011345730810515282,0.02271170557908944,0.015504186535965254,0.02865988287294202,0.0020722520822371486,0.03644243568955146,0.007522714140053202,-0.006297816586989988,0.027926609441417068,0.005605154156806505,0.014280094940177809,0.004539272433419351,0.009249303368855315,0.03396930005821473
2024-02-03 00:00:00+00:00,-0.004284329825064585,-0.013066340165819161,-0.022281213320430426,0.019694749297792732,-0.005656311869777537,-0.004382505832045197,-0.006834604506141117,-0.01771757063972038,0.011126679464757053,-0.010802265472935769,-0.005458644987954984,-0.009581316604918585,0.011106354116913493,0.01077209698191104,-0.02639419865985171,0.008136044537739846,-0.004573676708569127,0.0054200674693393345,0.015742235499843715,-0.01984192079900406
2024-02-04 00:00:00+00:00,-0.03778536592732278,-0.009104093080571715,-0.030502223479496094,-0.024360717466183165,0.0165457116690459,-0.010005694851545816,-0.0054759767527452,-0.023572361185475493,-0.03805956182434513,0.005215658764295857,-0.0029217600174053704,0.027646897828903134,-0.027552387431207977,-0.03267078228954871,-0.02553770212185586,0.010098952890711896,-0.021011609293965946,-0.01634913800152941,-0.0301451677183332,-0.03986220142802574
2024-02-05 00:00:00+00:00,0.0020247020482245972,0.010208699400774538,-0.00921931047388085,0.002547772078798783,-0.011553190065924859,0.002950351987088814,0.0005106600391835751,0.010594742092974794,0.019915309700941516,-0.027587956518829053,0.005244348441227879,0.054197682712581706,0.011289484135048903,0.008268306176947095,0.0017787082900397946,0.004633343026355973,0.004004677469526935,-0.006430890330290514,0.007326040092072881,0.008307420569856096
2024-02-06 00:00:00+00:00,0.007857399143877944,0.007917349472855089,-0.011352181293309758,-0.0025477720787987755,0.004967720101934447,0.009095988310426472,0.0017852593366925603,0.010336772487291654,0.005617992304223274,0.017129293205292963,0.030298800498996734,-0.04684309412837992,0.008677163054768589,0.021720310892662235,0.012672860992685917,0.01691777505020154,0.04445900288781494,-0.002768806568133038,-0.0037553162029438517,0.012333147077216073
2024-02-07 00:00:00+00:00,0.007796141436125717,0.049884855028613465,0.03226086221822148,0.022699587516106755,0.01508225310876603,0.028605054685199374,0.020679087651256967,0.019494361891632304,0.006978395381462278,0.01763572761389967,0.021869501408000494,0.028570291670011603,0.004820694457305643,0.02650331806017011,0.04303259640700026,0.02117735821362927,0.01815218336482798,0.008283526426643982,0.017275655400423393,0.02720570812917424
2024-02-08 00:00:00+00:00,0.054632992148168164,0.0045742880467527945,0.003960401216096914,0.016488419712493478,0.03799339643921459,0.02095275967005496,-0.0032500028606817512,0.010319713197326653,0.0013898542890542977,0.017720487321363564,-0.0022911881881718175,-0.03267999908997178,0.027454113789784188,0.01127016697103951,0.015890476589846006,-0.0139315463558454,-0.012117545391194131,0.006395636236405024,0.0017501219829257361,0.007920833491444058
2024-02-09 00:00:00+00:00,0.019233157516306346,0.038558257974475305,0.07030952737169817,0.023035975184656513,0.014925650216675792,0.039912063594217916,0.020816016137725213,0.025759746533513175,0.030098031157279565,0.020475894042343633,0.027318656720714377,0.014067076738612853,0.0015584050756168027,0.0204785313435407,0.0398717572789025,0.014740280730697186,0.05213208120288928,0.01983834221966438,0.022097161947483353,0.023392879574705594
2024-02-10 00:00:00+00:00,0.019777242305597974,-0.004902215810062832,0.05628083589858978,-0.010038229242686408,-0.003091192569672858,0.013033381077871586,-0.0015953859921899634,0.0005557099337229548,-0.008119124438504242,-0.009992396747485572,0.005486498081285188,0.0327024934427121,0.0022624444039695433,-0.003384097984240457,0.019171691619681634,0.005321305792110863,-0.00391507803196851,-0.00268216521993962,-0.004380542192018261,0.001924928409584418
2024-02-11 00:00:00+00:00,-0.018483461513356336,-0.02343976219221209,-0.012012156448003658,0.11355925943760749,-0.007146216523547323,0.01142945972783506,-0.002336306011970429,-0.014127096964760756,-0.0027210901143606132,-0.00038632413074648066,0.0027838538582977777,0.05415546986662882,0.01053750530278592,-0.005949868806235055,-0.01432093583959186,-0.0011263980593960983,0.008263888964616503,-0.0035874477936558807,0.00419048232258748,-0.007722046093910278
2024-02-12 00:00:00+00:00,0.03234881373939986,0.01740413377012754,0.03098525238180787,0.010392496330101504,0.021897559610620124,0.03293568144658824,0.012235561919941709,0.033384913569175355,0.0255561991853781,0.039399035143827275,0.05915178226329729,0.015710352423876844,0.017594136744827345,0.033532060290574664,0.038160723367446074,0.006259550171144278,0.022635776724411468,0.016043124840575684,0.010211889045241071,0.014430264829028618
2024-02-13 00:00:00+00:00,-0.025904899330547754,0.03781880111985089,-0.03048185443510881,-0.036671380793942096,-0.009501987200929094,-0.004370351494182536,-0.014453950801119001,0.0017695505876609442,-0.021477335610556956,-0.0267284874412121,-0.00754723411578204,-0.029505053380640803,-0.05431901530408746,-0.018303339588750113,0.0074960193942334346,0.014849202850205863,-0.02308477770479013,-0.01874218180974064,-0.01287652708933637,-0.0028694424279527087
2024-02-14 00:00:00+00:00,0.05689329438168645,-0.004771884207143521,0.06053580529650361,0.03738413919902785,0.027939867840808635,0.041300218103198914,0.05345012776102946,0.03946652712564381,0.02545348399019639,0.025613452945458217,0.04980714711359402,0.018449787855539104,0.012105638539110166,0.022416878914542273,0.03914206360026086,0.02098115415062172,0.030807949062504458,0.0301708776333633,0.024660073142098102,0.023664142582461068
2024-02-15 00:00:00+00:00,0.05382994952913957,0.00826330468721766,-0.015996521118717362,-0.03738413919902788,0.059020178399124386,0.0016364577734705157,-0.002576415525180228,0.017109944295064166,0.020943173845243173,-0.004099130017746779,0.017072626772787942,-0.015334364000106687,-0.0007164863815858618,0.0712890837473017,-0.03011465474115827,0.011358525801630515,0.08577676410177036,0.019905460346812665,0.04437091463766731,0.008383840443897369
2024-02-16 00:00:00+00:00,-0.016731940081280223,-0.00914225391124368,-0.03153910108981177,0.013955422959404924,0.017352800385449646,0.004694246184426713,0.007360276232430759,-0.017371450572704984,-0.007802380284184899,-0.0003734827307653165,-0.00739283537876803,-0.019300044400805096,0.011827711806656673,-0.006904515346544487,-0.02832696214924265,0.013492208007808275,-0.008831851867828573,-0.01033600933066206,0.0037283665026628604,0.0018535686493228347
2024-02-17 00:00:00+00:00,0.018209408953838026,0.003900541269045452,-0.012497038423272122,-0.02548614398334065,-0.021029795052958485,-0.009279917800631372,-0.027735299961600193,0.0074262604337363034,0.0026075634070807695,-0.027648040191892702,-0.005680318366057286,0.02430455889933505,-0.008821912649575455,-0.022577837217962637,-0.012862206966655871,0.022924493044530387,0.04288438246447497,-0.012195273093818355,-0.026395284066954888,-0.01680711831638129
2024-02-18 00:00:00+00:00,0.01578680357157866,0.0305740427400366,0.013241917414882601,0.012270092591814401,-0.008823168096722612,0.009540032294676114,0.019084322464624413,0.02004693194529091,0.011650617219975274,0.019019211563693003,0.0336251246192515,0.004333647289411067,0.011792421941868643,0.015625317903081033,0.03002576798864668,-0.0053120974848899416,-0.014134969178489158,0.015652493477676166,0.013554016118630344,0.012166738759878826
2024-02-19 00:00:00+00:00,0.01839904714486827,0.012662552532274161,-0.01954949477995653,0.009196312742971694,0.005132603226520216,-0.00698552773070659,0.04869511165284505,0.021273380761431777,0.01785761740000647,0.031889984489963115,0.021834029049603604,-0.014367847474209742,0.007037326720576084,0.004640379556502301,-0.006345822787759885,0.008691223597494316,0.005340292730567926,0.02134097210419935,0.009824139028986571,0.018433701688837966
2024-02-20 00:00:00+00:00,-0.014692056035445645,-0.03412977007846806,-0.02615533712764451,-0.02935377016795199,0.008496227829085599,0.009306488030900633,-0.03725440783189594,-0.0378217668642093,0.008810629682154906,-0.01211690976781466,0.02349590686861879,-0.028176639675630662,-0.023413627194435446,-0.01869213301215252,-0.029296127158799805,0.020685137130773537,-0.0182216485515147,-0.006779686985378804,-0.0007112375833248948,0.010899290458035638
2024-02-21 00:00:00+00:00,-0.03736914650796443,-0.03793693922185283,-0.023128494813409797,-0.007950070265460255,0.06707337674075904,-0.007865510526459354,-0.018510369179807765,-0.0348788398459455,-0.042232763623273016,-0.03764087568079943,-0.01568217793614364,-0.03628120702359257,-0.010826522206201788,-0.029519494837989962,-0.030751462212961798,0.0035852612619196723,-0.022475862507289966,-0.02758795651882894,-0.023577084187604583,-0.01915243221475601
2024-02-22 00:00:00+00:00,-0.021949218151840193,-0.019930853487356417,-0.022315753306069983,-0.01031527771183302,0.008926286625285955,-0.01087817419895304,-0.0055730268152286485,0.001873411493993731,0.012987195526811112,-0.010023214214887874,0.0011785902059659025,-0.025767461303645635,-0.0014524330803149857,0.01207258123426924,-0.03162892404287193,-0.005022972673394343,-0.004203111061964767,0.008703275128301671,-0.014861295438345449,0.02095748685648618
2024-02-23 00:00:00+00:00,-0.005820937511156814,0.017323028539015545,-0.023659975742176168,0.016378198898641456,-0.018731585801963085,-0.010668655359765033,0.0048633035774887185,0.01103514488750649,0.03174869831458027,-0.015225747969214354,-0.01668277674193129,-0.010317375745774819,0.0,-0.004811556997222082,-0.018447413937304195,-0.0060610619204231305,0.43755342265966485,-0.006084329938674241,-0.012648978170621099,-0.019117559934479056
2024-02-24 00:00:00+00:00,0.02459209829212782,0.04525925791705247,0.023116054053487257,0.011269841293251313,0.016376488546994607,0.016109250933854777,0.019220092417547793,0.03328873226848448,0.004987541511038968,0.02601583338732908,0.02379881241743993,0.03279881583092748,0.02313155359174378,0.023044325258281918,0.04031736271053387,-0.005442881465648267,-0.012445546579456311,0.015571248870430324,0.0200154939873837,0.03521808662388819
2024-02-25 00:00:00+00:00,-0.009256987756227245,-0.004136013206237678,0.01886339952845616,0.000746826024256116,0.017658210056518128,0.0031100616788884284,-0.00034829047777634986,0.013213252840727904,-0.0062383234126917025,0.04129715949574232,0.039305919138802874,0.010146376134379857,-0.00355695046711429,0.008603885692500023,-0.005205332748182605,0.0016723019856864504,-0.010805123653516635,0.0008580009106365876,-0.0045977092486295425,-0.008912714970575641
2024-02-26 00:00:00+00:00,0.04577420310680953,0.07096361905071494,0.04769633655442599,0.025065816550665185,0.03316339856981734,0.051753212367562834,0.03547563341589783,0.02320463397931543,0.018599420236265457,0.02110704267432875,0.020148474483354707,0.01909858341522374,0.024915075815337414,0.02233439005288979,0.06028914579271653,0.01571316746414301,-0.04837724889198366,0.011935350549272854,0.014820507293892352,0.023009864725610073
2024-02-27 00:00:00+00:00,0.007723288591554178,0.006443551916591819,-0.0007638447220534427,0.0638101889859283,-0.017583974789004454,0.045937275755513214,0.08945524847563104,0.03179879571549911,0.024153125090399512,0.012880321183057191,0.020697808196250323,-0.0031491129787725,0.02796618172051142,0.00985229644301164,-0.014111844192681426,0.02157771807542967,0.020519279894426104,0.040686392106324444,0.06248183077387652,-0.001751313932735063
2024-02-28 00:00:00+00:00,0.007664096272274784,0.016543925789529644,0.0268894200369618,0.012220111334775177,0.04944160641316417,0.09037342510456357,0.1716236964906941,-0.0034703559031657983,-0.004808279488537367,0.04992371136262049,0.04249098920918258,0.021169490003344463,0.006871027369035386,0.00900906994236591,0.09391654496289407,-0.005192629729439977,0.008732074418689072,-0.015580470975248022,-0.019120382685033098,0.04958280516543863
2024-02-29 00:00:00+00:00,0.04052292005803012,-0.010141627555813902,0.01574448267350293,0.004040409537005127,-0.03735077901996454,-0.021060790861507746,0.012608993230865036,-0.009757350194385438,0.0377180135773354,-0.023957340189542146,-0.012794696190860875,-0.008061225960252957,0.07049550137148641,0.06229385128374735,0.05436343176757736,-0.011676175535188875,0.01786814578311009,0.008230499136515444,0.020143575134463753,0.03120121736497359
2024-03-01 00:00:00+00:00,0.09437941088037699,0.03132481394831955,0.040656005641128964,0.060940827352666274,0.019832082810990623,0.02035257099534111,0.17201174549272255,0.0472845437685396,0.05836961372000799,0.04933432802564595,0.027562008777578344,0.03952199039147107,0.06009453964128741,0.08025876039123968,0.029401200506981078,0.007022052473719716,0.03887835931168404,0.040953133462151736,0.02458036211370879,0.03651199222314846
2024-03-02 00:00:00+00:00,0.03025348792422299,0.04682063190049651,0.03861661155567979,0.4601145516540758,0.008554372096658595,-0.006442143609634661,0.018628338176322964,0.08855926817718796,0.19885803623369022,0.12329953516986873,-0.0035099374748775738,0.06501843189584793,0.10737333481294895,0.09572251450813182,0.00454809032197586,-0.001981039278138129,0.08642754900768694,0.08445106047530437,0.06891525885157557,0.10426872735628465
2024-03-03 00:00:00+00:00,-0.01864633812743328,-0.003860215873128834,-0.04072804929025518,-0.06300972294024473,0.008723098685985666,0.018012936948412033,0.07795978040870771,0.033052270782260314,-0.04298879395117923,-0.02091078990119985,0.019224208049935323,-0.04253116844278205,-0.04093665167344351,-0.034754846053048655,0.0010761781344596146,-0.003902790123275846,0.0022973036601742825,-0.018978671829889257,-0.02690321934812332,-0.03720028368609046
2024-03-04 00:00:00+00:00,0.05635670042099224,0.02663359764780987,0.011674192822854432,0.006355953600698506,0.009364938175363388,0.07817243529189463,0.17028177451479992,0.008247259493578471,0.03460998913265296,0.06788114263426095,0.0393413458288056,-0.0044473841112533325,-0.01948294300924676,0.09807796457705101,0.02361268268085325,-0.002776691827101496,-0.02240452171247563,0.07247488868791666,0.032321608639896374,0.03368286887421217
2024-03-05 00:00:00+00:00,-0.10650098886122462,-0.039220713153281385,-0.08853190439865202,-0.16619048531956376,-0.05983322854975506,-0.06855316030923639,-0.17308755756980584,-0.056526359104434584,-0.07620497128845971,-0.050766531915974696,-0.020640133617123094,-0.07330199128038292,-0.08220918995812071,-0.10113140206394125,-0.061586478414442,-0.03194650723640761,0.06470034652832796,-0.09860552811115393,-0.09127325655487947,-0.0837493574032489
2024-03-06 00:00:00+00:00,0.05971504785084567,0.1698834116733259,0.05261121834149094,0.03624294811734342,0.08578420124372255,0.03621451680304252,0.03088253658236255,0.1233943490626517,0.04234397573075238,0.08735264896232493,0.0719060002353233,0.05695635192924913,0.046969300530670034,0.05184360165632229,0.042802316323867336,0.013889112160667311,0.1557530707636582,0.0465543982098073,0.03474129822303223,0.07098322658021322
2024-03-07 00:00:00+00:00,0.010557759140425158,-0.02340494529460156,0.03870232901903795,0.03845266751397497,0.10008345855698263,0.011273945248864211,-0.001267909387556961,-0.013558882409270803,0.15912525047733622,0.015957785438610816,0.013052797728649309,0.00029868578477727206,0.024502289793813137,0.017271586508660716,0.09496953417328696,-0.004802803585215085,-0.03507509249908069,0.024956731973867458,0.024050872775896636,0.054179916373792776
2024-03-08 00:00:00+00:00,-0.027159635957177315,-0.0355335724269975,-0.013751527738244063,0.01013133234176926,0.023324672566408824,0.019282486315176334,0.04302205928048841,0.02234039391864716,-0.04673289482675576,0.004212749779622872,0.003766716011167122,-0.019704080561804293,0.003629768050578731,-0.01379332213233576,0.00672189911898227,-0.003434295144105618,-0.019894060047454826,-0.0028208763416412296,-0.01122706259378344,-0.02741775582343198
2024-03-09 00:00:00+00:00,0.025677455533572063,-0.004559903247712766,0.00724895025067702,-0.009899931206871373,0.005132954499542368,0.0027716745979517753,0.0826521699668256,-0.013630121093753859,0.00400668315642926,-0.021780409459137066,0.005610800781601544,0.013763419604144433,0.026259959129179604,0.0034662079764861075,-0.003459253484165936,-0.006093774592999838,-0.027673322612331904,0.004228336109521105,-0.00048398807107533266,0.0006946856826784135
2024-03-10 00:00:00+00:00,-0.034292209380792,-0.013274197475105005,-0.02047853134354079,-0.020571085372020795,0.07986940700431962,0.009362842188647231,-0.05036623068485689,-0.022358067295702,-0.04768697417359048,-0.029983167244783962,-0.006870813084617783,0.08205888393308258,-0.03638806846516504,-0.02097979046919452,0.000692808673963239,-0.01498766740320831,0.0034486433165816168,-0.017021687569430524,-0.019060608001894908,-0.011875794480193894
2024-03-11 00:00:00+00:00,0.07886122036597536,0.03974328673783961,0.1547959616510042,0.05736833249724017,-0.011217914007011288,0.044283373561153284,0.06838473618753521,0.07344644218492175,0.07521202451186666,0.049659420220057246,0.04692379532758898,-0.018763499479864637,0.17220536522337318,0.06828590786613158,0.030286742997939774,-0.00037384575559705843,0.014231143559189207,0.11984734762406865,0.17323434019259773,0.06922709095165946
2024-03-12 00:00:00+00:00,-0.035842366358469456,-0.021760032461162006,0.12236724737666967,-0.03033966010932065,0.027347295936894937,-0.008724217811494954,-0.07909077994815428,-0.028194162835667648,-0.039340665237430524,-0.02966149313808666,-0.021092772302799184,-0.027299758773090765,-0.06298635324315682,-0.022810446582772766,0.014806192851613695,-0.017349760082176043,-0.026247120759566797,-0.054102472878634025,-0.04962038422542108,0.021408537389181574
2024-03-13 00:00:00+00:00,0.020769315913056773,0.05116651528505148,-0.012514899896306466,0.01709443335930004,0.1595843954031564,0.022424831790492365,0.004805277243917467,0.05772746865528189,-0.00329294847312027,-0.009538156519285263,0.0062193756940735045,0.0022675199680673853,-0.0028753357250934637,0.020056382600199686,0.08164557791710296,0.003948972325002914,0.011594332780919227,0.009996751028711108,0.0015975604298188106,-0.01227009259181447
2024-03-14 00:00:00+00:00,-0.017033487685577612,-0.03123230038423412,-0.015450003846180593,-0.004530019071750011,-0.04426433871122789,-0.02330791194500903,0.047501418797419453,0.01604778901097816,-0.03809820402491358,-0.04022888822278554,-0.031217942680779823,0.006197324727880598,-0.033036665297605745,-0.04917633911147768,0.07491388805537026,-0.021527624936164582,-0.019877136292472685,-0.04267494802136879,-0.029602338234933842,-0.032356734899374344
2024-03-15 00:00:00+00:00,-0.03179595455294957,-0.07954331971789576,0.07857303195044112,-0.05554390694782651,0.0477475594590923,-0.02681836109117046,-0.0799815698995437,-0.06690620624446929,-0.0660038946303519,-0.05207377051758414,-0.03660220045834964,-0.06173275472606828,-0.0471174567819285,-0.06338044341694363,0.04049360774562904,-0.0219221180166141,-0.06525099495799862,-0.054028775258083674,-0.05341969802398159,-0.064449039682543
2024-03-16 00:00:00+00:00,-0.09860126449421454,-0.05725153758284543,-0.08807119442619471,-0.06981600148506799,-0.09319451202747167,-0.062322910279710986,-0.1376885294034946,-0.11020314013361424,-0.07713749968853716,-0.0816205283547532,-0.06033255610742313,-0.08031868394132921,-0.0647836765338892,-0.08566548176627474,-0.010382606929340826,-0.008426122985845578,-0.08269303540662315,-0.057889140945901654,-0.05028134164730587,-0.07890996841031943
2024-03-17 00:00:00+00:00,0.03327423716819196,0.028506081863826607,0.08961215868968714,0.03539297626235139,-0.008187485855441275,0.046275814432356635,0.07921662947308737,0.04058234589357561,0.029960299595874495,0.04023531219189897,0.033938355810842834,0.029963362796514487,0.021288660490632636,0.03891028268721229,0.10329301318927102,0.007713449241463539,0.03214869312517566,0.02295433606908448,0.026183790068245328,0.03874392668498482
2024-03-18 00:00:00+00:00,-0.03145522802634057,-0.046093412667798435,0.036947947471981726,-0.003982085899121959,-0.028925803397226526,-0.01152174525222046,-0.07222506075673811,-0.018114080471847063,-0.03219312301413123,-0.01640933001406757,-0.03468513836288729,-0.019747983980409795,0.009727928480266526,-0.039583003869662875,-0.02986797516680125,-0.01725833822928071,-0.04486533734500796,0.01947627106062072,0.041448514416607574,-0.055144138078990226
2024-03-19 00:00:00+00:00,-0.11869212662808387,-0.07352414927817821,-0.12301102239522528,-0.1111962971219281,-0.08979785291935057,-0.08763155563733493,-0.10820562217529227,-0.12185615494261386,-0.0799241751065749,-0.12560867648777377,-0.10845010767802181,-0.08527924198607617,-0.10079946062635671,-0.10715665444335455,-0.14296736007269487,-0.09850677282995217,-0.11242987238639995,-0.11048407037472081,-0.09895854402967087,-0.10536051565782628
2024-03-20 00:00:00+00:00,0.08684083038735732,0.07625010718051982,0.06199473279052021,0.13339202951371248,0.09231538706686127,0.09103531158594273,0.1661340004762808,0.07862011990497293,0.09625024567816097,0.09851898384110966,0.10733315272751459,0.09132616477792597,0.0760636294001027,0.09972669793957033,0.12155768471420704,0.07097122867470454,0.11545635641152083,0.07959649252669056,0.04384905931696594,0.09904137930634789
2024-03-21 00:00:00+00:00,-0.012270092591814247,-0.010260885237777817,-0.05845820048659417,0.010674531246919824,-0.005402498283348421,-0.03508997737785613,0.021336918219632503,-0.032582455664636474,0.011726259776513629,-0.009525445647488582,-0.00675668606585365,0.0024952548883899837,0.012910977466904802,0.010789045990818268,-0.06634439541551264,0.003638472549499044,0.022411296555046215,0.019697606554486602,0.04748714089347043,-0.013562234202350427
2024-03-22 00:00:00+00:00,-0.02743854445502111,-0.01900191657971966,-0.007085616070369522,0.04020404300978281,0.0,-0.026369007379098856,-0.01589446027569782,-0.026830204470054388,-0.03375847992495442,-0.03219593980048783,-0.0458406268133607,-0.004942304696986915,-0.02778777668134817,-0.03410971876521629,-0.023967087370915522,-0.031698109150502175,-0.03542263253099165,-0.03823095556307229,-0.046178025995332495,-0.013748700191720344
2024-03-23 00:00:00+00:00,0.0137331506435747,-0.006767769184832527,0.00018710824266405471,0.05523775326433962,-0.0034367402914058055,0.003026453038660462,0.05706395185537735,0.0035746240029592047,0.05834988306227673,0.030874935645374267,-0.0020462421704777038,-0.016689928995977547,0.022057101972363234,0.013783815751177396,-0.014718830662994795,0.0073005417629895646,-0.012407637891420508,0.03371966971657118,0.008467726870220049,0.008110344537453643
2024-03-24 00:00:00+00:00,0.03716963314641327,0.02370481365516631,0.04087437855510987,0.062081568031775246,0.028226239731225015,0.04909491976870599,0.08639867130859825,0.04385041048047205,0.013024508959651054,0.04206378761746351,0.036985515601003736,0.02487758487543501,0.05020778871407759,0.038272546204875725,0.06301694710202592,0.01602584954699331,0.03594011300303118,0.0171838371002675,0.02529753860422813,0.044241021816304474
2024-03-25 00:00:00+00:00,0.01519016549397502,0.04800652776942368,0.03667547855840657,0.0047300859399349695,0.03343170965141577,0.038957731173826136,-0.007106946364482981,0.03821454257383217,0.016700864653899885,0.027809947172425572,0.038452518809786,0.04524034321355527,0.010320238076925867,0.03431868030004601,0.02741073266891904,0.0024109418503730816,0.031881071810485044,0.01178216869826017,0.012725016573382484,0.04162538114690994
2024-03-26 00:00:00+00:00,0.012559747458927224,0.002705252295410875,-0.034881112385227814,-0.016758435025520126,-0.011307298818063654,0.0015441704140665396,0.03938309605691269,-0.004736417421295818,0.018265771378240214,-0.009910270022331875,-0.0008609940972833262,0.032098637078868245,0.05571604540546011,0.03194759641973687,0.007748095158953927,0.0029848293447984524,0.02093942195757462,0.010921113278556787,-0.013990639270402864,0.021269595365847948
2024-03-27 00:00:00+00:00,-0.026205033918625248,0.03333105195432912,-0.030581196346907098,0.11757437629203757,-0.010565613139782038,-0.007428938024621631,0.04384102016585093,-0.02550572044939419,-0.025873942206061627,-0.011267724846342381,-0.024305282494903636,-0.03654722707617574,-0.023453430813429276,-0.030039805698009646,-0.02192290352657861,-0.01216073623562261,-0.035772520665186415,-0.03237957630734884,-0.0320091661878517,0.010826522206201894
2024-03-28 00:00:00+00:00,0.00508123350558742,-0.026803080995877106,0.009748996555190364,0.05116343991712789,0.01572114956337021,0.01869009109453202,0.14417829801432125,0.00811940981885412,0.03474662790063803,0.023332836398185213,0.016795265133333685,-0.007336713711840625,0.00596825815059785,0.03188766578648931,0.01755550991299571,0.009258939231968822,0.04025348410022251,0.030930300691358558,0.020385756924473742,0.01425540890472177
2024-03-29 00:00:00+00:00,0.020070614428379006,0.017974932834353877,-0.02408415779511553,0.08962222963952898,0.04867588498526112,-0.01322713532737063,-0.032380834155364496,0.008262348943159725,0.006716307693833218,0.04920008424075904,-0.014356215181719081,-0.009497644528077349,0.147433878627219,0.03447574576905543,0.012472648852508154,-0.004577047893970938,-0.008428233105878298,0.03491626510622809,0.009087348306732844,0.0042372944755152174
2024-03-30 00:00:00+00:00,-0.03165643955296742,-0.021070406143481647,-0.0075287387426146175,-0.037765118195672236,-0.019453300562766247,-0.0038493164497219014,-0.06738450765008852,-0.018077213231946564,-0.028628434625004213,-0.03788670871940341,-0.0011688605511880762,-0.0017941957319730893,-0.058723807100226726,-0.0406486048761366,0.01134110185239936,0.022026050272719033,-0.002772388800974688,-0.026251950976086805,-0.014225445673477872,-0.03587185187159376
2024-03-31 00:00:00+00:00,0.010048782092195077,0.002932792326175815,0.021124254978405373,0.12725756989110523,0.009938793092136397,0.024107423379159526,0.09971988829302506,0.022856939704876338,0.024367901506582516,0.04139343352861345,0.039062823229440984,0.012492289267700223,0.020881201320213368,0.02386163992687981,0.04160438662094563,0.0032583932380592963,0.026611885827377762,0.014275759929371214,0.012796079909590755,0.023105721048558184
2024-04-01 00:00:00+00:00,-0.045473105935891135,-0.05544202815463076,-0.05084554916656397,-0.046905981906232685,-0.05227405677017686,-0.02313609473301786,-0.07047123645740622,-0.05365842700612696,-0.057874727102593344,-0.047798823737777,-0.039587829518748986,-0.043333273741013124,-0.05691756942707488,-0.058510775340053826,-0.05174835104995661,-0.020126362191039842,-0.04187813763564717,-0.04049721853901268,-0.02935221201252745,-0.03708167490453181
2024-04-02 00:00:00+00:00,-0.06741881889652784,-0.05869720275250128,-0.09208455860208804,-0.013368767425945293,-0.043299879588379116,-0.06197960825197718,-0.1165157319188227,-0.06332157261295654,-0.06965312818571967,-0.08623277731735048,-0.06632179487259003,-0.02236391745661336,0.07335163781790688,-0.07588469752487269,-0.05732366212587374,-0.03281195124529064,-0.09400626223321143,-0.05226482851623667,-0.04280158491380979,-0.09146572733901014
2024-04-03 00:00:00+00:00,-0.019826736420967925,-0.013032489889518425,-0.020917204672907388,-0.07504738039565777,0.0181512755888016,0.007598003093028574,-0.04059825073791495,-0.01953233057397893,-0.015391318808759567,0.021775852197938813,0.009672614295133657,-0.014871622887629206,-0.08216048331666909,-0.013927801744468813,0.019205129529825175,0.004278264418991558,-0.03915700964355016,-0.01804678244707355,-0.019317606570821825,-0.013072081567352775
2024-04-04 00:00:00+00:00,0.023951162271074064,0.01712731339180738,0.013205084186568548,0.11553128960249918,0.04185440885927426,0.03755725764251874,0.026803406367584704,0.008283090784779129,0.04086391357456736,0.069340939711837,0.004992305001377068,0.005862804999981811,0.0005083625751289158,0.04591419656494907,-0.005690301223179418,0.017184153331749715,0.009888379419428146,0.0203768805886962,0.03305944636275917,0.04266240518827526
2024-04-05 00:00:00+00:00,-0.015555101054519046,-0.010865206180052414,-0.02614528010432236,-0.012247828314845891,-0.013238395005637246,-0.009789202703133824,-0.015566695434821937,-0.012689171148983837,-0.003830263729251416,0.007885997798789719,-0.002874235453763564,-0.026542166376671596,-0.005708476255982604,0.021206891502321603,-0.053756279279583215,-0.010546396001425842,-0.004565801010003551,-0.0109205453466608,-0.010842050979582605,-0.015085637418040762
2024-04-06 00:00:00+00:00,0.01641221947503934,0.018734633069533997,0.06184449816325299,0.05418732263597265,0.013067586225650725,0.015731842680183246,0.0472303112323322,0.013631456259930041,0.029258729574637876,0.011116232840217944,0.010117877313201287,0.013416093901226792,0.037914480033170356,0.007187224666105477,0.02441701815451563,0.01423241843739079,0.028422538506134163,0.012470933254115892,0.009999235927585299,0.011137744410456021
2024-04-07 00:00:00+00:00,0.009549867939844437,-0.0016230842156541318,0.023178147643902223,-0.013201033077970834,-0.002565638968293556,0.006717834111896003,0.06814199551809715,0.024422658222507467,0.009954215110080529,0.012175354560618428,0.030156021824738675,0.019960067255771537,-0.003845968943571755,0.0019512201312617493,0.004690125850413624,0.008078328337523984,0.01413326237192277,0.0015479879252149533,0.002358094405824004,0.005522696482651237
2024-04-08 00:00:00+00:00,0.04074052480657631,0.02001317577574483,0.010889399799268317,-0.004977319600666089,0.004272415282949922,0.03205840927643814,0.018582246893173147,0.038208287644756166,0.06494507084083732,0.05092427707645113,0.06728411886400808,0.01044047913145083,0.020149351482502725,0.34451554721494676,0.0064408884520718145,0.020280673753837616,0.019370855416399203,0.03121684770371157,0.03358185050941433,0.043116763142753575
2024-04-09 00:00:00+00:00,-0.037351839761059415,-0.042278900789075015,-0.07041213499852492,-0.014188828048673906,-0.010112349434495512,-0.03515415339654028,-0.06885185759684957,-0.043391735292678785,-0.02852193893273811,-0.08423568414958164,-0.05228798260119764,-0.04168327539479973,-0.05718689469938892,-0.14544102128561776,-0.04679415000462452,-0.01589415730580269,-0.036087292965439985,-0.009036206063937222,-0.0009765625776102813,-0.04705843162808593
2024-04-10 00:00:00+00:00,-0.008493341357199749,-0.0021246139810450044,0.017703352401000277,-0.06551150599406949,0.04907723177582424,0.02125006308303191,0.05448458006298851,-0.02941560889101427,-0.007235853588387658,0.022330439038495613,0.01113166146509165,0.003162830780031747,-0.008443213255051875,0.14819964372469763,0.005148537679505055,-0.01657059440502052,-0.10971055082236456,-0.019091836095187675,0.005035339153652173,0.007867861200613738
2024-04-11 00:00:00+00:00,-0.0006825938831590667,-0.00519192710876233,-0.02765153133051001,-0.024128563177400718,-0.00839995056841283,-0.00888603616768445,-0.030039614824056066,-0.0028585059959635372,0.053257788102390194,0.006840175368603307,-0.012235970235867036,0.007892068870747487,0.021178345383606974,0.010959013789719382,-0.005438569294983824,0.010025146619378865,-0.09472311219011276,0.0038476384520707363,-0.014031883026134947,0.005470900710901073
2024-04-12 00:00:00+00:00,-0.1529848636951035,-0.13802984970936413,-0.15661695120646407,-0.14142401970216834,-0.014997781535503758,-0.04215402471169341,-0.10759900131058324,-0.14670392118106132,-0.17784264565644364,-0.13531128036821902,-0.07870290424943296,-0.14694231646404116,-0.1376180586990045,-0.11031778212004453,-0.11816020255720636,-0.04679713909516715,-0.14290727109033965,-0.12327041404663198,-0.1070781326130764,-0.15298222789295643
2024-04-13 00:00:00+00:00,-0.12214403288653346,-0.1494663318598292,-0.14912182734195306,-0.10594416515119442,-0.07403048380922155,-0.04872735746222276,-0.13180084140999002,-0.12519997604485908,-0.24648839186098834,-0.14547896604564076,-0.07383357559576002,-0.13153512084536065,-0.10719511779253021,-0.15550386000667835,-0.10082943094247125,-0.04216581225385331,-0.13667406142014635,-0.088987896587907,-0.13280013116597625,-0.10930409728919835
2024-04-14 00:00:00+00:00,0.04912191189438442,0.032430002729153654,0.09506872787220705,0.09177828467204317,0.02376172537887762,0.026815078915186055,0.060909945024015186,0.07055708266151184,0.05582102762237379,0.05794303530036643,0.0480771311040579,0.059171571040690055,0.03043851672364986,0.21744011380034023,0.08828040124432822,0.02130513413005545,0.08499535679850599,0.04910666994830463,0.049903440098496135,0.05996882544750596
2024-04-15 00:00:00+00:00,-0.013573406709731903,-0.02428482626475239,-0.05827964067419093,-0.0336588833725456,-0.024485183540292603,-0.03473882339914055,-0.0055048847844591875,-0.021677469053315374,-0.025132212819836866,-0.020958851020843522,-0.016979519656058945,-0.03743482122113388,-0.020530438498953783,-0.03344144913042778,-0.08799157172394369,-0.008665023620277927,-0.03737740445094008,-0.02657050492589159,-0.011188927917805852,-0.048885588569523554
2024-04-16 00:00:00+00:00,-0.005874051481570219,0.003680534151125438,-0.011441772419784942,-0.04301306126420163,-0.027700569630277574,0.005870468536476564,-0.032975909726111405,-0.0008948546458438218,-0.007183747802028214,-0.009882254501731762,-0.00574505193835904,-0.008875797913968291,0.023286296437537133,-0.0484698606174839,-0.016671299373834925,0.0030457785796084297,-0.008035510125409807,0.017487790351572163,-0.0024140023792811223,0.004000005333346137
2024-04-17 00:00:00+00:00,-0.03169942908285355,-0.015425739331372002,-0.034536648747796474,-0.048389751430957265,-0.006531701863215124,-0.040238973210926274,-0.05562113452106215,-0.017915420829378956,-0.023915211240314035,-0.03024658645726303,-0.032561698237881825,-0.02459417761355903,0.0031224655357598636,-0.10403932179588263,-0.032682159652010746,-0.018871039891599252,-0.042626143390675685,-0.019346526946197744,-0.002823721117849905,-0.05751071259293187
2024-04-18 00:00:00+00:00,0.031044621681960323,0.01933676851613373,0.037122485557138304,0.04034764189487464,0.03314610194427431,0.035158006998813135,0.03102627356310068,0.03007633000386215,0.038363073398833866,0.028334905508030257,0.02611470081424689,0.055825004114220485,0.006959143283828639,0.06015176065992231,0.07473082772282405,-0.004201686853700081,0.05740031616097156,0.02661928627527739,0.014835877565853325,0.029168734590656935
2024-04-19 00:00:00+00:00,0.022026370942625408,-0.005872294829374457,-0.005178377509600791,-0.012919537901432715,0.0034354974572847704,0.005466825160537417,0.026708011297657368,-0.015149554555037064,0.020965674507479465,-0.003066311333145172,-0.0025944081235797613,0.004239578081575845,0.0014849650049649863,-0.011963166058275174,0.0030221058247194843,0.005841031483133205,0.026376047193715467,0.011706572232160085,0.0009945301665085853,0.01021459340971842
2024-04-20 00:00:00+00:00,0.08000984806620579,0.0627731601233876,0.09983619901562557,0.07784618246712453,0.030049376222929677,0.01743741302682119,0.03932403952447735,0.08034197447211884,0.06013936158611912,0.06825043344002167,0.03198147730884544,0.07012039659350487,0.05027880692596182,0.036523930800871685,0.059393730421418614,0.010500684881603719,0.04973688423658432,0.037773485031209704,0.0500201184377375,0.0940159205869549
2024-04-21 00:00:00+00:00,-0.015698285616452527,0.008948092284457566,-0.030747187548789568,-0.025944851494780024,0.015124147476313852,8.623229100669178e-06,-0.02711713608942456,-0.014046542055190712,-0.01491470190093726,-0.015537801299572603,-0.0025763642480408425,0.009712689446311457,-0.010401985044292836,0.014659948410684617,-0.01613260773113224,0.00242838631725368,-0.018200963863992455,-0.0182693206532282,-0.007974221104703423,-0.037704749024239446
2024-04-22 00:00:00+00:00,0.034255317786575284,0.018108235863005896,0.05345784104777187,0.04000923899539161,0.04206345960831996,0.028510785110948657,0.018469769048242355,0.04464660414089914,0.04373927717208964,0.031190913502600028,0.016550811254883464,0.022259511531909613,0.014509248930115144,0.029195415472899226,0.053324160888970996,0.008141400370474458,0.05889593393186968,0.03705723451886134,0.05813222681780923,0.020913309726979117
2024-04-23 00:00:00+00:00,-0.032854336870947264,-0.024524389863084462,-0.022971716024939852,-0.03444925644351641,0.0028082945688554174,-0.006084382651452649,-0.008785376921230912,-0.0304619691489427,-0.01365087373893737,-0.007440246899960908,0.006000335776795954,-0.017438315388823924,-0.004342474988870794,-0.0539270101120421,-0.014116371723256981,0.008782491580349452,-0.03121382958063693,-0.006791197578001733,-0.02090035187756731,-0.01230493519037875
2024-04-24 00:00:00+00:00,-0.05213575442052851,-0.03461524267778395,-0.05170563718770259,-0.05202310727507589,0.0042798419237731955,-0.03251015685090299,-0.054001164527509665,-0.0438933084076018,-0.015052364396835896,-0.06425406657726883,-0.024736099089373503,-0.04321867988785114,-0.021038394070090775,-0.03193776184908467,-0.046086230204203944,0.0006180742768834592,-0.029105960652885707,-0.025885828448298568,-0.03171907702279362,-0.03983042279796028
2024-04-25 00:00:00+00:00,-0.008676384976228965,-0.009925343064461207,-0.021679559476796246,-0.0027154063682262542,0.007201340450183067,0.0032417662557915235,-0.0007929690496795188,-0.010005158499589677,0.02196044332179983,0.0030291579391129894,0.004764485079372048,0.003913630591738619,0.006346186658335687,-0.02788803153983536,-0.02009499646306108,0.03410160816288605,0.026838671610071908,-0.005258557253467051,-0.0039889880987820665,0.00494316379751973
2024-04-26 00:00:00+00:00,-0.015852945538727955,-0.0024064504453942936,-0.03342690873870794,0.008953729780917841,-0.025100393047027436,-0.011356469895713836,-0.021854045809992822,-0.014384513399924031,-0.012781634917705564,0.024646505206265743,-0.007793775832009595,-0.007083205353017712,0.05027821742324498,0.035013301476921846,-0.03950244297624637,0.02460521837373208,-0.029043172275927738,0.0017559267022650125,0.0013314314853221816,-0.014903405502574919
2024-04-27 00:00:00+00:00,0.009456335242035444,0.011498509728527607,0.0014515897453805473,-0.011047532890914298,-0.0030145727066605977,-0.004842030716018614,-0.001622937873130525,0.0063370634294805375,-0.03188056252566108,0.02693030286271889,0.03891605008616172,-0.015509578199913644,-0.04908532690841464,-0.029373128600660634,0.01482881667346084,-0.003251493130990775,0.03445097014952965,0.0035026305512020745,-0.015709135306915683,0.007976114070008597
2024-04-28 00:00:00+00:00,-0.015520897905546031,-0.02374034493121883,-0.015200526524068747,-0.013930153496627067,0.0066867517622956,-0.005425173243951366,-0.007199650742048535,-0.011673571795167535,-0.020818409256160842,0.005014337154069121,0.0024206141277699957,-0.032628624629463324,0.001310538103816622,0.023347363996991107,-0.023774839831191746,0.01236581589857782,-0.018737097094141404,-0.018527217201300114,-0.014783385359920099,-0.010983635133963963
2024-04-29 00:00:00+00:00,-0.0069762654854970685,-0.0059935351578869435,0.038427377133885283,-0.011543522795382897,-0.012405859024389718,0.01177132522006203,-0.022612296694507303,-0.021179913012091038,0.019949221891573988,-0.01439391529816735,-0.014419602393225955,0.01900857004114313,-0.005731358972397586,0.05192496297480349,-0.0015955907069554328,-0.01856452899525389,-0.01753300037617318,-0.0026749904493028904,0.009362268501613915,-0.01110561641250938
2024-04-30 00:00:00+00:00,-0.03540389795835134,0.03519707657504237,-0.07563538958829799,-0.06897751392450341,-0.024591403137322207,-0.051304831768252054,-0.07250022030147596,-0.024901378877272437,-0.058445321199375344,-0.08152380879516645,-0.06508062629125812,-0.06950559959238391,-0.04933515758011692,-0.12072162137371266,-0.08321120710587246,0.004610814221388581,-0.08832462142404922,-0.039149287132751634,-0.02855367757386558,-0.07371757589656756
2024-05-01 00:00:00+00:00,0.019971492919539566,0.03514441278320237,0.01877705076935561,-0.021656452377818814,-0.02911975617441165,-0.03876642553474422,-0.024128636412315864,0.07117984278268823,0.02894614450938489,0.004707737215685307,-0.013894796510902776,0.016468116540041162,0.008518152469839035,-0.04576355415734069,0.06023012893191515,0.0074163916451432145,0.001135879718890927,0.031081112483241326,0.0332021461418501,0.010869672236903891
2024-05-02 00:00:00+00:00,0.01696262721957923,-0.011269668492272124,0.007472759329746443,0.00983844900028794,-0.0023166721579285995,0.011848323644138173,0.012819710097156642,0.052792387608432016,0.043193795746624304,0.004296042537776895,0.0046084345613266195,0.018042587671037964,-0.00187277662577141,-0.0186572576045427,0.02160101621531763,0.014915195539698913,0.00847821949987269,-0.007226770386127551,0.0009657171199590132,0.012889544725997083
2024-05-03 00:00:00+00:00,0.02053904218791417,0.013554078394904724,0.05672817107711055,0.05355181427142007,0.04619557731588178,0.06269590851696512,0.10191231494964258,-0.0038572853997579305,0.013872210776020662,0.046821111093283005,0.038245365378809904,0.03634399204632163,0.022611700388054965,0.03878602503515645,0.04345263514324716,0.003592427116286442,0.06509239895573748,0.013507634461542002,0.026104178250809677,0.040779304174670294
2024-05-04 00:00:00+00:00,-0.008596657283777842,-0.008248414276270597,0.049941790634136604,0.022286262120084534,-0.0022171067323597353,0.01593467072506892,0.09204297733693678,-0.017122990917059717,-0.013137276886988054,0.0022288270742328396,0.004701094216412664,0.01569957269440548,-0.0023240179257141887,0.00662054780558914,0.01629082759263478,-0.0035924271162865173,-0.00714477768128099,-0.008082666364677431,-0.0028251266553675474,-0.010298752200574473
2024-05-05 00:00:00+00:00,-0.011505608308417634,0.07125267289675868,-0.0002677017818155054,0.013307773126757745,0.010698921788269006,0.0018757817997593531,0.0053565995412149115,0.024959698377859142,0.007076652275296931,0.02636549644382857,0.006134046775861456,0.0038344941883303686,-0.0041722971312838945,0.0029949108938527188,-0.0021934342881448177,-0.00978103388093033,0.007408421236723231,0.0,-0.001132289232126757,-0.0010357328735320908
2024-05-06 00:00:00+00:00,-0.008551746010279518,-0.013589510254456098,-0.006446436506320104,0.008704014190823124,-0.006439608764110992,-0.013317207511333138,-0.028351927379080637,-0.025100118233457345,-0.006831794291703384,-0.025252943019224733,-0.023814605339407262,0.00783230481128501,-0.006538793268528472,-0.04214364103509381,0.04750516367381544,-0.02027519288997231,-0.015005925292645574,-0.0108795270751367,0.019817436735716867,-0.026248226074936327
2024-05-07 00:00:00+00:00,-0.028365944281269442,-0.02964567755380724,-0.04972026513221109,-0.004661025387593594,-0.020091686410781035,-0.013598050793730939,-0.04235958107923909,-0.018138516278257945,-0.028811132250993743,0.0033302528465999994,-0.018757069465325283,-0.034201570964886,0.0006186970438029995,-0.02526982218807634,-0.03184580229401987,0.01563903920962403,-0.010491017538413808,-0.014692642636022034,-0.029494013522163402,-0.018250640761197364
2024-05-08 00:00:00+00:00,0.02328811021126676,0.016199178151788896,-0.03721762297257931,-0.04940619588268226,0.020771496090258766,-0.018122013335120257,-0.04604708007703616,-0.0014310248578315926,0.003521573253273488,0.00405530509678776,-0.010528701418179225,-0.006954180801862685,0.010582109330537008,-0.025924977526314844,-0.04032109542406368,0.019882350639949142,-0.009100232581165336,-0.007428075008509749,-0.014209148434176052,-0.0021691982475453265
2024-05-09 00:00:00+00:00,0.025566780972007142,0.0040639300261255396,0.030397477184370948,0.014618200509554313,0.013835213090178475,0.030275504659909153,0.060673900297353575,0.009548992960279052,0.026146090099336782,0.017505917513614588,0.0206381567242151,0.02395536949496264,0.016749997141954392,0.017572857018130394,0.07052964662377363,0.02625286242786313,0.023197264043786237,0.011121523343861416,0.0073218053489700835,0.020419839008742526
2024-05-10 00:00:00+00:00,-0.034236391792655495,-0.054280380504075014,-0.039551534906117354,-0.0640109558391307,-0.018945086242449193,-0.03671917430504504,-0.056146326652259375,-0.044077880184718685,-0.033834073015781986,-0.047381178947443606,-0.0424669694883011,-0.048424985368216565,-0.035031138666004796,-0.035460051378869706,-0.0439483946116381,0.009542282886176564,-0.053956131142741184,-0.021426064172675757,-0.0365596380276613,-0.03243527575315373
2024-05-11 00:00:00+00:00,-0.02007058013808305,-0.01609927445560675,-0.006547642439856124,0.006774935387059921,0.011207453020389068,0.0004275402409262431,-0.005784996095088411,-0.012980413510973272,-0.011196045705085153,0.0034058689498412897,0.0008450066111037531,-0.019204162943696472,0.014479554997043198,0.018543577712168885,-0.004049005291561865,-0.008116991647980258,-0.01004038696944641,-0.0028288562004777137,0.007340574574405847,-0.0022002209096024235
2024-05-12 00:00:00+00:00,-0.002965668878321794,-0.003180401997602778,-0.010505874807696438,0.008115986578179812,0.004380798918508909,0.01075965097938284,-0.01287435559926534,-0.006327228098562866,-0.006288925302971344,0.008276947177423026,0.0057654214829464265,0.018835472160476378,0.0002457002469363095,0.0006559527949204875,-0.013778995915788949,0.007881503597910572,0.003971636426347183,-0.010441480720418873,-0.013131903791326855,-0.02114714308738871
2024-05-13 00:00:00+00:00,-0.002058319766154247,-0.009006934556784817,-0.020732449911971658,0.010338977795179293,-0.005225464903351488,0.023406346968515828,0.051137507984555845,0.007827828620246696,0.013301129722802956,-0.014720024232713933,0.007380634427828049,-0.012318351075186898,-0.009751357896866571,-0.011210140473610655,0.028252214150034496,-0.013992876244058065,-0.00867283462827816,-0.008624873781760025,0.011945194791299199,-0.004509590505975038
2024-05-14 00:00:00+00:00,-0.01918468639286085,-0.03217889836423509,-0.027484553258949208,-0.019386713800190095,-0.0424640946626661,-0.021886781008613777,-0.021213740855661467,-0.02797810588176186,-0.03859582902862759,-0.036395809614693755,-0.023680498679313364,-0.03132247112904116,-0.022960672431422923,-0.04683584168053353,-0.038061022563119516,-0.001194886030564498,-0.03132961095175943,-0.020418793988759378,-0.01014429385434422,-0.017094433359300183
2024-05-15 00:00:00+00:00,0.054276006204130985,0.03621834783933522,0.09306227545996393,0.077547799399936,0.02421510183192892,0.07248226375544757,0.06530272878163436,0.07083132441812222,0.05597661920985957,0.06599152652797849,0.05094364115236379,0.06595796779179737,0.0454059637480112,0.06783398852030709,0.10984246542919768,0.00691054817334902,0.08159424564921018,0.04701105419128528,0.03651043399877029,0.051523153025500826
2024-05-16 00:00:00+00:00,0.01600735857021696,0.011669844230079596,-0.0057870531876763,-0.0416130484610425,-0.020518890636213837,-0.014779291590717515,-0.03684937995527313,0.009152073033279988,0.005106182088926838,0.0055218251843077255,-0.029396905403768096,0.11250407050997926,-0.0002426006804717582,-0.012414403148381964,0.005347774549307929,-0.010583793539645005,-0.00968827936873539,0.0,-0.005993251385375513,0.008695706967553913
2024-05-17 00:00:00+00:00,0.048199542600793385,0.014196189073724729,0.05559337992068892,0.04763327735102595,0.020346758782789316,0.027051410361314365,0.03820034030741791,0.024466912267356308,0.01980262729617973,0.03852861784249664,0.048814420530057585,0.04505124434521282,0.020532629837238622,0.022750412479044028,0.061270338981553915,-0.005293988461109604,0.026787315963649763,0.019490176114134405,0.014820789039132152,0.01823106794369527
2024-05-18 00:00:00+00:00,-0.0008295313623754336,-0.006026208988961443,0.021990841388394057,0.018898534638695005,-0.001033413801924264,-0.0016246180943355483,-0.016398591539940256,-0.0058512287307053695,-0.009053157012131616,0.010890675004496642,0.009953500947915903,0.006019674197239017,-0.0035718575896427265,-0.00386349482504459,0.01731847637649635,-0.010916697586872342,0.04808430647536932,-0.00645460977667958,-0.004020298321985256,0.005299429466498593
2024-05-19 00:00:00+00:00,-0.031186682536583004,-0.047245385619216804,-0.045037814550881586,0.019786129185213042,-0.010045113907752184,-0.00962833180615985,-0.026085557192648115,-0.0320867958206128,-0.03756545364379268,-0.03701490176314921,-0.016709757177628334,0.014047480836940813,-0.01732478365730602,-0.04756510840514527,-0.01443077068357859,-0.014908533010887941,-0.028127257416406967,-0.024345771729041503,-0.022699587516106467,-0.03879796954098242
2024-05-20 00:00:00+00:00,0.07184268817771199,0.08343035257192376,0.11977854642084067,0.06583948931853924,0.04276266893963227,0.07515278314448008,0.10587688352439491,0.08884924845958528,0.08344285498997583,0.1598322198251352,0.1758842593438205,0.04151740484035226,0.07299778608354755,0.10034117391180108,0.09411646300166264,0.026468420843442534,0.19936128058342822,0.06424226872835366,0.05367467955767853,0.08021175509173963
2024-05-21 00:00:00+00:00,-0.014850764604413374,-0.015250224952857511,0.02631407207665541,-0.005615272766109611,0.03103442560409999,-0.018338454758227797,0.026849248017827086,0.004609820478161707,0.02033416950589692,-0.019975695423643695,0.034311104640699,-0.030766227676982925,-0.004296219157572478,-0.023530497410194046,-0.0468771584958318,-0.006531491187141983,0.034869493589022395,-0.0026702285558789208,-0.0013026893067675702,0.003037977020076801
2024-05-22 00:00:00+00:00,-0.022698040193966765,-0.025828715878711928,-0.029558802241544505,-0.031560804912217445,-0.006000180168101873,-0.014093766386815483,-0.02353609176884277,-0.018969859820029876,-0.02929543687923729,-0.04316289959902041,-0.013781997342475151,-0.023268810380697544,-0.028501124752666782,-0.02089344758827745,-0.006758685260372728,-0.02905654185710519,-0.03744570798079559,-0.013459153374004688,-0.019177124639738634,-0.022495836169417756
2024-05-23 00:00:00+00:00,-0.03772441847612093,-0.023638968592427655,-0.03770186718401142,-0.01575471891858595,-0.02553470420030124,-0.017457094288918538,-0.04018822458257148,-0.03641228603155497,-0.02579472389665217,0.06499101913990339,0.012200105053972433,0.014689186730835921,-0.003854469527134476,-0.03119161247800717,-0.004474533817102543,-0.04036403327242512,-0.023489553237567833,-0.012727444532098462,0.0039784082028082824,-0.021955926401416078
2024-05-24 00:00:00+00:00,-0.011883039255805111,0.011771136450211129,-0.013328303928767517,0.0075043451249077004,0.0016672227936579361,0.008501978114690344,0.025527514911803408,0.0060925139991571675,0.02377919176611415,-0.025934901493536288,-0.014731579039831756,0.03865044100674733,-0.005280153071283475,0.005923018303122071,-0.04921600414520672,0.0012998831935630932,0.1167065566171663,0.0072926485461415795,0.013334782998867669,0.03938332800037516
2024-05-25 00:00:00+00:00,0.004770173832756697,0.003657605399094229,0.007078283583596293,-0.002630249366662267,0.003492146227886367,0.01074556177134258,0.060157830424209705,0.024679144667596405,0.008626345959664408,0.0025292457365546596,0.0056114858771316835,0.011126278558629006,-0.00023532180365088762,0.020137088366742963,0.003868476777920332,-0.014743996641263095,0.10370439129538966,0.007239850627686958,0.010393560527263082,0.01212136053234482
2024-05-26 00:00:00+00:00,-0.009126530101483314,-0.010298996034472336,-0.04051726909726735,-0.01964056587454635,-0.003658743479416967,-0.011363112097898122,-0.04591818605485965,0.01762160134981963,-0.022488900649132455,0.0012622279997076004,0.02038421999818265,-0.023257536630233475,-0.012790321213504955,-0.012945164592037076,-0.029782765543390686,-0.005905962779211706,-0.014402809427696502,-0.02095748685648623,-0.02486341742779506,-0.036813973122716316
2024-05-27 00:00:00+00:00,0.02202161529679958,0.03404036482349244,0.03999466652462046,0.011503824481484713,0.006145688307588639,0.013465947937329524,0.0171199266155705,0.010923317139846095,0.01172402470729327,0.006287351739896153,0.017550695354859168,0.09743102616655948,0.015845193757255776,0.033944981785783646,0.04041802088322203,-0.005407574898814847,-0.009989733438341076,0.017344113457972345,0.01073153478992481,0.0368139731227164
2024-05-28 00:00:00+00:00,-0.023113676123907904,0.003100421614328198,-0.032946656866755256,-0.04000533461369925,-0.0036496390875492813,-0.0150623714003808,-0.02460833651075615,-0.035979896977183824,-0.039668006323339396,-0.015474807462677015,-0.012800427009197146,-0.013828810181739058,-0.021342996537899377,-0.037207627420599916,-0.0086769720685556,-0.011802712119151449,0.004602273159668885,-0.02381064869371856,-0.009974675718790411,-0.024391453124159124
2024-05-29 00:00:00+00:00,-0.014084739881739085,-0.009793269122426049,-0.02239918831362603,-0.009827039134176428,-0.010021797591664282,-0.010966160005080427,-0.0067512344741643806,-0.026396913475829748,-0.002105915922297788,-0.032015668918595495,-0.020299904134328608,-0.004056142496243842,0.001796085018547887,-0.0285070679263262,-0.002136499329014181,0.008240820552790825,-0.06164364268757139,-0.011183713956381278,-0.00931123116779283,-0.026056711274360912
2024-05-30 00:00:00+00:00,-0.010471299867295366,-0.011294292497670114,-0.006095890309338547,-0.0015039212201892532,-0.0010077259838354306,0.010290184685345129,-0.02721929763931936,-0.025396398779919213,0.003466207976486329,-0.02092057039752089,-0.005194720104684686,-0.027971161676433737,0.009880444643287864,-0.0074249412997371795,-0.008591938296882713,-0.0010710461573671336,0.02971776635363916,0.0,-0.009977058969047737,0.012591981697359967
2024-05-31 00:00:00+00:00,0.0011191942970150324,-0.028505492997926058,0.0011111112254231928,-0.022394674353670343,-0.002355317374176606,-0.011953148002230988,-0.0030146989293826855,-0.00200257540819519,0.005791403039405227,-0.007071927099240524,0.0038294632828156368,0.025855447647746967,-0.0144368074420143,-0.011584456637632195,-0.007397862506557391,0.0013386285520420092,-0.07737384244510347,-0.003755872959805384,-0.0019301299178732464,0.0
2024-06-01 00:00:00+00:00,0.006466741233557694,0.003127633970231397,-0.007244389442496732,0.01894862312952889,0.013717177277095212,0.003352974306247208,0.008331032556615704,0.011106478968893546,-0.005791403039405265,-0.0010143703321172806,0.014127768098339709,0.001573649835014798,0.0032395492966616965,-0.002745368917192672,0.0029536776650205335,0.00436040735368322,-0.00715620652117986,0.0009402915596417215,0.002122938170663918,-0.021075595675175286
2024-06-02 00:00:00+00:00,-0.007585935530572904,-0.004091954199250583,-0.024056629188368754,-0.01128239349083141,0.001660026941634663,-1.800306465331948e-05,-0.020226895440006828,-0.010533905234384465,-0.012059573019581528,-0.021542977091957283,-0.00919086126335398,-0.01640008331264288,-0.004442050644065087,-0.00620477688688287,-0.018160783371595778,0.018910805866104573,-0.04807223460691806,-0.012293299024638518,-0.010075651988741812,-0.015021741695837648
2024-06-03 00:00:00+00:00,0.023900230347455788,0.005652110531315281,0.003431516092450981,0.014298337181460603,0.03823779918123353,0.015292495676779325,0.007925227723073275,0.0030006452463774615,0.0021240715176542965,-0.010423999878020113,-0.003669865021776319,-0.028739538084419647,-0.00349545344751382,0.01441837542427167,0.010608561873547147,-0.012185116796419421,0.007507304621812044,0.0028503582243563945,0.012386456021057366,0.0032379952737753475
2024-06-04 00:00:00+00:00,0.0091424232788974,0.023583483230922034,0.02897938056577588,0.02569416219180225,0.09045106961372541,0.02480167347858517,0.018830120661307678,0.02368643092974698,0.014374473032554276,0.037701517899982696,0.011394698393577755,0.004922912757345414,0.00997184931541201,0.023578054181098394,0.04093600342520185,0.009480408084798575,0.18883144958652942,0.009442940800282087,0.01109422243573205,0.022377065823727112
2024-06-05 00:00:00+00:00,-0.0004334633791320327,0.01787627405841296,0.014044014386118624,0.03744523048204519,0.018924363969582636,0.008050544645661345,0.011706128377253553,0.010257921941520828,-0.006789730423247532,0.0023517565013524023,0.014528239359286061,0.001410159017559753,0.021172947779051737,0.017162137402385834,0.010193532027265013,0.00113512345740066,-0.026870982119949045,0.0046882411234555384,0.0001902044703786111,0.008394592843026296
2024-06-06 00:00:00+00:00,-0.006742820544379638,-0.008666066136553355,-0.018769527001773936,0.0018157979366169887,0.017589105939793407,-0.004354124285061161,-0.019170706456299372,-0.014866546815257705,-0.027884248196759946,-0.02548991021343858,-0.013680880614828677,-0.02818215035192486,-0.014738225862312033,-0.025854937042456765,-0.019727719418428883,0.0017438316390486572,-0.04987030294453346,-0.015080398891069623,-0.008211637854953836,-0.020053442446729658
2024-06-07 00:00:00+00:00,-0.019837547155107032,-0.061626051477131044,-0.06861480341029692,-0.03800395722861089,-0.03899576657714444,-0.020598830454873523,-0.07761060270492394,-0.0703035204457127,-0.07496075035075694,-0.07133147800542966,-0.03608078731115959,-0.055427401719978196,-0.049425833559593464,-0.05664497556961992,-0.04600239917712255,-0.018552429069233586,-0.07842741378584772,-0.049645230489165484,-0.043902797965263585,-0.07066957335068916
2024-06-08 00:00:00+00:00,-0.027992798433592765,-0.04351528327176436,-0.03770589568534845,-0.017105263430074763,-0.0019023931983158287,-0.00065106056369522,-0.015778346921506942,-0.0421744629809776,-0.03805719480637341,-0.0077936931890095614,0.000883165430799822,-0.02419022624471329,-0.0019987514461805964,-0.048790164169431945,-0.029159497358966575,0.018552429069233555,0.02355418404548493,-0.019144161497643503,-0.013108990789126055,-0.05286022052024049
2024-06-09 00:00:00+00:00,0.016799487029631723,0.01573224236105316,0.021763311067582194,0.01080404535334571,-0.01431019477950688,0.004860162159083764,0.006218628028662307,0.022152559505572732,0.013597943233416709,0.0048318250481574326,0.0067217634855674885,0.02749399186826124,0.006481388761843972,0.0074349784875179905,0.026818297349282202,0.018043395365038635,-0.023045044988613112,0.01614565850138711,0.01210668540302005,0.026191973438079292
2024-06-10 00:00:00+00:00,-0.00813747709208432,-0.0031776321622032457,-0.021453473729704717,-0.011656378667250875,-0.07383369270696111,-0.0015538683361776106,-0.013787645104146644,-0.0032225916019205897,-0.006492612786210136,-0.013062324184673,-0.010455395782558196,-0.028939033429049146,-0.01036537535214429,-0.008181525741302605,-0.019118183564954584,0.006396337529905869,0.05235655870888068,0.001000500333583622,-0.003415372481182614,-0.004711433921319781
2024-06-11 00:00:00+00:00,-0.043132120332230926,-0.043983149512252656,-0.02287425441452591,-0.05004868333598034,-0.036823971572956665,-0.032530322415029955,-0.0475269755896659,-0.019870259463293866,-0.03281814381309462,-0.036339818083916536,-0.0476058391088094,-0.059383644269666504,-0.029814923413368062,-0.035731661348625356,-0.06319393665658064,-0.008966372354946236,-0.14230599304187283,-0.03252319170556006,-0.034186114821121986,-0.03851258141119172
2024-06-12 00:00:00+00:00,0.03675687105275086,0.03374633586996589,0.053082501043163366,0.017770347673026005,0.027663602174292305,0.014010590579490376,0.057355571154017175,0.05490857639649531,0.027565061526709372,0.016995387827988408,0.017794431932076193,0.06571377101341346,0.015145970448232673,0.04834778415779384,0.03881878388742018,-0.000772300205718156,0.11567691101300061,0.034521194368233137,0.023462693904726824,0.03969252255104035
2024-06-13 00:00:00+00:00,-0.03912935140638121,-0.043908209650173724,-0.0709915182307286,-0.05080672711002628,-0.0321550012241938,-0.02208343776467173,-0.03557508557057826,-0.0578920126990905,-0.04022905053608771,-0.0311188081540048,-0.02581258381583872,-0.055557355918619454,0.008246161538658515,-0.03910272601374272,-0.0524400329245411,0.0040265635897827525,0.008398014085176791,-0.027315810646962865,-0.030358552387701025,-0.03969252255104043
2024-06-14 00:00:00+00:00,-0.0216094843328551,-0.04480001687330842,-0.0228469467605109,-0.020595158082988937,0.005818319131807248,-0.010977921824138023,-0.04426815723803273,-0.031307460305164646,-0.0402170599643662,-0.007137223001531809,0.003567733097309177,-0.02657007565871286,-0.019648501460973796,-0.04710446918747346,-0.029209213005332302,-0.003940722995712987,0.025930076235916418,-0.0061728591070809675,-0.004834481302515456,-0.0012277472383224036
2024-06-15 00:00:00+00:00,0.004842624475787991,0.0037876176304411256,-0.009286965586870142,0.01688199531124778,0.008089189796548338,0.0027860739213107213,0.013099981272724178,0.009688433606974738,0.020764104780064935,0.01970118882047901,0.024663190874200495,0.007634914287693578,0.02065873011110304,0.01831990702201439,0.017119314713747606,-0.01035384573074199,0.09930251357391116,0.014344508256400339,0.03356436883509308,0.0036787288574625884
2024-06-16 00:00:00+00:00,0.006740516613842765,0.011139073683009423,0.0023298396293631486,-0.003960401216097017,0.004265798101212945,0.006751007092293841,0.0026286981183029296,0.027420689384627082,-0.011550280383228357,-0.006654947246719212,0.015478924122645602,0.0191332792518059,-0.003160359118647215,0.0062942772713874846,0.038951086584443344,0.017197328384416507,0.03948777150711856,0.009113987137706144,-0.0034697452914449808,0.0
2024-06-17 00:00:00+00:00,-0.037897213166286185,-0.03165043709150636,-0.055009597791692906,-0.020517168234048446,-0.010698809976964568,-0.002591057844952401,-0.06274621010718386,-0.052478948117989636,-0.0608157131395593,-0.055311776502480564,-0.031659611030654206,-0.041870814281354786,-0.030728135937001237,-0.07997735033224984,-0.054533658889029286,-0.004442932804038291,-0.12177547414897201,-0.02345849539410657,0.03139722580090533,-0.0696925391733565
2024-06-18 00:00:00+00:00,-0.04484828001996432,-0.045166609981359185,-0.06793968550229265,-0.07544682002769514,-0.026323927568140372,-0.020186188658431685,-0.0521150425495975,-0.050348471124888765,-0.10200898000530047,-0.04413104718412246,-0.008017335592698611,-0.037676770343991854,-0.052675493128446306,-0.06947848519080073,-0.041761804561598004,-0.011540908389776111,-0.08288998698642322,-0.05843404043661625,-0.027520065551696154,-0.013210231736806462
2024-06-19 00:00:00+00:00,0.0018226798432307107,0.03033659231227312,0.012700955194564606,-0.0007711091501484374,0.01801547166476709,-0.0030879852219766885,0.0017979736782145453,0.004840113165474194,0.02434593813834231,0.0395543801567107,0.02188922321442301,0.025344620151652984,0.015161118103154939,0.02606889197030021,-0.013112300087986912,0.003286347332028369,0.01906751479689404,0.021645866774692723,0.004673380445172117,0.031416196233378914
2024-06-20 00:00:00+00:00,0.0,-0.008302429163016756,0.023478701382937704,0.002311545911758959,-0.019545693845534652,-0.001607771373120505,0.016841139674993507,-0.027446876314499012,0.005078375330628636,0.0033305609471645323,-0.013410647446931425,-0.006293727068692834,0.012394069472764347,0.0008869180182279546,-0.015380917699726122,0.008340188492830287,0.007506415669708797,0.005339040979420328,-0.009164100382307002,0.0038585256875294997
2024-06-21 00:00:00+00:00,-0.022094533706242984,-0.007340021210035555,-0.0036324050110070464,-0.017598797892814447,-0.0027261901362212546,-0.011261416759841722,-0.002975115771442678,-0.0055096558109696955,-0.01000622761186946,-0.021000351763146862,0.0015416168410010394,-0.028966904490727145,-0.006986458620508595,0.006186497857498976,0.007831477654657346,0.013268885669518726,-0.02207862252879944,-0.02044180916517688,0.0002045617272143694,0.0
2024-06-22 00:00:00+00:00,0.022614689764784913,-0.006355797022067046,-0.07047556714271477,0.023481920117639984,0.008494784347940224,0.001844936066219504,-0.003468724487947104,0.024644795962782396,0.012100103791300047,-0.008525200823359617,-0.006486817485643583,-0.026785355442661123,0.0059147907349562726,-0.00264667115237476,-0.006783730215596228,0.011008052001892787,0.003358269069802455,-0.012028575865607146,-0.004715539235177657,-0.007731997283326321
2024-06-23 00:00:00+00:00,-0.01203258043424786,-0.007292241556418466,-0.020513539833102903,-0.028455101418471417,-0.02327676543437528,-0.016505957689856198,-0.012440701982030221,-0.017364287909336154,-0.024527034526472268,-0.030423902360165976,-0.021641347386467055,-0.021593281630567906,-0.01675941375751997,-0.035059770586589704,-0.03811727548945773,-0.003516119152015071,-0.007239389251580192,-0.014404681202548276,-0.014281521841403938,0.0012928250023051713
2024-06-24 00:00:00+00:00,-0.006071023002020332,0.02113431207397379,-0.011625707207394403,-0.04645754179579268,-0.01641098283286735,-0.04724168823827901,-0.02653115325006335,0.013531530604159724,0.01770584498245487,0.014892960329289369,-0.020131658213640387,0.0315568313417592,-0.05160180018165551,0.01723398663398902,0.027892391279384688,-0.0012587590299662783,-0.04682218786561487,-0.002234637801416377,-0.011953586812941784,0.002580646593491713
2024-06-25 00:00:00+00:00,0.03665127579202919,0.014806483301603656,0.023905520853554386,0.06594627085931795,0.017622370019164585,0.024779622477455705,0.05818012887036079,0.019532208539108337,0.011863363140493846,0.020654779030746064,0.012502311747657655,0.041782097474755815,0.023684011378597818,0.03273180303822812,0.031611720747985184,0.023239488887840658,0.018908572699299058,0.0264916154469765,0.0035800817431594686,0.022930941063916892
2024-06-26 00:00:00+00:00,-0.01750817122265609,-0.021703568387058773,0.016400211394005645,-0.0382947395288078,-0.009034112867506232,-0.015342476362678105,-0.027240445335531473,-0.0073877150712455255,-0.0027787444069514167,0.00848181505590913,-0.006937298285359013,-0.020133714639340116,-0.004635816407903533,-0.013140793561058368,0.0016825783990794068,0.006460340578305624,-0.011536350624374822,-0.01758287055786682,-0.01248033121342346,-0.02809891122235953
2024-06-27 00:00:00+00:00,0.016231194928582552,0.02529940110011457,0.07783566212973433,0.0393235462039143,0.01506913420197639,0.013730655086801458,0.034821623555042085,0.08079852050662044,0.024735029506244063,0.016335441779175574,0.02316180634208464,0.03654985640757221,0.031326192850933056,0.024391453124159048,0.09010698752972261,-0.005476330658807961,0.011851990587014328,0.01430954521289765,0.011639111395151306,0.005167970158442598
2024-06-28 00:00:00+00:00,-0.014155428744738057,-0.03447106302558797,0.0017898698173786404,-0.007741974153615397,-0.024890328541964924,-0.020938861751513153,-0.032380811994233295,-0.015548922704419231,-0.0032288242852803162,-0.027802970292161135,-0.020581671934651647,-0.04644413421442221,-0.005199081351262355,-0.019114396023315328,-0.0668434040940596,0.009787208049334119,-0.05447640332107666,-0.005479465764625596,-0.007815014956747891,-0.020834086902842025
2024-06-29 00:00:00+00:00,-0.004416165119769558,-0.018296851158432246,-0.007178781727005751,-0.013300495980272619,0.004571838453844925,0.009205553774616642,-0.009471004825118486,-0.017930390718429133,-0.03763558715084733,-0.011600559737288855,-0.000399470337242364,-0.01720330849776995,0.02773258553399425,-0.01324522675002068,0.0017837399042916566,0.018654557193540068,-0.016577440560791863,-0.008830079448272037,0.0023297691359748223,0.011772536225267194
2024-06-30 00:00:00+00:00,0.021378792339349018,0.0188911165153951,0.05603706810771099,0.033814035813375574,0.021177670482927166,0.028853793809744524,0.020944023942855532,0.02196102898459876,0.021160184456265482,0.023490296405163594,0.017415827691843896,0.05306017379756198,0.0047917035646537365,0.031498667059371016,0.044135574678195934,-0.006633921144126298,0.048607286863458186,0.01212136053234482,0.007166978401282521,0.033251145148688016
2024-07-01 00:00:00+00:00,0.027150989065950683,0.01181174222838736,-0.018216692096004076,-0.02414707614325443,-0.009145090048679222,0.0020367312407112426,-0.007741974153615285,0.018176520830493943,-0.0008655760948974296,-0.0191780861869837,0.0011743572906945748,0.00398337295988435,-0.012425839616336405,-0.017376631835815788,0.0004091653084905851,0.024633933457632172,-0.016159995937543768,0.0032804840791616796,0.0018885746878681546,-0.011385322225125352
2024-07-02 00:00:00+00:00,0.03700519599355437,0.0,-0.00417101751733819,-0.006521478701825057,0.005531561209175076,-0.012229003319739846,0.014307775625556518,0.03141782512735176,0.010337790204786328,0.0021491519125391434,-0.006075591825215269,0.0053559756596849245,0.022072429123304555,0.01132909720596923,0.04896222337770248,0.011048976393476989,-0.016092047899644187,0.02159911180346172,0.017250765522829246,0.022642476749759752
2024-07-03 00:00:00+00:00,-0.027870457743068854,-0.0653510239354794,-0.0797234738320384,-0.023567885479665648,-0.041174007282556484,-0.0315021343281225,-0.055882293073374015,-0.07139091478254729,-0.04022224297076916,-0.032732575284619383,-0.03748337741811465,-0.059008689152005016,-0.05348290432014608,-0.046107457355185025,-0.08952289434951448,-0.004109647935018989,-0.05457352225849909,-0.03589292306060661,-0.0380098248971532,-0.04580953603129422
2024-07-04 00:00:00+00:00,-0.11609485710661259,-0.06339011572869367,-0.08130088599753958,-0.1187883639807263,-0.08058174281371067,-0.05388661548310068,-0.1206777606189354,-0.09029073124587542,-0.11064848297264462,-0.08178187072360933,-0.07423496066796823,-0.08049660908658363,-0.09694859118984457,-0.12758591821543136,-0.096688578948271,-0.011723463696059259,-0.11082536733954766,-0.03722934176835615,-0.07625067706608245,-0.11876007530421002
2024-07-05 00:00:00+00:00,-0.0342537699404115,-0.04892372901536327,0.02784121725210616,-0.01796364334383852,-0.03144726651124293,-0.007410738462197537,0.004275744078809632,0.023304443432565273,-0.045258437166714446,-0.02683742429569565,-0.025796434310749378,-0.01827086118629889,-0.0561159232717409,-0.03141619623337881,0.0492890974307046,-0.0028342012358751373,0.01921637941996523,-0.018562017860059427,-0.018182319083190474,0.06389681969005721
2024-07-06 00:00:00+00:00,0.05717428219606654,0.0626850338034436,0.08684555875919375,0.052076397820250676,0.05530372687320129,0.027885405242016163,0.0727593542824283,0.09279731405667364,0.08319806759167606,0.046385126580935125,0.02812401720644482,0.0682073574088833,0.05565724273468776,0.06586742498762481,0.06296920672683406,0.02391545333749474,0.051871830706840066,0.05910811225440932,0.05425291884374217,0.02445774084604009
2024-07-07 00:00:00+00:00,-0.06722173287518078,-0.04685724012372337,-0.06247328320494924,-0.09219459500507898,-0.06946826964185218,-0.04159356377998373,-0.0853537388639701,-0.054165160539104015,-0.05929418886997004,-0.06939764785353852,-0.04530079310938496,-0.06488253579194071,-0.05242882992256843,-0.07979373468581928,-0.0831232954209803,-0.041251871626936824,-0.06860048380288984,-0.07682859957577308,-0.06751382830122571,-0.07669262078825458
2024-07-08 00:00:00+00:00,0.06289623275444708,0.005335181745527809,-0.021193885909916645,0.06439860089188275,0.03975356171152575,0.015222671228313616,0.032402589138115306,0.005567285573225565,0.04187214542330578,0.03187520853044882,0.029585301345544966,0.06039600684115826,0.0452152309957743,0.03497971889602668,0.06021343392459412,0.011643803296155551,0.04974246516849329,0.017720487321363783,0.02843570747671881,0.03559094510270253
2024-07-09 00:00:00+00:00,0.016924514116455527,0.018704847327836456,0.047258987416369226,-0.007222420802477786,0.012262927394610195,0.023272682322844962,-0.00018592544443251562,0.02868947284496986,0.018764454234123557,0.011696039763191456,0.015656797515207238,-0.021570823274441826,0.0058362936359949505,0.021639175103481248,0.011449828176361485,0.029992876124039437,0.016902505911503954,0.02999071368368211,0.009225157674825908,0.049123109070127076
2024-07-10 00:00:00+00:00,0.034301045655293606,0.01703732541956785,-0.02606510150645264,0.027407136953659515,0.014977238490672501,-0.0055996280225802065,0.00408239572355581,-0.0032749333347486627,0.003443661333116573,0.016815193219179556,0.011155003229838744,-0.003979561258385565,0.025103389898834476,0.005083895037272328,0.00395201643514512,0.0115519779076135,-0.018272113297360535,-0.005698021114637779,0.007319337342269922,-0.006680051560373911
2024-07-11 00:00:00+00:00,0.018868484304382736,-0.016868875996108642,-0.021193885909916645,0.01978534136088051,0.0001905669372131011,-0.006708538049520128,-0.01267255125376647,-0.03233615066712687,-0.006514681021193642,-0.015846670141049003,-0.00047737162674238903,-0.03525049700514467,0.005955943752851426,-0.01327227241663025,-0.045018584301366155,0.021669646352987314,-0.024851483918947852,0.013621095951965137,0.023201851692617084,0.004013383313458741
2024-07-12 00:00:00+00:00,0.050724807494812445,0.03573581246981473,0.02931615063606079,0.06091268173488919,0.017003999340544425,0.009532569171711086,0.009798053470336226,0.03331975730380554,0.009565789414089854,0.03892280594917138,0.011008461282564313,0.031333531558410684,0.02767177513337659,0.027371196796131977,0.027110203482991136,0.02150145420206807,0.035879413040777464,0.028890898285388968,0.05501603795629006,0.02894939004611014
2024-07-13 00:00:00+00:00,0.0585180333559883,0.008737919673162424,-0.0038595184921779158,0.017999142731477964,-0.00262615044946713,0.022460333746386348,0.042006175634155214,0.020916855006089207,0.04267860962342957,0.041492160969999595,0.013328649364562585,0.021816788602573998,0.0081973566094419,0.03922071315328133,0.017344762373132188,0.015828032529296533,0.004917035106422572,0.11375888535665796,0.1024690897754197,0.019268418865876987
2024-07-14 00:00:00+00:00,-0.02267359240145379,0.0038591461305692637,0.01877090164366005,0.00265886888894421,0.023023668314346084,0.02656596839138983,0.026708079644817875,0.014021899590318984,0.05069103315223099,0.008450128110852368,0.021539500325223178,0.032266957359723104,0.0014312296703902399,0.0349586850209701,0.03978974946502237,-0.01335422451567428,0.0326909274838477,0.02223387867324171,-0.009940819770378747,0.0076045993852192125
2024-07-15 00:00:00+00:00,0.03011863525056435,0.042419177660246894,0.05428691150792541,0.06078080592658083,0.07170578146187255,0.06257882518464983,0.07954243251176941,0.025618395714663532,0.0258509644783466,0.05597672980288538,0.0708659543880182,0.06798105697929809,0.033334075664925786,0.05772567270568721,0.07637895433858262,-0.0022552845032649638,0.019974815223439146,0.0009555662456686359,0.03158057659405898,0.03717900324175403
2024-07-16 00:00:00+00:00,-0.015402342992143374,0.016930168736446077,0.006806402776720302,-0.03328136456603047,-0.015669713646746915,0.004929571655444641,-0.0009612304488917007,-0.022932133532049787,0.011259676977619183,-0.012218395104817608,-0.011334624893841374,-0.01314704250999431,0.012646216646345305,-0.006153865574378335,0.0077500387907141624,-0.02417927022890076,-0.05033859363817855,0.019858808649603255,0.0754500134534959,0.0
2024-07-17 00:00:00+00:00,-0.005034335575505868,-0.01970281376591915,-0.02787510799070569,-0.031490400495760816,-0.012750150893826508,-0.014806827344029673,-0.024336048502212344,-0.013024326422505464,0.004002673789657406,-0.027069321968217912,-0.016711996605915814,-0.03357148823255005,-0.025314305596537013,0.013140793561058328,-0.032395595141027335,-0.0032884932475347357,-0.03131468594236058,0.02770260254933575,0.07752989299751997,-0.022141125877213404
2024-07-18 00:00:00+00:00,-0.0290955005435821,-0.027047689639736822,-0.0036778268745884515,0.02032000249095753,0.005259479164668765,-0.0015626673332034774,-0.018397800764690855,-0.026240572652517155,-0.022896623149619065,0.0021753325959087953,0.011579995990526091,-0.010537967989957302,0.003496262564345533,-0.008741314401573549,0.023641162041143284,0.00678929753796797,-0.011170463956085362,-0.06296113805251605,-0.09424046461374871,-0.0062383234126917025
2024-07-19 00:00:00+00:00,0.03618205437440662,0.029820334669209973,0.036893876883118536,0.022217395383176648,0.03690455693545098,0.040910757335444886,0.047929496620846335,0.039422690002371655,0.03431586184100368,0.025741447050146905,0.02223169961375485,0.03491626510622788,0.024409954994110177,0.03536375401252839,0.06038075632551852,0.001263236281677079,0.020343111042278147,0.021114028117015696,0.0062992334279871505,0.012437971292217053
2024-07-20 00:00:00+00:00,-0.0038799546562964444,0.002918364716229699,0.033179226467690164,0.010420732245732738,-0.0005056890120403836,0.00717432290208512,0.06788140868231264,-0.0007892037344357323,0.0021369285685874442,0.013044577985009612,0.003979478348910874,0.012075138775755773,-0.0050536199884516075,-0.0008478169223396704,0.0260861522402991,0.00014851117573876045,0.0021240715176542965,-0.000950118836320353,0.03496500136229263,-0.004956639639928289
2024-07-21 00:00:00+00:00,0.021715397520530824,0.0019918799200518617,0.11445677233837437,0.014558490065162605,0.01572464652012903,0.015156828740989328,0.04386860038986827,0.015200480715234685,-0.0013144924666328396,0.009983443984183205,0.005223010078664497,0.03916131966872908,0.012924470772289622,0.020151815437307912,0.06084145924342437,-0.0027510333718897594,0.013882225914566419,0.0018993358036523157,0.00788528538363772,0.0012414650880649455
2024-07-22 00:00:00+00:00,-0.04742613627488899,-0.04156848461607492,-0.023873401666661187,-0.039131008729298096,-0.02572218806450412,-0.009334516829783621,-0.017984802429343735,-0.0533417198651828,-0.043346278360787936,-0.03068112054690994,-0.027618334530467182,-0.061662890112109306,-0.03745962622661795,-0.045056494617383085,-0.030768270955000534,-0.014322917418076144,-0.03916163070370577,-0.01722530628187928,0.015915455305899363,-0.044395368943298825
2024-07-23 00:00:00+00:00,-0.038751559966163425,-0.015112827830779682,-0.06648581909265275,-0.05157974721686683,-0.009066865637681668,-0.023916981434216472,-0.05559681352260595,-0.02980325468978823,-0.004301822000081461,0.026117744032065897,0.012398112613455527,-0.0014367818563627496,0.0230277896327723,-0.011368727606759778,-0.0333620006461165,0.012012156448003653,-0.013272535537307421,-0.025416812984123183,-0.01742059816050121,-0.014369940282952787
2024-07-24 00:00:00+00:00,-0.009065356704672433,-0.02410150270364933,-0.04949463760469586,-0.011249947157881931,-0.012102499033378997,-0.008529507623456263,-0.018276664551016755,-0.02897759547777843,0.016419045095030768,-0.05074633818510565,-0.043037769729975965,-0.03735329897848584,-0.022606884680925077,0.006137678189207145,0.028655582276968107,0.0022363035782805166,-0.037670481993225535,0.01960847138837612,0.03357234826126819,-0.021277398447284965
2024-07-25 00:00:00+00:00,-0.02871249543435457,-0.01690275368691459,-0.040998190450585,-0.002763196010696104,-0.007507673849845581,0.006463859817351855,-0.021247985508530992,0.0012170739570673155,-0.05652996295065575,-0.034263640934638795,-0.049256726417778035,-0.034931417884111256,-0.035697679591614274,-0.03197430463251408,-0.03549856884968233,0.009633271977103303,-0.018214449463332665,-0.006819315272054948,-0.0300638658384912,0.0013431835464677597
2024-07-26 00:00:00+00:00,0.05518641556729094,0.04019394923983344,0.052907262898711796,0.043055248812136855,0.017890186219087157,0.03153462223775808,0.06886512901559959,0.019274387769876875,0.03786663551526494,0.036448479033378264,0.03073997600638479,0.044586153109942246,0.03597818450228946,0.05102249960320864,0.06319196466079043,0.013914541600330793,0.05172529982519451,0.007789718065333437,0.006317560496518167,0.04462682749118881
2024-07-27 00:00:00+00:00,0.0009583134418115972,0.02813484807151861,-0.023961682013634068,0.039241100720943105,0.0012043012208228041,-0.00016921384598440523,-0.020706232383853863,-0.007184430491958503,0.002589109929983939,-0.003936152031474529,-0.007848443474350228,0.0007388253014322572,0.00014022295472722204,0.007689059667821616,0.004686912498292673,-0.0021842018148413482,-0.0007818608686020502,-0.015640592541072175,-0.013011025915106852,-0.002570695503100866
2024-07-28 00:00:00+00:00,-0.024974021914062138,-0.020061172695984855,-0.023089048772364815,0.060324762747949325,0.0039468090701823095,0.005191188977428364,-0.010708378293308125,-0.018539905551644257,-0.02407652935225922,-0.007919091098947334,0.006488578823412966,-0.01788423225642076,-0.003511486156135905,-0.01716780362236533,0.0053142579381531855,0.010152371464018128,-0.018286374182253262,-0.011893103513952296,0.009358357068965397,-0.0038684767779203176
2024-07-29 00:00:00+00:00,-0.010365344531246757,-0.017848924280176138,-0.014335845589500278,0.051892922636014166,-0.01657782741924114,-0.02170181316434392,-0.012458086610740136,-0.012140555556994974,0.014724192393936443,0.008357207206721813,0.014420801773655689,0.017145406954988517,0.03620179794010412,-0.0008661758878491927,-0.012681477267660285,-0.007968169649176845,0.019849485090591878,-0.012036253631947654,0.0011636606749057875,-0.02353049741019416
2024-07-30 00:00:00+00:00,-0.003977136736303697,-0.01734004308667991,-0.0254981942963063,-0.015148327310118212,0.023915118249644055,-0.008974685027823451,-0.02299857215260948,-0.023281853885760772,-0.006108754488321141,-0.026182991159322582,-0.01165717542179405,-0.02924842912623209,-0.027515836914127123,-0.013961832381768522,-0.018854399786319566,-0.03327478888487221,-0.03861176154611478,0.032757271269465114,0.0419710267697611,-0.003976148379639406
2024-07-31 00:00:00+00:00,-0.03368686265190655,-0.03319525787979313,-0.024217981607043915,-0.043726687010366534,-0.020091686410781035,-0.02385142421501373,-0.029020344734018697,-0.023836845506004515,0.022332790020888983,-0.020900351877567083,-0.014272464880157914,-0.023874834428919477,-0.0218580231527488,-0.036693154411046,-0.04247225401338802,-0.032865013619672825,-0.03063215946864792,-0.01972450534777859,-0.007515826536032977,-0.02828471383858199
2024-08-01 00:00:00+00:00,0.011015866487553283,-0.004487408289573949,0.00038902937662399706,-0.0014506772370000008,-0.002431400989405148,0.011171199683345215,-0.024325635971274025,-0.00913418597925628,-0.06470973935560777,-0.01108044577657202,-0.009117329095398752,0.003889542048662553,-0.007872365855273298,-0.02866585554944047,-0.025600076800164583,-0.003112842980490315,0.002229344660253085,-0.011016636206501902,-0.04363493589686969,-0.006854036427792145
2024-08-02 00:00:00+00:00,-0.07648217491913943,-0.07561270301762835,-0.08563330924623366,-0.07980078194355524,-0.05761879780830322,-0.06080893312569105,-0.06465618500565448,-0.041680665194769984,-0.04846145107821277,-0.0627450205485883,-0.06906980163942816,-0.07661948456638286,-0.06731095781155329,-0.05495358437218096,-0.09127340814791517,-0.03732072659800035,-0.08235342450106578,-0.03901932356444232,-0.06172557976095666,-0.05368520651986082
2024-08-03 00:00:00+00:00,0.0027464999412389465,-0.044833450058238744,-0.04020424751212672,-0.04612077418832827,-0.024803136288606902,-0.013099436128860992,-0.031234043656727693,-0.015147333971761254,-0.05093010558591499,-0.02908931286438393,-0.02917782177676601,-0.02117825870974378,-0.006321815827338894,-0.05186724238274836,-0.06945118163999618,0.015255213548248136,0.0015101180761673677,-0.023306139633386493,-0.00877748582122352,-0.005822432751433141
2024-08-04 00:00:00+00:00,-0.05757797846712351,-0.01494032114769313,-0.06468556914901184,-0.09161230528989432,-0.06373320601452366,-0.04269555681819708,-0.04116506819387237,-0.07339160153086088,-0.05090051932053267,-0.03785777469153785,-0.07682549632844399,-0.07095173597228437,-0.03446175336293403,-0.0459237126953392,-0.029840205850911353,0.0071457231409185525,-0.0751880551812173,-0.05621314484055241,-0.06120953555833628,-0.03415328232521706
2024-08-05 00:00:00+00:00,-0.09854026016368143,-0.08426034361773997,-0.08389324875578923,-0.07039019530220633,-0.06807330476793821,-0.07388270778154322,-0.09486690457133339,-0.10992152698538873,-0.05699610353975524,-0.06891736844791836,-0.10554152167987006,-0.13668762880596014,-0.10774710912859789,-0.07016451778384232,-0.06380142569370156,-0.039537218932154,-0.1356950647301806,-0.0034071583216141975,-0.06704101216546712,-0.07527062778986582
2024-08-06 00:00:00+00:00,0.05943575176330535,0.055325232758287664,0.06680692895383776,0.01632297403193052,0.043420940914768114,0.03641232998749407,0.021907484812263657,0.07099087414962456,0.03315220731690055,0.02681724951117663,0.017103749924450695,0.05932209410863435,0.03796484971947539,0.04806417078317633,0.10674651726570339,0.015516848690684374,0.07569047190217568,0.05100883982724802,0.03477387852642384,0.04770379795721117
2024-08-07 00:00:00+00:00,-0.02106626522956122,-0.013547005206144831,-0.05106656843527491,-0.0082882208601022,-0.020421630720463466,-0.015975161468007117,-0.00906114620172589,0.015405234236011167,-0.026433257068155597,0.0011019284861567347,-0.049355059018510734,-0.0603763904635405,-0.03957098908500802,-0.012366655637211866,0.0025590497072263047,0.010479741214703336,-0.022712366936480825,0.09285015396346262,0.17033108489524304,-0.006230549750636086
2024-08-08 00:00:00+00:00,0.08144205566352036,0.062288626864463265,0.13548163073125238,0.12246688496880996,0.08492147536753455,0.11228735091416127,0.11734119059727835,0.06345964715874174,0.08695557186112401,0.08948628544387931,0.13540240028922618,0.12572143830674135,0.08832027770005962,0.09386940565368156,0.11940115278225889,0.01827623377260041,0.10428200531185682,0.015640592541072154,0.026957582445783283,0.09672962645855111
2024-08-09 00:00:00+00:00,-0.009429988439066513,-0.012701685175121633,-0.04453175617138855,-0.015698909543103753,-0.016377827573456526,-0.013842409307287744,-0.034260945331117704,-0.01987231613554018,-0.024441978971930563,-0.02240419575384753,-0.0317070913877183,-0.020677428427787678,-0.00722024797348702,-0.007235173680779337,-0.042898158761341405,0.01018418516299941,-0.02221598129045331,-0.03152970536840632,-0.060330714314103785,-0.025863510589919123
2024-08-10 00:00:00+00:00,-0.007492830444376611,0.023132531149735465,-0.006923637166347283,0.02078366626121376,0.02791419854784616,0.001404713543484379,0.012629329745025213,-0.006081595760157874,0.02341833265468107,-0.0015459936086184797,0.004277465388845785,0.0018975337761914111,0.007220247973487097,0.023578744822935885,-0.014631734816495781,0.00621602623100603,0.0072987105290294235,0.01391672560012977,0.00618239990831734,0.0
2024-08-11 00:00:00+00:00,-0.053777994948664525,-0.06039645799382101,-0.056695343676545294,-0.07213752816642312,-0.03838756767534995,-0.036964958668207114,-0.04462031901495126,-0.05602070101441843,-0.042898093227019235,-0.051863474009574,-0.021118628942741847,-0.05354076692802992,-0.023658974316646902,-0.05519360120463884,-0.08422324096396835,-0.010903534814103135,-0.04732065619007196,-0.035161834213866094,-0.055075928592803504,-0.050757162945918324
2024-08-12 00:00:00+00:00,0.034206755401536,0.03529542227141327,0.041292472063631236,0.07213752816642302,0.028976185426794154,0.010741321896940523,0.07024469722939541,0.0204785313435407,0.06698101369301755,0.040974074210305696,0.06327617065377597,0.054488185284069776,0.029202768068257723,0.024326953224111606,0.03279665858358878,-0.007861675711400232,0.05552863660790154,0.011184661587894789,0.027829123769485625,0.036094143635843894
2024-08-13 00:00:00+00:00,0.0029455102297567446,-0.013489591580043361,0.005160696417254365,-0.009057520172513964,0.0115120227612964,0.020687318243458014,-0.01446798000082328,-0.008976524424250783,0.01291365914271688,-0.0010432969125776746,-0.007322042615237078,0.0018921481520379623,0.031057402514120314,0.023749180211663282,0.0024578424334653353,0.01566202727498754,0.016847188037701726,0.004036332422460553,0.015016870285153994,0.008823586658515025
2024-08-14 00:00:00+00:00,-0.014218249002279137,-0.04870029403172033,-0.019849422962909622,-0.040620612088414776,-0.0015273007932605951,-0.031926101818424826,-0.03794285376941159,-0.036734253406201324,0.0009864852333984553,-0.017373429873653527,-0.015283981564079844,-0.018121621319017248,0.009725566854419538,-0.017499159866492035,-0.020251415337304575,0.013122534890471414,0.014550831710265348,-0.027566829832654592,-0.014489212195345515,-0.041859623935538146
2024-08-15 00:00:00+00:00,-0.03151776032040518,-0.055839485801500346,-0.03943075907773039,-0.01011913396546899,-0.008056824706165153,-0.019657942646201854,-0.021618728535170002,-0.024481592191900547,-0.03593681898795607,-0.015520782531351935,-0.035007990620865556,-0.021401595050667476,0.0196312046716468,-0.04242417729527348,-0.007894134396673068,-0.0015349197180835905,-0.037184886885635884,-0.010405921161116693,-0.01416705118312714,-0.016936509530898286
2024-08-16 00:00:00+00:00,0.016186030571624568,0.009708814126960903,0.010864304391905662,0.011598643038426847,0.0009625566245159008,0.022910978337253942,0.0013960911721097135,0.0035009955236804734,0.00996652203868696,0.010729716672567054,0.008848278205884167,-0.004928546201149205,0.01760021156170459,0.006479504310986182,-0.02514158417240065,0.02951406051316379,0.04630748590741336,-0.008403410796379615,0.005513575550385378,0.007733990599736477
2024-08-17 00:00:00+00:00,0.02157710320845712,0.013089192110014046,0.016561508589001305,0.00912441944818153,0.04127599958366898,0.010431923382209742,0.023634778133996764,0.01778132520084679,0.013269193484194962,0.002664536615097829,0.008365324821256171,0.003944778291016546,0.01640848269789927,-0.001077006027637949,0.020572316794084628,0.005947972926077374,-0.012389813130015673,0.0084034107963796,0.004777501788048984,0.012251301780520585
2024-08-18 00:00:00+00:00,-0.009233125906311203,-0.010238625548699929,0.005780362915499549,-0.02431911071302736,-0.019389123435841153,-0.018057579517003593,-0.026728747366925577,0.004795077117781138,-0.01712198137894362,-0.011777438060759454,-0.0009030624377273868,-0.0069136077848182325,-0.018817759574798212,-0.008658062743114541,0.0034464602428121117,0.001481481752443102,-0.03908981942944844,-0.02221138376271439,-0.006019848207488108,-0.015337723983709946
2024-08-19 00:00:00+00:00,0.007452710005735435,0.014995391274643452,0.01855870538976825,0.014603150283384691,0.04993695328593859,0.017158062435947308,0.012812411450807852,0.020517008716926112,-0.004479746852283312,0.019728712393317735,0.00922554085269927,0.009862012869115843,-0.00015077271042519404,0.05806380095476133,0.013044724755185755,0.05822700956039194,0.0040430232156923596,0.029506882509438632,0.06096929273745501,0.018377240001606704
2024-08-20 00:00:00+00:00,0.019703622296346333,0.03205198493286671,0.04831857727080773,-0.008318526875090871,0.01950762339577451,-0.007170849698593443,0.015277938927492586,0.009550322449868077,0.0036667386774199406,-0.0031729270405777203,-0.024396604272670947,0.003917732728901653,-0.029222610268240173,0.04119115714058014,-0.014098502646088614,0.11902373060461795,0.010276262557385073,0.012384059199721622,-0.008052383721398193,0.00906350615334691
2024-08-21 00:00:00+00:00,0.07162965613925486,-0.007969840843387217,0.05548485689187228,0.04149002909202823,0.0012286091935990954,0.03565715238614722,0.031192731761546202,0.030262459572309813,0.04725914128294004,0.03179835280211486,0.022251198129545374,0.09237332013101507,-0.0021759411756044874,0.004909190026238346,0.0036483587791281825,-0.046962944286329626,0.12605543408794953,0.011218883604788244,0.010388833382417674,0.04268491985095016
2024-08-22 00:00:00+00:00,0.019861092996761743,-0.012288290220663795,0.06936112779750232,-0.007469152793569255,0.02220386101396783,-0.012839442327577983,-0.008514715586774232,0.0055603222812653594,0.024333033105238017,0.0,-0.002980821037672695,0.022908490796870122,-0.007810099056014503,0.01651324556116835,0.0030068901365898452,0.009699397088713578,-0.025964368683282626,0.003037977020076801,-0.0038413408404398084,0.0028776998276151956
2024-08-23 00:00:00+00:00,0.03883224056127069,0.08300635201158386,0.049129972747204875,0.05142304375520448,0.014984104631144496,0.05887576421662603,0.07042968517308822,0.0421774414497709,0.05164341291097735,0.05393219014539647,0.05185587630264984,0.04845826904524363,0.03588588653046028,0.058923072996846015,0.06775391596346456,0.018489528953419397,0.011496031190728596,0.029882701600012704,0.022011645837113764,0.06399958283296081
2024-08-24 00:00:00+00:00,0.005862129696795632,0.04807052788179206,0.02313536022659594,-0.004116926358267394,-0.0191099485447023,0.0018685710918962383,-0.0031040776996984023,0.018233892533926245,-0.0025197997493920953,0.0024277749239481365,0.0019962107567640143,0.024591403137322113,0.00708527875497171,-0.008207980417829622,0.047216746512985526,0.0037831066557038992,-0.011929713886358443,0.006845992507990059,0.0029421400758876818,0.010723963362975642
2024-08-25 00:00:00+00:00,-0.022097507567757527,-0.05476346625192468,-0.007033158734047028,-0.020281289691533474,-0.011434636023629296,0.0009813284334161388,-0.0269179505605796,-0.03306423643295063,-0.035773786245603394,-0.024547133357275448,-0.007932389942457324,-0.020450610471290768,-0.026639827899210867,-0.018484814674102987,-0.010951641108845516,0.046119454844437816,-0.04283626394333994,-0.016708005377105803,-0.02094576451546261,-0.016129381929883644
2024-08-26 00:00:00+00:00,-0.05007704016351003,-0.03517597111847784,-0.03708332588822921,-0.04008552707565068,-0.04581498124563136,-0.021818360418123024,-0.04088282917169134,-0.055682506834703244,-0.03053238023597883,-0.034381546199245425,-0.02419303418173669,-0.022566774612399986,-0.028320753759437142,-0.034158918811319085,-0.01139108634024231,-0.029270382300113224,-0.05172231868167284,-0.03838855206228406,-0.021223636451626577,-0.044328587107230435
2024-08-27 00:00:00+00:00,-0.044116589922749375,-0.06246756285202895,-0.07398936226151785,-0.054326936234564006,-0.027556066262129076,-0.05594960850125526,-0.06165295455186016,-0.040291931722821285,-0.05379980297834071,-0.0604317391849178,-0.0869242189766755,-0.05830272103713054,-0.04263551967527125,-0.05659078028891804,-0.06800685063701396,-0.02316222482539845,-0.09600972512841038,-0.03564318605290269,-0.03605243136810355,-0.043422161450277844
2024-08-28 00:00:00+00:00,-0.0002855103516896617,0.001523229540521638,-0.026926321734491696,-0.006498552964422484,0.006913976902308341,-0.006417925294743356,0.007353344642230461,-0.028732282322625886,0.006077814495444947,0.015184673538317088,0.028483611085400803,0.0008956561279443863,0.023569012425277456,-0.012333147077216005,-0.019536976910957064,0.0025300456253700356,0.009576115661208365,-0.010729716672567079,0.004753948560620149,-0.008915363657952393
2024-08-29 00:00:00+00:00,0.021469751222867234,0.0023889684507704405,-0.024170360927812953,0.0012410798986740089,-0.0011179431013412834,0.005475126375226921,0.007299667431729275,-0.000470256298343952,-0.019786469074876363,-0.005937939174543786,-0.0002848135084145817,-0.020805816087274265,0.01045950480150832,0.029548762131303946,-0.027823594448880554,0.010056652952942115,0.011371590492824594,0.003231020581446319,-0.013083637838883761,0.00298062813813772
2024-08-30 00:00:00+00:00,-0.030937617098914873,0.007563515257244555,0.017323949931774246,0.007414306439227461,-0.002239642593504687,-0.003967156608714223,0.013852007378131206,0.0058623687650702526,0.0012353306079928082,0.005399581153465996,-0.0006371683032404386,0.01541980665770341,0.03877732516922129,0.026747508367028144,-0.014461203845841226,0.00062519539391854,0.009378532378730032,0.003220614700042157,0.008506165057421146,0.0014869891215783665
2024-08-31 00:00:00+00:00,-0.0054921369443442815,-0.01846874873950712,-0.02082504759995302,-0.00772443204258143,-0.004306719511282235,-0.00254026496747557,-0.004826406807974219,-0.004452262773483825,-0.010341353794732595,-0.008653380119627907,-0.005155786067161088,-0.008133799926770144,0.00046185821773969395,-0.03683841134899114,-0.019317202703152934,-0.01447932126483425,0.008618557784139511,-0.007530966201164329,-0.0008826904977741901,-0.01950549462425662
2024-09-01 00:00:00+00:00,-0.04112397247815903,-0.05870760082677792,-0.06287397127669377,-0.030548746168677587,-0.039228219280157454,-0.028763415319443375,-0.06306514684451325,-0.045648088284974346,-0.05425203853273405,-0.04385937473695304,-0.035352850323422016,-0.0607947814833325,-0.02146939961312311,-0.07037023224694836,-0.05193511172503564,-0.01340588222470161,-0.05695057844483277,-0.02959120017455923,-0.03413300636945858,-0.04652001563489293
2024-09-02 00:00:00+00:00,0.015285776421314535,0.031363449697255893,0.043395710482435595,0.03457289646840308,0.026765822337153963,0.03144134758080365,0.041507425769534284,0.03383599724909529,0.04338236629583017,0.03622574988188191,0.04525192185704056,0.03784746892686129,0.02699512357334239,0.0550403459356381,0.048901330864004826,-0.009038150615062034,0.0835169756226671,0.026346200031231944,0.03677874386833979,0.040440969558510745
2024-09-03 00:00:00+00:00,-0.05408374596229718,-0.07679878249549978,-0.045264869905139116,-0.04679956100766269,-0.014545711002378638,-0.028202897779850595,-0.023994208428035912,-0.03531201227721571,-0.04712068840643734,-0.03395817521410139,-0.04542920452647489,-0.043650193139428584,-0.014959026728476457,-0.037779939002638006,-0.056400194312153644,-0.025617164370300444,-0.009714409151864783,-0.0097986630487021,-0.018668868271029877,-0.05001042057466142
2024-09-04 00:00:00+00:00,0.014339397818234453,-0.009291020380431008,0.024030731225555903,0.02018975805918808,-0.021631945517121925,0.008369626775024829,0.012630449777720803,0.01199084475754819,0.02286934036131642,0.022950909428323195,0.01042667362399451,0.002905571051414431,0.01633569998605543,0.027427879681605514,0.04671957660143001,-0.0019980026626729977,0.06221948746617218,0.0021857932199802256,0.001255492945831781,0.02531780798429
2024-09-05 00:00:00+00:00,0.006170954479407091,-0.04086293534030544,-0.024030731225555945,-0.024407120352235082,-0.010297120686243803,-0.03138033882672037,0.004276556767260172,-0.02213568000060441,-0.004315932465568701,-0.025786182096022393,-0.033990059149168084,-0.03043926710643897,0.010038107102484657,-0.025291126731870287,-0.03216395865497694,-0.0013342230131367216,-0.01930834648799283,-0.01540184461150659,-0.024495464074171552,-0.03659915244832979
2024-09-06 00:00:00+00:00,-0.03219531076661143,-0.05037791322894413,-0.009870820450125196,-0.041824881291669114,-0.03072189875830159,-0.040262751080288636,-0.06160305195897853,-0.01553915979114339,-0.01635270278220924,-0.01776042100438141,-0.06252743828077964,-0.04694739650898117,-0.04693806680179402,-0.04474286926349151,-0.03427200150995066,-0.013441062569017753,-0.021144468674910422,-0.024692612590371636,-0.043742308862142,-0.03127826995475609
2024-09-07 00:00:00+00:00,0.03281031693605757,-0.012183716436894967,0.029324884648269416,0.014805115645708144,0.012848142477849059,0.0036604367595428834,0.030332767678263216,0.029860392211427774,0.016136416418221243,0.018895494906045397,0.021495400637582665,0.04694739650898115,-0.015665281985367156,0.014404681202548175,0.021048411184542638,0.024725616435322555,0.040763712103072704,0.0056657375356773,0.00707527571471045,0.014938037108866625
2024-09-08 00:00:00+00:00,0.04125227390114466,0.03664001241442171,0.06439516223832198,0.019841920799004098,0.019266098623736676,0.01300733247035669,0.008039719629780697,0.01990356966538276,0.03902934390573529,0.017430860220871338,0.010378838616076844,0.031405917737533845,-0.01820892449828073,0.028201435111208213,0.018925562932403855,0.011158632357067029,-0.013456626152671977,0.015695389463690656,0.008915927411581714,0.017959666398192423
2024-09-09 00:00:00+00:00,0.013187004281953681,0.07168532201814269,0.025059710163783704,0.05355007795834194,0.030536723860081702,0.03882199877924005,0.07606706922129114,0.029598467050581098,0.027292142288007554,0.022051610197668645,0.026715211868316886,0.017241806434505954,0.007681659085395738,0.014862269321241012,0.037179564076792605,0.009096878846830652,0.058881006898981125,0.034976242805446804,0.018709619656728238,0.03965626677992874
2024-09-10 00:00:00+00:00,-0.001165161798000053,0.009972112310130551,0.02157760064454715,0.022403883199687908,-0.0032828068489254244,0.010359360363052208,-0.009295186987123715,-0.008199647674731973,-0.008130126083250176,0.011924260529735572,0.012224195084661072,0.004737100284269296,0.0014642482076005286,0.01360565205577846,0.004063394457256417,-0.00974983348968331,-0.004465622187323088,0.009620597986982485,0.0024067400305648376,0.0031055925581530666
2024-09-11 00:00:00+00:00,0.029012518865401012,0.006753523015779924,-0.045347819978459145,0.024285408779240156,0.0250227934853314,-0.005183618786241656,-0.014600229955478772,-0.014214880433718732,0.0028530689824064807,-0.005402498283348309,-0.020287982782529586,-0.017159620282826284,0.010994451895521054,-0.01571535747962805,-0.023951900477923473,0.001957586269517629,0.007135454683912776,-0.013926309698194363,-0.011156679500966027,-0.021944454254559303
2024-09-12 00:00:00+00:00,0.009019226866849236,-0.003612285685913772,0.0312921937886003,-0.013719272741358238,0.02680227437925479,0.013758211280425158,0.013529618144617658,0.024279330513654853,0.023530497410194036,0.005402498283348342,0.0090211593201128,0.03588675933352399,0.010397598271622618,0.019864741026439755,0.02704377573255555,-0.009168368086879554,0.005907564071921016,0.024508419028731257,0.050676050827968264,0.021944454254559365
2024-09-13 00:00:00+00:00,0.011715615172562545,0.015084686848150529,0.03638251262225165,0.007479466431292653,0.021619517676272543,0.039888515176949337,0.04074019158348402,0.02892099663301747,0.005154650588664643,0.015504186535965473,0.03225891317213316,0.060297164519397484,0.03240988165795671,0.012345835822299362,0.021595342443084517,-0.019934214900817253,0.021559465785757414,0.013591427203538993,0.017967719590679297,0.018433701688837966
2024-09-14 00:00:00+00:00,-0.018754923417799184,0.007811615057044695,0.016325268001886457,-0.02566178551448305,-0.005587110145223828,-0.008381917831569096,-0.014692296686425839,0.003838776307165667,-0.014741302798578472,-0.012813843239860501,-0.008812117192878863,-0.014072351838677994,0.01528848001925128,-0.012345835822299266,-0.01361550581612167,-0.010118130165584667,-0.04013769203186385,0.00930239266231341,0.039032685163418186,-0.010711655594927772
2024-09-15 00:00:00+00:00,-0.04449029499908793,-0.04361611687881237,-0.06190901659854646,-0.0329529350037546,0.000180717448761437,-0.014456155768720775,-0.02488001155263476,-0.009966107403130057,-0.03284333954028824,-0.04506256897641562,-0.042969163114274886,-0.04344574651045361,-0.041353162723357144,-0.04013210142631754,-0.04298453237480154,0.010118130165584686,-0.020153724026934657,-0.021841741915048642,-0.04288086203045436,-0.03443219642148413
2024-09-16 00:00:00+00:00,-0.02452275995558581,-0.02241687891454203,-0.01183445764700291,-0.01464527926982251,-0.036247184012926204,-0.01564652918074257,-0.0313189341606474,-0.045880674459591805,-0.0207445888449993,-0.0022509857563189337,-0.008855640749803263,-0.025294088537900758,-0.009852296443011707,-0.008658062743114541,0.0007609192270961293,-0.0006713662554957169,-0.01885099085349319,-0.0010520779508037803,0.027654717763951158,0.0
2024-09-17 00:00:00+00:00,0.010540678830990703,0.05417327424383536,0.01057315834167641,0.00798598717984568,0.023151325699705516,0.035438379599161005,0.014744240004567668,-0.00933803026355024,0.019084148446900207,0.012874513122049439,0.019890768510761287,0.008502649240640519,0.018198144428920777,0.008658062743114531,0.0005322991646921247,0.007360354406292317,0.05714108236685982,-0.004219415542708211,-0.004613421253858762,0.014229489103964722
2024-09-18 00:00:00+00:00,0.030390301575700093,0.04319569617674566,0.037568917665084564,0.03961222709373146,0.024058318712375175,0.023691660342147144,0.026639619923573984,0.004560190309837282,0.018318923308215922,0.018733330202510046,0.013972304355667368,0.024164744591012522,0.016639836540295126,0.027631938662085884,0.021062911965513555,-0.0026702285558788097,-0.0017693900222266591,0.015731839918414283,0.002223933856477368,0.02020270731751947
2024-09-19 00:00:00+00:00,0.019853910662430953,0.02949667858883095,0.07717111571337547,0.03898544671295359,0.013315775975772156,0.01905308607791393,0.010917557204728597,0.018740911444999772,0.03644776683142692,0.025331454179389593,0.037384827775575745,0.02896130013919937,0.008599561595677603,0.021773799549560754,0.06170120364216006,0.01262055940904696,0.0030943810147478017,-0.001041124508410615,0.002730377122857327,0.043648764669013435
2024-09-20 00:00:00+00:00,0.0034129725962399426,0.004427724745310439,0.03718447904827196,-0.012429872966766606,0.0035211303985789606,0.004012085061529829,0.005319666767479816,0.019779586086976032,0.017351054263314146,0.011114165741066655,0.03827698744610405,0.02030974886758319,-0.00107090961049412,0.03625774802262416,0.026041879184774713,0.0032948958968524846,0.004550466567693024,0.0010411245084105101,-0.002901273474636266,0.020408871631207033
2024-09-21 00:00:00+00:00,0.017450485038669545,0.04217297020949964,0.0043274499555777,0.028476898564284103,0.033866401673041585,0.0023375749611005414,0.04065902529644271,0.02772274789802728,0.01990115431729502,0.019286498252464042,0.019715355036530664,0.005231049417552503,0.02285035487453403,0.03211954942211252,0.018577222197340072,0.0,0.011069148848932673,0.0195781626943252,0.021138861024417175,0.017167803622365498
2024-09-22 00:00:00+00:00,-0.018871141620838604,-0.027699033319664838,-0.018155909034165304,-0.008429057317704932,0.0001698802348432457,0.0036209624041565595,-0.03329633392777764,-0.03442720024534318,-0.019514680882533095,-0.024563555353307936,-0.012092418309888196,-0.032702870081750816,0.027156332302081875,-0.03509131981127006,-0.03251544777735283,-0.001975634491789747,-0.03959158145292879,-0.01957816269432512,-0.01772647074846742,-0.018611847194599115
2024-09-23 00:00:00+00:00,0.03355081251300666,-0.00261609043905128,0.0036576485547398447,-0.0017528488274144718,0.026484954020631685,-0.0037625690717466927,0.01623169965207961,0.03353033919867957,0.010187498007394302,0.010526412986987603,0.025238668859070917,0.023091612171637275,-0.025362609848055058,-0.003976148379639517,0.0011056597076896262,0.00394737354662956,0.027643311668256013,0.003116885640253148,-0.004096267888515383,0.008633147144702875
2024-09-24 00:00:00+00:00,0.06416039081560797,0.05023401274347856,0.03832160938671954,0.01739174271186924,0.002313285896095982,0.01446248637939056,0.01579028493156685,0.0389359640541412,0.006291127412107444,0.016615127810594595,0.002350869073716024,0.0645933923274666,-0.0038904732596416695,0.05144268561856329,0.05338723978902404,-0.006587639106805846,0.014985368076948108,0.004140792666031387,0.010886312648698888,0.018453327040868477
2024-09-25 00:00:00+00:00,-0.017952869323992975,-0.007710781144719092,-0.042345759686444905,-0.013015368112070361,-0.03100893718642369,-0.017434692343162504,-0.011911447412281676,0.0004314063915052227,-0.0017118406462765421,-0.006198366952339019,-0.027996439768490675,-0.003297612221556609,-0.002251408080457482,-0.023936039828729584,-0.03159452708494948,-0.008629326698054414,-0.021603525919426235,-0.009341012393138736,-0.013626509602213514,-0.005641763906668126
2024-09-26 00:00:00+00:00,0.05242156287767939,0.046396386844443006,0.066644074165196,0.023875720641053814,0.015037877364540502,0.03151578569135097,0.08555088308316917,0.03746073395155648,0.02537491657629304,0.05100827968145333,0.020072773877989385,0.03648560347505179,0.0294639716053422,0.056512210263342195,0.04989009384624139,0.021108963210235265,0.08211771479615149,0.020640567647072137,0.01261093740930672,0.04561952030164263
2024-09-27 00:00:00+00:00,0.0007471050029987865,0.026216146119266,0.042631056768422375,0.019702297881183186,0.017455351345316922,0.009102584128001627,0.04411323853239449,0.014026632609888134,0.008685262025055355,0.025280879680587395,0.023343886429398778,0.008719833292995036,0.037091672298960834,0.0018298266770761572,0.013346728983156763,0.012970350442627405,0.0347303504405237,0.015205564126063591,-0.002883068222750601,0.02139118998131756
2024-09-28 00:00:00+00:00,-0.002742118133518586,-0.024420276136454082,-0.038524274815768866,-0.01828204483744907,-0.009437937429260676,0.0013378619530761801,0.03617677964073315,-0.018189835958575675,-0.015389197747245372,-0.013533314330636871,-0.0071587972686246865,0.021858793812499017,-0.01672848763393347,-0.005499555566038435,-0.005661772813772763,-0.0006445375666253463,-0.0018396851443515233,-0.0010065426114015058,0.04158257477096934,-0.01869213301215252
2024-09-29 00:00:00+00:00,-0.007768489137331217,0.00199163579078092,-0.008230499136515591,0.0008511846165779574,-0.009192009235262446,-0.003894573316477157,-0.029157508414912957,-0.0056479597895038765,0.00929893254449655,-0.005856532112712983,-0.006596896503964429,-0.0385722747862395,-0.0097687890769766,-0.005529968009461198,0.010850016024065844,0.008985939797714821,-0.01979210518923293,0.02388173200338738,0.04367227854976198,0.005376357036380496
2024-09-30 00:00:00+00:00,-0.06281254817384845,-0.06154526035668436,-0.04688083108170824,-0.0446580438360696,-0.04850477843510308,-0.03528524055475455,-0.0853025366132275,-0.07286622677770596,-0.04757838478697564,-0.048643332071671645,-0.021062215708309424,-0.050195645778167035,-0.03600947510590323,-0.01959932079244372,-0.038403175410175044,-0.0032000027306709027,-0.008352466717683504,-0.03197075487647099,-0.047590011278663615,-0.05652779739149224
2024-10-01 00:00:00+00:00,-0.058751210322441134,-0.06219960245475096,-0.07064397345639056,-0.05925397202508476,-0.036067424224878526,-0.04063624492665931,-0.06661287729735905,-0.06477922399106224,-0.08146739383602652,-0.05546708151287251,-0.06118319307059319,-0.07352391684655164,-0.05238085921667015,-0.07635801846681657,-0.049469127644649405,-0.015504186535965312,-0.07337979910763857,-0.047826161963826073,-0.02433693492869803,-0.06747426830976129
2024-10-02 00:00:00+00:00,-0.025317807984289783,-0.0018030205470487247,-0.019159921404912714,-0.005363634881043572,-0.008809012735257728,-0.002577086316775542,-0.02109124382269152,-0.01259706580373163,-0.017635642448114375,-0.025861138614336344,-0.0347881768230544,-0.03230553199689003,-0.007280817221583954,-0.01641062469387226,-0.0347025814100927,0.005194816877104151,-0.029248761504366148,-0.03688053550833674,-0.10299844896112467,-0.02302480839815358
2024-10-03 00:00:00+00:00,0.0061002367821393535,-0.011571314589641753,-0.026806966277385515,0.013199437393540459,0.004230669420687945,0.001703926352847916,0.004292056758218761,0.006560587253764207,-0.0010723861617525938,0.03127826995475617,-0.006067181682279811,0.0,0.007753816836236329,-0.002070394114308402,-0.024261117739326817,0.021147856378316978,-0.015864954647977457,-0.001105583307749644,-0.03132331553856443,-0.009360442759563695
2024-10-04 00:00:00+00:00,0.018364935083990085,0.052672990275193586,0.06324510596125027,0.013951551672410453,0.019089753412258968,0.02170883041003728,0.038920501904820354,0.015619685575775201,0.022282088968610777,0.013948724013011178,0.02712473268730683,0.03864326258143927,0.02352316579001598,0.03262266862285239,0.0458553517973802,-0.007638483988784823,0.022885672110700087,0.015368030228314155,0.02330312893184782,0.02934573513982062
2024-10-05 00:00:00+00:00,-0.00199231601407109,0.0019465778829619428,-0.02310460881439934,-0.009279373729240026,0.013771119892128926,-0.00045108906551724495,0.0014635933823765716,-0.013200719713132771,-0.008853346192185287,-0.011790061544973229,0.00010353960502683366,0.017002646732547203,0.02042131313669164,-0.004020105916665776,-0.004548165836204241,-0.01935544295295609,0.016387758788851122,0.0021762794225954484,-0.008651549167194012,0.010598130991823284
2024-10-06 00:00:00+00:00,0.018349138668196617,0.004527333377017629,0.048289176099168954,0.008663420522208087,0.012882910022802618,0.012202629820996201,0.01982055020972891,0.012485156176339019,0.008223557150691067,0.011257154524634468,0.010451843867824944,0.0,0.010952026055864044,0.04239175877425568,0.026915521072227513,0.005198192341863225,0.03595440481310006,0.0032555644597662002,0.007902204808412987,0.020865138463961756
2024-10-07 00:00:00+00:00,-0.01777950037310063,-0.050286227864341525,-0.014205846373984945,-0.002776494148292318,-0.010576513187398788,-0.009531284031326389,-0.02891110452440935,-0.014419860528306842,-0.009918831979250286,-0.010179568213464307,-0.007123585979335531,-0.00980837109852004,-0.03414854911433872,-0.01752722570896028,-0.017353417155425196,0.010316016694615722,0.02096805922610801,-0.013086337242893811,-0.00941449243122509,-0.02388173200338736
2024-10-08 00:00:00+00:00,-0.01839132297142366,-0.01641998122860481,-0.008317628293098112,0.01654449501709567,0.028820438535491884,-0.0010211885021863328,-0.012250733260416766,-0.006557400546159164,-0.006809985884016091,-0.012462908536295607,0.007475978564708481,-0.030939683534829426,0.014104173709555844,0.009775248904642247,-0.0032701368505147796,0.025959039170096145,-0.007497952372475266,-0.012148133935647572,0.004530019071750119,-0.01063032030175626
2024-10-09 00:00:00+00:00,-0.015196084352345731,-0.027743940557314665,-0.02226579507898206,-0.0261674157738417,-0.017542785967923736,-0.024830482976427176,0.007905914777713016,-0.019685675071030327,-0.025082395998542756,-0.012068166213485476,-0.029274479174812445,-0.027167947272451448,-0.016887106860000157,-0.027615167032973266,-0.029420126234814863,0.0031201273362436777,0.01631222235641127,-0.0022246950221110513,-0.012316593405587098,-0.007662872745569137
2024-10-10 00:00:00+00:00,0.0,-0.022714664582532167,0.0038744721075584933,0.007458083047203916,-0.01198674672952604,-0.005119452832531935,-0.01785344425278983,0.01210339586883753,0.013700333895280761,0.004405293467916197,0.006735419496232244,0.0028449521322313448,-0.004188975173670623,0.015873349156290163,-0.0021554829440484564,-0.010648393757035298,0.10901487518254209,0.004444451760423976,0.011374530217685992,0.0
2024-10-11 00:00:00+00:00,0.03501008504274455,0.03399828218455917,0.05966879461182812,0.012307847674596773,0.017055358472274167,0.03603669892744918,0.04373390659113448,0.02377598654853254,0.028950510578407626,0.021202207650602906,0.02196943305546825,0.03260652156686409,0.019400146545791388,0.05178529931752457,0.04569251374378298,0.00627748451913903,-0.03020698964574012,0.01758287055786688,0.01552448648217102,0.04952249668110739
2024-10-12 00:00:00+00:00,0.004255929249868215,0.01600034134644134,0.04243817413690537,0.006705297905661374,0.0052164959188911505,0.010596362001929363,0.00549179863268112,0.008118478210103135,-0.0016799667957845242,0.009636048865064731,0.015012792389185134,0.009124150889609193,0.00925862271432914,-0.008446788841968712,0.005960350601976317,0.016754968437617968,0.029099774179240444,0.0021762794225954484,0.0009275578069724683,0.014535139619113005
2024-10-13 00:00:00+00:00,-0.013109335643884357,-0.001611603894341644,0.01455831604969189,-0.024290202681101925,-0.007660204588291888,-0.0053332935199566596,0.0001795493316610115,-0.01027856545346871,-0.00823049913651548,-0.011790061544973229,-0.003029134969148349,-0.023898196160916808,-0.02122379077260239,-0.018069916300670882,0.009111370573380479,0.000615195343917888,-0.05594271379442519,-0.016438726343159835,-0.013440560740857645,-0.008695706967553708
2024-10-14 00:00:00+00:00,0.0440525709285975,0.03975229817510222,0.0003440564286478494,0.14004607364571645,0.02910736791163175,0.04985708823410627,0.046393518324832225,0.05059627112922856,0.04475576014119443,0.04994467651625687,0.06312723739912225,0.04812549149624104,0.030846478164749818,0.03766923709311456,0.06454275153338805,-0.012376395601048975,0.05729581074728802,0.0315414945289164,0.029991140807679183,0.028696373674223338
2024-10-15 00:00:00+00:00,-0.014376802782481034,-0.006665210189399087,-0.030030189556879593,-0.04114897798795305,0.0091247676031948,0.014872066015212413,0.006747260512403464,0.006375249279480011,-0.010183387390698826,-0.007205383721270224,-0.008546603615558845,0.014958483930335824,0.058695131299186035,-0.012087548381381647,-0.018121193801667743,-0.011271252699625884,-0.03642683233690116,-0.00429185208154092,-0.012110239746149684,-0.008522778861982626
2024-10-16 00:00:00+00:00,-0.019685675071030213,-0.010982963701243974,-0.006757984105044023,0.030267477800418902,0.010707815209045643,0.008105370403983361,0.06786864427467051,-0.021101700413186625,-0.003691554643428755,0.001032524614189184,0.0014141970083359115,-0.018510885534703526,-0.01120976619402873,-0.006569709223161073,-0.0031063964922850907,0.008153071189633633,-0.035423749212930365,0.02757332690409977,0.011927841204832335,-0.012921931416920562
2024-10-17 00:00:00+00:00,-0.025601858547199714,-0.030201334517078487,-0.02566560542324731,0.011152026362591229,-0.013402780626560229,-0.0029358340463448997,0.03085601095570314,-0.028449079778339156,-0.0165738204409453,-0.01769957709940086,-0.002031858698996803,-0.018860011200133992,0.038078508574504365,-0.022858138076050097,-0.024806049151096583,-0.004381853646554368,-0.03003309248302914,-0.006295928456814812,-0.007507130376805753,-0.021914682705394376
2024-10-18 00:00:00+00:00,0.021617789532325227,0.0108583716739476,0.028516640854086433,-0.006512913116964576,0.010569681489687862,0.014813986471420449,0.0561553660339267,0.027521435927030893,0.010390783430474232,0.016667052485211643,0.01386081943641187,0.039987557626009265,0.004249201102584248,0.01813892214440374,0.029074861014826137,-0.005662173038779266,0.016067313854251707,0.01773651085870773,0.0044012541247134655,0.02480068759452927
2024-10-19 00:00:00+00:00,0.0017094021256488796,0.025857643864324566,0.0,-0.010950013598465386,-0.0025064763728012006,-0.0007309621248523259,0.049151164978662024,0.027913045329326418,0.013756504793064107,0.0275106498820158,0.0022796147004131985,-0.00524018666355627,0.024188734217949405,0.00754009227328786,0.030822507947540594,-0.011421443955360112,-0.02002231389537711,0.0020661164374719087,-0.004585060760650485,0.0
2024-10-20 00:00:00+00:00,0.037982784170620565,0.049791944010865556,0.03014599117781546,0.018003759611251897,0.01362600012073467,0.00951888488044817,-0.01348680517463267,0.03262968422997553,0.026362327536615278,0.01496287267671232,0.03659647963870094,0.04787238845943921,-0.00804293879946041,0.02960438213170479,0.04652570490407798,0.0,0.058645267598112276,0.0030911925696728796,0.0076909370127426525,0.024200469296436468
2024-10-21 00:00:00+00:00,-0.011022431793659106,0.0425418611011442,-0.04267972732507212,-0.017178336535084403,-0.01178730340547009,-0.02425888605349007,0.010706515623878636,-0.04511707546620015,-0.026770241064604666,-0.039379141543980145,-0.02963489062861841,-0.022795415077677225,-0.04867576963602011,-0.038090996009023464,-0.007374797342252887,0.010790330018350312,0.0041152321451065794,-0.019740900806236902,-0.0060378922796326855,-0.024200469296436343
2024-10-22 00:00:00+00:00,0.009925639799969998,-0.023131969043794453,-0.003971841292974329,-0.017478597273959673,-0.00838509021581389,0.0007195659176902162,-0.028021736759711608,-0.012645300124064012,-0.012521974148363625,-0.018187043250851197,-0.016595490814311574,0.021960341960255834,-0.010368674670042126,-0.009514819641338507,0.008509159683659855,0.011923580235181686,0.026093944084392733,0.0,-0.020393736082912176,-0.014514042884253847
2024-10-23 00:00:00+00:00,-0.0414509073793826,-0.03530028439253395,-0.03272952555745358,-0.026085970211970837,-0.01510166988067931,-0.01129587277243706,0.0019308476696384886,-0.026255610390404166,-0.032115258682845815,-0.022806610354882538,-0.03815966676698236,-0.05583244679484496,0.0,-0.03403342560439695,0.019265458164518676,0.0,-0.017786656230942055,-0.009488737508701458,-0.015287643210359655,-0.03269236168554228
2024-10-24 00:00:00+00:00,-0.009192825439372325,0.04858399985574428,0.002986191095517252,0.055321367293335394,0.01627982368185647,0.02268451715263484,0.013553515972866552,-0.0009505704137819246,0.012928017292273336,0.012263550123013832,0.004430460785638904,0.02615667864872826,0.016145372664395623,0.00296296513065727,0.03643662460867724,0.02647122862746215,0.023272954281397636,0.02407232930779352,0.011722577045863424,0.010518504191220317
2024-10-25 00:00:00+00:00,-0.06067873583468445,-0.09397087089346838,-0.07344876690206621,-0.05245274799973822,-0.0328290722615888,-0.022239429463163648,-0.07513862605918878,-0.05121821649420107,-0.07111587068079502,-0.033408279351958406,-0.03826495074970141,-0.04308358613631156,-0.03342690873870794,-0.07365290957476545,-0.07188337360442476,-0.012225091129259267,-0.07888280696354484,-0.03472205722445164,-0.057645042618159864,-0.06643368902812996
2024-10-26 00:00:00+00:00,0.023038302962054814,-0.009787263741631205,0.019070899796606325,-0.003155934336516085,0.01398141356437342,0.005896224370562871,0.04356270763709632,0.009712440935605119,0.005186616655815102,-0.0010964913379288583,0.017018039738213687,-0.010840214552864946,-0.005389278210367231,-0.0021253993123134776,0.03562232620627667,0.0158636639731677,0.0014789918662361768,0.008528836347520502,0.02205682171355541,0.00795549144111468
2024-10-27 00:00:00+00:00,0.01840907094474197,0.01858199852088375,0.014068227332200962,0.011996716287631286,0.009892627154854203,0.013750632418520554,0.04821151559219791,0.022786726457349585,0.016728392770463365,0.009825406554414858,0.010135729647841258,-0.0018181823190585162,0.037128897459909486,0.01687803778735173,0.03309559339552217,-0.007290433262679344,0.012152115892075757,0.0010610080570943254,0.006600684031352093,0.01259859183632173
2024-10-28 00:00:00+00:00,0.011117727153717966,0.000673325129242891,0.01845496437335912,0.036519737739131024,0.019995625456641082,0.02812846721520796,0.11264020689134278,0.0009685230781305052,0.010561154268666259,0.031544983921453974,0.023518998337260344,0.017140699311422977,-0.003665589893206981,0.01556855523992368,0.009354288879326792,0.0012187691941294254,0.032515758707401775,0.0010598835120432524,0.005210858070889774,0.01398624197473987
2024-10-29 00:00:00+00:00,0.03544240642794397,0.01779010671740801,0.023716526617316065,0.05537746946895389,0.008613603032568532,0.03888698282937757,0.0854307899839867,0.014654916931233471,0.025284977504469654,0.022379284222908177,0.027399395255018,0.053973063744666004,0.04393578570463387,0.05216829766030143,0.0063179880844584,0.01270818918055402,0.01946750200532044,0.02407232930779352,0.01698676210888813,0.04525659158812086
2024-10-30 00:00:00+00:00,-0.003093800808316398,-0.018238939759054197,-0.026386755173194887,-0.045570798667560794,-0.01780561226783094,-0.005399473668343945,-0.044058965228535744,-0.00047709924569106415,-0.01505081087980544,0.0010288066751064535,0.007697296775859888,0.04879016416943205,-0.030467568653767253,-0.018747465699952073,-0.025686585405569246,0.01728806097324077,0.02218159480168385,-0.020899402267215997,-0.010463331454085236,-0.025393448088709362
2024-10-31 00:00:00+00:00,-0.0378920187939252,-0.05017158927835051,-0.04492065503807101,-0.027481806449068325,-0.03242051560555216,-0.02878461169591104,-0.0402576185120473,-0.05694790081894081,-0.0449737989183883,-0.04468548934529961,-0.054314403100932634,-0.08239953176706687,-0.03444950479614175,-0.05213239659747235,-0.03598012975334807,-0.0047393453638965586,-0.06386501535035245,-0.02458702154439416,-0.025960388531305556,-0.04803402046610793
2024-11-01 00:00:00+00:00,0.044909591452571805,-0.014741113341603393,-0.010038229242686408,-0.026254154372181034,-0.006088563646609982,-0.011388795745506882,-0.015461654651545125,-0.012965733943457293,-0.0150687782807553,-0.007555351644449502,-0.002830959525723158,-0.014122035223555146,0.013467252249707268,-0.01906837436551507,-0.01547269435297089,-0.005955943752851427,-0.008045944612614578,0.008620743043907175,0.0070409052851398025,-0.003179652917379684
2024-11-02 00:00:00+00:00,-0.02635833479997363,-0.017883511892896584,-0.026995504342011752,0.011659452430054515,-0.007883022340792325,-0.0017465165389545408,0.0024473671655245266,0.0,-0.014365399956911842,-0.018589928459872836,-0.006896138178868885,-0.005347606326595353,-0.015344102580482393,-0.007514796502486499,0.00042134409387303064,-0.0077961414361257374,-0.021281670481905417,-0.0064585800394118195,-0.0054719698779933795,-0.007993647680745586
2024-11-03 00:00:00+00:00,-0.04133667797137781,-0.030703080184368656,-0.024340270026854093,-0.03920940419828506,-0.019356015821391365,-0.008668122839253566,-0.05249806410046515,-0.03224408299090444,-0.030326891779242617,-0.017817843316793786,-0.014741904629285514,-0.039184967590195456,-0.034399981631671385,-0.02399242674322108,-0.022148760598037623,-0.006038665693166824,-0.04779633999449775,-0.02183492860320007,-0.014408617970186556,-0.03928492067200384
2024-11-04 00:00:00+00:00,-0.023623145763436056,-0.015201711541859368,-0.03545550797918008,-0.03257422321023511,-0.009367750003600272,-0.013555167807772158,0.04412718096946295,-0.008492620045653588,-0.015515462760234522,-0.011299555253933282,-0.024515533959114086,-0.047582714991014866,-0.01963512711632362,-0.026847250036188052,-0.02858407286699046,-0.013414835318082933,-0.03803509585528349,0.005503591216978909,0.0009935420588777356,-0.010067199117723856
2024-11-05 00:00:00+00:00,0.022125466885316768,0.07023454773911447,0.05439148299865268,0.0407733906659599,0.01919912697611286,0.02218393837390412,0.07175314219742801,0.027081975871314584,0.035756658632224714,0.0346209897877061,0.010098078656152792,0.05406722127027579,-0.0025964123024443705,0.04868217863938806,0.05343724329866906,-0.016713480973740442,0.05895841759868478,0.024933540968884164,0.02063955329654836,0.03642786880879243
2024-11-06 00:00:00+00:00,0.08446016378025899,0.07073655109177827,0.11857009095292104,0.09851297770884848,0.050225627103394385,0.08560223984821512,0.1447192364560451,0.06429530090044853,0.07053184068153892,0.07759100081922207,0.11649843968337495,0.1166538459865365,0.0824513706208178,0.08087306560549506,0.11319792586239448,0.014254967135533255,0.25519792830730376,0.03781963326858595,0.052673664195829445,0.0584222941201352
2024-11-07 00:00:00+00:00,0.11318109472301445,0.004204011059489781,0.01360565205577846,-0.0023812684886437615,0.010147254597341523,0.0037760095920657505,-0.016525908560517562,0.012569660297097097,0.0243067522241615,0.029031067812874317,0.06182830263713826,0.03392894105681989,0.006177192181874119,0.02653718376528561,0.05098508461486104,-0.014879381767123273,-0.04255961441879601,0.05124174666723708,0.025151681229193947,0.007639456557957626
2024-11-08 00:00:00+00:00,0.08981596852878554,0.04088381641140658,0.049867881598918924,-0.001325381241068682,-0.000735736773205696,0.00855685431952021,0.04418623183409111,0.03817617217100417,0.017428708965380568,0.00884092202490216,0.022632863127550862,0.08376279124410163,0.018443287808137365,0.0038722216825094846,0.017668304133313897,0.004984433995668557,-0.005294295666845217,-0.008853968317254686,-0.0034255870512672165,0.02108511848707139
2024-11-09 00:00:00+00:00,0.11058632459665407,0.01598015502670922,0.05344525106820734,0.07164187965852839,0.04391779641916568,0.0021892171563324633,0.08049583300852027,0.06814472771430008,0.02681794643623858,0.062090539498931265,0.054041098393057894,0.006552626285154984,0.016353594220294223,0.03044954560228401,0.00020013008522283156,0.007430374743293028,0.043105358102185,0.009832920916238833,0.010062977998620966,0.023565155250667533
2024-11-10 00:00:00+00:00,0.17230579194981815,0.09428564786884197,0.049166528494537114,0.08583784916896248,0.004265216252101706,0.04703330369431591,0.23821442895925574,0.12395545172188654,0.17218488379384225,0.05628998130599467,0.018068713372695295,0.033538641129146986,0.034541159644840454,0.07317032557775849,0.0496735932650337,0.011043057008153537,-0.003467710453695508,0.058896411235941824,0.050720986899740174,0.04552706549869731
2024-11-11 00:00:00+00:00,0.038399132934535965,0.07230300325063352,0.11313828058439084,0.06852444847730595,0.05020635379471575,0.09803226217915882,0.23498190539303815,0.08570670384788974,0.005338857079778973,0.05698946434337829,0.05749432156742296,0.04527522206198761,0.04406561832980648,0.07304967218256572,0.055821987561942114,0.02292018307937919,0.01294237220074478,0.05649193512977911,0.053440884692324546,0.04487496622879328
2024-11-12 00:00:00+00:00,-0.0714770840274456,-0.06511553141612005,-0.050247400163210505,-0.08912957307922137,-0.053399561368085796,-0.007882034011635572,0.07796509906811942,-0.07300390719795782,-0.012270092591814583,-0.0687877222401555,-0.038638961114455625,-0.0665526205092725,-0.042630242602187,-0.07217897121332185,-0.04837607803360012,0.11053494062087962,-0.04269007634739469,0.15850040395372408,0.12593048273843532,-0.01608613775162438
2024-11-13 00:00:00+00:00,0.012878702193959111,-0.035488523235134586,-0.02504603192608769,0.01629036827692371,-0.007463859178164971,0.027178568661184198,0.049260164084083805,-0.04528275788540804,-0.04826865177169276,-0.029440127964933577,-0.01761524394286781,-0.03427240278321362,-0.017096681553157394,-0.023779191766114063,0.016355778526662364,-0.056561876876213696,-0.03574654928487894,-0.07892725858967073,-0.02037665565530184,-0.010869672236903879
2024-11-14 00:00:00+00:00,0.00155507590733408,-0.03335627887431259,-0.05939877323437074,-0.05713163971981152,0.002606640359888906,-0.03432634643790914,-0.09590178899854165,-0.060538384651859414,0.0010942915554871054,-0.013215047636982396,-0.041101017450192553,-0.03625774802262425,0.0886680487843242,-0.011654098732274711,-0.0261846841307417,-0.0028288562004777137,-0.05356510658445927,0.0548297070106103,0.11465324363634405,-0.03051554392595049
2024-11-15 00:00:00+00:00,0.19952425753868833,0.060327669142569484,0.05970066002911644,0.03922071315328133,-0.004719459177388657,0.041568314974823425,0.05097603768973882,0.07773638523389632,0.06526738414359902,0.05314936898004677,0.01014510647198041,0.06261359272798668,0.015896288487495032,0.04582299434752452,0.04149934296559328,0.0799991242439496,0.046586711202996865,0.10482683669117035,0.1426353785550799,0.05213800793911628
2024-11-16 00:00:00+00:00,0.04763791564145042,0.15156771777455064,0.05890086644714648,0.06741609612896358,0.005345970254195434,-0.004902030249246929,-0.0463802263669863,0.11448366342511178,0.1397025440798722,0.15072719137573762,0.013775190182858242,0.047964059207126424,0.13104922259253124,0.1076833970739661,-0.012622242390819386,0.04599686626381924,0.0579297212441725,0.4152546000615316,0.22819689033288534,0.14994014729091487
2024-11-17 00:00:00+00:00,-0.054022274419918755,-0.07300286090223393,-0.012312252885256192,-0.06394668129236217,-0.006105093906663155,-0.008101554091419313,0.00774020958348052,-0.06478047195360717,-0.08811899127492405,-0.03386285123642661,-0.018319465689832976,-0.05230874381113754,-0.09008386917302695,-0.06965600148472662,0.09610638670008557,-0.004505639662371079,-0.03679607483592616,-0.11665091734232529,-0.06125489444414565,-0.09151990363054402
2024-11-18 00:00:00+00:00,0.04167560105949569,0.12813555744086155,0.021941327567683713,0.04381911491939979,4.8471922648210644e-05,0.006744588166355547,0.011081571601844193,0.1022583638237391,0.09654787666769575,0.045393572260362114,0.04195529227774299,0.10201676027079853,0.02290089878518473,0.07351551997690464,0.009722240599326389,0.014446079367621902,0.054590332894380665,0.16572153498528594,0.05481076581615043,0.39490088562542863
2024-11-19 00:00:00+00:00,0.008428543643469682,-0.032841351949841356,-0.036743513372819156,-0.012676695944935168,-0.005557235043455809,0.02020817024435305,0.051310808312805566,-0.03437229931197881,-0.04118405878141118,-0.03308572458576533,-0.03178610783031856,-0.04284457153467849,-0.028882053031960273,-0.014746095685192738,-0.009048698161739362,-0.013443070256452742,0.0168449881900896,-0.0012950573793625826,-0.012104935523187357,-0.11132559512630133
2024-11-20 00:00:00+00:00,0.08009477283830832,-0.01011488113203664,-0.01799724044435811,-0.015563638840371624,-0.016562067177938677,0.021177619537080205,-0.033551198251981995,-0.014051753455650302,-0.04407519615471303,-0.030664152977807422,-0.012131446526433241,-0.026335548337802637,-0.038814704215507645,-0.03987769201280785,-0.009088857984237447,-0.02435432395176419,-0.064261934218369,0.06642658643209882,0.0034476535692242577,0.004737100284269296
2024-11-21 00:00:00+00:00,0.026510399076308856,0.03550856483194086,0.0648361844825284,0.09636358332426316,0.02684210857236623,0.04185951709945262,0.023182011933155063,0.035356351315429586,0.06847959032593254,0.074783457684613,0.08902538242000183,0.04463494071208798,0.07094187843019696,0.07596606117977305,0.08499572936068567,0.019329187749091044,0.04784965914623849,0.05886359711154659,0.12171014323494514,-0.0009456265480071773
2024-11-22 00:00:00+00:00,0.2136068608674408,0.1619736944490219,0.18608122146065634,0.012514267326480692,0.0177554351252404,0.005830172847894076,0.06539650957100622,0.11158059118813698,0.10805230732353781,0.042254764250291774,-0.008387756979741928,0.10690398474255394,0.02960977967970054,0.04353324787563112,0.0020651905950916133,0.03124479303810759,0.07177219111912497,0.2587813996321362,0.1662888792545799,0.06412452816953877
2024-11-23 00:00:00+00:00,0.04637705254593183,0.08538754272782516,-0.04089921161615862,0.039181505923463145,0.027147885924146638,-0.012409323871574746,0.04124344795952214,0.25022450991688056,0.026395855714222247,0.03851920488179106,0.01967723407217556,0.047726288398774463,0.07619751360199888,0.038942973948607545,-0.007854824574334979,0.034552381506659735,0.0773598908142288,0.42863291600055786,-0.0027880742959416963,0.021071894682106414
2024-11-24 00:00:00+00:00,-0.04137728721678312,0.06291827455132891,0.01485057232332621,0.009948389861263073,0.014091083261462686,0.002327936418892903,0.000185964341873581,0.03575928870470869,0.10738752128860247,-0.027361488011137844,-0.009684596004898337,0.030039096235374433,-0.0262717482162221,0.06713930283762852,-0.008510354346510644,-0.016647233433156283,0.015347934407787141,0.027222853099230764,-0.024401541574648862,0.20437600933130468
2024-11-25 00:00:00+00:00,-0.08050731783729397,-0.10020968134036248,-0.017992568865880524,-0.04627973098884985,-0.03619641201474182,-0.051239836346874276,-0.09142678788668403,-0.06955960428761203,-0.05971380804425323,0.031737862610936786,0.01573008765630806,-0.032343244720224686,-0.04927521781865054,-0.07271034788708394,-0.07623167477441364,-0.06233471628836107,0.020793412713967337,-0.10718571216568382,-0.013275929893885464,-0.12667514475406264
2024-11-26 00:00:00+00:00,0.017649370835322108,0.01117189803325477,0.03356259324326614,0.0006096941556613104,-0.0363164153784195,-0.011297312096130885,-0.014339277871824105,-0.02049528695457632,-0.006385797697130636,-0.04957986118525991,-0.02663967292507817,0.0,0.006051455683355061,-0.013356964836063492,-0.015015232517584834,-0.007686432924156406,-0.02308983589741277,-0.09396170182393736,-0.011235274268869281,-0.036010437523033054
2024-11-27 00:00:00+00:00,0.05204277915188303,0.03820716953097856,0.024509897442777623,0.049931131794973174,0.04871952984601154,0.04151142667791282,0.03523296482682728,0.047342536990764315,0.04145990180423499,0.14955134392890113,0.09423692640189818,0.07336622406680203,0.046417172008536,0.06705657958821204,0.04769760533571974,0.03388440475226763,0.21853482345896774,0.09727776703880074,0.04966152899964475,0.05590763193829587
2024-11-28 00:00:00+00:00,0.020062325776077423,-0.01257421959759521,-0.023340169855899522,-0.012251003977694828,0.014931285046687004,-0.002288480239917697,0.0016697198999697182,0.018628621411956564,-0.018610279856667713,-0.030553217481174004,-0.020600639750357863,-0.039906907802156236,-0.0175342978597499,-0.02072959551457876,-0.01822592417801664,0.010388418925720523,-0.05859416426605282,0.034370439592480276,0.048154868962694775,0.00784933386445504
2024-11-29 00:00:00+00:00,0.04119010813589696,0.0653442555776592,0.047709606853244865,0.01398895942142689,0.0012839130537107538,0.01880928130380514,0.0598274914434166,0.046604431424916354,0.15871797652969635,0.0009397024967143727,0.003742857528017959,0.017141697029143723,0.09222246340305765,0.0596702714974605,0.02387204768966619,0.005888142625222532,-0.014763620305599676,0.09090223838545912,0.15497481881076566,0.06727129660365316
2024-11-30 00:00:00+00:00,0.0032490165503500567,-0.023175073047403197,-0.0011152002940104915,0.014556855399637731,-0.0018958800877873273,-0.010852955416106586,-0.011227062593783553,-0.009014584444126898,-0.01594458571827618,0.023515935116341414,0.030537707609040697,0.0408219945202552,-0.019565946325751777,0.018916074741093483,-0.023829959261873247,0.0024431969153046323,0.01648627361704588,-0.042702488570723576,0.08037587442657651,0.20007243041289782
2024-12-01 00:00:00+00:00,0.0633793695066805,0.03821975475311356,0.006229163634941236,0.011532408746346024,0.003910133130214479,0.008029148706736931,0.0437399343286523,0.03773618744470129,0.16053185812181603,0.01878273939543411,0.0010821445867332416,-0.004219415542708099,0.15153316886521187,0.019790379973750126,-0.0033726844786391187,0.01116245514047395,0.021516192620194916,0.06597823487137273,0.16167041709921695,-0.004799049402466033
2024-12-02 00:00:00+00:00,0.04473915584024651,0.07158671275854349,0.1477621002918376,0.011772536225267194,-0.012532664938356464,-0.013931627244584067,-0.03672003951667942,0.07485358403196293,0.009383809722086356,0.01637184953103828,-0.017464663200909804,0.2878141990292341,0.10608797997517407,0.09958760765210387,-0.047920609908911296,0.06447819113242485,0.07000308080862457,-0.03891400078644546,0.17211869082298306,-0.013317388102836737
2024-12-03 00:00:00+00:00,-0.00902412541047449,0.0008357710473961571,-0.026559669168353454,0.08422093708019025,0.12576770331816262,9.463180488125695e-05,-0.04393586554613565,-0.02334500439062064,0.151234120838788,0.02478622296246915,-0.007966500888801449,-0.046236946026186374,-0.015465398075880075,0.36896058451415953,0.035683883460474276,0.6734983875845059,0.07639502634115442,-0.06255026477560642,-0.08192249379680716,0.044690188957816616
2024-12-04 00:00:00+00:00,-0.0036157281350987468,0.03640120966554936,0.0358904042926367,-0.003249810437356399,0.00663426597404909,0.028161417666881416,0.06299605926629394,0.07217797769552874,0.025232881966381383,0.08234420466181587,0.059942985664728034,-0.0008305648317993432,0.02116641119140339,-0.16914693833438527,-0.02060236560628058,-0.27075190371533486,0.036051057632608643,-0.034950333754557625,-0.06280311443387669,0.002909516163631979
2024-12-05 00:00:00+00:00,-0.023352007096830805,-0.03692348470745201,-0.04774825074342031,0.008359683589627008,-0.030799548390786607,-0.01679234704122157,-0.013774707073458776,-0.0136968761661137,0.01886637368914903,-0.05703359716427878,-0.013800560101564462,-0.038971471262737596,0.015512241878469965,-0.04408043714109028,0.028776798045838648,-0.025426396565531754,-0.042287808209401465,-0.03812564656350849,-0.049031985210313565,-0.043343085742122464
2024-12-06 00:00:00+00:00,0.05706259903073838,0.08239480939251527,0.042236500592926836,0.04971202445159679,0.01813055771414606,0.028424916087496886,0.01822474381491593,0.028896602355686758,0.010215794573405807,0.0720398021479247,0.05491309555730834,0.1110892156656947,0.0011041184736554819,0.0206580116204222,0.004357858433518819,0.009879672827231834,0.15590810778569925,0.051325147777019305,0.0775928109290199,0.06290642543054907
2024-12-07 00:00:00+00:00,-0.014355687248837953,-0.02119877127762588,-0.016719905211103298,-0.017942089529351477,0.026353944888109045,0.0009134510578209996,0.04088548895002045,-0.007618188737175416,-0.017109561914195572,-0.02835753815850998,-0.0006629068833607846,-0.042643650150838645,-0.015868640861628716,-0.014981553615616946,0.005347268588538437,-0.020798514732564034,0.028131329234555955,0.01620845889198178,0.07319176389531162,0.02086345763490967
2024-12-08 00:00:00+00:00,-0.013894312295061703,-0.0047286069785107505,0.04509193510234137,0.023905520853554386,-0.010350560323403845,0.012716305068205409,0.02946381372211143,-0.019062719826354074,-0.01884652396121975,-0.0032310205814466432,0.001982408962845158,0.05111175310153802,0.008336482965197812,0.0037664827954768648,-0.004714210262726297,-0.001569612628012608,0.029460425273287176,-0.021467370688429528,-0.003300586355262604,-0.021433420602747496
2024-12-09 00:00:00+00:00,-0.17357971739934377,-0.1875688338206439,-0.18150677211127222,-0.12078045288161492,-0.07383224819519106,-0.03864784755258232,-0.11899799020481415,-0.2047419260956796,-0.22318145091816347,-0.16786347361872467,-0.07576050836477918,-0.15921009053638777,-0.2001355023887721,-0.2157694908614948,-0.0899536966291027,-0.1912206025522116,-0.14906533990808002,-0.18382339378194,-0.16193342093070154,-0.19934128685310337
2024-12-10 00:00:00+00:00,0.017877902207524173,-0.0555970786164302,-0.009372976452567811,-0.06614755140904359,-0.01814118668017592,-0.007050855728157901,-0.04979059197196966,-0.008658062743114654,-0.012394095160932005,-0.03770352336018223,-0.022820376555618988,-0.005859831958115126,-0.005811857986523419,-0.015868684444137863,-0.014085722045160193,0.024423532240427825,-0.04930823906468682,0.06189977583151648,0.06919173075851613,-0.011900735483718566
2024-12-11 00:00:00+00:00,0.06196546329451586,0.10532273632689373,0.08321119083126625,0.05722298620945402,0.04959193655123726,0.04585110055392514,0.04976643884111881,0.06881020640287441,0.04520225668132584,0.1037361430873657,0.05458683804756234,0.08448407514084649,0.06607422658399949,0.07474250336221999,0.06212162808402803,0.046418775442450204,0.11768105356143704,-0.0032124855530224596,0.009737747460893906,0.04003295091284061
2024-12-12 00:00:00+00:00,0.03285512041679775,0.014068095387915584,0.09198489047438291,-0.011962965895122187,-0.007678339464354358,-0.011144290310743151,-0.01929022297140298,0.00753299230754501,0.0077636595828934965,0.009805456664320901,0.012912739605591311,0.19080231917636253,0.01640351315044084,0.01905856760767804,-0.001452944669471963,0.0507793423510004,0.031888921013951486,-0.023486720802217562,-0.023540442542896996,0.0
2024-12-13 00:00:00+00:00,-0.0016039925021553744,0.02766473886713689,-0.006797609256489477,0.004433777815769067,0.027874860123065972,0.014099129370686553,0.007115546755854391,0.003085401896709726,0.008606294910849738,0.0056022555486697516,0.006468608569695954,-0.004817628037779134,0.04332807676353679,0.013394253287664823,-0.009607157456266889,-0.02144763063353153,-0.01278244928692467,0.029901404882935946,0.03500283806941984,-0.0013540963477292579
2024-12-14 00:00:00+00:00,-0.05527686685285192,-0.025097629917873662,-0.057113834667330686,-0.015792246454419755,-0.013777437650412278,-4.190407172619906e-05,-0.026584330101775282,-0.06101665596281517,-0.06243597628467757,-0.04357005788476446,-0.00938918495649458,0.004474280394921107,-0.05200364181112189,-0.05244238155032496,-0.021857319140724054,-0.028977415876739035,-0.04323103075943522,-0.031549821599073484,-0.008792723895460918,-0.04716546844243012
2024-12-15 00:00:00+00:00,0.03573461767710743,0.015375558694720503,0.018090146438339474,0.022589370079409827,0.004293706846060182,0.02957210835064263,0.020650031176150784,0.05428262378147099,0.03805677299250097,0.037080359591858895,0.022684761244299443,0.0047961722634930135,0.02423651977067359,0.0358066343384892,0.019541369234592747,0.011621895205985748,0.01910001001802113,0.014274256639295423,0.01914486826964381,0.06595796779179758
2024-12-16 00:00:00+00:00,-0.020302934313187793,-0.024783176515528738,-0.035696591322165225,-0.014940792544230669,0.002375908582311503,0.015149918553743596,-0.01147760392206455,-0.03059167929467281,-0.04344814062947147,-0.017313865337543286,0.006834229836600995,-0.018279522600780057,-0.026099348421131298,-0.03077165866675366,-0.03669303247182461,0.03812929683134688,-0.05045206096038863,-0.027560335822476956,0.015088503651366542,-0.031062591941181685
2024-12-17 00:00:00+00:00,-0.02376033268119584,-0.03912619753450501,-0.021879097716827646,-0.01535610699665768,-0.004018722339322131,0.0007076596818099129,-0.019596155268052542,-0.031203598673076722,-0.0051294571699325615,-0.02161094605296343,-0.023665793377496414,-0.030749904639538608,0.06274120390449874,-0.039845908547199785,0.03168654040890594,-0.05936151693712094,0.0005542725315112649,0.024768337731445687,0.032944342089838145,-0.008264509849893424
2024-12-18 00:00:00+00:00,-0.08330310157068113,-0.11010430811218602,-0.11346225015293436,-0.09806921929288787,-0.044606310720490754,-0.057491789143001994,-0.09552839465547254,-0.10004625063913326,-0.13461317850869783,-0.1002454149910559,-0.0708319205483303,-0.11393188226909459,-0.14797435103395845,-0.10716883441460992,-0.07739851077572038,-0.08001290363508703,-0.09250043793363738,-0.08076135664445858,-0.10547737676852942,-0.08437434400546472
2024-12-19 00:00:00+00:00,-0.09473189440437228,-0.11608623958263252,-0.09687755991068368,-0.09080328203366012,-0.030712473087621418,-0.02774708582409932,-0.1308233928174615,-0.10104347399095988,-0.09617645189012775,-0.09558232567619089,-0.05958481711713975,-0.08606104978626841,-0.08661710979719939,-0.09628026880521999,-0.06356738258690231,-0.026699662175021562,-0.15145289711598142,-0.06846978816949872,-0.0313480486145593,-0.10043994361809247
2024-12-20 00:00:00+00:00,0.07596374889105018,0.014564778294029532,0.02618017104107277,0.023652414692119858,0.019312915217642293,0.003519077229743537,0.011451472729793185,0.04905768966312016,0.02724701406744313,0.02658945418923965,0.016025379167371515,0.025109544299791026,0.020126214859034645,0.039768058541877524,0.003451032295211555,-0.01080226547293588,0.07206844508881356,0.014500791145255446,0.017839040666337326,0.03755543383422005
2024-12-21 00:00:00+00:00,-0.04841132845332148,-0.058349883062276724,-0.06316799393870506,0.015243860853366712,-0.02251807028149788,-0.005263536125710258,0.007801402455791767,-0.04445799778169313,-0.06181467312908332,-0.05275208385121043,-0.039143877434748564,-0.05537442653312945,0.0017739237922743797,-0.061351630209052065,-0.06934919634878861,-0.014995215118488593,-0.02165562621489114,-0.05198106680410947,-0.018285768393221463,0.0408219945202552
2024-12-22 00:00:00+00:00,-0.024377814596956315,-0.01856488962429916,-0.022977088684653722,-0.022841662765886235,-0.020895327951117575,-0.02188095438284901,-0.024644239751243007,-0.018965461683460784,-0.006855428651249574,-0.0019227077640205606,-0.017246207763233396,-0.0022619326540637415,-0.017681994403586348,0.016588912693083872,-0.005138558700278808,-0.0028624022815177553,0.037828876452123225,0.0008421053129220893,-0.015717150453351116,-0.036823588553559966
2024-12-23 00:00:00+00:00,0.04752800765630466,0.08253803024093806,0.0671499566061329,0.03331067877469396,0.06608402736771975,-0.0032072803231183965,0.03874447490948732,0.07637082942793014,0.07412617035028113,0.058675524356470034,0.04197885002231501,0.1060396328316351,0.06770922575731958,0.06373347614574919,0.05176127704473492,0.03381964823978638,0.0277411283630117,0.040148367010780873,0.026251283467246332,0.0797357049388009
2024-12-24 00:00:00+00:00,0.010095671613385005,0.013283063258472227,0.05327292401326717,0.020189689224539863,0.003939446959238787,0.039087452998785556,0.036646751863202466,0.022361512859856405,0.028798259439289126,0.014056818229892316,0.02043245246735483,0.03482441152077841,0.014689739792156948,0.031056344599091023,0.03605762520086761,0.014931515130124435,0.020843464832317825,0.08149303425118301,0.02708703386299572,0.053097119721581904
2024-12-25 00:00:00+00:00,-0.019640212616955026,-0.014865911275829367,-0.02454110891611766,-0.010473538082811028,0.008316590996583403,0.007733974670366026,-0.008251093085621681,-0.006642777183503969,-0.030100265896524443,-0.02244031912622653,0.0010929619495551213,-0.03931513145791344,0.013475933868358407,-0.03509131981127006,0.0017742635126199444,0.006220859875102312,-0.04779353925454222,-0.04992123837536922,-0.011469256450636244,0.008350779217419889
2024-12-26 00:00:00+00:00,-0.06355092411304136,-0.06823196947292283,-0.07531271093807994,-0.062277792449316326,-0.019136865358291472,-0.03727485759295436,-0.06675635473902918,-0.07902127980633586,-0.07614176295484672,-0.05453503850465153,-0.047417786322290045,-0.0747376554438433,-0.07161748508180375,-0.06687728266057584,-0.04654895793841273,-0.01680711831638129,-0.047475522974069144,-0.07650149670367273,-0.06352625053416384,-0.06810226730161852
2024-12-27 00:00:00+00:00,0.0184103692552164,-0.0024698993723170476,-0.020842546340543156,0.009105457856626559,0.0035475150326284076,-0.01570409519397809,-0.0028178052586248195,-0.0031787340737811426,0.003062789530545731,0.004627852455460995,-0.0004618688374630609,-0.05018001845848632,-0.016271746025104016,0.0043134502537193475,-0.02275508721852076,0.022218805277107456,0.006536707598462633,-0.013910799195074444,-0.004323074716537427,-0.003716094949014814
2024-12-28 00:00:00+00:00,0.014038496148553787,0.022163689054109835,0.031765793354454855,0.023071916000005365,0.04283600897106654,0.010558907393903796,0.03939212646881597,0.02895445797179956,0.029751770766008184,0.022070911118323412,0.02092540778964204,0.01928434416560468,0.0015895095736856665,0.05783569121091063,0.05942968386533102,-0.0038624999738966787,0.016488787118172196,0.018411510027288715,0.017410216021351135,0.06276852673071533
2024-12-29 00:00:00+00:00,-0.03489058512163441,-0.049742998924704004,-0.051655951833674434,-0.02806965470783518,-0.03871068578847809,-0.016524020398176582,-0.03143948079648528,-0.03548805653144383,-0.0403840364284198,-0.03953690916732897,-0.014058404920025682,-0.04797194511382829,-0.022384874449916558,-0.0535407669280298,-0.028852146610614058,-0.0023246814033599096,-0.04281907637303894,-0.05213563614731044,-0.042123792215413416,-0.06575137756278042
2024-12-30 00:00:00+00:00,0.0029061339837290613,0.009015482178622788,0.003620669600802688,0.011097384864552952,0.015213818480789692,-0.010144822242994745,-0.0012414255704571843,-0.02373167604015254,-0.003741698449657166,-0.003923112132471779,0.0015956373430380765,-0.018296129046938024,0.008994047794940634,-0.007168489478612516,0.007552747536310258,-0.01721482261804823,0.024231180604948152,-0.018803717738551023,-0.017096903238099006,0.011140107781047825
2024-12-31 00:00:00+00:00,-0.01922009241754783,-0.02567719412433302,-0.007254496101175383,-0.021628617726777974,-0.0043476476137968775,0.008412972329420844,0.0064766243282991555,-0.009140694496677843,0.0015499873937564657,-0.01504978900399929,-0.0071825277956856,-0.028087581810261327,0.03829163287585872,-0.02550229281093612,-0.010875097329298127,0.0055096558109697,-0.006172859107080856,0.002407464298502246,0.012022451255773926,-0.051526548674655684
2025-01-01 00:00:00+00:00,0.08730715622216863,0.056071842762449385,0.05634910046700648,0.03616213234294591,0.007857416288885874,0.010796745473918477,0.02848288876415222,0.05960578205379939,0.04726479852406732,0.029489064262600298,0.006748147479969488,0.08246164567269619,0.018799709633704826,0.058060016294368084,0.025914534455725575,0.004307819467734734,0.028730764500548494,0.24672856943494806,0.11297209594330251,0.061081931926384864
2025-01-02 00:00:00+00:00,0.04142038408970877,0.02324983953207941,0.03893562141290154,0.02455725246455065,-0.00224879699320992,0.02498347626229524,0.041568494031941426,0.017712017711031255,0.010531569297312344,0.04136427287727086,0.027962297453185226,0.015525426000306652,-0.000950660780789954,0.01794389070155427,0.06972693731827936,0.03532037012923674,0.05370801545886669,0.014687290478508341,0.029398974854781566,0.0007312614585463625
2025-01-03 00:00:00+00:00,0.12519986108726017,0.10232651914437628,0.06552454198750869,0.026080999460599344,0.012145413980130516,0.012189085912690157,0.11408814074762097,0.07732737080080261,0.12036493809978092,0.055670318327246816,0.04341713623585484,0.06192977469125069,0.06952535286268517,0.09952959534703307,0.0454218353815003,0.01905531223111864,0.0562424345767491,0.03635937885420989,0.021536316499853814,0.04920778789652904
2025-01-04 00:00:00+00:00,-0.017314445785349644,-0.017394106160660897,0.016318205303345216,0.010495478375021168,-0.0020584062326795246,0.00047170321374159335,0.03857355538371521,-0.009979993402975909,-0.027371973796607,-0.002816903271113492,0.013176828339608015,0.005097717071668801,-0.013397842423236652,-0.01434386925242851,-0.00607373145870815,-0.0018521953804142403,0.0041981039025941165,0.005119655033383382,-0.014195692557935949,-0.013310178986952198
2025-01-05 00:00:00+00:00,0.01887372149682877,0.006422103099893459,0.01119675798192415,-0.0168460500990548,-0.005791820506324187,0.001455967374787927,-0.03224965181197498,-0.0007818608686020502,0.0008876068484666224,-0.008143079162161311,-0.00572889881064915,-0.0008478169223396704,0.039753174277183854,0.002509411605425707,-0.015160260592736171,-0.026297533454190166,-0.007754014405704472,-0.021771704977539386,-0.0085901555302108,0.020935865853588833
2025-01-06 00:00:00+00:00,0.002105745799845741,0.015005350824914231,0.02157036362314519,0.02537089640306374,0.02798522809397998,0.03860903512357024,0.014335673752104908,0.012565746011864434,0.01737070942286439,0.019014657393513063,0.01405373621555297,0.010546396001425897,-0.01488731626230588,0.03448617607116919,0.0222885301010731,0.021465708406032635,-0.005424011181099866,0.0132989675581162,0.008548834069904436,0.0006903693750208544
2025-01-07 00:00:00+00:00,-0.10015085081363768,-0.09582017162866789,-0.1163935360779482,-0.10031231769518249,-0.04401626848844601,-0.05303702286757633,-0.1083388346799977,-0.10210457927103743,-0.11161679992063964,-0.10160831118978654,-0.08667195387993966,-0.10848938551375158,-0.10427932390397741,-0.11400688133164148,-0.07639480060071738,-0.06067119518113615,-0.1081870545152742,-0.06666049028359206,-0.0634592139919707,-0.1023744103035384
2025-01-08 00:00:00+00:00,-0.04380865800743231,-0.047012359694860444,-0.04645929438790274,-0.005738567337664492,-0.002840666453542927,-0.019728242676769096,-0.01651493423833464,-0.03688526166311369,-0.03232279403131507,-0.02502085178314692,-0.016105049519729974,-0.04496214026139538,-0.012637934553746613,-0.010914160180678518,-0.02347161423557316,-0.008348289391471161,-0.03099801640996344,0.018262098890963422,0.04388879113921108,0.012913206403178404
2025-01-09 00:00:00+00:00,-0.04570557280447907,-0.009954974108027792,-0.033413403084612124,-0.02919744948943269,-0.01527344006112007,-0.026738745131460816,-0.06424642240612369,-0.03018473774327426,-0.015730376369204914,-0.015157849051366445,-0.03302527736907786,-0.03941642702023357,0.007856271381018323,0.022381402196134912,-0.06555179511219913,-0.0419870108790363,-0.019319438668690583,-0.08379041879706209,-0.04344859216216819,-0.039250902288213894
2025-01-10 00:00:00+00:00,0.02812480993916317,0.038938088834283534,0.012899863251509222,0.06470146116859421,0.01121366079587633,0.02321373193383758,0.039340523852520154,0.026034124016961188,0.0197499773095181,0.03086909131651164,0.014751494709359207,0.029583506103994652,0.016781033004366668,0.015308119232655732,0.014652866626702456,0.017743399269043576,0.08016824456809785,0.0571158198669895,0.03000051590976785,0.007818648117797769
2025-01-11 00:00:00+00:00,0.06773800872973804,-0.005276261580893897,0.012466286105754124,-0.02042490485204112,0.0050219184475485176,-0.0013323046178590012,0.021687168634988093,0.0014843404833094645,0.009233906388851389,-0.004296042537776858,0.004821479079346203,-0.0014833130037350886,0.004127675646917612,0.010512580389086987,0.0021821867775477454,-0.014418375424271712,-0.021460984610649218,0.07350436255007492,0.09564403462716353,-0.003120127336243634
2025-01-12 00:00:00+00:00,-0.028323001617354182,-0.024016450671054575,-0.015470521603039404,0.015525117766408438,-0.004834402670431424,-0.0005808240981644022,-0.01562554867730886,-0.01645019897887515,-0.02235712311551357,-0.01141519972736831,-0.004741899504320375,-0.01847742955880298,-0.019833282043261232,-0.032550200118682364,0.0022304841961075634,-0.031186682536583004,-0.0010265435715957325,-0.05414197924137928,-0.028264034542803598,-0.018132148323415517
2025-01-13 00:00:00+00:00,-0.02437231667553892,-0.02730866500812487,-0.03535510889877059,-0.04544679763145756,-0.006801861272331652,-9.477411717486941e-05,0.006409707692152429,-0.036233622861286056,-0.030303395399005666,-0.026882260694243907,-0.0405344640637944,-0.025007682380935883,-0.039564723852279195,-0.03015992818877396,-0.030375537992279225,-0.047335742900943056,-0.05566208216000535,-0.006650855869909686,0.00739889607884187,-0.016847570572611242
2025-01-14 00:00:00+00:00,0.054401546438044894,-0.002070558994104042,0.03562859447411116,0.022867378225555773,0.014774724088811982,0.021191710994825055,0.05142491526931952,0.041197158658964284,0.03940701118535478,0.032409317796389565,0.027698788303026533,0.04891320323449017,0.04063899516024209,0.0348753293140124,0.025376591185708227,-0.008564397627057449,0.03213158474981134,0.025180763322411922,0.05553878758642892,0.02871010588243136
2025-01-15 00:00:00+00:00,0.07558959705838193,0.060774670582565235,0.0851410664747604,0.049887877015843185,0.022215589466563292,0.03995787586321273,0.0795260218448512,0.07233810764946326,0.090320349830229,0.06589095264634945,0.0676864337198248,0.08397198581342605,0.13245712131655957,0.08066286273217167,0.09304421702616351,0.07498064306674554,0.08822490104935318,0.1260376630485477,0.16407921576059867,0.059514127532407715
2025-01-16 00:00:00+00:00,0.012657812091819931,-0.010709808981132619,0.006009031601622088,0.003036878689747404,-0.009123624990957207,-0.005088181069371945,-0.023312425284291203,-0.0020957045742188815,0.06262489279017046,-0.015976561264636514,-0.042455821806418985,0.04122010530888676,0.06175056692493137,0.0,0.025325094463135276,-0.00420876042145735,-0.031079005439076716,-0.012783679246814676,0.032000225748551894,0.0029585820397452626
2025-01-17 00:00:00+00:00,0.039425500228401834,0.06757644065523796,0.03241934207972484,0.05826482149562803,0.01910734700235758,0.040092443843718385,0.09798926203115714,0.04819058385767534,0.06320094519285567,0.05678381185017754,0.04884126475735179,0.08567164654573693,0.09669029108946474,0.04899679708679104,0.03887636900249958,0.04776535773799916,0.06075396930028516,0.011963839069719895,0.014409867988631003,0.04618425361985248
2025-01-18 00:00:00+00:00,-0.02547623816783443,-0.0674247991354994,-0.052846228088979624,-0.04813651597228866,-0.01710398859188893,0.004589391046213007,-0.04643171931237742,-0.06326872480031838,-0.06363309731712645,-0.04820647043287387,-0.04894404962267318,-0.03942798851934623,-0.08876422581704407,-0.07093437380618023,0.1768322038241924,-0.026070722986878993,-0.055518355246340134,0.006132480379850718,-0.006857796729609102,-0.06406848587627326
2025-01-19 00:00:00+00:00,-0.10641735881499928,-0.11271628756889403,-0.09536113651660884,-0.08662161980341966,-0.037815679703300624,-0.0313270015419219,-0.10079934808025152,-0.11993286725184052,-0.12777443067664093,-0.057311327389479284,-0.028391425023029025,0.009079715700396434,-0.08163222121147043,-0.10902869132848145,-0.03713562655775609,-0.057765526793744616,-0.06441150923356244,-0.12463342796902227,-0.09994825490627801,-0.08632808348849726
2025-01-20 00:00:00+00:00,0.016380709860989395,0.030092541492944897,0.009761617048193361,0.007454029388929325,-0.0009958263984692645,0.009120676170877553,-0.010772096981911183,0.021223476374777072,0.010747538723581534,0.014444912493543483,0.021197509558280835,0.030348272818949838,0.025711431291871683,0.016123728203653983,-0.041371824755450606,0.041119283075961154,0.01767977123646853,0.03180640671405399,0.048360346400716604,0.015453743901840233
2025-01-21 00:00:00+00:00,-0.003572850168297667,0.027292142288007554,0.025213722634209065,0.03556335569476151,0.014112198822172036,0.03727627951194209,0.047397799370756714,0.03707261423884464,0.028973653672619094,0.04989697114462304,0.013171100661510199,0.06106997781559208,0.004459597613587817,0.01312626791421286,0.03305750535311045,0.026911166533474425,-0.001257815267012404,-0.011017536966608218,0.021819279070927598,-0.012997745941970116
2025-01-22 00:00:00+00:00,-0.02323463836948318,-0.006269613013595485,-0.004067802219325698,-0.025174251516106704,0.004770389451882939,-0.023228630058235156,-0.02412051384975449,-0.026782532796571397,-0.047363285548085506,-0.010750798634662188,-0.025857815117860245,-0.05273494246044844,-0.031816407064066174,-0.026427129035162273,0.027695835502626588,0.035316671924899935,-0.04675625262753094,-0.03169764683644665,0.0020459238184197316,-0.034945319489810125
2025-01-23 00:00:00+00:00,0.004062156494739713,-0.01282172884452007,-0.03427643452918127,0.004354309618427978,-0.008345052254707648,0.001962075026061362,-0.030353254022040397,-0.015002625507645261,-0.011573771156377043,0.07846458301850899,0.029059258050247016,0.013739175883303912,0.008973313014846038,-0.003529830703524559,-0.016651706085125853,-0.0035552081689224067,-0.006225701042453104,0.005585306583957903,-0.019334856329436528,-0.008503452599644998
2025-01-24 00:00:00+00:00,-0.015833621557887187,0.01507688443945372,-0.006205943754153415,-0.012193870174764606,-0.013560370979447569,0.009197843721146091,-0.0034428339195285134,-0.004893072662071743,-0.0030086521378930925,-0.05780726418105501,-0.008459355832431204,-0.018493543000577352,0.0194792022218531,-0.027968836355846405,0.0010266941353610753,0.006311658033925666,-0.027381626780250436,0.0,-0.005948283699287615,-0.023327191657974266
2025-01-25 00:00:00+00:00,0.005544731322326222,-0.0033846434116633446,0.03530596024059435,0.030547166579156973,0.00870620416742591,-0.0011797688916675218,0.007581279124186903,0.0004745709177102122,0.010118130165584686,-0.012860732100223548,0.0026188530036542652,-0.009978131080734597,0.04295265204317068,0.015873349156290163,0.011926854865030211,-0.0035454045410353765,-0.030217716325254117,-0.03231032149517493,0.002287040569100648,0.008703275128301671
2025-01-26 00:00:00+00:00,-0.024462247973357828,-0.015620232984948005,-0.023771157992128207,-0.04641310835547431,-0.02811593342117552,-0.02051364123722352,-0.05068010240650966,-0.023361062362714197,-0.03735320622822212,-0.03193959265514271,-0.026304371881395026,-0.0020076296644878982,-0.0565225320545673,-0.023905520853554366,-0.06405763630022053,-0.028825054136685613,-0.05621033217557208,-0.026473920132936382,-0.02796130157669809,-0.03258764799884411
2025-01-27 00:00:00+00:00,-0.019603276758584552,-0.01720187967159156,-0.044324625071457076,0.005628532683097479,0.018365757360875236,-0.005248302947392055,-0.006208789832645978,-0.036937422542508966,-0.017045497600819436,-0.007281120498138532,-0.015641662305110726,-0.027298496921011554,-0.017659932618898533,-0.0014673516939498429,-0.02360277009407171,0.0012177797323915935,-0.03797586198999926,0.0029491296872362137,0.010826926000466494,-0.014427662346520756
2025-01-28 00:00:00+00:00,-0.019013211839762324,-0.05592264706603734,-0.06399286107024585,-0.04081225025840732,-0.027517899277095973,-0.00734755111376838,-0.046769570181324896,-0.052416755828128006,-0.05129329438755058,-0.040021033324050374,-0.03345913505110637,-0.06837348466008869,-0.04570090296110815,-0.07151335171228643,-0.03390301971535649,-0.027139823637095935,0.012281172961056571,-0.036994971096953405,0.0006544074574224046,-0.051245492097811714
2025-01-29 00:00:00+00:00,0.024775071570400643,0.026979271026548853,0.022195732391784347,0.010902591338215436,0.010050789512156582,0.023385612440133215,0.016585366560286547,0.020846861639522932,0.01576130756807597,0.022170345906961597,0.01168689674058888,0.04539357226036233,0.05297492187166675,0.02952817483920517,0.004832837489543593,0.0012497398002342531,0.05168363284286318,0.0,0.0036241979102756756,0.0142384939891148
2025-01-30 00:00:00+00:00,0.02063882882149901,0.06482827822657382,0.044425251084730916,0.046377617764048154,0.01421056986779774,0.009495592181071395,0.02285133830651007,0.060053356448142754,0.041550584079283,0.02856234301201667,0.04197563692127093,0.03325327170878556,0.11595988109486838,0.05583884357291565,0.04352520990934149,0.0475602737126815,0.0197474771498924,0.08747812145551276,0.019142274971354196,0.02788284721908776
2025-01-31 00:00:00+00:00,-0.01745208297612303,0.00465677276703091,0.003784024308564554,-0.02445109586416431,-8.856088566671234e-05,-0.022142853251164527,-0.007964550073789134,0.031498667059371016,0.026008933568449386,0.020712470821122885,0.016370826701882987,0.028613678888198216,-0.015954489597529698,0.037659867750273475,-0.027826846520804412,0.007120283246671558,-0.016259150985309733,-0.034175134077992726,-0.029692140200868657,0.002745997148855844
2025-02-01 00:00:00+00:00,-0.052360002855656985,-0.07034408377557788,-0.06947028268197085,-0.048790164169431945,-0.03688002988985937,-0.017668774175154188,-0.06591374421952062,-0.06807797384083596,-0.0644368486246475,-0.07224612093630581,-0.05717819419778655,-0.09102853672661493,-0.08170959176830604,-0.06184572968731331,-0.08431249975235626,-0.037755488341541354,-0.0807153193081705,-0.05457703519923791,-0.05354768372017301,-0.08286509026336439
2025-02-02 00:00:00+00:00,-0.10550953585033808,-0.17540158810224155,-0.15026536916609748,-0.11420035222696732,-0.05532046095630318,-0.029598970722466058,-0.13855456554643591,-0.1362203803032385,-0.1417566103544939,-0.10375923429085245,-0.0828437039863488,-0.11615251189712919,-0.07857535597958665,-0.1614721743428816,-0.045717857137654985,-0.0800768193209617,-0.16771555172068858,-0.10247500062847154,-0.10923671441365414,-0.12575914972639213
2025-02-03 00:00:00+00:00,0.00840964639604148,0.009175311591057693,0.027134831549554664,-0.02018005700437791,-0.0009554579232300516,0.03646031368487303,0.06067728249734967,0.004453487852512346,0.008244582750934518,-0.020202707317519466,0.0035550460255048323,0.0560716934548003,-0.020460835069743576,0.015571248870430324,0.06085872078934718,0.01409094208600239,0.08071254492813502,0.04555653160236722,0.04549941042794014,0.054778206014054594
2025-02-04 00:00:00+00:00,-0.08759372296438238,-0.049297701103637834,-0.07040281179807019,-0.06885131865211963,-0.07486476446283079,-0.03582039951426249,-0.07809912927110975,-0.08757356955538573,-0.05100795860654608,-0.0651131382013626,-0.053018159665724804,-0.08031230655055696,-0.05617401293883734,-0.051067433291164095,-0.04559571572621912,-0.018535393846426437,-0.09331338003991468,-0.08355764978098092,-0.06609770301902294,-0.06610335537110795
2025-02-05 00:00:00+00:00,-0.015443276306073233,-0.0029895388483660483,-0.023710479772408564,-0.0051695416935415885,-0.005497982752499507,-0.011840104206887518,-0.02794423996067473,-0.011239647535764482,-0.022420985365242316,0.0014510280659591694,0.020676747235431996,-0.03984183740811516,0.02259817368132206,-0.026546181239694523,-0.0522514320045525,-0.008948605576014033,0.022352781503838175,-0.04102986041082239,-0.05967053883771766,-0.016073824831061023
2025-02-06 00:00:00+00:00,-0.03798189036750716,-0.059021971759208605,-0.05325056136371985,-0.03663868360877212,0.003802785694993662,-0.0006013456532248081,-0.032934257313417384,-0.043366638353286316,-0.038927325052064976,-0.04953959910641746,-0.037122816649653355,-0.03230357663391627,-0.01677760774913685,-0.034925682853973454,-0.03412663274098373,0.0400846440925453,-0.03176956853312695,-0.027585818640651773,-0.023800528465405896,-0.037740327982847086
2025-02-07 00:00:00+00:00,0.002832060799718468,-0.007971799419829818,-0.0016339872916550239,0.007561472700576708,0.010422651618991774,-0.0004925900520273397,-0.005582538769996519,0.02268070358949346,0.012060794026648286,0.006075968059425223,-0.024315818803290066,-0.01027869476946257,0.014162467511095794,-0.0009610764795504782,0.01284320329601559,-0.006932436775644791,0.0028898541841045687,0.026668247082161273,0.03041447530144342,0.0083782656459975
2025-02-08 00:00:00+00:00,-0.009519145546372064,0.0438450901503509,0.004893973878862318,0.014025475354504458,0.05829732179369617,-0.0006432703479849328,0.02551250729615596,0.03255802671823481,0.037150250779822466,0.015527484521079037,0.003943246789126041,0.003257331870306505,0.015207222801411248,0.03774032798284711,0.03746828607513934,0.005636260314198156,0.014215898669817942,0.014279446640069589,0.009219717287126996,0.04429628590497683
2025-02-09 00:00:00+00:00,-0.027644860550195525,0.0002188423249789017,0.011729153677424744,0.0043236633136920725,0.0055691399435946675,0.00018672162550374357,-0.015863858533815937,0.003576316002779674,-0.006622540760493382,0.0014899431611533564,-0.0020077426491750087,-0.010351495319713706,0.023692646305438162,-0.03007745523727795,0.005753036203181105,0.003883500026397612,-0.000985275683187369,-0.05423482371766387,-0.010890003294289114,0.004550633563996509
2025-02-10 00:00:00+00:00,0.04406884576121291,0.0530532327520823,0.03166073706773584,0.014683653238173862,0.0046012102627876455,0.009985664239646478,0.02585803969456952,0.01727949727805849,0.059959949143243985,0.025962761247536485,0.01286236359572681,0.02967576814611654,0.11454396467946115,0.05296174907086584,0.0,0.058545144486562,0.035295249614806935,-0.0025510217916054415,0.012831069838034389,0.01240850664382995
2025-02-11 00:00:00+00:00,0.08863669963480546,-0.024153227061869925,-0.010967599166462057,0.006356915610143787,0.03721994391689284,-0.017107486030289196,-0.009322151408028953,-0.007458083047203847,-0.02406702608263726,-0.022494836047903023,-0.022266288133639834,-0.008006447893741145,-0.007850382725585163,-0.01458549101889278,-0.012599619532699466,-0.02134728025969813,-0.008174577077870143,0.015523834638450336,-0.004383070199297139,-0.03189336377595373
2025-02-12 00:00:00+00:00,0.027381606714959754,0.0743357158974469,0.042411907567391285,0.03469584487194155,0.08192534672410554,0.021604863590941464,0.04304359133563053,0.08334833743525923,0.05654390883109792,0.055783692004573865,0.05081923108843668,0.02852808361453803,0.022959029257891273,0.06574302958570405,-0.00597863664606599,0.0094983162988219,0.05898668148921117,0.04607694644453551,0.024681494353481017,0.06171335355163146
2025-02-13 00:00:00+00:00,0.013661414655817277,-0.015313016730345382,-0.042411907567391154,-0.023891418039337666,-0.04731907594425711,-0.012976962582638805,-0.006570101297408704,-0.01853692777095702,-0.024064307819188235,-0.011288925154807544,-0.023051773014207893,-0.03390155167568134,0.036762635683692896,-0.027016893755536227,-0.012940364189862559,-0.03811979862585992,-0.006250020345171406,0.011936877040381188,0.034374472902692084,-0.02200308788406683
2025-02-14 00:00:00+00:00,-0.013536375580943517,-0.0161619679569981,0.03862975479864569,0.01921714718577835,-0.007565554837452379,0.009194298389878524,0.035005914018734416,0.007572116560510031,0.032509539735239304,0.011756542652222791,0.01854243009741044,0.04323287910456571,-0.013518017554343988,0.009670405031682261,0.026116716571051156,-0.011595577637328157,0.016746443000092617,0.03926635024711919,0.06740561300532674,0.01654753698252969
2025-02-15 00:00:00+00:00,-0.023658513796466333,-0.01642747414194793,-0.03509131981127006,-0.025505534429865508,0.003782381657742659,0.0007092833675137415,-0.00022077492086588,-0.029044427784944444,-0.031114298829879566,-0.02797053638704196,-0.012146324170659471,-0.020329081638425672,0.06920099969467844,-0.0392557093911892,-0.024933375810940028,0.025587749948407068,-0.024665266106692504,-0.0048606242944057906,0.00854504044974045,-0.031113620849069042
2025-02-16 00:00:00+00:00,-0.012496136842124247,-0.013548930558315929,-0.025036078161324773,-0.020024940981704237,0.016311180839651232,-0.014988732643856638,-0.023042579927769275,-0.028683040870337493,-0.023512054881722994,-0.01697010421846159,-0.011814609501231234,-0.015923903356722908,-0.06281681074575658,-0.010059526987733344,-0.032452227271247386,0.02042163072046362,-0.023304828683645844,-0.018221762302708777,-0.012240144074207827,0.013453117697118676
2025-02-17 00:00:00+00:00,0.04746825424977952,0.010438508143923603,0.0072173529010450726,-0.007691162355740228,-0.008339535581072815,-0.0035239568777999416,-0.02810739887280399,0.002047083621724823,0.009942479125199194,0.021766276481954505,0.030578873730619873,0.022746286155783845,-0.027418861427467873,0.0009186955170725863,-0.058737494017914206,-0.014962872676712377,0.03707162167266884,-0.025123236527308666,-0.025390176507397416,-0.007825640831390266
2025-02-18 00:00:00+00:00,-0.07015031481530554,-0.051566600574170784,-0.062223982413256766,-0.023434910931931556,-0.02938593587864623,-0.001130937870179614,-0.02676979070229959,-0.02505566417069329,-0.035321290617209546,-0.03505714404530236,-0.026611418119546062,-0.06705213787788723,0.05905071654672633,-0.03837625805197301,-0.04734919306598339,0.001673640558029472,-0.03218010960381166,-0.032241235421755596,-0.03718811731924414,-0.04241323368223948
2025-02-19 00:00:00+00:00,0.02578845705781121,0.02504989543153113,0.00931026615109568,0.020341806084190492,0.007990454020034385,0.010114995490717066,0.013552966404703668,0.024237333519461456,0.030283496587252365,0.047893070221311076,0.01615258534033704,0.005577259298106215,0.038775972207547235,0.015151805020602246,-0.0023059877180860036,0.013289232118682706,-0.020770703704395283,0.05531918270430022,0.06605426739654528,0.022004362051032258
2025-02-20 00:00:00+00:00,0.037788190674366624,0.04890186821475782,0.0576965073642262,0.009557649447721946,0.0045505293299668076,0.017036938024453396,-0.0002355065363949154,0.032420034522576434,0.015037877364540502,-0.011401548688865493,0.008266237470579285,0.01654753698252969,-0.030563161720478616,0.02963179760637115,0.040999567103514885,0.01636697746420541,-0.009906871971358231,0.008156176877564054,-0.018468868889769407,0.02600485713532839
2025-02-21 00:00:00+00:00,-0.05302385226870756,-0.031565281788237254,-0.024553457262982834,-0.03783474554458353,-0.013636958452951214,-0.021832868521335577,-0.06102216490724293,0.0027700848738156096,-0.034158918811318856,-0.03451132286558308,-0.027789029131547016,-0.047614706494074475,-0.02101112363037806,-0.05148539889299197,-0.040940372738801224,-0.03510581435045275,-0.06615993269195761,-0.05547039072754621,-0.043963123421116176,-0.02715098906595086
2025-02-22 00:00:00+00:00,0.014718598501124926,0.03985737096316603,0.051232167824983736,0.022373707816878773,0.03206864264796122,0.0038294476827775473,0.028384119317434984,-0.00356294913735268,0.03509131981127019,0.012288186080872877,0.03694335953723281,0.018755878032094497,-0.017323267852386984,0.03399760854141962,0.01835774846571574,0.005867577605415738,0.03329516861751992,0.02513379841527296,0.0007384233055455641,0.024916351264534637
2025-02-23 00:00:00+00:00,-0.004795550632924893,-0.01767799770340727,-0.03867885456511126,0.02127411819391827,-0.015298077529744384,-0.0030393831239023624,-0.015161402780051809,-0.018007689488487535,-0.0023326346009611065,0.013585847003509254,0.020230283460336135,-0.007914117055990643,0.03089199705845589,-0.015910490050275682,-0.024294598009649043,0.0276135410180352,-0.002215085632702717,-0.003895136010912477,0.0008931519146054331,-0.03297626824163487
2025-02-24 00:00:00+00:00,-0.12155785302516585,-0.11272206327130053,-0.12728477498885737,-0.11736366051918225,-0.06952241756549314,-0.05011535775172125,-0.1432909125412218,-0.11475914463130647,-0.12716836968138373,-0.10723643741926214,-0.11494278867850116,-0.14379959465172257,-0.12344981241618047,-0.12014431184206321,-0.16911863928216248,-0.024276032705155215,-0.12302181451266292,-0.11168488548039737,-0.12292471026567287,-0.11115763334215222
2025-02-25 00:00:00+00:00,0.0023446669592542763,0.022462657441990636,0.0027384772933037706,0.0010286302981382426,0.015012118492369405,-0.03187783350742482,0.0054501213080964,0.0494800572633695,-0.003542334557837804,0.013322872255973025,-0.007114910175048293,0.0032711838132814986,-0.001918716793072404,0.01687803778735173,0.017614210906217453,-0.03907078686675794,0.04138860512601801,-0.008089022873083718,0.01908546138790124,0.005154650588664422
2025-02-26 00:00:00+00:00,-0.05382330098221616,0.033535019773952415,-0.003195620158407758,0.007511131249996271,-0.019303305315013206,-0.05124925785668909,-0.038691502609640605,0.02427200269983832,-0.013576485773942704,-0.006905737935339541,-0.06597080814131187,-0.003271183813281473,0.08473904599963197,-0.010515343999523008,-0.06446000046696441,-0.016154029513453256,-0.04982534848855566,-0.030581321452081332,-0.054876168558105766,-0.022093166316705815
2025-02-27 00:00:00+00:00,-0.003558997953947956,-0.008060167805806954,0.029287968582813184,0.009478743954543739,-0.010123506728255684,0.005427257747781736,0.016178901705970045,0.03716364916916295,0.010377620419560765,-0.0026688032920803516,-0.01233841870588364,-0.010540282035432271,0.01733366130661459,0.007372334602323588,0.017289807990776423,0.006143064513713851,-0.005071004781557872,-0.01158110855760064,0.00013646598606485935,0.0013131978249603929
2025-02-28 00:00:00+00:00,-0.01925092708475178,0.01368545308525423,-0.006683027769451371,0.06205059052831631,-0.029059926023753305,-0.004242797559089215,-0.02461527232215563,-0.046037571757879425,-0.0007122507423610975,0.044939641121986555,-0.0308606303070003,-0.019392115541171196,0.009258598895911069,0.007318380807679922,0.07349559908522685,0.020351427666673992,-0.04830096000588772,0.010533805267598612,-0.024495906898404866,0.006540245680609975
2025-03-01 00:00:00+00:00,0.04102424966580973,-0.03089302525468102,-0.0230622927536458,-0.014030842421643862,0.033213755327001514,0.020123266049919198,0.023938289704423955,-0.010238997301094312,0.001957470150793078,-0.026930679835274873,-0.009068565261909826,-0.004059545493878616,-0.029564269298038147,0.0020811662038244493,-0.030978354341855335,0.003423195469480673,0.00040008002133967057,0.08435912612343843,0.0213524679418007,-0.003919012200735719
2025-03-02 00:00:00+00:00,0.5432092637962491,0.08791958334462897,0.1322153394491351,0.07066135676139539,0.02599446614112596,0.09106564168828868,0.14634618855392162,0.10974625301874098,0.13079431691463636,0.09745533615071306,0.1271777915729189,0.16637588863852792,0.028392073641604558,0.06538275926285171,0.21831498366205024,0.04182960290204931,0.09748962127725712,0.11967174494687888,0.2936416469904555,0.11720113281773477
2025-03-03 00:00:00+00:00,-0.280016957832723,-0.1494068379139014,-0.174735175829381,-0.039364350039480446,-0.07977295316185906,-0.08925376118948612,-0.183801904820564,-0.15156037761622118,-0.1492751514971575,-0.11599891386288212,-0.15850134915595218,-0.18623275469373815,-0.15169065398639597,-0.1636077860195785,-0.22881119646230996,-0.05429484060069207,-0.14864257463587754,-0.18260641650247547,-0.20811049744221027,-0.14641967881687493
2025-03-04 00:00:00+00:00,0.09246589192993977,-0.015500489193060855,-0.04640637281415568,-0.0024929897610881106,0.013636849230958942,0.01223478265846054,-0.0004018283242575855,-0.03249178243631252,-0.0333272121503294,0.013807972966334816,0.010415507117134374,0.02728682255899438,-0.0583635526972722,0.0034344624486346968,0.018331232946934468,0.04813085971172738,-0.007889587275162932,0.00851068966790861,0.027678567975256318,-0.008119124438504242
2025-03-05 00:00:00+00:00,0.034677103764189934,0.038656710383038626,0.0829615207143473,0.20188963740152122,0.024073905259507093,0.03737651951263447,0.02803829400620376,0.04427100519694718,0.03676208852757945,0.0780933893174866,0.031762657397629936,0.10043589275956355,0.010269297023493896,0.04688358589885046,0.01023817648785012,0.004523964121210695,0.06170565805326694,0.015139061215684306,0.018369140468359267,0.05292240145434253
2025-03-06 00:00:00+00:00,-0.07192293758200421,-0.01608238834449932,-0.03464766043579678,0.007113851138875921,-0.0029127696908327607,-0.007467940338037054,-0.01565608977313223,-0.02121325499399315,-0.020235855939368493,-0.02669461526104449,-0.017728574794086408,0.03762761001435627,-0.012877364186452625,-0.020937403954265202,-0.020512477211200347,-0.014882457403952968,-0.057048907946075485,-0.011079515721805542,0.039339177152287484,-0.012970350442627517
2025-03-07 00:00:00+00:00,-0.10260645167525316,0.0016433857437298416,-0.04133824654212527,-0.015306421282675545,-0.002904465345686798,-0.035425823298239754,-0.015451466246549549,-0.004070561929942197,0.005143288340302601,0.02229470593843556,-0.027903647473347906,-0.06790486870146399,0.0030902970030410024,-0.010072832788294957,-0.027734356328185276,0.014472032608534469,-0.004656750107191471,-0.04417557457711842,-0.08614115985224721,-0.005235614053945052
2025-03-08 00:00:00+00:00,-0.015893884754016145,-0.03679344788180053,0.01722907496039213,-0.008001075074873312,-0.0028117573476030087,-0.006696198157303769,-0.031222148148512405,-0.028501124752666897,-0.020733804569419395,-0.008858325642099266,0.028530097293870307,-0.04359664750575804,-0.013297939224697056,-0.01701685985836917,-0.017221843876777693,0.0008206812114291353,0.01334758137165364,-0.027183361897378626,-0.02521570054029988,-0.026597312519265854
2025-03-09 00:00:00+00:00,-0.1097583155517109,-0.07660092102731492,-0.13123326145534073,-0.07644290640951062,-0.0670257346600124,-0.06576620160006473,-0.13476508903903306,-0.0650204900676793,-0.10440490971020734,-0.12069136356261256,-0.08678284940341682,-0.09984205843511014,-0.07843173317394375,-0.0934811898111525,-0.07973255943843903,-0.0491799037667797,-0.11337893081213456,-0.04752193318143675,-0.0839948776241693,-0.08725644499722796
2025-03-10 00:00:00+00:00,-0.07226522306092917,-0.061215968461348816,-0.09999559667580296,-0.07490441618105562,-0.042652901255110995,-0.026845356703792466,-0.08702760219548736,-0.038295537876016285,-0.04697495219886943,-0.06034579844923045,-0.07998579015319479,-0.08773575224767148,-0.07845867439443496,-0.06890314112662389,-0.06692853802403392,-0.012573328439806917,-0.0798603471462697,-0.08404309399707233,-0.056308890717708046,-0.06218834379261759
2025-03-11 00:00:00+00:00,0.0758623492417786,0.08150275001646946,0.07406404217809591,0.025302734008754595,0.0371568919043022,0.053713906024732805,0.06568175369096885,0.044002041390381434,0.057303488553680344,0.0564340862805419,0.030795379592982407,0.03724247314117558,0.03349756824112997,0.039583003869662806,0.057717006201757945,-0.021164811192043272,0.031664035062614275,0.054328386066745976,0.07134467446620724,0.05480823649499516
2025-03-12 00:00:00+00:00,0.016300614334101293,0.0007721014410076093,0.07691873637260555,0.039763233172013114,0.03256698980733989,0.008968502033038601,0.04689564813814963,-0.018477429558802865,0.021147595747206625,0.006696453595121294,-0.00794966121863827,0.0270489819049596,0.011540491877589869,0.021753896873645286,0.010080650511678226,-0.006706933256718105,-0.030648634738444522,0.015931947634905443,0.031063326934546463,0.01762160134981963
2025-03-13 00:00:00+00:00,-0.045873226918211336,0.005899722127188322,-0.021920150586086994,-0.08270632729025866,0.017274951846355403,-0.03112391755655611,-0.04271090721603463,0.0032708545955536963,-0.0008051530225624752,-0.004459316196764987,-0.02311919955008724,-0.03392711372115769,-0.038202763512862316,-0.026941975955423234,-0.026002505032607256,0.010709607046375538,-0.00372818598240534,0.05475683450572663,0.005832218299209646,-0.01614121617938525
2025-03-14 00:00:00+00:00,0.047637973184940084,0.0927493589426511,0.0043150013014132795,0.01673551914894659,0.013635484824467022,0.034739262047201416,0.03980713608339876,0.05045144301882629,0.012009752035425657,0.006681539333482647,0.02492555369388252,0.04645029764413717,0.03601481821382416,0.038269976260630695,0.0792130883463494,-0.012955285061771519,0.02282744304461428,0.007997134587121476,0.04500553387358432,0.047662450489163274
2025-03-15 00:00:00+00:00,0.012802546671962697,0.08036540976852216,0.04318733268359001,0.03236144054367713,0.053126545580804305,0.004220972745167093,0.02299744907823054,0.03796144657849502,0.0023847388090180418,-0.003892137245904021,0.013261401678778083,0.02529950620627151,0.012623956961298465,0.022278149093728185,0.017223885333433248,-0.0040549728912369016,0.039852390852774346,-0.00580974764132099,0.014618480441023665,0.004222384879848261
2025-03-16 00:00:00+00:00,-0.05774146288773769,-0.007556982956885741,-0.06110798604078183,-0.027845400955160464,-0.028855630845192843,-0.021136472120496245,-0.04516765528987005,-0.01179613539518271,-0.05634142986574742,-0.02653274470689846,-0.02623987877176881,-0.046757969235063875,-0.024633135609297384,-0.05148657467678418,-0.07431182266405416,-0.04430812421093694,-0.021273969115524406,-0.04506441130219223,-0.0415436801581338,-0.04451560526246325
2025-03-17 00:00:00+00:00,0.017716998853946245,0.004756765725943456,0.030755054128733177,0.013723365731605265,0.04780915143252816,0.017234917011719673,0.03016422433705012,0.016613210887179982,0.04796984419866013,0.019825061647659438,0.020617989385469538,0.0481845030005178,0.022793009528556566,0.051486574676784164,0.014795264768916476,0.040236641545148666,0.025411467061246272,0.03922071315328133,0.01917157164229649,0.05151353445010796
2025-03-18 00:00:00+00:00,-0.022266985375533243,0.018380513185815902,0.007938649789689077,-0.006539856840401618,-0.006161194559473845,-0.015534869726955195,-0.031056576935007508,0.018141087070650003,0.13864738686289427,-0.007882923703355004,0.002711356431177048,-0.008589888179017933,-0.024901193388420985,0.02298951822469878,-0.021158127244587332,0.07213088625195782,0.012153886488539005,0.00109829774906237,-0.022971615525866445,-0.011220314067492888
2025-03-19 00:00:00+00:00,0.05799729358904593,0.006333143397022599,0.039788250058412584,0.029387950923763687,-0.014617070383744603,0.04873441757894435,0.05764434900196058,0.019582290179501215,0.01332776110499277,0.04747028088175021,0.06247391784342425,0.07744019782953152,0.04410882289828897,0.02247285585205879,0.07676598146498344,-0.026497276710910157,0.09139460254215645,0.06172171463080794,0.10846714628511948,0.027818205476530605
2025-03-20 00:00:00+00:00,-0.035033686799064885,-0.014413136324872858,-0.05198675719505942,-0.03387159316821196,0.018845070451311164,-0.030663070683642123,-0.04893344090869862,-0.031109143991067296,-0.046634648523194,-0.03622789153281633,-0.03578237356016173,-0.05539877938978817,-0.008538850045804557,-0.0369309390272886,-0.05881586917772486,0.012908957229683753,-0.010362787035546547,-0.032514662884541634,-0.04447853344162936,-0.027818205476530675
2025-03-21 00:00:00+00:00,-0.01827176623595559,-0.019401341468564398,0.02320779264501604,-0.032270684580794455,0.007427106610193264,-0.0015994092488549737,-0.013184654706045669,0.022477907492452466,-0.009957536787976128,-0.010677257940844363,-0.009135304596834008,-0.017737251106224414,-0.026613203735511997,-0.023328252490908263,0.0068728792877620504,-0.0017115964811812694,-0.019134447800049414,-0.01575963849294998,-0.02291983244548571,-0.03443668826990204
2025-03-22 00:00:00+00:00,-0.005119465106190864,0.061622868568642214,0.012950193934056596,-0.00247831601446709,-0.012930190129392909,-0.00295600663481781,0.0005976572016291602,-0.0118503343170304,0.0003638348230058196,-0.0016963532481782907,0.007571416958698752,0.019844733445789128,0.00581747977317152,0.007425776696849477,0.00023347212059823054,0.014878064026179076,-0.0065098617231822056,-0.01088939979926832,-0.004124584971924861,0.010167117355444021
2025-03-23 00:00:00+00:00,0.013172062126771631,-0.01630078392372505,0.019873265512493285,0.009262184152464258,-0.005148716202942078,0.026388880980959678,0.030769848123780884,0.012516926942535781,0.02016632979155124,0.007891810969965107,0.012692435634265985,0.01532063392873292,0.0012031721440511301,-0.0024691370569211537,0.03313867418949608,-0.02998083221193567,-0.007299846196122331,0.032672085729783744,0.02835713040896978,0.004325889947122661
2025-03-24 00:00:00+00:00,0.029530114128462116,0.0305257748550724,0.080430740738822,0.021584665310971397,0.021081463117467794,0.01631162582836565,0.05850937419209341,0.02587296260910699,0.02081571012373951,0.027687261384849077,0.03680694595155828,0.04460198715687216,0.02472460627695322,0.014724192393936663,0.059685413340592915,-0.007856871495220243,0.05808833752037946,0.026491615446976285,0.00441772715043827,0.0394973765939727
2025-03-25 00:00:00+00:00,0.017335212001545905,-0.024511031014349805,0.06401464091952988,0.010471299867295437,-0.011461172107819101,-0.0012040641846587025,0.040795764668058856,0.003672900315676122,-0.002447125849763072,0.005989672140741643,-0.007257678306284416,0.02028201679636538,0.006272279107940447,-0.02591138178450101,0.018479359508743253,-0.0043917505809788595,-0.017218497254798064,0.010607456174946642,-0.0003673994285402737,0.012371291802546829
2025-03-26 00:00:00+00:00,-0.021853601286620773,0.008442343975369249,-0.03827792627548018,-0.0026821652199393972,-0.018961788178761593,-0.005550150091920325,0.022204689004035234,0.012217492019508133,0.015283381890630951,-0.02306527293099622,-0.02779108454557782,-0.01303799433812983,-0.020773849097353945,-0.03822121282019774,-0.04485056616535167,0.018317127912579917,-0.03594776306015294,-0.029007558697040952,-0.0416014642140137,-0.013755375068485344
2025-03-27 00:00:00+00:00,0.012817192099770048,-0.014665139413638293,-0.0009078529901797828,-0.03152731563446451,0.030862368975110886,0.0037078004164337397,-0.023044407747615202,-0.014808726464443282,0.003784625195172429,-0.011173300598125189,-0.0029203794321743964,0.018205964496572517,0.003995469922967728,-0.035694470129970436,0.007905179507113247,0.015437699384582731,0.0005949725000739164,0.0034977300437545834,-0.003581787898874815,0.011019395249610698
2025-03-28 00:00:00+00:00,-0.044180833281720566,-0.05495770872641008,-0.07837893961221191,-0.05377639678080418,-0.027921665611767656,-0.0327151282624945,-0.055152902641910834,-0.07705618079689751,-0.018368216994264833,-0.03778354412840573,-0.05475453339943444,-0.08537260804041308,-0.06041583878502247,-0.09007491715906304,-0.0667611246188949,-0.010695289116747806,-0.08548499940793512,-0.041709841985262286,-0.05880813934374474,-0.07242340658374055
2025-03-29 00:00:00+00:00,-0.0478560211776351,-0.06963686236767924,-0.03804262544585032,-0.014402867633460669,-0.0275123666185964,-0.02125906318917359,-0.061023475204952944,-0.05570330904904331,-0.0461703041433063,-0.0320122178071361,-0.036954739000034896,-0.05037035938894955,-0.021874606364186713,-0.05915295120497849,-0.03865557825474937,-0.0030152941217597056,-0.03527644500270927,-0.027307969956354983,-0.033256565173831,-0.04057656563204326
2025-03-30 00:00:00+00:00,-0.017986096369781827,0.01659498174677681,-0.038486289031160234,-0.013610168594213282,-0.0013109967941129922,-0.003133210305684936,-0.018150398592261335,-0.0019772621370184556,0.08929813764769695,-0.006042314455962698,-0.01118878943123005,-0.010385850032122834,0.00746098121780617,-0.07796154146971193,0.0019246196798973169,0.0004313133558346762,-0.01504550399520939,-0.0014975667343947454,0.0008426966790825839,0.003062789530545731
2025-03-31 00:00:00+00:00,0.0009070295406428451,0.014040971842613208,-0.004783426606894028,0.014269364399230804,0.004324743072532514,0.0019403425512951966,0.0008403866272861159,-0.005457716350499632,0.033276007096403694,0.0168273201325253,0.00809332906461524,0.007429454678520298,-0.03703031475749118,-0.10686314554236126,-0.0022457500615909124,0.029320137256961223,0.016889440482806533,-0.01130381290120004,-0.022239962728212104,-0.0015302221807675935
2025-04-01 00:00:00+00:00,0.02270787742476319,-0.0006859494952856278,0.05443167830342442,0.015042795103069379,0.010395343377409848,0.031108055610873073,0.042984541125333946,0.03687391258387876,0.10874105571942859,0.007717461871428861,0.04430073445199792,0.03848024662555759,0.018035723281757576,0.033274788884872133,0.016958330051235104,-0.004196397261765565,0.04806417078317612,0.030599402279922156,0.023081949867486892,0.013688426660577107
2025-04-02 00:00:00+00:00,-0.05620309655855751,-0.037045587317412594,-0.09687548093940031,-0.050251796585555,-0.03403528689200278,-0.031516618721199686,-0.060111045247222605,-0.05064996012799703,0.15566509297053224,-0.04970720190619706,-0.059343932731742675,-0.08468308723003856,-0.03542112256684399,-0.178691788743376,-0.07582802885950128,-0.015681609759816438,-0.07093295768749233,-0.052822539064632475,-0.05527064871407889,-0.03849590036484494
2025-04-03 00:00:00+00:00,0.016734198991165166,0.09869223660238556,0.008854512748418019,0.027933837119188374,0.0033633360813136934,0.008408938788086611,-0.009321217915192841,0.023430782769949417,0.06512137363410889,0.008663420522208087,0.012185786577508531,0.0,0.02315395271673665,0.032088314551500664,-0.002131378955975606,0.017362282424334696,0.005638630915658074,0.011173300598125255,0.020105850326790436,0.02020270731751947
2025-04-04 00:00:00+00:00,0.014491901855642916,0.07036826927963524,0.0022014318191712545,0.0003318400561393269,0.008467934804768856,0.008100200026060092,0.05379155736444796,-0.0059303361348485096,-0.09235452409246768,0.0012315272492465145,-0.00019812333242212469,0.003095977705127992,0.011438227887784539,0.018770102681990468,0.04684970749235716,0.003352895010310968,0.006792350787339993,-0.005378422492758504,0.03118250260466123,0.007662872745569097
2025-04-05 00:00:00+00:00,-0.008517161753480038,-0.03778658466116313,-0.017748663358694235,0.008918308490923992,-0.007692087236756826,-0.004203368759459135,-0.01351927955672861,-0.019772887961446533,-0.04109363161476932,-0.02303245295675682,-0.005995248271208042,-0.006979477731525721,-0.020829098731044274,-0.01666705248521176,-0.020320718970891768,-0.006295928456814812,-0.00730364180827824,-0.027730736114520392,0.006550650413074086,0.0015255533088371917
2025-04-06 00:00:00+00:00,-0.13207050383922025,-0.07856932790777199,-0.10803772673296828,-0.11081950446595341,-0.0654729855668881,-0.06309499122461922,-0.12402361807955026,-0.07150577629753747,-0.046475625445117505,-0.11463936755341603,-0.13321424803042528,-0.130312565271316,-0.1575433887643439,-0.0063224657394869025,-0.12756518334595185,-0.03165362643337565,-0.1397363716144697,-0.1095496960759228,-0.109504275578972,-0.11969034121265133
2025-04-07 00:00:00+00:00,0.021895538964616393,-0.02531203429556673,0.039124794492232225,0.011687496077188721,-0.0016934805063329203,0.00930554243469642,0.002074620118373073,-0.02474012933154654,0.07003399599536217,0.023037668067017358,-0.01769144361261582,0.014958483930335824,0.005225631551054031,0.01260520891898219,0.010145695294937352,-0.006102896012584751,0.003913133539623809,0.02573751662429936,-0.012092805393798088,0.02209095781419186
2025-04-08 00:00:00+00:00,-0.04910569825612701,-0.03741172679959027,-0.03229034726193518,-0.0227699885239817,-0.0015879893621434183,-0.036545314426559464,-0.050245293757081234,-0.061703689745773255,-0.1372546823528727,-0.02941388520629334,-0.05263485816822717,-0.04647842781180148,-0.026260963940527182,0.0802032857549734,-0.014972736043253174,0.00827350680622325,-0.06974635639011237,-0.04853179961561131,-0.05544044767457936,-0.03419136474827931
2025-04-09 00:00:00+00:00,0.12320148947423094,0.0841101854670186,0.13260216845978234,0.11298368842182237,0.05036098099046833,0.0792271898213657,0.11952336769514209,0.07552369964081833,0.04948623141774218,0.08380795727209217,0.12495072793418767,0.1461459129850822,0.0948499411295779,0.07424558998921035,0.12178093682560974,0.03368470249343729,0.1253848151018084,0.0906965614708122,0.13352443385177182,0.05085841723349116
2025-04-10 00:00:00+00:00,-0.035623075238936965,-0.045313736544481696,-0.007074859442028523,-0.03924725630581296,-0.007394354370358341,-0.03708812786599812,-0.042952951563980574,-0.05067225260614171,-0.1286340844454349,-0.03390155167568146,-0.09234066669439746,-0.04610602266686043,-0.029633775458384342,-0.05138745191316032,-0.053838585316042735,-0.009267126135533715,-0.07496082642420179,-0.05038102429235237,-0.0433541404940329,-0.10811913809690592
2025-04-11 00:00:00+00:00,0.023515232565131876,-0.020974900856280645,0.043287548936836104,0.07669262078825437,0.013574558077265242,0.04682832264786211,0.041267294851432594,0.026782227546033256,0.0,0.025368516637732583,0.028877730971497012,0.04531519621204249,0.031735996702957195,0.035156256984577916,0.07346825993905484,0.027959259147686297,0.04133947955459255,0.015510866763493752,0.028435082800117736,0.0
2025-04-12 00:00:00+00:00,0.05549187304062863,0.024658146272577078,0.06920205462755306,0.09679082284798322,0.01920242907550953,0.02196948907660708,0.0463353856541522,0.04292268222862485,0.12806590261196743,0.024097551579060524,0.04817454521355104,0.03955536990506208,0.03139589950879611,0.016231194928582552,0.08544520595688501,0.012270092591814401,0.04974481817988244,0.051656631536358834,0.06568125486601269,0.02724964244737554
2025-04-13 00:00:00+00:00,-0.032673579895357664,-0.048250328289397265,-0.04491773029435894,-0.0055272867991948684,-0.02202243760980916,-0.01794804235026729,-0.03046597252947627,-0.012193620800724593,-0.14401935833587598,-0.020806992505961488,-0.028639131361487033,-0.041138901510706496,-0.00984222171370701,-0.06275121056347537,-0.029623837629136753,0.03475484605304855,-0.03138526018592049,-0.034279631455017556,-0.0187882331800524,-0.10178269430994236
2025-04-14 00:00:00+00:00,-0.0047110639895240995,-0.00338164573464906,0.026197971828111278,-0.057639001539288075,0.00044489314742816985,0.009879167909975919,-0.025286269704700406,0.002450647924916618,0.0044208013054153885,0.0006568144735307536,0.016147957763760806,0.0007920792493328417,-0.008643542170534443,-0.009569451016150672,0.00806831374548794,-0.010260547791537107,0.0028092536501323102,0.007951496174174167,0.003720189828922089,-0.020040750883446153
2025-04-15 00:00:00+00:00,-0.04211487043004863,-0.03772171623324897,-0.05625204728422283,-0.012437971292217059,-0.008625038434989353,-0.01126515660201265,-0.031915557276412695,-0.04392034397968684,-0.03762094787959845,-0.023921406435006863,-0.021784179981145808,-0.03136565927821971,-0.025058707063032284,0.024692612590371414,-0.025908387661336827,-0.006366913668954662,-0.030765814285103964,-0.018511256389176545,-0.020562492889202064,0.0
2025-04-16 00:00:00+00:00,0.0022958357083205493,0.010497472054114134,-0.013238212922259195,0.006238323412691718,0.005643899626001216,0.0046088222541115645,0.007461026598380292,0.01074063462686991,0.017654935238720745,-0.0013458952233550141,-0.007353345914930207,0.008946785989806147,-0.01256701030923844,0.03683657735649021,0.04055869762928561,-0.011644379714478537,-0.006578971098042399,0.0008488964856129904,-0.0003839140079785977,-0.00405680069561443
2025-04-17 00:00:00+00:00,0.010104388446687776,0.022130236802403745,0.01534015799463122,0.03783245567188913,0.013108626371955773,0.010859844983458261,0.007534083739531138,0.02141647700766126,0.04258044753511848,0.015369497331101342,0.0041002854241772085,0.01526747213078838,0.00830658581140457,-0.012739025777429826,0.026301486048914607,0.0008074283846010674,0.005807217249203024,0.015575983181787463,-0.007757766519076528,0.01212136053234482
2025-04-18 00:00:00+00:00,0.017360989008491586,0.002428954315403296,0.0010493180396177549,0.002989538848365986,0.0020639493031440457,-0.005586282238964962,0.010910243163471589,0.011219162690820626,-0.006730794641421144,0.02423964076394448,0.003139759594925102,0.001593625835278026,0.01391211573772441,0.012739025777429712,-0.005876462776873703,-0.03281672660162809,-0.0013520040688138415,0.0025031302181184748,-0.002615520235602694,0.004008021397538868
2025-04-19 00:00:00+00:00,0.0011149160986072722,0.02136166671152355,0.042100673253553246,0.00119331756404201,3.37997701646715e-05,0.0071048834511910006,-0.0015241001235640596,0.054282020970382004,0.024774968922737426,0.03184982588709917,0.015410049874644342,0.02980612803270183,0.001314924581309022,0.014362904000361623,0.04257515692210305,0.017362982699787914,0.027263150758363996,0.025505290408361872,0.012435093723244854,0.009950330853168092
2025-04-20 00:00:00+00:00,-0.01281658043819759,-0.014832807829059979,-0.01928993823086092,0.002084885341951608,0.0017560156475212795,0.001200895852997235,-0.013371492532881498,-0.0005155968147220087,0.028301587377966845,0.0068728792877620504,-0.016190916172083583,0.025935854975533284,0.021964623351042753,-0.007155665595412248,-0.014474742333706771,-0.000820008246030707,-0.012300278081651789,-0.010616677914611173,-0.004320283217468698,-0.020000666706669543
2025-04-21 00:00:00+00:00,0.0064288231703305805,-0.02119187819253783,0.020797097521432384,0.026135682300299813,0.007680000104935772,0.027066519704468342,0.026252898153427226,-0.025595547188963768,-0.03950132586687865,-0.027779564107075706,-0.004919600819362497,-0.012883846272679368,0.004617168648802838,-0.010830430774369664,-0.009474598971320703,0.010202088079320996,0.00418013149054523,0.026333302047831242,0.0032659363355547503,0.012048338516174574
2025-04-22 00:00:00+00:00,0.08473922588980445,0.059262440957463386,0.10430574271290258,0.04892818086967191,0.03482689433181494,0.06552725583428472,0.11396259832983162,0.05831882202251105,0.05478497057290748,0.06445849232715686,0.10603388993379359,0.07492489892082778,0.06609680733842327,0.06329001067518207,0.08577183735342071,0.00808738738762875,0.09679148293272485,0.05786898810264896,0.059747031493179344,0.06378973787533
2025-04-23 00:00:00+00:00,0.026579155218707417,0.022710002260144295,0.009901070982711537,-0.011101973590123415,-0.020912036176625626,0.0026514695623879032,5.5980071109142754e-05,0.021235365856258435,0.023890148726885392,0.00717706430036365,0.021857470360468853,0.06108244963955253,-0.002518439899195563,0.028549378106718412,0.015405953439087912,-0.008493478763767786,0.037663828594804855,0.004893666833664138,0.002030549171388862,0.013023439886286604
2025-04-24 00:00:00+00:00,0.034097414199924445,0.03169908265870431,0.0017897096499719309,-0.004475531946062362,-0.006891666194427372,0.0030840074520417163,0.021596719556828906,0.042101410265559115,-0.001320519596189437,-0.0011926059851231359,-0.014262231474765616,0.002659576035758796,0.012054809702677406,0.03737234269810578,0.00955054188398481,-0.0032546814735420373,-0.037491726365656224,0.05373117651385938,-0.0061040589229540585,0.021938722675853336
2025-04-25 00:00:00+00:00,-0.011704188228224121,-0.0017594022572385893,-0.00898075187381809,0.04495138786226648,-0.0027300135145122847,0.006979277255771385,-0.0052179285170256716,-0.003519890997779681,0.003663812994163123,0.02823717018160977,0.008412513564324264,-0.00933962759613272,0.023334587511564673,0.03294415571935406,-0.01140533838817783,-0.014365114660829474,0.0029212152399899784,0.008857453834060803,-0.010806972326707735,0.023236076680848008
2025-04-26 00:00:00+00:00,-0.00915177102031844,0.009638628837768573,0.011213394015793843,-0.048602564506561356,0.012127988010532213,-0.00011285663183106742,0.001815631430520336,0.0021134210050279363,-0.0032234460145696355,-0.012255770560949961,0.020125600231878177,-0.004029555486001688,0.0089997146031959,-0.006191970247921107,-0.010732363122170581,0.04050776574258291,-0.0025770996137449635,0.024735627968375994,0.004574154896961873,0.01054491317661504
2025-04-27 00:00:00+00:00,-0.005389319525605344,-0.04663421651436368,-0.03218043375381347,-0.02825127251282632,-0.0062278736677256665,-0.009329217194183042,-0.014339346041893106,-0.04142816772836293,-0.01881397616693342,-0.027986345717483447,-0.016383870030276824,-0.020394996521073086,-0.019368538204636708,-0.03797924806521645,-0.00827758015492547,-0.026142651081753416,-0.05534869648078828,-0.02262146227604024,0.02736937131071264,-0.039220713153281156
2025-04-28 00:00:00+00:00,0.0034071583216141346,0.018780957045456563,0.005970166986503754,0.052435911973663304,0.004464219315290186,0.013370370730845774,-0.0014508931116645096,0.03648988608778041,0.03164588160397023,0.02622319509910256,0.004783965327616204,0.0317701609963431,0.0032737080564377726,0.01758638450207577,-0.0009465216040307133,0.011748160237309778,-0.011704595949527987,-0.005647738273646824,0.01887055930098518,0.009049835519917856
2025-04-29 00:00:00+00:00,-0.013986241974739952,-0.0190093979373695,-0.012439690475639236,-0.0008242890973659053,-0.008549043087910312,-0.007971384433910092,-0.024935563863081284,-0.022649674878246425,-0.011658540679357714,-0.016009829057483466,-0.0011507385174512378,-0.029026675050592345,-0.0011679515459892718,-0.03220890336961771,-0.010402949503303114,-0.018289475466949798,-0.030823398415827437,-0.01713715627374168,-0.025106659688695538,0.0
2025-04-30 00:00:00+00:00,-0.020619287202735703,-0.017516004407158885,-0.030597821204342738,0.006302254042168614,-0.0018652993217282666,-0.0009002869702098006,-0.013952373929479272,-0.019971438264470263,-0.014469468450084831,-0.01323725706669595,-0.002338908796338469,-0.020761991448429128,-0.024368369264825225,-0.011522761236780374,0.008371667066085161,0.010608014612193713,-0.00037950664592102386,-0.024422573433052864,-0.021315835962304353,-0.005420067469339256
2025-05-01 00:00:00+00:00,0.03375482729716271,0.030229001961317076,0.03383781478155854,-0.014582731937721943,-0.00041683688109283315,0.024315545810009744,0.047672604537541574,0.02717954251526422,0.04507231850542155,0.022755472887671907,0.02450752110385425,0.030305349495328843,0.06198316943552206,0.027756883998663905,0.02218664014891393,-0.00692326121073874,0.00906864329505269,0.009182800982334982,0.009765924406374716,0.023277684869345408
2025-05-02 00:00:00+00:00,-0.009835443835912826,-0.01477131732031243,-0.018186558607854997,0.059188871390330654,0.0017661961402815258,0.004108352658419524,0.004749291012236992,-0.003837855514234014,0.02457471137065084,0.019930319720129444,0.0022226397688022595,-0.0061245512981142605,-0.00995370733607714,-0.009708814126960827,-0.018735911057469704,0.012588998746416074,-0.013062182880413543,0.004013871471834807,-0.0013569750589584532,0.010563478509569246
2025-05-03 00:00:00+00:00,0.0020034351291799792,-0.03518126367818133,-0.03495687506785705,-0.0539366132899426,-0.0022165752169442648,-0.01069534904680462,-0.032874302912369674,-0.032485455144488425,0.005809144967013966,-0.03724935517734068,-0.0047228930029837345,-0.028385429479246646,-0.016273565642364974,-0.05001042057466154,-0.0090922053960477,-0.008917772922054545,-0.030765704035092278,-0.019860895563298044,-0.010053536287297434,-0.02482396972872601
2025-05-04 00:00:00+00:00,-0.03387690383175022,-0.029357257459390062,-0.030177902226463816,-0.01808367543329535,-0.02249143644985769,-0.016607613109211234,-0.029759801716376856,-0.027178321053944552,-0.04340543261831923,-0.03618916835387428,-0.013540803974340185,-0.027047912222072572,-0.017482962780347455,-0.04367506350266153,-0.01899183209336793,0.006088916721576939,-0.02064794419289394,-0.014216475872465441,-0.014367533940797195,-0.03843107885648204
2025-05-05 00:00:00+00:00,-0.020921265160639684,-0.005141399500418652,-0.011111225425070722,-0.008174816490461694,0.019567384473807296,0.004825752587870044,0.0007622175034088508,-0.0005103342800221108,0.013447985213275502,-0.0006248047688421958,0.006244078649583546,-0.01526747213078842,-0.02139118998131756,0.017699577099401075,0.019059991449969886,0.004844579519556496,-0.002008032803245746,-0.027116421796312493,-0.011851022851790675,0.0074349784875179905
2025-05-06 00:00:00+00:00,0.024906216194455346,0.008310974261697692,0.016121255944607792,0.05854123564488871,0.00826547390907853,0.021928792437757434,0.009159656817545842,0.013436632626765378,-0.018936156123156394,0.014272659286718633,-0.0017541018302236297,0.012377296708555054,0.09558314281953131,-0.059638266319731105,0.0010899183640256005,-0.009712743291973958,-0.0018106835245811407,0.017271586508660716,0.011387093360750963,-0.00743497848751809
2025-05-07 00:00:00+00:00,-0.010959825344309067,0.01497974374439843,-0.02325686216426735,0.0234808307973226,0.0002157193002466874,0.0020269832486365163,-0.0009877691747610512,-0.0005037783481861845,0.17115639226342383,-0.0024676138369560396,-0.003246872434657581,0.0,-0.0228575070340199,0.0508276366375762,0.0029911647046841332,0.011322401587212115,-0.018494582636164415,-0.00955847460993577,-0.013313287844159808,0.009285117775679478
2025-05-08 00:00:00+00:00,0.13596699450159674,0.08523121630510401,0.12531357544770821,0.09519164723736336,0.042981929965282065,0.06224021212940302,0.141514499055788,0.11573732882405469,0.043581181774793365,0.14037941692395317,0.1978709051504642,0.13894363747946595,0.059197858256026435,0.10889408823913739,0.11006028796588499,0.03321776346248484,0.23249456577642078,0.11217550432201141,0.09018839248730369,0.09849783454612054
2025-05-09 00:00:00+00:00,0.010474007953233713,0.08543191698341034,0.04887611543511735,-0.019390194577308513,0.05732352074704578,-0.002808564699583071,0.035347075845766275,0.07415606025112549,-0.0011690438553759622,0.030657792166968328,0.060491637192219526,0.008153071189633633,0.05658508977330033,0.03891541624967362,0.049351729387988735,0.01198545180656113,0.03231247205816498,0.013981472427346141,0.00715038048981651,0.05538874914861102
2025-05-10 00:00:00+00:00,0.07816090415289358,0.08485242324320226,0.10398440810429618,0.04143094612742167,-0.0035934754762128244,0.017687693367897713,0.19950542396163304,0.10099593072542586,0.09425687056070668,0.07470272349085796,0.09673809457506417,0.07980244434377239,0.046171765587842084,0.0834426757767238,0.029146272806440294,0.022797339882606276,0.17328245344030668,0.08562764549510361,0.052847186944504285,0.08938573505009191
2025-05-11 00:00:00+00:00,-0.0429010437695171,-0.013839757088579391,-0.04111250921750004,-0.05432493330427689,-0.019391505311401467,-0.0066198315306769204,-0.07805967737291877,-0.0407513622436297,-0.013827327867480298,-0.036403429388005365,-0.02693873911823869,-0.013937507843781512,-0.05015901169965994,-0.0014054816087348096,-0.026776123996226437,-0.004140792666031388,-0.08649409307945857,-0.048727996378544365,-0.043040065101328705,-0.03390155167568123
2025-05-12 00:00:00+00:00,0.014424216058503582,-0.0142249909313471,0.0020157233190787626,0.005859391763892738,0.013605859588791304,-0.012823957677924932,-0.0034570709855054507,-0.005705868899012212,-0.05001595561979967,-0.008553511268843593,-0.007624726562569798,-0.021277398447285076,0.03648178639220643,0.025001302205417186,0.005929610649794066,0.024591403137322113,-0.005934735519814578,0.02035282659735929,0.07207500599734157,0.02370481365516631
2025-05-13 00:00:00+00:00,0.015666116744399456,0.005144338295600713,0.035216299849343394,0.0009732360865521751,0.006132023443444253,0.012686796194268246,0.041422653878783605,0.024750362092298177,0.005318860499466126,0.0435066140792026,0.07123149149621383,0.03809426330486263,-0.004149583758896182,0.012270092591814401,0.05325726970220016,-0.002948767341252687,0.029186621086531653,0.004148721444457818,0.015214462162221621,0.015977100936014194
2025-05-14 00:00:00+00:00,-0.03844501697528136,-0.03303690769790197,-0.029994355868191602,-0.020887846283546906,-0.01771275231756857,-0.005740544445962826,-0.033789851993050096,-0.04226673351462912,-0.10774610282723937,-0.03947231712995146,-0.02645798019825446,-0.022093921958421213,-0.02407632443803719,-0.04716546844243012,-0.039462375004215657,0.013565744242821469,-0.07083769516421272,-0.033352613856550216,-0.012701799382124356,-0.03370282353512262
2025-05-15 00:00:00+00:00,-0.04638884228912864,-0.04520203055886825,-0.06027412235111365,-0.01652516322953742,-0.0009046652205910722,0.0024691295519930546,-0.05924283356286074,-0.041198571440540475,-0.014306757919610275,-0.04740712503529023,-0.023671097836287125,-0.058715803969402056,-0.016882674599551697,-0.04950064377303058,-0.04326875048444258,-0.004745400399848461,-0.05891388677574013,-0.03552652433485633,-0.06676033428094877,-0.04886468259414708
2025-05-16 00:00:00+00:00,-0.004733114279133178,-0.011159446248898296,-0.018900906309200313,-0.0005050505157861753,-0.00788521303617421,-0.0028935353660749547,0.007809347293095139,-0.005034623598667589,0.0705219237726295,-0.013280407667894378,-0.004549922218868295,-0.01761051800863528,0.0022139487759092625,-0.012012156448003545,-0.01045885454891279,-0.00587157650172026,-0.02486922153848218,0.0003411222956495693,-0.002434214489420978,-0.005649732542119133
2025-05-17 00:00:00+00:00,-0.021446043385608373,-0.019727817126949182,-0.039359491212692756,-0.009134800896578013,-0.011273024758400986,-0.0032649150658740724,-0.030024289787074818,-0.030535093590541004,-0.039139908337270324,-0.031507223245707545,-0.024756860728527823,-0.02831592011728774,-0.03498362269852565,-0.027566829832654592,-0.008759880819235797,-0.007759137394150059,-0.05706160560730092,-0.023465534926005945,-0.011282842759218243,-0.03735905397839161
2025-05-18 00:00:00+00:00,0.022499784262880077,0.05062541561982043,0.03935949121269268,0.035557075772358386,0.018621184974031434,0.03175756480007516,0.08257408719418946,0.03849491777068168,0.0088583256420994,0.03257617043461267,0.009129618637998178,0.035901291506544385,0.049553284675438056,0.03808533402387488,0.04339791948542134,-0.006325602487588813,0.06558345331206461,0.02107523158542071,0.031334265417554054,0.03767376680553686
2025-05-19 00:00:00+00:00,-0.02276910826127611,-0.037779077009282576,-0.035757506228663666,-0.03453796740390133,-0.0029358665363824195,-0.00830574322175089,-0.03755714742323797,-0.041970160190984984,-0.050236579640834556,-0.010741241831412625,0.012081517129454255,-0.006317140401261567,-0.027011030162745725,-0.03189336377595373,-0.037869059247631925,-0.004489345362594551,-0.03301286771305954,-0.020028293782586894,-0.019841343037387063,-0.03229697177461968
2025-05-20 00:00:00+00:00,0.004702729526906124,0.014334929170992093,0.015607897665990968,0.0035587226169941544,0.0005847863388209216,0.012016222070838009,0.007987617352094268,0.01747051875723975,0.01241615950485565,-0.005414198390872403,-0.0015636353147152056,-0.00444586315019834,-0.03933878628139961,0.01379332213233577,0.010314594353781239,0.008958626544891492,0.015895925772361715,0.0027864873480808595,-0.010049062778216203,0.014518725753335451
2025-05-21 00:00:00+00:00,0.030755410261128165,0.025658096614199728,0.024908432166044606,0.032699781035354834,0.03523348477166615,0.025812774424210004,0.03385145833999992,0.01338025696323617,-0.03930721988432215,0.03047549399703352,0.010561299937301044,0.024521819722887594,0.027461918914082565,0.01660415505203516,0.028880763274702622,-0.0029773003012817183,0.030731414788848156,0.019632109775091437,0.016289267301578272,0.017148721291648985
2025-05-22 00:00:00+00:00,0.05068866603676719,0.04808146728006331,0.08636377847806018,0.08742059252916183,0.019502338845169432,0.018544112729196732,0.04813071881233133,0.04294631882325642,0.011445234453728376,0.03619836782683986,0.04365499400221554,0.038981793070911853,0.032128428453303874,0.05106871827401928,0.03482699588772073,0.027932723791662017,0.034647141866285515,0.036830409812696065,0.014877095139977661,0.033591889965501345
2025-05-23 00:00:00+00:00,-0.07997063151990068,-0.08535795184812808,-0.09068904473668282,-0.041347184913840096,-0.0440546098855612,-0.03998359037453153,-0.08658945947934595,-0.08144155680067817,-0.04686265740627655,-0.0628808472520008,-0.05330156737301998,-0.07502742790073348,-0.05115681646264305,-0.08301059730976446,-0.03206472216264619,-0.02607087257424595,-0.07237508694496984,-0.06449469128505167,-0.05691406146325251,-0.06331128444637724
2025-05-24 00:00:00+00:00,-0.0005355469400994472,-0.0161989447277274,-0.004779500734296622,-0.011795371481546179,0.016649566863518383,0.004125071563271793,-0.0003997068869418043,-0.0035141701001211783,0.003421145998471171,-0.004879380784093516,0.0015424472594757481,-0.012309841221485563,0.003876582988736853,0.004626068388782243,0.01063231692078598,0.005564844633407506,0.02231682005267143,0.0028011222797115517,0.014567246294203544,-0.0014606835348855655
2025-05-25 00:00:00+00:00,0.01739174271186924,0.015781495337403046,0.021116923440922614,0.00308020620265553,0.002138398511973148,0.011462065339148519,-0.0009332711829984346,-0.004852237133736083,0.04540165577927968,-0.0032661977866210697,0.008194283121783164,0.012953549000391187,-0.000313758304095742,0.003072199036970059,-0.0007394556805757028,0.0073719463973120035,0.007167321772005849,0.00627398363341485,0.0048801466716742094,0.005668490358352718
2025-05-26 00:00:00+00:00,0.0007893698607488587,-0.002927035332522992,-0.01633742270662608,-0.017420796130732316,0.007218743439843464,0.003942524889582682,0.00465767027398094,-0.01223460928875171,0.017983536595861143,-0.005467482182133501,0.004879851401569555,0.0,-0.006085424298580293,-0.006153865574378112,-0.004734074148725389,0.005858676589318493,0.054024506854581295,-0.0069735289575004475,-0.01349977509465271,-0.013331363103922023
2025-05-27 00:00:00+00:00,-0.002765524907384267,-0.004617007152298848,0.013347883858260086,-0.0019277114403326479,0.018542993837423326,-0.004548373170012511,8.850732403869682e-05,0.014884202360145619,0.0,0.020619287202735825,0.0371790601849991,0.02353049741019425,0.009218586130617362,0.027398974188114347,0.01023841490099243,0.014498260479425639,-0.027595484003557796,0.004538321631251383,0.002809536978083309,0.017038951779170645
2025-05-28 00:00:00+00:00,-0.014211010125481996,0.0189608764047274,0.00936575598764209,0.024304269926049733,-2.911631969925091e-05,-0.0106718460844975,-0.022464810120118205,0.011401132047935027,0.0,-0.008630042774214928,0.007783043587972976,-0.013924275604754333,-0.005541918298571535,-0.016654434905137235,-0.025795308503156082,-0.01486342389410949,0.07899641522453658,-0.00628932890756399,-0.018558581000774815,0.03618374035205339
2025-05-29 00:00:00+00:00,-0.03470444212427192,-0.048852085591167646,-0.05890470341931524,-0.03643739620243098,-0.017431842890805686,-0.02054732532520838,-0.02794849557134506,-0.05719688647629078,0.0,-0.018589928459872836,-0.018901407621664652,-0.041645575550056456,-0.022909051517755366,-0.018490511397632584,-0.03245888635686857,0.003281680246879662,-0.04282638779639509,-0.02304657933308554,-0.013279231959856539,-0.044423547856858696
2025-05-30 00:00:00+00:00,-0.047067510857985856,-0.07257535374217416,-0.07899456802528497,-0.027724548014854973,-0.029557617092177017,-0.015310028157546413,-0.10439398993218259,-0.06755939208871997,0.0,-0.06733861139092494,-0.038763416887778096,-0.07948915105823873,-0.08470254835158358,-0.10657085556524187,-0.06511853855435412,-0.028430934700978603,-0.055321586285409945,-0.0503875655913889,-0.04763674352625976,-0.09008375754529228
2025-05-31 00:00:00+00:00,-0.004510082570330233,0.013196163249575135,0.01160554612030811,0.0408219945202552,0.004035425807190804,0.00581464554481119,-0.005491103726920767,0.006646178310454121,0.0,0.0,-0.0012965966160090577,0.0050233331322244775,0.016100423079940213,0.017153079226249493,0.0015992327093055612,-0.004880805634481766,-0.02496254911663839,-0.003779293991893329,0.015764421424580382,0.01357686375534178
2025-06-01 00:00:00+00:00,-0.000437541026450792,0.004131288868789096,0.003838776307165667,-0.02834989471058701,0.004185692882216166,0.00999890319604234,0.0058010210847732994,-0.0024564001543234525,0.0,0.009400774284705888,0.004400798850344821,0.006421713113648285,0.015505954271434244,0.015190165493975238,0.007831192729573826,0.019012688272352165,0.04189856663402305,0.012417845364756448,0.0024810488261066714,0.000175116014807292
2025-06-02 00:00:00+00:00,0.005963220347114332,0.02309362307920213,0.012848142477849059,0.0004956629593426342,0.00777873825091481,0.002033656157331761,0.007409346991534366,0.01996657516112591,0.0,0.026545124698356234,0.026504382446835256,0.0007109847437789285,0.012703222930813107,0.02807781475454046,-0.005405246698131419,-0.007412932389125411,0.020852052847577664,0.01668868697058199,0.007907347460640982,0.016325475467128852
2025-06-03 00:00:00+00:00,-0.008592494429735103,-0.011933047151030877,-0.0004729250501952905,-0.007211270837355144,-0.006538531189139669,-0.004555126803574655,-0.010098493774207039,-0.0026554028880064443,0.0,0.0,-0.005403059231682269,0.0028388947384248714,-0.00022343872286008782,0.004874095758245353,-0.010512243462799997,0.005194816877104151,0.028903304133709867,0.0033045743308819766,0.0216621471663214,0.0097712271388459
2025-06-04 00:00:00+00:00,-0.027130861335371903,-0.0340968298500604,-0.050944801615248565,-0.0012485954924657972,0.002475809298948189,-0.00647422512636591,-0.0261799176557869,-0.03217765023564777,0.0,-0.017811444729601736,0.005506604904045108,-0.020043620188055774,-0.017015453623340438,-0.022951827178202294,-0.01251434714127517,0.015424470325631512,-0.05023075513618826,-0.02298951822469872,-0.019660963981529188,-0.018074336595028245
2025-06-05 00:00:00+00:00,-0.061677174353274904,-0.04456894778219432,-0.06902842641042327,-0.038721087861848726,-0.04614601438793033,-0.030924814911036578,-0.09512414565323356,-0.04911473006539919,0.0,-0.057260720863415084,-0.07717167198088684,-0.07038832872557076,-0.05141891463769995,-0.06509146558074443,-0.060310662233093885,0.027320175086383472,-0.06736387499558802,-0.036673322849388436,-0.04998129538469029,-0.06327708559572008
2025-06-06 00:00:00+00:00,0.046534547033612816,0.022532752231340436,0.0463745505099001,0.02716026546077281,0.014702228744006956,0.027016209665029333,0.04420008823609283,0.018187043250851048,0.0,0.024857296808755706,0.025395476560089048,0.05067246556115345,0.04297330406276721,0.02792502570547007,0.02423780160383429,-0.014645734189655547,0.01531114288924086,0.02231720171523557,0.03113055258272332,0.026838671610071908
2025-06-07 00:00:00+00:00,0.013789141888585847,0.03183104997869186,0.05014701648072184,0.03428907347863195,0.012555053902940636,0.012044621848145592,0.03479424331188732,0.03714893370595021,0.0,0.030662779576875254,0.01940977560768664,0.0197158631644172,0.012075790398174257,0.038823441082903885,0.014972249204584034,0.03187238623886104,0.0580578070420077,0.006825965070399891,0.007886221608231036,0.02736489160601462
2025-06-08 00:00:00+00:00,0.008690495210611942,-0.009794854427837969,0.01871006846246737,0.003413804827214038,0.0018114556464716557,0.0017213626629398297,-0.005036702678372711,-0.0014895732645018574,0.0,-0.015803665173125456,-0.005879495570297428,-0.00725692589678718,-0.012878404670464262,-0.013333530869465144,0.015801459316680925,-0.01829104810499209,-0.0033141354408760793,0.011647698845451589,0.040555525100638416,0.0022761105860810544
2025-06-09 00:00:00+00:00,0.05033057541591786,0.038165551557053375,0.04234175165167127,0.03374736906636258,0.02061427905197028,0.0419420963494116,0.056573066220293955,0.03082435820037488,0.0,0.052295741621893786,0.0656502790426938,0.044863343840198286,0.03991311637129088,0.05229949940284905,0.055560986888882814,0.01863954087729413,0.07885033385695524,0.026540444644893097,0.0235838397159895,0.03674233037556565
2025-06-10 00:00:00+00:00,0.01660139422004366,0.03719711541041511,0.02785445130826407,0.030821580040600392,0.011844002571515772,0.00010311175786527098,0.018302493613730014,0.03386943038568764,0.0,0.038445151909701554,0.04959417285383804,0.07316243972367631,0.028253536396117798,0.028259337314403058,0.02427482197005151,0.019665977938219135,0.23577346442715705,0.02016632979155124,-0.005919861730329229,0.048212018075085884
2025-06-11 00:00:00+00:00,-0.026438240237501152,-0.020198271734384283,-0.04531813042837931,-0.021451635638531388,-0.009068327688721217,-0.01488492352072924,-0.028409840384837678,-0.024756657491691314,0.0,-0.025649427950850734,-0.016031094874014874,-0.03691915664783675,-0.019147104493289296,-0.036252984995148674,-0.025454470075059903,-0.04614590110268631,-0.06041546884912598,-0.013278501219236611,-0.01616532208741107,-0.015541837847176738
2025-06-12 00:00:00+00:00,-0.05401150808175566,-0.06766308405694983,-0.06166828167808254,-0.011490336290876922,-0.019181032473596517,-0.027749388787279217,-0.06332989485303973,-0.06662552274740337,0.0,-0.05569621150310163,-0.04764617720998437,-0.06377767342704713,-0.06113671228328375,-0.06979576193554209,-0.05523444117508288,-0.02793579087811063,-0.08544117705121333,-0.03492360059864123,-0.03610014673823374,-0.041985176873081294
2025-06-13 00:00:00+00:00,-0.02961929099065551,-0.01989280696736988,-0.04384678154206358,0.05662105774997987,0.0009159606777332959,0.0037297023772628075,-0.0038727572608444655,-0.020885121631986255,0.0,-0.012349465975074334,-0.024306805427401885,-0.03867683817386702,0.004864498821135983,-0.01736154719590097,-0.024725438759396416,-0.007756271571358985,0.035418182644582324,-0.02461779309237543,-0.01969121289018171,-0.02812712382193208
2025-06-14 00:00:00+00:00,-0.027316769190436904,-0.010708303832487298,-0.02504043195968744,-0.04047846836014535,-0.014973837762613821,-0.0061655785271072,-0.012045650889604072,-0.014962872676712377,0.0,-0.016105328724191407,-0.018955743264715684,-0.021813576471229907,-0.015955617127150726,-0.024823969728726122,-0.02701023563979245,0.005177526358935641,-0.06070517667836719,-0.0170151050059827,-0.0036392519053321535,-0.020688563899358924
2025-06-15 00:00:00+00:00,0.013830599605015089,0.0014669929281256688,0.008940369831352822,0.06621963222593533,0.003988256948262037,0.0017001202861056666,-0.015320988270664845,0.010523643555967174,0.0,0.0030021037257644124,0.0066360118836382735,0.01134227660393451,0.01306293359431468,-0.0017969456767017416,0.05599392709130769,0.010275319764412491,-0.016848900173312316,0.008930364145468276,0.012125865782650987,0.002854596050839868
2025-06-16 00:00:00+00:00,-0.004906237585475023,0.01165910705316421,-0.002096436826528293,0.007142114549687626,0.003926313621035874,0.011305061807508105,-0.016138182261702435,0.006781455305395207,0.0,0.015467292293307759,-0.0013511976257330142,0.019360247284541394,0.004278205056871268,0.016057436895858687,-0.01481801290712109,0.0007299270397078029,0.036377592390392316,0.011147530391060144,0.032931328217189165,0.002668803292080174
2025-06-17 00:00:00+00:00,-0.03437762880916734,-0.02940667664829326,-0.025506164840363648,-0.0023750416000762145,-0.004096031350002905,-0.02123009135616664,-0.019645159379942167,-0.033838808827225106,0.0,-0.028137145034359528,-0.013541634518074394,-0.042944451829741354,-0.028675380412471863,-0.03971641121250559,-0.02112117135269488,-0.009530863934749946,-0.0010749799476468243,-0.03778443622447912,-0.03593745835706329,-0.04228154054204458
2025-06-18 00:00:00+00:00,-0.008409646396041533,-0.0017423775409905436,-0.022864360212545124,-0.0062886469851565876,-0.0051204814667784055,0.0032048660451346727,0.0077638314931894785,-0.026428455481711365,0.0,0.004241145405996428,0.005978230100768063,0.009195467093100176,0.010159567598254643,0.014625489218979012,-0.008369958019474115,0.0055096558109697,0.019702447763828897,0.0019829473084935984,0.005312404224841062,-0.0046446901893246
2025-06-19 00:00:00+00:00,-0.0031511760050344302,0.005961269516499446,-0.005521825184307973,0.0782171102884446,-0.00018613019861091386,-0.0021779540173212956,0.0014051524560249953,-0.020642295013888576,0.0,0.0102256530117571,-0.0015378154957248734,-0.0030557701394778847,0.0003525471568331744,0.012624153228396407,0.004771977151492939,0.006571765163234519,0.01218488708169932,-0.011155494171785622,-0.002629577323124623,-0.008603007987908168
2025-06-20 00:00:00+00:00,-0.04172217807998622,-0.027619129398426426,-0.03895496773582565,-0.04821700317092094,-0.004726891391090113,-0.013085610610985732,-0.051502709442794475,-0.03178506657963627,0.0,-0.035946605528820064,-0.046533992891629815,-0.043791203157310846,-0.026188855360742367,-0.03278982282299084,-0.04827683022423675,-0.009506470130828506,-0.08291177589095661,-0.030921910338586205,-0.021194948675787872,-0.029739134052564342
2025-06-21 00:00:00+00:00,-0.03758713303531641,-0.03470951897939701,-0.032175925708211595,-0.013602760223325605,-0.019897081656323968,-0.011469227749354669,-0.04962826321277062,-0.03343012087449504,0.0,-0.03407269663588007,-0.04711837861639429,-0.039124794492232245,-0.03285817236256262,-0.05129329438755058,-0.033972926715860115,-0.004418269337664666,-0.08917454223362917,-0.020034059033115965,-0.02687485417360067,-0.02210791400786619
2025-06-22 00:00:00+00:00,-0.0258666516214498,-0.019966056569889472,-0.017391742711869107,-0.026893835130422157,-0.021145086412235437,-0.011385960226360707,-0.020866113363515317,-0.05281449643027795,0.0,-0.02535072383492072,-0.0300812126348831,-0.03209734997487789,-0.00024931438673153877,-0.021675725479040394,-0.02785236565632484,-0.028065452898283955,-0.03238258428125633,-0.03561844016504937,-0.022547764364564925,-0.019980684690483367
2025-06-23 00:00:00+00:00,0.07190429627100567,0.0909250137233426,0.08852263615590648,0.017001281336995445,0.039295034015212844,0.0423728593887924,0.07920341659629042,0.0801158953633997,0.0,0.07542376181724188,0.07934564398281163,0.09570027148081432,0.05694367663243901,0.10396512023555494,0.09274617329928392,0.03431892187012582,0.08246091042193666,0.07082605256861242,0.06765679525092112,0.07239106015291062
2025-06-24 00:00:00+00:00,0.008890467175239723,0.0002454891383384813,0.009369040701732388,-0.019422323567212456,0.004735137583710892,0.007086217120930923,0.011837331288668335,0.006710455523805704,0.0,0.0030478536242533358,0.015139864214513837,0.04573968005101182,-0.0008247423147902726,0.012489011570774767,0.009709817015782222,0.00402562300280566,0.03796371314064955,0.012538081337890975,0.014443008985833096,0.0067352920659262015
2025-06-25 00:00:00+00:00,-0.03534059099833161,-0.01833095668472339,-0.03687568649156588,0.06194591687763508,0.003939211049181239,0.011784963544526447,-0.006781739585725881,-0.0256235488302926,0.0,-0.012863883361909897,-0.012311792807958116,-0.02184644322883089,-0.002005782042295919,-0.03426845683481479,-0.016235805186418723,-0.0025598843746891006,-0.012256103251691162,-0.03060838823403839,-0.0017825724033677774,-0.016165765577257383
2025-06-26 00:00:00+00:00,-0.02282959859422341,-0.027371196796132015,-0.019540851659167618,0.013168914589640732,-0.005852372781555292,-0.003672824455672302,-0.028221219775193238,-0.015937790373392272,0.0,-0.006804851498383804,-0.0010466548339375498,-0.014576399241950456,-0.004735417869923895,-0.022264370497399537,-0.03191722646873073,-0.007719207599958423,-0.02423745378764499,-0.02986552146736906,-0.037522170218732324,-0.008373027033460009
2025-06-27 00:00:00+00:00,0.007906600039344116,0.008697931530510733,0.020109841717192455,0.03139090741398625,0.005295002317049114,0.0009395562683027059,0.006416468050752611,0.018023918383711313,0.0,0.004953570500660967,0.002979876686593695,0.008464844695947897,0.0066233240353814555,0.005612736904957385,0.02155516497911215,0.00808530681693399,0.0150181433137641,0.011040451846233663,0.017187812759872356,0.008941370328099484
2025-06-28 00:00:00+00:00,0.011920788794387016,0.01717213913935424,0.02194180853843673,-0.027718183432482824,0.004465707292421661,0.0023252311283283957,0.015955000109268095,0.014188828048673803,0.0,0.004929153541402521,0.005124743916839685,0.025720025934378676,0.017296212411923004,0.025784117155714634,0.05896315117806891,0.005475465404593091,0.030780429404065758,0.008829151321913191,0.02010559255954837,0.013544225107757253
2025-06-29 00:00:00+00:00,0.02082861680739801,0.051243218021081054,0.0414228156605296,0.027123711999143114,0.009666358350790247,0.00983195226177919,0.03489110041229222,0.03857703445093711,0.0,0.04153470913281057,0.026125386978616508,0.02288767313099795,0.018936699454994068,0.033962155899814425,0.01710342968430138,0.007976837075687814,0.03691879333079579,0.005843088410659526,0.00942737256507252,0.026732166052595957
2025-06-30 00:00:00+00:00,-0.008873481450877976,-0.02675825550443867,-0.04197945358194363,0.0023757682922735703,0.0030492476744193413,-0.011233628430860393,-0.025463093470525482,-0.04151648395131987,0.0,-0.02205752616140389,-0.005864954752458621,-0.023634778133996743,-0.022534869433052596,-0.04126145838142592,0.009671318040019791,0.010418632054464668,-0.03649788837894879,-0.009617469070948632,0.013551746011550275,-0.02077089653609653
2025-07-01 00:00:00+00:00,-0.054222579176363646,-0.04089325693394325,-0.04906859936543931,-0.010935589642418655,-0.01622159063476,-0.01377060945880646,-0.0458341307156273,-0.034744435199482136,0.0,-0.03934127497149961,-0.032907714920473924,-0.03653374333245595,-0.03285959269871248,-0.04495138786226639,-0.05258263168019379,-0.0035803833450119755,-0.07861762362107555,-0.054394072065798806,-0.0291295946594417,-0.041913786444914586
2025-07-02 00:00:00+00:00,0.0746349813885807,0.060729417726495996,0.07923266307679201,0.021165857893233657,0.020490135255606428,0.029540665453745153,0.06686105330527645,0.07738990600512613,0.0,0.06139880113290352,0.06651135770377255,0.04989697114462304,0.04809182812694776,0.08796877294595722,0.03603933398046088,0.019887019042716933,0.10887481883846341,0.054394072065798764,0.027966231514227186,0.06395729473353041
2025-07-03 00:00:00+00:00,0.025694449374782723,0.0021533684598029853,0.0016194335523027543,-0.028791823006300146,0.005864144364605909,0.006731383365643195,0.019489903686079384,-0.0016939586207644463,0.0,0.0017673053200835797,0.00807496551084155,0.008079368223608602,0.019955310707423714,-0.0035149421074446084,0.0005908807577621262,0.009100517830535223,0.016868357595273883,0.01914332283847521,0.010377556666232123,0.0023591336592511
2025-07-04 00:00:00+00:00,-0.04575738452071374,-0.04522339689794052,-0.04073210283966952,-0.025503779531179264,-0.01516894533808616,-0.014713205707567904,-0.05453888129614154,-0.05249864270797732,0.0,-0.042687575109446214,-0.03263881316104407,-0.03802172483868703,-0.025467497379075683,-0.0487021398746697,-0.03106295207306939,-0.015095951060076303,-0.07529242201230543,-0.020404622143801582,-0.016259794502128652,-0.03956153613530078
2025-07-05 00:00:00+00:00,0.005401180479641374,0.0029962569232344855,0.006718950248745009,0.011097524495805006,0.003909118097955877,0.001978700480306492,0.008132363141588099,-0.0005957700503894515,0.0,0.00551303080864919,0.0033317110300457526,0.005305052229693098,0.008142713721769711,-0.001850139288161366,-0.0010160881483855112,0.0017670971200201115,0.05624422704161084,0.0025210097385483295,-0.0012166822130413987,-0.006052600281923086
2025-07-06 00:00:00+00:00,0.017739206231695788,0.01681127354750558,0.020437054855989668,0.004486141292143445,0.01056638775262275,0.009252236497324772,0.04611579512433486,0.01155397240569967,0.0,0.016359044010018867,0.021208793768126077,0.018720127357296727,-0.002287022151795331,0.009216655104924048,0.028791942396139344,0.013328853940056415,0.012200232660947196,0.049928536420223026,0.023660515151507924,0.004542881180299884
2025-07-07 00:00:00+00:00,-0.009088633255686892,-0.00787599444169285,-0.016538414440332643,0.01032293348684513,-0.0031264421059291796,-0.008653329682976453,-0.023774216115703132,-0.0076877965862436025,0.0,0.0024009615375380463,-0.010976826745835281,-0.002971770389157593,-0.014994513922517072,-0.005519793223597922,-0.019818431451092487,-0.0010458428702968155,-0.0043208276782954885,-0.009627029827164199,-4.403637405217983e-05,-0.012351700976538206
2025-07-08 00:00:00+00:00,0.01351718758933622,0.019090153892915875,0.020358337229902816,0.009020808891612686,-0.0006506821042322044,0.0060781291164992805,0.017824942225494397,0.023178388377030783,0.0,0.015467292293307759,0.028294445582588534,0.03796076223922301,0.019563339688426724,0.020092000082688646,0.01856649572931009,0.0024386007556003514,0.0357536919673461,0.04531009413217965,0.017461592610539384,0.023806149752094507
2025-07-09 00:00:00+00:00,0.05665787315112381,0.0445676978790618,0.06024008037735672,0.02638987330842521,0.012111694648219372,0.02099497361671242,0.054584351210694784,0.04867967303623312,0.0,0.041624505951905574,0.05703264782490423,0.020560809380433132,0.032072719887993976,0.06645801588376342,0.03485711792135012,0.008661062282685336,0.08049456254544221,0.10485961981442161,0.03945703361157808,0.044906249008990734
2025-07-10 00:00:00+00:00,0.08434469087544953,0.06832799326659765,0.05971923470162228,0.0075515897639605424,0.025280420194389874,0.042040393709379065,0.07746149955827464,0.06961882654908956,0.0,0.04592785022321943,0.06385001983809137,0.06651026019241099,0.045732114147054,0.0495150645273805,0.04537322651838623,0.013703537497261763,0.019682152625833373,0.04973120086501255,0.05790463856675902,0.056394505967784274
2025-07-11 00:00:00+00:00,0.0460099895856656,0.004752655305860085,-0.00096665063109499,0.024956052743937803,0.006091064703841116,0.012997315848983379,0.03009568214634776,0.0066769636861643885,0.0,-0.0125171702322109,0.002345373195644777,0.0032776168313038566,-0.006239774885438353,-0.008084118399958911,-0.008616791788178198,0.02353841021112788,0.02634492029545131,0.17320421224467855,0.07015168836793954,0.011073938670347191
2025-07-12 00:00:00+00:00,-0.0007050694785496903,-0.013015368112070248,0.00048344211722337494,-0.04857381880613907,-0.006003579466918803,-0.0009164595002588142,-0.01812071166344699,-0.0041036220705169815,0.0,-0.006593430479831957,-0.005063130362084512,-0.011188007453726265,-0.015933609830404802,0.001622060371868051,-0.013843617661201877,0.004311066202639728,-0.03512419130018726,0.0866181088103666,0.002668276525083655,0.039105187092398845
2025-07-13 00:00:00+00:00,0.03846628082779614,0.02138541375798568,0.02435068992051501,0.003352068602618373,0.008912430351927498,0.014094044790011754,0.0057075185875184505,0.02362014571993534,0.0,0.016944925799545554,0.009720615278929012,0.03575291427800886,0.019745558537822023,0.02875597498730372,0.0028585652077851727,0.001983471724654457,0.014080573400827816,0.18045334972884808,0.034654446982784165,0.032831231547815115
2025-07-14 00:00:00+00:00,-0.002038182647290683,-0.02685888117215768,0.0028261912358352663,-0.006121057713611956,-0.004170534311869114,0.006316070756330813,-0.005353007429365442,-0.008570760809321294,0.0,0.005405418566907982,0.013896792937287883,0.0057306747089850745,0.010722272387122016,0.0031446566794717814,0.00655618380057635,-0.0009912440923976757,0.07031577313937912,-0.014986364827665452,0.04215110627601493,-0.008577050631759718
2025-07-15 00:00:00+00:00,0.015386995439006257,0.024505183712388003,0.057132282004838955,-0.013961136216733007,0.001160227534722372,-0.01753493076270058,0.008571192939287516,0.03311643342440821,0.0,0.027122109172611746,0.04040858556728951,0.022599831917240992,0.007396252270251314,0.024807473704267658,0.010852677106008285,-0.006633523495633906,0.023166223273323107,-0.02644673860855648,-0.0133398833831549,0.019848690079761897
2025-07-16 00:00:00+00:00,0.023561645885634377,0.016149947271114753,0.0066416006812194065,0.0016054589039399129,0.02672965582545067,0.0073805949622627876,0.06562357911900901,0.017721060899542188,0.0,0.042122303002371915,0.07176265809814222,0.034170499573819804,0.011557243488743343,0.016705020200002765,0.057182129188014845,0.029833387740309667,-0.048677810930731806,0.003978785089763359,0.039958312301603384,0.007799993663579916
2025-07-17 00:00:00+00:00,0.07216244624823058,0.023128440047863966,0.053695525870373066,0.002603385870114982,0.016848277863138066,0.004601451493544703,0.025804290478752392,0.024716087044298223,0.0,0.018934297592109413,0.030819206153466738,0.07676106113346201,0.041498896795262856,0.020865138463961756,0.012818487392226498,0.01919444725614716,0.003476704001117142,0.0926393077738894,0.13623510756289076,0.021104189951937417
2025-07-18 00:00:00+00:00,-0.007084431730890477,0.0,-0.01687091891825517,0.028587456851912472,0.012781356566911404,-0.01056700950065718,0.07729697541832675,-0.007776638696626075,0.0,0.13464133909106818,0.019947157492513926,-0.009489326021115798,0.0012787096612754392,0.0117303397854896,0.007985317810646143,0.032728493823554305,0.12605839816151723,-0.08057908046547732,-0.019696353860273796,0.03833680876402752
2025-07-19 00:00:00+00:00,0.017015481015309458,0.03262370158733128,0.04124725499870308,-0.0027247973261851424,0.004483576869526762,-0.0007197002204572691,0.023595587900792216,0.0421553847911477,0.0,0.050063029725509245,0.01263231313452492,0.030924606741180836,0.10648050162770936,0.044198212873735106,-0.0018066852249489244,-0.025467214878516435,0.0039401154204445525,0.004783657741433008,0.0031881160099956124,0.39526879045185714
2025-07-20 00:00:00+00:00,0.03341939158919467,0.031013280433217823,0.02180142868121652,0.06580452900009641,0.03170692848424075,-0.004890417918115617,0.12563570512664768,0.015975140051093326,0.0,0.013045435719973223,0.04482631614396699,0.04674244381004521,0.029860760511833666,0.04766048335021932,0.02494618604810182,-0.01234388200850367,0.04657810567894583,0.0032485139558313084,0.008606705838293434,0.0364539652196255
2025-07-21 00:00:00+00:00,0.03560561563913105,0.002316603352635076,0.01545503320213054,-0.04745893386150341,0.012343890321294718,0.0009822478512299445,-0.008547844477485916,0.004232103432141236,0.0,-0.027927893123926212,0.0015001957855612833,0.011864983143426152,-0.009999221318379142,-0.0120402792320806,0.07581516203885108,0.0009549578952687136,0.016010767407423278,0.022448831539453075,0.027273768772816703,-0.07750561000770732
2025-07-22 00:00:00+00:00,0.015955708093410466,-0.014763282900859539,0.0175408901986715,0.00667495565024943,0.026352223589367653,0.021692235206271098,-0.001806951722407527,0.011052278728831957,0.0,0.00953375096795173,-0.004293784082249591,0.008171649149319478,0.03590652872756158,-0.006752220117286671,0.04973373023798862,0.004761158018019749,-0.005091896387900488,-0.0014810115898614886,0.0002535246988889008,-0.025713078691739312
2025-07-23 00:00:00+00:00,-0.10175106825639685,-0.0832114540977354,-0.07750214577577558,-0.026776134971336588,-0.012715884325302561,-0.01004095354590667,-0.11776919453857458,-0.10075473933957999,0.0,-0.07315640675696046,-0.03198319934152158,-0.07826402596968769,-0.06562561410744643,-0.1011537786848488,-0.0825576159069335,-0.020151009696891,-0.05690729609170093,-0.09895858025376615,-0.10898482125729388,-0.09593052721875986
2025-07-24 00:00:00+00:00,-0.012330612457478561,-0.016511579153489248,-0.01175990033103158,0.0015606714053445513,-0.007754581728666937,-0.0035006808084234644,-0.036578357482352795,-0.02785832812839657,0.0,-0.01160727317487691,0.021445275536585953,-0.014962872676712377,0.0018724092671174005,-0.02121291663919265,-0.03508566286543633,0.014116371723257018,-0.00531968548376328,-0.007508247379149569,-0.012166176828630148,-0.004332466017460243
2025-07-25 00:00:00+00:00,0.01208548437682978,0.017999200297029005,0.01426198670726931,0.08282784940472107,0.01890570963946516,-0.006159491204291899,0.01940731829116361,0.02176149178151271,0.0,0.018683817522474222,0.004849375076047342,0.02044834995338364,0.013449149808448045,0.004583659667657893,0.02104885221619465,0.009827310029372805,0.029393843663036524,0.015656354384641826,-0.0009542592492056505,0.023041453056882898
2025-07-26 00:00:00+00:00,0.004891181186779048,0.01182196584474792,0.03800253001872852,0.0032246534571090607,0.009932052710894805,0.002595631902628258,-0.005506621844194552,0.008767713253310154,0.0,0.00527473750454623,0.00432357231054932,0.007086429218982431,0.00114190358931935,0.007593050907597416,-0.01011740413661094,0.009731673098536831,0.012486460661643562,0.009001791887935293,0.007577114796477425,0.0039003782661275028
2025-07-27 00:00:00+00:00,0.014772032750971343,0.022617418096848956,0.04392863144480856,0.05379418886716537,0.06196363993911355,0.012603083346820849,0.02217926006149151,0.027739703089153116,0.0,0.02125432427535836,0.03441730969773146,0.0440974499925739,0.0076085897683958095,0.029808466297825936,0.020133470822935467,-0.0006250000203449703,0.03974155882901555,0.020469215918594262,0.022701635328590014,0.003996009313381923
2025-07-28 00:00:00+00:00,-0.04775704417556762,-0.048554246165229756,-0.03316083049687048,-0.029935144235750437,-0.023897016838345247,-0.011396806340220294,-0.062394393494498254,-0.06705741415705511,0.0,-0.06151020696427981,-0.019059121321626165,-0.059975144622727045,-0.05148590104408168,-0.06522402280472242,-0.029753371635438258,0.007784563677000977,-0.04897224719979653,-0.05792677845349463,-0.036279598034642625,-0.046715216336124785
2025-07-29 00:00:00+00:00,-0.01319816112371965,-0.005832179831986256,-0.033887873562713625,-0.01477859409611872,-0.023288984451676764,-0.0009453714032179849,-0.009909650716653963,-0.015248071795162002,0.0,-0.006869731619633158,-0.0013723547780699651,-0.016133868739784372,-0.004596863845403815,0.01863407954489301,-0.008941610357859443,0.04873108171985639,-0.014735182582121188,0.004522202161049583,0.001439654731577152,-0.01191046307797305
2025-07-30 00:00:00+00:00,-0.02509509521079193,-0.04406779659140905,-0.044470414589449205,0.04488321549522721,-0.014500351024425949,-0.0009369312651676298,-0.017706754433380337,-0.02594179197800003,0.0,-0.016682499959936245,0.004263669711191031,-0.006752980080306695,0.018081033167076477,-0.031252543504104426,-0.02065487486116896,-0.03334142741529509,-0.0294385028900458,-0.032338725342674325,-0.01008908728246527,-0.02425514221907566
2025-07-31 00:00:00+00:00,-0.03221361998365496,-0.04799808492009936,-0.03670136685042793,-0.04968023988462529,-0.013154662784285344,-0.01777599093867902,-0.04771342236755866,-0.0328599085027631,0.0,-0.040043481440841466,-0.029731599322331093,-0.04563309761666488,-0.04072773048662728,-0.0454623740767574,-0.03171785066657496,-0.007357482607297133,-0.06865034707873872,-0.016819590176746484,-0.024253517635491252,-0.06668307443476171
2025-08-01 00:00:00+00:00,-0.03454551177241016,-0.01676685985706709,-0.04366314291759896,-0.04610454837663891,-0.03384255132650542,-0.02153342924967691,-0.04271302521797313,-0.03735390701940124,0.0,-0.03867611439239816,-0.05851174596384749,-0.05154217442865611,0.004701908229865311,-0.04241517880072147,-0.05680325411679142,-0.00493523518673101,-0.03340716516605233,-0.047767987842288605,-0.020422856655293187,-0.029373562741778794
2025-08-02 00:00:00+00:00,-0.023520494859543526,-0.011661939747842975,-0.030684493707012355,-0.03029387278730779,-0.027668320027964433,-0.006655760991846373,-0.050986932666229424,-0.010771079190406804,0.0,-0.030282016174957536,-0.027394355452404134,-0.026483262763258998,-0.004701908229865204,-0.019248188304916578,-0.026341072760932224,-0.004027890805853455,-0.031473880379731506,-0.04030974130338407,-0.06696156261879341,-0.0214255651693103
2025-08-03 00:00:00+00:00,0.04142396383799869,0.04328230857250781,0.02415461975843001,0.04510347333459472,0.019884631696773535,0.014663215250676506,0.039929356212063345,0.026158150152686358,0.0,0.03431834859741785,0.02983961747477572,0.04069419082655441,0.039731759559080065,0.031306904625044124,0.02178273050800981,0.016625998738153625,0.0436818956204473,0.0843291304789262,0.06246017583606861,0.02908034716907436
2025-08-04 00:00:00+00:00,0.037658812612059826,0.00885373910310978,0.07827735495523304,0.05418327093966434,0.022924469535732017,0.007382183600908784,0.05686488448280895,0.03223442153129104,0.0,0.05533847521551494,0.0621586560364612,0.048497980091385395,0.0935875264928786,0.04191728488166986,0.045736735673342487,0.016053653871746766,0.08514219200249401,0.03517765248565103,0.04107162414716122,0.035644269266743904
2025-08-05 00:00:00+00:00,-0.03931079536660917,-0.01896790270681081,-0.05286596220647444,-0.04031443550562469,-0.017719789517981244,-0.008074576568790104,-0.051596036204887626,-0.026973437501551047,0.0,-0.03935411890707861,-0.02972812635652487,-0.043602009479178826,-0.007867861200613679,-0.024938948347251952,-0.03273281078458872,0.0030003022806811912,-0.038895497494292386,-0.043979419355280935,-0.036232604840464824,-0.026483100627358567
2025-08-06 00:00:00+00:00,0.02113090688370403,0.021284863891609274,0.014043265896290279,0.03437866388763162,0.018916008568684573,0.00752894963418136,0.02681311106172284,0.014258536054026206,0.0,0.005928871122278874,0.019550168879219083,0.017549618337779425,-0.008768689530744736,0.006711434587986778,0.02408449245824383,0.010430730839869883,0.012034588653672953,0.0105528617511044,0.009574916509836755,0.016153352460722654
2025-08-07 00:00:00+00:00,0.06033097684696321,0.03412524030204758,0.049582429983921025,0.01924970564070569,0.024542053978015545,0.021335183728332856,0.0797578223379564,0.05147024578762975,0.0,0.05975493050201513,0.05980485030798321,0.10307836945083543,0.030319120504725468,0.05687966819354431,0.04234145351434783,0.0032558856644636725,0.07239020836245616,0.09392320126204225,0.10433350725614918,0.03526369664513459
2025-08-08 00:00:00+00:00,0.004688003517713572,0.02931339360779272,0.018240166354839923,0.006505758265489643,0.006105557562485255,-0.00681002901994848,0.03583567669031019,0.028551518819631673,0.0,0.037791886334022355,0.025049890523005283,0.07352802665234275,0.007216150014709611,0.01567430209344307,0.008065017873151129,-0.0017746233583684897,0.040971623613033865,0.023609865639133667,-0.010233830384099257,0.018270387437667727
2025-08-09 00:00:00+00:00,0.014805791163287584,0.02699971164420541,0.01832621051356806,-0.03454904853439835,0.006694617204476799,-0.0018228772606176664,0.04065704320222395,0.03918204787855955,0.0,0.053079009147785385,0.06074814433253135,0.09809436198120343,-0.0295151774054335,0.02306020708769788,0.017773012892237684,-0.007726635765771643,0.010805965954696142,-0.006912726824959565,-0.01842860593322009,0.09619347455094523
2025-08-10 00:00:00+00:00,-0.0018699749885940442,-0.01448066189027633,-0.01664624371778375,0.007742428259516049,0.01044808856845143,0.024023932127064194,-0.025750684132359338,-0.022483840577797443,0.0,-0.018388373587279565,-0.0023615980070610175,0.005454558978272139,0.029272782543017663,-0.007627802048886127,0.014947466738493122,0.00920570717873469,-0.002827566074162604,-0.005159854409309658,-0.012131945647254007,-0.028092049291835418
2025-08-11 00:00:00+00:00,-0.03633991530373592,-0.03826021361971908,-0.04462344785305788,0.013925377331600949,-0.0026421733278855285,-0.005109768025592827,-0.05168723668572705,-0.048617168753379174,0.0,-0.04231570053794885,-0.006455221328954463,-0.04591578600925871,-0.030355078781537426,-0.05024604734295232,-0.043755231268419105,0.019611341244696916,0.008549392683420125,-0.03222767766231074,-0.018206788052580095,-0.075540937588356
2025-08-12 00:00:00+00:00,0.08469027607008334,0.047653963311324474,0.07926608728367253,0.06734357206517962,0.03344311275774297,0.01212710210107966,0.06007615466235911,0.0756820902783257,0.0,0.06408817210946884,0.08339543715453994,0.11339648421546673,0.08315834370068782,0.0593924525690285,0.0924776117304214,0.021222477030664842,0.04938511743141705,0.04274349220832877,0.04318252310295799,0.05836822021461157
2025-08-13 00:00:00+00:00,0.07234001589211328,0.030758780117908304,0.031913358450100134,-0.004210532536343382,0.018495243005953416,0.02606410567702287,0.03745444449883909,0.028224332892298344,0.0,0.024198093500099317,0.03400393134970226,0.015973437567803714,0.0034433978240575734,0.029897593056188877,0.04949012622134757,0.027153522709570964,0.04459042166268903,0.005770100341119774,0.002078875710479164,0.024298235278856998
2025-08-14 00:00:00+00:00,0.02360765373666539,-0.07086386211061105,-0.07329286546547302,-0.038039975898790504,-0.008990661296192526,-0.04149029256629387,-0.08968108925748539,-0.07022977137219576,0.0,-0.08963792159368324,-0.04356475257801217,-0.06548420028907104,-0.07632569187121843,-0.08929004562521739,-0.04589871051985037,-0.012785054637533157,-0.10921514598121101,-0.06490740232512503,-0.06146482320865682,-0.06147024015472931
2025-08-15 00:00:00+00:00,0.020844108834168446,-0.013360252166340267,0.004215857846209854,-0.0011807372544908133,-0.015118107424731827,-0.008089091530436165,0.022268305499687686,-0.022837836010314416,0.0,0.002251746053884272,-0.023897486238018403,-0.03166252732255525,-0.017885100120247886,-0.008084118399958911,-0.03570013427531156,-0.013801092170292401,-0.014168871569401883,0.015929125752444952,-0.00042227672745865133,-0.0015592207056992695
2025-08-16 00:00:00+00:00,-0.025933729437148702,0.02435904320347939,0.022052068974400187,-0.008815110480812582,0.013081337679505084,0.00032898393468814104,0.009956387544665792,0.017807644317315734,0.0,0.006724974907673916,-0.003945178937148229,0.039644831347240166,0.015904411183526115,0.028801990903706182,0.020676426669200387,-0.013706668043587295,0.026597067726108092,-0.008870272912820252,0.00892718675727988,0.01819853970966389
2025-08-17 00:00:00+00:00,0.04230173728903211,0.011095512502581615,0.030796599121419417,-0.009065314797035888,0.019680817511243086,0.00020742322210116917,0.014644568264052098,0.02120573412294926,0.0,-0.006275233501397589,0.011319704604323999,0.12443537871748715,-0.0028127086710318058,-0.006329135051647512,0.007304480834141732,0.015972957965413394,0.0005447612264738388,-0.004700361180331852,-0.005748255833150417,0.01020237521430958
2025-08-18 00:00:00+00:00,-0.039591267802881885,-0.03500632620505606,-0.055797901326836666,-0.022941569242406732,-0.009856926438110805,-0.010083975477294543,-0.052245136633206825,-0.03440389524666899,0.0,-0.03290973408879787,-0.03627812652559123,0.005445365458572138,-0.024657404859578607,-0.03554493741941135,-0.04306284042684481,-0.00881062968215492,-0.049589248896767926,-0.0238390311760524,-0.0084888220547149,-0.044982232792066285
2025-08-19 00:00:00+00:00,-0.08728701637630529,-0.03930137963774511,-0.057754272639047144,-0.036341598773746125,-0.02738487206149716,-0.02928284432910472,-0.06107672741466005,-0.05110505403095154,0.0,-0.04709550426274134,-0.05661587760273519,-0.09004863872765546,-0.044270377677382546,-0.036855092389154305,-0.03742501578963468,-0.00744989118962539,-0.05227773429065857,-0.05887705440672196,-0.0678363491322976,-0.04710132988648602
2025-08-20 00:00:00+00:00,0.039838524304435324,0.04131592984341031,0.04757606772329123,0.022355356799006177,0.05309664486407008,0.012312159298069381,0.05689045495544192,0.04341073548614549,0.0,0.048952515009954144,0.06197364233702371,0.11570579952092244,0.02964410658638772,0.07715063256716355,0.06438954851633527,0.019368306958366426,0.06422440145539034,0.03470300456501746,0.03111056130327101,0.04746738443270024
2025-08-21 00:00:00+00:00,-0.03336143635967544,-0.009661910911736972,-0.02985296314968116,-0.011115209453102263,-0.03460609641513308,-0.01562169894735077,-0.03189858462682092,-0.022654269179413187,0.0,-0.025841231183887214,-0.025898899620050653,-0.06360637852784724,-0.0112643076492982,0.0542667523728482,-0.04155609740081013,-0.0022592497607471186,-0.03676567080201596,-0.03342439551727837,-0.03422642847660909,-0.02457672324626705
2025-08-22 00:00:00+00:00,0.08921968149948203,0.08439261271713441,0.10338227564572053,0.07816883925371972,0.06983350484529989,0.03867346942564925,0.11350497090342974,0.09609996528699956,0.0,0.15367460269377226,0.13418468307705242,0.0763789037800561,0.06901610811717633,0.05005056531470214,0.10719476339648297,0.03609497886584539,0.11190986366924881,0.08237931790439922,0.07512432144477735,0.08171480423748122
2025-08-23 00:00:00+00:00,-0.018530085377895963,0.014625865828584836,0.03922071315328133,-0.014272763488124483,-0.022229003098532783,-0.012892668639070098,-0.017741893499127977,0.011417821471326271,0.0,-0.0119073466007141,-0.011169184846589514,-0.01922048994010754,-0.012356443782158876,0.027237399061099517,0.01704460402476061,-0.01179550090845614,-0.007987753684272151,-0.019487308692358048,-0.008460093902763222,-0.01182211265382325
2025-08-24 00:00:00+00:00,-0.005813650992902029,-0.020453145585795467,-0.016510261766901176,-0.013793322132335648,-0.00445095303179575,-0.016987662875338143,-0.019183293922743642,-0.02830603949984783,0.0,-0.04132122416764939,0.00036616432817805254,-0.017658808197913406,-0.027209156424032373,0.07083789046052083,0.008973043722303356,-0.002763196010696104,-0.03789965082719835,-0.021344492104895044,-0.007474147037136353,-0.03258775237743741
2025-08-25 00:00:00+00:00,-0.08240155651146824,-0.0819578500664405,-0.10093962299284263,-0.07031649841745984,-0.043356073122832926,-0.03024851157390859,-0.10052173484382727,-0.09594298338861242,0.0,-0.09759431896622013,-0.08829572903520404,-0.09926842937457417,-0.07975366689915081,-0.06242462795268166,-0.09560151265416404,-0.05605221903688191,-0.11861862493849151,-0.05985879598905651,-0.05691349160153448,-0.060963453002686845
2025-08-26 00:00:00+00:00,0.03428773123008398,0.025057239376800974,0.03451521060048537,0.013339622201682142,0.028633446099745767,0.014884678291290745,0.04084298165990904,0.040157606750555276,0.0,0.028078587732169983,0.050017052910167316,0.04188216800920319,0.039086777815652174,-0.03408627242816217,0.045222554249156804,0.029129673182211536,0.025237932589862754,0.02670934325405875,0.052441878844300314,0.015876373354411315
2025-08-27 00:00:00+00:00,-0.017936656040582904,-0.007763153105744639,0.010290273967166934,-0.0012714559881966097,-0.009913513191245303,-0.004494655997296272,0.0024239109990365736,-0.01294684060527072,0.0,-0.007410872268629013,-0.02062585335400408,-0.024918232790489554,-0.011521885860459678,0.004961382350930502,0.0355595249922581,-0.019228602199500018,-0.00979558451125386,-0.04033638850608859,-0.014546075807112558,-0.008097210232619362
2025-08-28 00:00:00+00:00,0.007843177461025879,0.06278347493053209,0.020669428852907762,0.013897886361008317,0.02116181129860086,0.011659841291183425,0.02459010859596858,0.03684223275336473,0.0,0.00833338155914424,0.0009980129283716935,0.05720513735356521,0.012930832905796266,0.006342962981791833,0.05502370149623274,0.0,0.016506010813653896,0.008407826723746301,-0.0007750240476899042,-0.0038182558798123788
2025-08-29 00:00:00+00:00,-0.03681688823890559,-0.06456640386283062,-0.05694607707303973,-0.049982845017633275,-0.012870546435316635,-0.037928131382763526,-0.04774110905797216,-0.05339759707182163,0.0,-0.036145685642060846,-0.03405206930103277,-0.07203277609649684,-0.033373707905178206,-0.06696758479822663,-0.04458319786563948,-0.01931013775162808,-0.0391887711599386,-0.05595865364804449,-0.05082324245146111,-0.06683649227519485
2025-08-30 00:00:00+00:00,-0.0050940073767313365,0.004895425886998843,0.009719070800209015,0.04079938261961075,-0.00034796729458555785,0.004041834886721533,0.009491533592996454,0.009756174945364656,0.0,0.0009555662456686359,0.0030959918843136355,0.0034086100322740036,0.008425870913968635,0.03976374246132287,-0.011673093457545547,0.0014760150281206794,0.009608008206107714,-0.0038813467079724944,-0.0004966652578328751,0.004624600189917086
2025-08-31 00:00:00+00:00,-0.013588995299881283,-0.008470848690319643,-0.016108868898980087,-0.01567944610431403,-0.005059179807859102,-0.005251767001620112,-0.01042694360461026,-0.018271394039825226,0.0,-0.01249415580216254,0.004136663921829146,-0.013273583879714002,-0.017749521636808114,-0.03661366110449859,-0.010314482002615208,0.005882369903066613,-0.011062402811115608,-0.020202707317519355,-0.01515993136686687,-0.02333988429769642
2025-09-01 00:00:00+00:00,-0.01227770119897521,-0.016249511232841275,-0.008152802077309932,0.0016524377210892275,-0.014055053395426429,0.009114030534832748,-0.014042262592978404,-0.01318109198147168,0.0,-0.008254477555939072,-0.017764553752352776,-0.030192623753623273,-0.0014704533483114392,-0.036606191805252854,-0.016585795089801625,-0.010909735215912354,-0.028257019717168715,0.012954278592691352,-0.0060709180784277,-0.018930664185506898
2025-09-02 00:00:00+00:00,0.04095175899791067,0.007932052919903993,0.05245590997268059,0.07012963111138963,0.007210720028705497,0.018166440657325495,0.01954857608534797,0.03381128674805755,0.0,0.014521068321253747,0.0027774580984313694,0.04261514375218032,0.027485969939048317,0.01968991468428077,0.06061269725123424,0.0023689676462358223,0.024298681215426356,0.029499037659647655,0.03668863157228687,0.027919177997333233
2025-09-03 00:00:00+00:00,0.002034101808143367,0.0203336242554239,0.029804864258351303,0.03197849062075571,0.003468970289149726,0.004177704576073605,0.02486398451382781,0.011711259420901633,0.0,0.0009606148673376271,0.02824856055761766,0.00847821949987269,0.010857096948409667,0.0033455019037963644,0.005328017932184218,0.007367058514747711,0.009866622079044632,-0.016158094935662306,-0.006203689524373065,0.0004129103355066559
2025-09-04 00:00:00+00:00,-0.03317638250644183,-0.030315558316771546,-0.04007822356741047,-0.028734229259029905,-0.013106717928284713,-0.008765161209067217,-0.03647188456950384,-0.026479460316252236,0.0,-0.03170224034741761,-0.034962368743768533,-0.05956988065758397,-0.017230261556679703,-0.02567989195668604,-0.04091688918724616,-0.017772979675864286,-0.040925348352190485,-0.028565369851216015,-0.01762800794567559,-0.028898500129348186
2025-09-05 00:00:00+00:00,0.026099042343369645,0.012461926314268594,0.010682106504613013,0.03385609093102634,0.007687031954212297,-0.0006403155254173387,0.02542608327668021,0.016860251867574647,0.0,0.00888017675685917,0.0023009888130162623,-0.0017937224540268775,0.008964649906499506,0.013460402810977263,0.005127205079434232,-0.009911479246873522,0.011241486616788055,0.021361126999368023,0.0071667003121941505,0.013226589331675422
2025-09-06 00:00:00+00:00,-0.014917504207609079,-0.007231669934164676,-0.003684753401454869,-0.019133767315032815,0.01251923141829096,-0.00427462149747006,-0.00889755310876356,-0.0013070188764320494,0.0,-0.007889587275162932,-0.00799716170022149,-0.004047678114580742,0.0007137122258533788,-0.00632084120960558,-0.015860760722543034,-0.05204023316535495,-0.0064082244287687615,-0.010623527365730401,-0.0017423775409906549,-0.011386922782973161
2025-09-07 00:00:00+00:00,0.020200263521766883,0.016867598834113,0.012230074984061586,0.013183336534402106,0.0220584508174972,0.008579008182539868,0.05767023262098188,0.044008124503962305,0.0,0.014254357843649323,0.007704602454888019,0.012539349252735173,0.024403272381920773,0.02670487525533518,0.03045670947998986,0.05173834637060946,0.006727560213056759,0.0161698532862866,0.023634778133996764,0.003528336170451716
2025-09-08 00:00:00+00:00,0.035293629027144995,0.012191218264415082,0.02441586164468661,-0.024841827966464006,-0.002241018382567507,0.008314378685943164,0.05473188324284859,0.012437971292217053,0.0,0.012609284425899083,4.1799418529761376e-05,0.025050749630452767,-0.018889206471922344,0.00809842458455921,0.03691614545249486,0.00030188679474560745,0.016780510895569888,0.04329680575332426,0.03171285304232353,0.02490563514064475
2025-09-09 00:00:00+00:00,0.00011558689257503083,0.011391141792756491,0.0249915388686993,-0.013517187589336213,0.002195565386639183,-0.004640554288638579,-0.004188531223597594,0.023214237326768028,0.0,-0.01358584700350925,0.0008634637034529795,0.00043393361496715815,-0.007388648025561959,-0.017174269669153717,0.014374725864516444,0.011404685437414706,-0.0016759195291653674,-0.014135453392674326,-0.007537511814708775,-0.00952716905891259
2025-09-10 00:00:00+00:00,0.02307882621913701,0.01920024466247022,0.1283114677705628,0.0010330579431138164,0.015515200336169576,0.02140695144426305,0.019466035759053115,0.0181910234018384,0.0,0.023178246694948577,0.009060725473809083,0.022308947505382176,0.050014779079084165,0.015679501079924333,0.03109387552148277,0.009504081043398008,0.020441697522155106,0.029117991507838014,0.012140163940667581,0.024936214654073682
2025-09-11 00:00:00+00:00,0.009554391795766354,0.0025608208616736505,-0.011257154524634558,0.02598872380952344,0.010019343059770995,0.013273138970620393,0.04256810530764764,0.006148044903429445,0.0,0.02218641865145606,0.024864645993088238,0.037473160506540405,-0.015675510492055192,0.008193714370309245,0.02058376560218324,0.02337237562171346,0.025353756393191516,0.032848732241361735,0.018728134042530754,0.022743455231331214
2025-09-12 00:00:00+00:00,0.025404502962048273,0.011864545956192485,-0.005503969862937288,0.003180717505402625,0.02410968347812227,0.004723131039401508,0.07329300347932552,0.017989037836073304,0.0,0.025807883955872503,0.05526224459511558,0.026614474100920448,0.018815230496722953,0.015750675214710224,0.05713898268695212,0.017745170843946934,0.019142662391785192,0.021232220105774118,0.021350807784708513,0.02649766723210171
2025-09-13 00:00:00+00:00,0.013540801595022738,0.01567266433941336,0.036909556148075034,0.00033422460204181185,0.00955626918598517,-0.0009582332889029288,0.0491530747159663,0.03927414289763272,0.0,0.0036330648498811386,-0.009730646826155577,-0.009998083684522156,0.010031696350802824,0.013347071778485943,0.0008254912141210655,-0.00797497818299313,-0.005615501678316601,0.0009881423728940327,0.004466086109859774,0.026441098022243016
2025-09-14 00:00:00+00:00,-0.04568009261259681,-0.039759942069016424,-0.021506205220963505,0.005166247637602352,-0.007708928128782138,-0.005625607702316823,-0.040263484862809014,-0.03996898948030855,0.0,-0.04307218219739112,-0.013383840415569823,-0.03226745124419863,-0.03516921006394358,-0.03043395088883581,-0.010868319531933538,-0.0034374138687517145,-0.07251332981293568,-0.03876649533815919,-0.029739307744005718,-0.03614928377779471
2025-09-15 00:00:00+00:00,-0.0282127100943563,-0.027339045503231546,0.01248961382930454,-0.013218631359000258,-0.007399055524710678,0.0007085318805328954,-0.035334189998349565,-0.03897977832498651,0.0,-0.03712163994564326,-0.017692829050488672,-0.022246457843394053,-0.012062028945037839,-0.030010545920357342,-0.022993398081066378,-0.010673691411040433,-0.027242599945879,-0.02363439446663953,-0.010290888852974262,-0.017848242824791916
2025-09-16 00:00:00+00:00,0.019616344522935546,0.008170521328286615,0.009016591391658937,0.008553511268843487,0.03836595378000151,0.01240007484979025,0.006093728216519015,0.02427534720059479,0.0,0.007827828620246696,-0.004975062976067039,-0.0034013638234901785,0.011453677125119794,0.018505002488066222,0.011246325592147385,-0.007276993253398338,0.017314576045948424,0.008895924705011547,0.013489308857643344,0.01784824282479181
2025-09-17 00:00:00+00:00,0.037348970662310584,0.014410729732810202,0.056234523828001794,0.029455029451974073,0.03529300367376316,-0.00292724484014056,0.04565416075129897,0.03466151050212007,0.0,0.0178705552659057,0.019631463454173458,0.021488081891707332,0.016980970889837146,0.020232763974319685,0.03271358546338041,0.002917154927506719,0.024375941973580596,0.029515808729764434,0.015192150661465304,0.025301548747010256
2025-09-18 00:00:00+00:00,0.011533149271054519,0.01270884095024229,0.10066692842385284,0.012408506643829732,-0.00907150745059954,0.005360898398273296,-0.014221543131393462,0.029097845185095613,0.0,0.004775558264067181,-0.0006253956593931097,0.025922043904704407,0.010119564226393159,-0.0007366482837722926,0.010805646025875845,0.02075600601099835,0.005533817306406212,0.0022735894598728983,-0.0034429032319937825,0.004176428268937158
2025-09-19 00:00:00+00:00,-0.037474078438890605,-0.04263406626709738,-0.04178153401495488,-0.03886203309204698,0.003114284451169252,-0.01238617811420754,-0.04892119906708466,-0.03914129870245674,0.0,-0.03836352942538249,-0.026297167533291962,-0.04783611089337541,-0.03574423497967796,-0.030527583812850298,-0.036915493427243144,-0.01959152261885655,-0.047115182894456285,-0.02116616057311578,-0.027510145705543918,-0.047193813352627914
2025-09-20 00:00:00+00:00,0.003027756728505273,-0.005375152919263179,-0.017334564359577673,-0.010208439418393426,0.058866919753189556,0.0004604051447670285,0.008707783130937213,-0.0006884681855415624,0.0,-0.0004951720824128377,0.0026438694092462277,-0.005554383004522188,-0.0010528163808056748,0.0050019050856189955,0.003974817475649441,0.008690668835189467,0.0025072232025385973,-0.004908936353082753,-0.005062792661790026,0.006861090379945161
2025-09-21 00:00:00+00:00,-0.010241494052196907,-0.011973485415349778,-0.003926904306183793,-0.0015150242776657801,0.0038535693159899723,-0.003926421842189095,-0.02593221611342147,-0.021815671394288732,0.0,-0.015473231096318207,-0.007943672245900365,-0.016415055407044233,0.0007020007308297848,-0.021857958484471987,-0.01396036464504357,-0.011896266800958143,-0.01558074090874603,-0.016714936032434048,-0.0016484167161376932,-0.014836674329082523
2025-09-22 00:00:00+00:00,-0.06834666791034513,-0.05584911092341149,0.024515428052212032,-0.04567003683318832,-0.05381805293457095,-0.02265554900340918,-0.07781436207953601,-0.054236691805621504,0.0,-0.06065606094242958,-0.056907666110895525,-0.05874811700286694,-0.07606670433242971,-0.07540453406775323,-0.06915621235247668,-0.007912129187949285,-0.09408346376783613,-0.030483643786736903,-0.04036476317427061,-0.0700611049975334
2025-09-23 00:00:00+00:00,-0.024026652220669926,-0.008204679230359464,-0.0074107349679749385,-0.018509159830520257,0.022978988865755848,-0.005806298169945148,-0.017269564270103163,-0.017743811773199423,0.0,0.004798729549905191,-0.008326864910836613,-0.006022719154915102,0.003967509455312926,-0.01342076845773671,-0.03265370358232604,-0.01154029673886595,-0.02136623519544798,-0.010371272002306805,-0.009828694838101344,0.0011444922565439048
2025-09-24 00:00:00+00:00,0.008278295252530833,0.006280213878171599,-0.0394468619006073,-0.0005390351401743744,0.002467474353022014,0.011612792050812145,0.016647531862893753,0.00653432835161315,0.0,-0.010695289116747919,-0.0027533752231514953,0.0037105793965357746,-0.005198745108319628,0.006900641706240463,-0.008001925493160669,0.006526276501275666,-0.019805109612776928,0.02733223856127527,0.035131604022489285,-0.0022902958766017763
2025-09-25 00:00:00+00:00,-0.06218699586482054,-0.034541094548927384,-0.1205724377439621,-0.03642089797853468,-0.07393956203920149,-0.03880361851008345,-0.07827438504655164,-0.04823921376607366,0.0,-0.0389196831985278,-0.06940472566749337,-0.06998542739970315,-0.0311863579860732,-0.06998775928454716,-0.09335556956100288,-0.018803717738551023,-0.05785122096558033,-0.06649808353534334,-0.06429929077467969,-0.05903159499771701
2025-09-26 00:00:00+00:00,0.03626007932202829,0.02510592113107648,0.015590130414665426,0.02139118998131756,0.01562941554664885,0.0059364982695478945,0.04181916450556929,0.031058397019972803,0.0,0.028108767094312072,0.03994156493275973,0.045142340525681515,0.021951275451656593,0.030995131489845576,0.06249677335497299,0.01909935706073381,0.021760179274170836,0.032007224095052134,0.014474651124532372,0.033191864415195865
2025-09-27 00:00:00+00:00,-0.01398802054773739,-0.0007294833150241103,-0.012104591856231462,-0.008060127900195646,0.007930584522474558,-6.94091932618392e-05,-0.007210583690417096,-0.008959486529506405,0.0,-0.008185584586439294,-0.0034432164711230614,-0.007622714375555509,-0.0008612028664899015,-0.012106472981208467,-0.008369478412512002,-0.00503779402995707,-0.0002625361002215029,-0.0030441423812281325,0.007587452741817274,-0.014218249002279137
2025-09-28 00:00:00+00:00,0.03485725653804103,0.01736238454431994,0.043240778801396894,0.02308983589741264,0.025043879199671448,0.022797220643522374,0.028114301480839255,0.027392024555576187,0.0,0.015765480109208453,0.03033855457312372,0.036162663130903286,0.02290248678018283,0.029567371258549753,0.035582696166299735,-0.002677377770716403,0.017439275908723396,0.01867160229306335,0.02210911444678792,0.005503918691519917
2025-09-29 00:00:00+00:00,-0.0030965529171151462,-0.016876003211774234,0.013240842236997546,0.008233445473408502,0.03636944245355086,0.01896956203457031,-0.010886939546951028,-0.004262260432840114,0.0,0.004842624475787991,0.017448807761483453,0.0027637051216179423,-0.0011233852520120841,-0.010336009330661948,0.009065645921581393,0.003271378382182301,-0.0009035173250985502,0.011360684805811835,0.004419319937243884,-0.007146077752796706
2025-09-30 00:00:00+00:00,0.0013636647498439438,-0.0031657155380250728,-0.013240842236997537,-0.0007132667920083179,-0.02088090387995396,-0.0023036354107678868,-0.00791092620711303,-0.018000232485528664,0.0,-0.01025096648504914,-0.016727222559593583,-0.020446808977683896,0.0011233852520121158,-0.0003463803290607943,-0.019315789299291522,-0.009546611883579888,-0.01338986530884626,-0.02120220765060305,-0.01162945932429538,-0.0014952155895720707
