date,EqualWeight,StaticMarkowitz,RegimeDynamic_combined,RegimeDynamic_MA
2020-12-22 00:00:00+00:00,0.007104192472240993,0.03394028964050524,0.03394028964050524,0.03394028964050524
2020-12-23 00:00:00+00:00,-0.15449951353426805,-0.042254955278066664,-0.042254955278066664,-0.042254955278066664
2020-12-24 00:00:00+00:00,0.10267951696636918,0.04065424599231489,0.04065424599231489,0.04065424599231489
2020-12-25 00:00:00+00:00,0.012845914348828985,0.034295462119607774,0.034295462119607774,0.034295462119607774
2020-12-26 00:00:00+00:00,-0.01224266180044987,0.058568998305443674,0.058568998305443674,0.058568998305443674
2020-12-27 00:00:00+00:00,0.012098616411365516,-0.0060723326625311685,-0.0060723326625311685,-0.0060723326625311685
2020-12-28 00:00:00+00:00,0.04727917567851942,0.02694413436996207,0.02694413436996207,0.02694413436996207
2020-12-29 00:00:00+00:00,-0.0039438778295835955,0.009515729839349773,0.009515729839349773,0.009515729839349773
2020-12-30 00:00:00+00:00,-0.009632637797747196,0.048629539512680335,0.048629539512680335,0.048629539512680335
2020-12-31 00:00:00+00:00,0.02554067235891523,-0.0014523360445414986,-0.0014523360445414986,-0.0014523360445414986
2021-01-01 00:00:00+00:00,0.020878899316355413,0.011579283561371279,0.011579283561371279,0.011579283561371279
2021-01-02 00:00:00+00:00,0.040087638062335736,0.0875728928000937,0.0875728928000937,0.0875728928000937
2021-01-03 00:00:00+00:00,0.08947812654827507,0.04642547437595815,0.04642547437595815,0.04642547437595815
2021-01-04 00:00:00+00:00,0.029174421221634463,-0.022166647887618865,-0.022166647887618865,-0.022166647887618865
2021-01-05 00:00:00+00:00,0.03630958581267514,0.055381089711885545,0.055381089711885545,0.055381089711885545
2021-01-06 00:00:00+00:00,0.09900767039322392,0.0811074954295481,0.0811074954295481,0.0811074954295481
2021-01-07 00:00:00+00:00,0.0003502874264201943,0.0481179712423493,0.0481179712423493,0.0481179712423493
2021-01-08 00:00:00+00:00,0.0060773003803200176,0.01816556633796191,0.01816556633796191,0.01816556633796191
2021-01-09 00:00:00+00:00,0.08078055960708104,0.00579381183402238,0.00579381183402238,0.00579381183402238
2021-01-10 00:00:00+00:00,-0.02253120300272616,-0.04036568645979871,-0.04036568645979871,-0.04036568645979871
2021-01-11 00:00:00+00:00,-0.11202619267454714,-0.09308921160227399,-0.09308921160227399,-0.09308921160227399
2021-01-12 00:00:00+00:00,0.0026564897475275157,-0.04017947446557042,-0.04017947446557042,-0.04017947446557042
2021-01-13 00:00:00+00:00,0.08120213436509655,0.08690577119182719,0.08690577119182719,0.08690577119182719
2021-01-14 00:00:00+00:00,0.043385953624793513,0.05526145387784745,0.05526145387784745,0.05526145387784745
2021-01-15 00:00:00+00:00,-0.005758439608346982,-0.05736358813256841,-0.05736358813256841,-0.05736358813256841
2021-01-16 00:00:00+00:00,0.0596809968313727,-0.005943778836194827,-0.005943778836194827,-0.005943778836194827
2021-01-17 00:00:00+00:00,0.01848174974661617,-0.0032841303903372015,-0.0032841303903372015,-0.0032841303903372015
2021-01-18 00:00:00+00:00,0.019984745389977028,0.020865343644296704,0.020865343644296704,0.020865343644296704
2021-01-19 00:00:00+00:00,-0.02297147635253706,-0.009211317823874148,-0.009211317823874148,-0.009211317823874148
2021-01-20 00:00:00+00:00,0.01235641481815263,0.007093545897606936,0.007093545897606936,0.007093545897606936
2021-01-21 00:00:00+00:00,-0.13899720928632386,-0.143192166509158,-0.143192166509158,-0.143192166509158
2021-01-22 00:00:00+00:00,0.07667556820671406,0.08055168391523362,0.08055168391523362,0.08055168391523362
2021-01-23 00:00:00+00:00,0.02595858070062257,-0.009155456760953844,-0.009155456760953844,-0.009155456760953844
2021-01-24 00:00:00+00:00,0.02187984269441314,0.022165826689674872,0.022165826689674872,0.022165826689674872
2021-01-25 00:00:00+00:00,-0.029155537359680576,-0.018689079371152495,-0.018689079371152495,-0.018689079371152495
2021-01-26 00:00:00+00:00,0.012269517961257402,0.02678976829754561,0.02678976829754561,0.02678976829754561
2021-01-27 00:00:00+00:00,-0.07224485328145068,-0.07145083726205058,-0.07145083726205058,-0.07145083726205058
2021-01-28 00:00:00+00:00,0.1459286011332302,0.19213122408780997,0.19213122408780997,0.19213122408780997
2021-01-29 00:00:00+00:00,0.02649866138228485,0.04044322729439178,0.04044322729439178,0.04044322729439178
2021-01-30 00:00:00+00:00,0.029231096678401902,-0.015058651417573564,-0.015058651417573564,-0.015058651417573564
2021-01-31 00:00:00+00:00,-0.0017545441157840555,0.007114705297792033,0.007114705297792033,0.007114705297792033
2021-02-01 00:00:00+00:00,0.03213171074913404,0.020153997957594233,0.020153997957594233,0.020153997957594233
2021-02-02 00:00:00+00:00,0.018332339237790533,-0.015424536921317296,-0.015424536921317296,-0.015424536921317296
2021-02-03 00:00:00+00:00,0.061732959993069596,0.07488134975002529,0.07488134975002529,0.07488134975002529
2021-02-04 00:00:00+00:00,0.008626669055281927,0.0491604237704679,0.0491604237704679,0.0491604237704679
2021-02-05 00:00:00+00:00,0.08617395724700248,0.060056808360483674,0.060056808360483674,0.060056808360483674
2021-02-06 00:00:00+00:00,0.004432093058583483,0.0012043127195779445,0.0012043127195779445,0.0012043127195779445
2021-02-07 00:00:00+00:00,0.029411955697642614,0.07198590025841199,0.07198590025841199,0.07198590025841199
2021-02-08 00:00:00+00:00,0.082162855027885,0.09595638149034279,0.09595638149034279,0.09595638149034279
2021-02-09 00:00:00+00:00,0.059564586451199046,0.027174437982138224,0.027174437982138224,0.027174437982138224
2021-02-10 00:00:00+00:00,0.06736312328032862,0.19812644489252615,0.19812644489252615,0.19812644489252615
2021-02-11 00:00:00+00:00,0.0458477243285467,-0.027846667179249968,-0.027846667179249968,-0.027846667179249968
2021-02-12 00:00:00+00:00,0.0618144808671185,0.023749598815960088,0.023749598815960088,0.023749598815960088
2021-02-13 00:00:00+00:00,0.043449244071940576,-0.04267572596912718,-0.04267572596912718,-0.04267572596912718
2021-02-14 00:00:00+00:00,-0.038075169684759366,-0.05133466870239862,-0.05133466870239862,-0.05133466870239862
2021-02-15 00:00:00+00:00,-0.025349936852059964,-0.027828641798317337,-0.027828641798317337,-0.027828641798317337
2021-02-16 00:00:00+00:00,-0.002159074980267065,-0.0005267610632769497,-0.0005267610632769497,-0.0005267610632769497
2021-02-17 00:00:00+00:00,0.034285020166601364,0.06506822829740555,0.06506822829740555,0.06506822829740555
2021-02-18 00:00:00+00:00,0.02547812529719687,0.062465535980767956,0.062465535980767956,0.062465535980767956
2021-02-19 00:00:00+00:00,0.0646433715418285,0.09791472901864126,0.09791472901864126,0.09791472901864126
2021-02-20 00:00:00+00:00,-0.02400942657486236,0.016399841915591115,0.016399841915591115,0.016399841915591115
2021-02-21 00:00:00+00:00,0.03878037503803496,0.03801797125639457,0.03801797125639457,0.03801797125639457
2021-02-22 00:00:00+00:00,-0.0525226247087603,-0.060810683385151804,-0.060810683385151804,-0.060810683385151804
2021-02-23 00:00:00+00:00,-0.13492227891254951,-0.10091301690126768,-0.10091301690126768,-0.10091301690126768
2021-02-24 00:00:00+00:00,0.04158931145787464,0.06398092294920586,0.06398092294920586,0.06398092294920586
2021-02-25 00:00:00+00:00,-0.07239905106183901,-0.09039352993513097,-0.09039352993513097,-0.09039352993513097
2021-02-26 00:00:00+00:00,-0.0007789976153505547,-0.011086322346264756,-0.011086322346264756,-0.011086322346264756
2021-02-27 00:00:00+00:00,0.01973446654393101,0.01160069916539173,0.01160069916539173,0.01160069916539173
2021-02-28 00:00:00+00:00,-0.042580943925307216,-0.040382995867305246,-0.040382995867305246,-0.040382995867305246
2021-03-01 00:00:00+00:00,0.07916635633935185,0.1209506652614936,0.1209506652614936,0.1209506652614936
2021-03-02 00:00:00+00:00,-0.013704958582333797,-0.03374541014159064,-0.03374541014159064,-0.03374541014159064
2021-03-03 00:00:00+00:00,0.027878868157542466,0.0040781203741792815,0.0040781203741792815,0.0040781203741792815
2021-03-04 00:00:00+00:00,-0.02764371535563702,-0.02162292615457948,-0.02162292615457948,-0.02162292615457948
2021-03-05 00:00:00+00:00,-0.012348343349601875,-0.010644950056503146,-0.010644950056503146,-0.010644950056503146
2021-03-06 00:00:00+00:00,0.013157393013317325,0.006703146155577934,0.006703146155577934,0.006703146155577934
2021-03-07 00:00:00+00:00,0.04235216901501936,0.07106079271314067,0.07106079271314067,0.07106079271314067
2021-03-08 00:00:00+00:00,0.022435112560002315,0.005074991066685377,0.005074991066685377,0.005074991066685377
2021-03-09 00:00:00+00:00,0.053580205968016076,0.06756139093568544,0.06756139093568544,0.06756139093568544
2021-03-10 00:00:00+00:00,-0.043431195397004164,-0.04993455392934981,-0.04993455392934981,-0.04993455392934981
2021-03-11 00:00:00+00:00,0.011701648148128968,0.026898560414797094,0.026898560414797094,0.026898560414797094
2021-03-12 00:00:00+00:00,-0.03590204493271942,-0.05033222992914162,-0.05033222992914162,-0.05033222992914162
2021-03-13 00:00:00+00:00,0.06428750523786136,0.059778261643262526,0.059778261643262526,0.059778261643262526
2021-03-14 00:00:00+00:00,-0.051049299128743376,-0.05135459623751955,-0.05135459623751955,-0.05135459623751955
2021-03-15 00:00:00+00:00,-0.023895147232979152,-0.02957367591750276,-0.02957367591750276,-0.02957367591750276
2021-03-16 00:00:00+00:00,0.03795029266259559,0.03119090915909292,0.03119090915909292,0.03119090915909292
2021-03-17 00:00:00+00:00,0.03465653866453232,0.03699332794835171,0.03699332794835171,0.03699332794835171
2021-03-18 00:00:00+00:00,-0.022448983887518037,-0.03195811659117094,-0.03195811659117094,-0.03195811659117094
2021-03-19 00:00:00+00:00,0.024570687170179795,0.04922251566608675,0.04922251566608675,0.04922251566608675
2021-03-20 00:00:00+00:00,0.00024263212470024072,-0.022337268016674322,-0.022337268016674322,-0.022337268016674322
2021-03-21 00:00:00+00:00,-0.014138049432485457,0.0022134758653310094,0.0022134758653310094,0.0022134758653310094
2021-03-22 00:00:00+00:00,-0.03718566983544554,-0.02685421341663846,-0.02685421341663846,-0.02685421341663846
2021-03-23 00:00:00+00:00,-0.005803104382557944,-0.031368392969594934,-0.031368392969594934,-0.031368392969594934
2021-03-24 00:00:00+00:00,-0.06635191274767739,-0.07683035584721457,-0.07683035584721457,-0.07683035584721457
2021-03-25 00:00:00+00:00,-0.008442226349453985,-0.0254469721572067,-0.0254469721572067,-0.0254469721572067
2021-03-26 00:00:00+00:00,0.08325702085659266,0.09691355943196306,0.09691355943196306,0.09691355943196306
2021-03-27 00:00:00+00:00,-0.0022472216790414973,0.017989534840364575,0.017989534840364575,0.017989534840364575
2021-03-28 00:00:00+00:00,0.012844605543993966,0.01725684037176136,0.01725684037176136,0.01725684037176136
2021-03-29 00:00:00+00:00,0.03773350564231847,0.036039414481143506,0.036039414481143506,0.036039414481143506
2021-03-30 00:00:00+00:00,0.008196986047174186,0.009827646221651038,0.009827646221651038,0.009827646221651038
2021-03-31 00:00:00+00:00,0.039176033221260856,-0.0010282058762763223,-0.0010282058762763223,-0.0010282058762763223
2021-04-01 00:00:00+00:00,0.027716446867682328,0.02440771599607393,0.02440771599607393,0.02440771599607393
2021-04-02 00:00:00+00:00,0.039446911308391765,0.026442626910697813,0.026442626910697813,0.026442626910697813
2021-04-03 00:00:00+00:00,-0.04032587133784967,0.01286538214780028,0.01286538214780028,0.01286538214780028
2021-04-04 00:00:00+00:00,0.06383786569575664,0.05088792044948818,0.05088792044948818,0.05088792044948818
2021-04-05 00:00:00+00:00,0.0750738141656896,0.017122691875688233,0.017122691875688233,0.017122691875688233
2021-04-06 00:00:00+00:00,0.03140342560813181,0.039474009700429274,0.039474009700429274,0.039474009700429274
2021-04-07 00:00:00+00:00,-0.07271367876224238,-0.05920844755024891,-0.05920844755024891,-0.05920844755024891
2021-04-08 00:00:00+00:00,0.05845866317764247,0.06267569133295947,0.06267569133295947,0.06267569133295947
2021-04-09 00:00:00+00:00,-0.005962596647133348,-0.002075202400536087,-0.002075202400536087,-0.002075202400536087
2021-04-10 00:00:00+00:00,0.04796234087924383,0.038674106276981424,0.038674106276981424,0.038674106276981424
2021-04-11 00:00:00+00:00,0.025711653423365982,0.030665676434221852,0.030665676434221852,0.030665676434221852
2021-04-12 00:00:00+00:00,0.01386580282014741,0.06374295895008308,0.06374295895008308,0.06374295895008308
2021-04-13 00:00:00+00:00,0.06964564952579114,0.030390495896142317,0.030390495896142317,0.030390495896142317
2021-04-14 00:00:00+00:00,0.04231975498528063,0.01647200929365877,0.01647200929365877,0.01647200929365877
2021-04-15 00:00:00+00:00,0.05696260429791267,0.05743065801616328,0.05743065801616328,0.05743065801616328
2021-04-16 00:00:00+00:00,0.04221412270952626,-0.01423665675517442,-0.01423665675517442,-0.01423665675517442
2021-04-17 00:00:00+00:00,-0.0366468889564137,-0.032471106223298914,-0.032471106223298914,-0.032471106223298914
2021-04-18 00:00:00+00:00,-0.033003664287430685,-0.0045853980862170796,-0.0045853980862170796,-0.0045853980862170796
2021-04-19 00:00:00+00:00,-0.05017275395916766,-0.010485025277430013,-0.010485025277430013,-0.010485025277430013
2021-04-20 00:00:00+00:00,0.027224036821897318,0.01038477983766174,0.01038477983766174,0.01038477983766174
2021-04-21 00:00:00+00:00,-0.045559394566940796,-0.022153226221004112,-0.022153226221004112,-0.022153226221004112
2021-04-22 00:00:00+00:00,-0.04096822256597184,-0.0005060965206492903,-0.0005060965206492903,-0.0005060965206492903
2021-04-23 00:00:00+00:00,-0.010403634616074948,-0.013776802069007742,-0.013776802069007742,-0.013776802069007742
2021-04-24 00:00:00+00:00,-0.06007763113852534,-0.01610930294930995,-0.01610930294930995,-0.01610930294930995
2021-04-25 00:00:00+00:00,0.009630647212898713,0.051505344377796754,0.051505344377796754,0.051505344377796754
2021-04-26 00:00:00+00:00,0.11417439220464172,0.06423198166626481,0.06423198166626481,0.06423198166626481
2021-04-27 00:00:00+00:00,0.0372314352057668,0.021728936728694713,0.021728936728694713,0.021728936728694713
2021-04-28 00:00:00+00:00,0.008934501363820029,0.03824763634639483,0.03824763634639483,0.03824763634639483
2021-04-29 00:00:00+00:00,-0.009921398636823583,-0.02112501860693707,-0.02112501860693707,-0.02112501860693707
2021-04-30 00:00:00+00:00,0.06004288238249823,0.03888386799018025,0.03888386799018025,0.03888386799018025
2021-05-01 00:00:00+00:00,0.040308681528819085,0.08030436997238502,0.08030436997238502,0.08030436997238502
2021-05-02 00:00:00+00:00,-0.014236380590742585,-0.022435179202673086,-0.022435179202673086,-0.022435179202673086
2021-05-03 00:00:00+00:00,0.049156265078316115,0.03623825019364905,0.03623825019364905,0.03623825019364905
2021-05-04 00:00:00+00:00,-0.03448285802344389,0.015134295244273092,0.015134295244273092,0.015134295244273092
2021-05-05 00:00:00+00:00,0.15605522079335862,0.12395177843087557,0.12395177843087557,0.12395177843087557
2021-05-06 00:00:00+00:00,0.04278136134926659,0.02714811084240365,0.02714811084240365,0.02714811084240365
2021-05-07 00:00:00+00:00,-0.013333803628056267,0.004446501392204632,0.004446501392204632,0.004446501392204632
2021-05-08 00:00:00+00:00,0.009249480578554478,0.017722558204356857,0.017722558204356857,0.017722558204356857
2021-05-09 00:00:00+00:00,0.0061834966206248025,-0.025523075198409413,-0.025523075198409413,-0.025523075198409413
2021-05-10 00:00:00+00:00,-0.08595084684110922,-0.0896715936451285,-0.0896715936451285,-0.0896715936451285
2021-05-11 00:00:00+00:00,0.08734933557084035,0.05387433349738376,0.05387433349738376,0.05387433349738376
2021-05-12 00:00:00+00:00,-0.1527550906676353,-0.12917117167750114,-0.12917117167750114,-0.12917117167750114
2021-05-13 00:00:00+00:00,0.043431118234953194,0.01706422967003384,0.01706422967003384,0.01706422967003384
2021-05-14 00:00:00+00:00,0.061008999934088134,0.08490719059541106,0.08490719059541106,0.08490719059541106
2021-05-15 00:00:00+00:00,-0.05606378660391192,-0.03684971793942732,-0.03684971793942732,-0.03684971793942732
2021-05-16 00:00:00+00:00,0.003155773974304192,0.024659450541507075,0.024659450541507075,0.024659450541507075
2021-05-17 00:00:00+00:00,-0.07219440305999342,-0.04690553210281796,-0.04690553210281796,-0.04690553210281796
2021-05-18 00:00:00+00:00,0.04013585363442804,0.07405868240085499,-0.0019288857525795449,0.07405868240085499
2021-05-19 00:00:00+00:00,-0.3954206216372049,-0.4071961208208648,5.479452054794521e-05,-0.4071961208208648
2021-05-20 00:00:00+00:00,0.14996702639927842,0.20516424331368519,5.479452054794521e-05,0.20516424331368519
2021-05-21 00:00:00+00:00,-0.1492502586993355,-0.13597300555177655,5.479452054794521e-05,-0.13597300555177655
2021-05-22 00:00:00+00:00,-0.0812609850169521,-0.13347407263732491,5.479452054794521e-05,-0.13347407263732491
2021-05-23 00:00:00+00:00,-0.13821115208278906,-0.17084673799461195,5.479452054794521e-05,-0.17084673799461195
2021-05-24 00:00:00+00:00,0.23098379492693474,0.24147333440731034,5.479452054794521e-05,0.24147333440731034
2021-05-25 00:00:00+00:00,-0.0037017982411303133,0.013464536961968566,5.479452054794521e-05,0.013464536961968566
2021-05-26 00:00:00+00:00,0.08368688208329067,0.026727783837838213,5.479452054794521e-05,0.026727783837838213
2021-05-27 00:00:00+00:00,-0.03380913249070954,-0.061411367219720306,5.479452054794521e-05,-0.061411367219720306
2021-05-28 00:00:00+00:00,-0.10303155986935714,-0.08465755552517584,5.479452054794521e-05,-0.08465755552517584
2021-05-29 00:00:00+00:00,-0.058907614033693,-0.04701126974878277,5.479452054794521e-05,-0.04701126974878277
2021-05-30 00:00:00+00:00,0.03980431454481641,0.017685445037967703,5.479452054794521e-05,0.017685445037967703
2021-05-31 00:00:00+00:00,0.09144164915317018,0.06642980605485183,5.479452054794521e-05,0.06642980605485183
2021-06-01 00:00:00+00:00,-0.010311507679121866,0.006007180192871277,5.479452054794521e-05,0.006007180192871277
2021-06-02 00:00:00+00:00,0.0404343319500921,0.053091731117351375,5.479452054794521e-05,0.053091731117351375
2021-06-03 00:00:00+00:00,0.04332694192828804,0.018939205805325425,5.479452054794521e-05,0.018939205805325425
2021-06-04 00:00:00+00:00,-0.07700072029389679,-0.06895770102307039,5.479452054794521e-05,-0.06895770102307039
2021-06-05 00:00:00+00:00,-0.025124253113949127,-0.01086137694612424,5.479452054794521e-05,-0.01086137694612424
2021-06-06 00:00:00+00:00,0.021216483456594264,0.017916306099649996,5.479452054794521e-05,0.017916306099649996
2021-06-07 00:00:00+00:00,-0.08881578658073744,-0.10078096377725228,5.479452054794521e-05,-0.10078096377725228
2021-06-08 00:00:00+00:00,-0.008183428251997141,0.006120673327091895,5.479452054794521e-05,0.006120673327091895
2021-06-09 00:00:00+00:00,0.05124016888883433,0.0571448837590242,5.479452054794521e-05,0.0571448837590242
2021-06-10 00:00:00+00:00,-0.051475771350195855,-0.04983358198406436,5.479452054794521e-05,-0.04983358198406436
2021-06-11 00:00:00+00:00,-0.04705788187994453,-0.04870824026242191,5.479452054794521e-05,-0.04870824026242191
2021-06-12 00:00:00+00:00,-0.007249966261597425,-0.015332368449130596,5.479452054794521e-05,-0.015332368449130596
2021-06-13 00:00:00+00:00,0.05937374632201583,0.052866791162908267,5.479452054794521e-05,0.052866791162908267
2021-06-14 00:00:00+00:00,0.03193455769213876,0.012350308213452961,5.479452054794521e-05,0.012350308213452961
2021-06-15 00:00:00+00:00,-0.021065179390710165,-0.014616072986570762,5.479452054794521e-05,-0.014616072986570762
2021-06-16 00:00:00+00:00,-0.040731560280645195,-0.026700964710935006,5.479452054794521e-05,-0.026700964710935006
2021-06-17 00:00:00+00:00,0.0116950927800949,-0.004049358414817974,5.479452054794521e-05,-0.004049358414817974
2021-06-18 00:00:00+00:00,-0.062167422479823244,-0.05265095576962471,5.479452054794521e-05,-0.05265095576962471
2021-06-19 00:00:00+00:00,-0.028275980376547827,-0.033885901982993995,5.479452054794521e-05,-0.033885901982993995
2021-06-20 00:00:00+00:00,0.016489356975619714,-0.003760958573790942,5.479452054794521e-05,-0.003760958573790942
2021-06-21 00:00:00+00:00,-0.23023178344396591,-0.3083590746600218,5.479452054794521e-05,-0.3083590746600218
2021-06-22 00:00:00+00:00,-0.026460292074882718,-0.024866238365010767,5.479452054794521e-05,-0.0018648488319228437
2021-06-23 00:00:00+00:00,0.09213176921875257,0.12881541147021125,5.479452054794521e-05,5.479452054794521e-05
2021-06-24 00:00:00+00:00,0.04635115526768333,0.05892910237530678,5.479452054794521e-05,5.479452054794521e-05
2021-06-25 00:00:00+00:00,-0.0970612937060003,-0.08782673869110293,5.479452054794521e-05,5.479452054794521e-05
2021-06-26 00:00:00+00:00,0.016329655955907327,0.03030128399473231,5.479452054794521e-05,5.479452054794521e-05
2021-06-27 00:00:00+00:00,0.049919882389004,0.05154550909633174,5.479452054794521e-05,5.479452054794521e-05
2021-06-28 00:00:00+00:00,0.022556285269414687,0.01247390358167168,5.479452054794521e-05,5.479452054794521e-05
2021-06-29 00:00:00+00:00,0.05847888078582874,0.13232301292626222,5.479452054794521e-05,5.479452054794521e-05
2021-06-30 00:00:00+00:00,0.010335278505283296,-0.007671790550903209,5.479452054794521e-05,5.479452054794521e-05
2021-07-01 00:00:00+00:00,-0.058858415145563725,-0.0564244584389442,5.479452054794521e-05,5.479452054794521e-05
2021-07-02 00:00:00+00:00,0.012088457720776357,0.00874122091206908,5.479452054794521e-05,5.479452054794521e-05
2021-07-03 00:00:00+00:00,0.02249941055403689,0.028338652480706907,5.479452054794521e-05,5.479452054794521e-05
2021-07-04 00:00:00+00:00,0.025186031307754292,-0.0042483592248141995,5.479452054794521e-05,5.479452054794521e-05
2021-07-05 00:00:00+00:00,-0.0387352727085706,-0.050722765677942455,5.479452054794521e-05,5.479452054794521e-05
2021-07-06 00:00:00+00:00,0.03202591488731683,0.01427426408224922,5.479452054794521e-05,5.479452054794521e-05
2021-07-07 00:00:00+00:00,-0.004040635619922564,-0.034709379614291165,5.479452054794521e-05,5.479452054794521e-05
2021-07-08 00:00:00+00:00,-0.06398067536469274,-0.06382561742870027,5.479452054794521e-05,5.479452054794521e-05
2021-07-09 00:00:00+00:00,0.031819093776658355,0.027756356905802054,5.479452054794521e-05,5.479452054794521e-05
2021-07-10 00:00:00+00:00,-0.01424811589271171,-0.020104773364766425,5.479452054794521e-05,5.479452054794521e-05
2021-07-11 00:00:00+00:00,0.011758001761151509,0.010005560779044902,5.479452054794521e-05,5.479452054794521e-05
2021-07-12 00:00:00+00:00,-0.02991874566343395,-0.0365233448627819,5.479452054794521e-05,5.479452054794521e-05
2021-07-13 00:00:00+00:00,-0.031633063375519146,-0.040272790057307155,5.479452054794521e-05,5.479452054794521e-05
2021-07-14 00:00:00+00:00,-0.0015849868632061403,-0.0016951960708087971,5.479452054794521e-05,5.479452054794521e-05
2021-07-15 00:00:00+00:00,-0.03720262901664918,-0.05097169670087452,5.479452054794521e-05,5.479452054794521e-05
2021-07-16 00:00:00+00:00,-0.04127135507592831,-0.05053226616607415,5.479452054794521e-05,5.479452054794521e-05
2021-07-17 00:00:00+00:00,0.0051977384797561935,0.024370508528757624,5.479452054794521e-05,5.479452054794521e-05
2021-07-18 00:00:00+00:00,0.0005680895571503261,-0.0001879267928018031,5.479452054794521e-05,5.479452054794521e-05
2021-07-19 00:00:00+00:00,-0.05445690318997481,-0.015000099795993801,5.479452054794521e-05,5.479452054794521e-05
2021-07-20 00:00:00+00:00,-0.046049851137851205,-0.04677827759465707,5.479452054794521e-05,5.479452054794521e-05
2021-07-21 00:00:00+00:00,0.09132977712613395,0.07218484007851657,5.479452054794521e-05,5.479452054794521e-05
2021-07-22 00:00:00+00:00,0.03414688360140159,0.009378295612086073,5.479452054794521e-05,5.479452054794521e-05
2021-07-23 00:00:00+00:00,0.028227491252376724,0.04476271564098144,5.479452054794521e-05,5.479452054794521e-05
2021-07-24 00:00:00+00:00,0.015003512766017442,0.062416769929881974,5.479452054794521e-05,5.479452054794521e-05
2021-07-25 00:00:00+00:00,0.0020040889431636685,-0.016533849182935174,5.479452054794521e-05,5.479452054794521e-05
2021-07-26 00:00:00+00:00,0.01836729654153893,-0.0010130891603182491,5.479452054794521e-05,5.479452054794521e-05
2021-07-27 00:00:00+00:00,0.028014184994060252,0.019159331070368144,0.01752528079346274,5.479452054794521e-05
2021-07-28 00:00:00+00:00,0.014121203347316905,-0.003979356033695414,-0.003979356033695414,5.479452054794521e-05
2021-07-29 00:00:00+00:00,0.020197126206632512,0.0017408249026617793,0.0017408249026617793,5.479452054794521e-05
2021-07-30 00:00:00+00:00,0.04081682074865215,0.025933162009241298,0.025933162009241298,5.479452054794521e-05
2021-07-31 00:00:00+00:00,0.02344434515163578,0.0058050450668248816,0.0058050450668248816,5.479452054794521e-05
2021-08-01 00:00:00+00:00,-0.02040167037463259,-0.017434724121270496,-0.017434724121270496,5.479452054794521e-05
2021-08-02 00:00:00+00:00,0.011710016151797682,0.017470335192412388,0.017470335192412388,5.479452054794521e-05
2021-08-03 00:00:00+00:00,-0.01651683472993903,0.03712987157792893,0.03712987157792893,5.479452054794521e-05
2021-08-04 00:00:00+00:00,0.04162535692513652,0.004268379103576402,0.004268379103576402,5.479452054794521e-05
2021-08-05 00:00:00+00:00,0.015534399643795991,0.005777635389944241,0.005777635389944241,5.479452054794521e-05
2021-08-06 00:00:00+00:00,0.02732696210564141,0.010101747631376435,0.010101747631376435,5.479452054794521e-05
2021-08-07 00:00:00+00:00,0.06052915862915917,0.0414116342489719,0.0414116342489719,5.479452054794521e-05
2021-08-08 00:00:00+00:00,-0.05182832792959411,-0.02760579576032965,-0.02760579576032965,5.479452054794521e-05
2021-08-09 00:00:00+00:00,0.046598294616354605,0.028657966311076817,0.028657966311076817,5.479452054794521e-05
2021-08-10 00:00:00+00:00,0.018263308379928622,0.03843285787388913,0.03843285787388913,5.479452054794521e-05
2021-08-11 00:00:00+00:00,0.043800642200914425,0.019030896045241674,0.019030896045241674,5.479452054794521e-05
2021-08-12 00:00:00+00:00,-0.018253331340212765,-0.009994818468224687,-0.009994818468224687,5.479452054794521e-05
2021-08-13 00:00:00+00:00,0.08642495314230436,0.06924262456250883,0.06924262456250883,5.479452054794521e-05
2021-08-14 00:00:00+00:00,0.022410491444316276,-0.01235760965809372,-0.01235760965809372,5.479452054794521e-05
2021-08-15 00:00:00+00:00,0.032929892113838795,0.15382660957134556,0.15382660957134556,5.479452054794521e-05
2021-08-16 00:00:00+00:00,-0.021022717283818892,0.1173348309436965,0.1173348309436965,5.479452054794521e-05
2021-08-17 00:00:00+00:00,-0.03967003248450882,-0.015909562197137888,-0.015909562197137888,5.479452054794521e-05
2021-08-18 00:00:00+00:00,0.025866021823227912,0.020282925867878176,0.020282925867878176,5.479452054794521e-05
2021-08-19 00:00:00+00:00,0.05741037092061017,0.033680331209662934,0.033680331209662934,5.479452054794521e-05
2021-08-20 00:00:00+00:00,0.04729102152992301,0.05220437780170948,0.05220437780170948,5.479452054794521e-05
2021-08-21 00:00:00+00:00,-0.008797800258692706,-0.0178138691556255,-0.0178138691556255,5.479452054794521e-05
2021-08-22 00:00:00+00:00,0.008037327232738157,0.00408679043628039,0.00408679043628039,5.479452054794521e-05
2021-08-23 00:00:00+00:00,0.032948940296559606,0.0099467509751904,0.0099467509751904,5.479452054794521e-05
2021-08-24 00:00:00+00:00,-0.06309880753492828,0.016456071838451408,0.016456071838451408,5.479452054794521e-05
2021-08-25 00:00:00+00:00,0.02514889214634946,-0.05192479042108475,-0.05192479042108475,5.479452054794521e-05
2021-08-26 00:00:00+00:00,-0.06902607751126741,-0.04322599614462513,-0.04322599614462513,5.479452054794521e-05
2021-08-27 00:00:00+00:00,0.08683713272416818,0.15668352469786542,0.15668352469786542,5.479452054794521e-05
2021-08-28 00:00:00+00:00,-0.0013715658445080786,0.02244791514441808,0.02244791514441808,5.479452054794521e-05
2021-08-29 00:00:00+00:00,-0.004663580400045639,-0.025887270588255035,-0.025887270588255035,5.479452054794521e-05
2021-08-30 00:00:00+00:00,-0.023633808428741347,-0.0014200819162823546,-0.0014200819162823546,5.479452054794521e-05
2021-08-31 00:00:00+00:00,0.0294914646366183,-0.022689205616998408,-0.022689205616998408,5.479452054794521e-05
2021-09-01 00:00:00+00:00,0.05663043709362412,0.028886996383546568,0.028886996383546568,5.479452054794521e-05
2021-09-02 00:00:00+00:00,0.00953068273460461,0.13410049323422552,0.13410049323422552,5.479452054794521e-05
2021-09-03 00:00:00+00:00,0.030906408031765004,0.09953088615770118,0.09953088615770118,5.479452054794521e-05
2021-09-04 00:00:00+00:00,-0.006527324110780607,-0.03763984621237104,-0.03763984621237104,5.479452054794521e-05
2021-09-05 00:00:00+00:00,0.05170461789453757,0.020870139989547405,0.020870139989547405,5.479452054794521e-05
2021-09-06 00:00:00+00:00,0.004950380811684227,0.11191633021910284,0.11191633021910284,5.479452054794521e-05
2021-09-07 00:00:00+00:00,-0.17055423421466082,-0.04580522506908043,-0.04580522506908043,5.479452054794521e-05
2021-09-08 00:00:00+00:00,-0.0050863032131229545,0.04400949014684153,0.04400949014684153,5.479452054794521e-05
2021-09-09 00:00:00+00:00,0.0360812208080668,0.018890099645059694,0.018890099645059694,5.479452054794521e-05
2021-09-10 00:00:00+00:00,-0.01809476139665962,0.02349692646865422,0.02349692646865422,5.479452054794521e-05
2021-09-11 00:00:00+00:00,0.02437455834566849,0.03968901043426893,0.03968901043426893,5.479452054794521e-05
2021-09-12 00:00:00+00:00,0.053471803788012244,-0.001859831545022738,-0.001859831545022738,5.479452054794521e-05
2021-09-13 00:00:00+00:00,-0.04054178497164137,-0.04848159248992494,-0.04848159248992494,5.479452054794521e-05
2021-09-14 00:00:00+00:00,0.03316895692348827,-0.05150392297079291,-0.05150392297079291,5.479452054794521e-05
2021-09-15 00:00:00+00:00,0.02526977269516859,0.02670655099264047,0.02670655099264047,5.479452054794521e-05
2021-09-16 00:00:00+00:00,-0.010249864810108335,0.02731929792177202,0.02731929792177202,5.479452054794521e-05
2021-09-17 00:00:00+00:00,-0.03812209701850327,-0.025770954529307277,-0.025770954529307277,5.479452054794521e-05
2021-09-18 00:00:00+00:00,0.029311353689118077,0.10513412187944936,0.10513412187944936,5.479452054794521e-05
2021-09-19 00:00:00+00:00,-0.024922538140334124,-0.039426227978963085,-0.039426227978963085,5.479452054794521e-05
2021-09-20 00:00:00+00:00,-0.13356248708567078,-0.16916159505696934,-0.16916159505696934,5.479452054794521e-05
2021-09-21 00:00:00+00:00,-0.06299227082956188,-0.041966389034536276,-0.0018605711208807554,-0.04375526939240421
2021-09-22 00:00:00+00:00,0.1260157604597806,0.19793107333456317,5.479452054794521e-05,0.19793107333456317
2021-09-23 00:00:00+00:00,0.023153426050143526,0.022791682982228837,5.479452054794521e-05,0.022791682982228837
2021-09-24 00:00:00+00:00,-0.05476346554907243,-0.05028863505765662,5.479452054794521e-05,-0.05028863505765662
2021-09-25 00:00:00+00:00,-0.011980580419248234,-0.040415146849099005,5.479452054794521e-05,-0.040415146849099005
2021-09-26 00:00:00+00:00,0.0009998373421911259,-0.00692246229093345,5.479452054794521e-05,-0.00692246229093345
2021-09-27 00:00:00+00:00,-0.03523275966550437,-0.009858774260057645,5.479452054794521e-05,-0.009858774260057645
2021-09-28 00:00:00+00:00,-0.03569986797318811,-0.05361364759757074,5.479452054794521e-05,-0.05361364759757074
2021-09-29 00:00:00+00:00,0.027191449020877945,0.036620894571852865,5.479452054794521e-05,0.036620894571852865
2021-09-30 00:00:00+00:00,0.041254656508932695,0.0342778918935824,5.479452054794521e-05,0.0342778918935824
2021-10-01 00:00:00+00:00,0.0782494241920069,0.07547178642273653,5.479452054794521e-05,0.07547178642273653
2021-10-02 00:00:00+00:00,0.015352252496896862,0.032002431349779766,5.479452054794521e-05,0.032002431349779766
2021-10-03 00:00:00+00:00,0.02198238940136961,0.009503408929252952,5.479452054794521e-05,0.009503408929252952
2021-10-04 00:00:00+00:00,-0.01755003979898961,-0.041417960248629135,5.479452054794521e-05,-0.041417960248629135
2021-10-05 00:00:00+00:00,0.023895516812254845,-0.017669707102997385,-0.01924819041724347,-0.017669707102997385
2021-10-06 00:00:00+00:00,0.0011486711626100155,-0.06137266622666975,-0.06137266622666975,-0.06137266622666975
2021-10-07 00:00:00+00:00,0.0002902211663633982,0.00626622688027949,0.00626622688027949,0.00626622688027949
2021-10-08 00:00:00+00:00,-0.012319058763449296,0.004920542341145551,0.004920542341145551,0.004920542341145551
2021-10-09 00:00:00+00:00,0.029503804960450918,-0.0007229189847305162,-0.0007229189847305162,-0.0007229189847305162
2021-10-10 00:00:00+00:00,-0.052620544289950666,-0.06538679357266233,-0.06538679357266233,-0.06538679357266233
2021-10-11 00:00:00+00:00,0.005902246516947502,-0.018077590558035712,-0.018077590558035712,-0.018077590558035712
2021-10-12 00:00:00+00:00,-0.005821242139952615,0.012665462010548075,0.012665462010548075,-0.027268263465238828
2021-10-13 00:00:00+00:00,0.03398957091895192,-0.004259123459030486,-0.004259123459030486,0.023551944181276173
2021-10-14 00:00:00+00:00,0.008615154821898929,0.011332478593573317,0.011332478593573317,-0.00032234409052775865
2021-10-15 00:00:00+00:00,0.013436522127293586,0.06031516671561053,0.06031516671561053,0.07083114439315887
2021-10-16 00:00:00+00:00,0.0005268196891920256,-0.015002475506756196,-0.015002475506756196,-0.012668930356924445
2021-10-17 00:00:00+00:00,-0.01433334448446662,0.004214407113300555,0.004214407113300555,0.010392811806428405
2021-10-18 00:00:00+00:00,-0.0059109504405999835,-0.0096489890121841,-0.0096489890121841,0.00759624044198646
2021-10-19 00:00:00+00:00,0.013612582262600918,0.009790345536704347,0.009790345536704347,0.034141715897814784
2021-10-20 00:00:00+00:00,0.05041148162792209,0.07993121059359076,0.07993121059359076,0.02588556881590681
2021-10-21 00:00:00+00:00,-0.02542017334427631,0.021482136407028625,0.021482136407028625,-0.058316349047518014
2021-10-22 00:00:00+00:00,0.001310509820492941,0.021738304600248975,0.021738304600248975,-0.022533035802066243
2021-10-23 00:00:00+00:00,0.02039216590473921,0.006236225162293752,0.006236225162293752,0.009718421093663901
2021-10-24 00:00:00+00:00,-0.014793182566784864,0.001646761153180287,0.001646761153180287,-0.007419491847742917
2021-10-25 00:00:00+00:00,0.026117703538355345,0.045801031846900826,0.045801031846900826,0.03462552032962644
2021-10-26 00:00:00+00:00,-0.0014087126196734123,-0.032085691048837885,-0.032085691048837885,-0.03883155706489772
2021-10-27 00:00:00+00:00,-0.0973766475611616,-0.08860994903091285,-0.08860994903091285,-0.05030407846732214
2021-10-28 00:00:00+00:00,0.05751535570754555,0.04970938456751112,0.04970938456751112,0.038714299461558514
2021-10-29 00:00:00+00:00,0.030604725841614923,0.02372142480160772,0.02372142480160772,0.02296820432107809
2021-10-30 00:00:00+00:00,-0.022615025825888632,-0.02854051593142897,-0.02854051593142897,-0.014079815961109032
2021-10-31 00:00:00+00:00,0.014878145721532215,0.02924993642117128,0.02924993642117128,0.002331294698884305
2021-11-01 00:00:00+00:00,0.010138848564909665,0.024442926565026654,0.024442926565026654,-0.002848443464411071
2021-11-02 00:00:00+00:00,0.02700569279783615,0.06220077092916058,0.06220077092916058,0.02475123046205983
2021-11-03 00:00:00+00:00,0.022835249354208564,0.08799179163271177,0.08799179163271177,0.012025543790712884
2021-11-04 00:00:00+00:00,-0.01686541890323483,0.020066879538638383,0.020066879538638383,-0.017505316961606746
2021-11-05 00:00:00+00:00,-0.007842541099002278,-0.046535457155808174,-0.046535457155808174,0.022361137307378886
2021-11-06 00:00:00+00:00,0.005680122395495693,0.06957826319827089,0.06957826319827089,0.025790975100085184
2021-11-07 00:00:00+00:00,0.018067578772756075,0.008322718230386774,0.008322718230386774,0.02878878534489696
2021-11-08 00:00:00+00:00,0.04446286369117419,0.011339653760097166,0.011339653760097166,0.04124895788114121
2021-11-09 00:00:00+00:00,0.01601442070165044,-0.03531736461565853,-0.03531736461565853,-0.021159043065212282
2021-11-10 00:00:00+00:00,-0.05341761518160887,-0.030353799564450883,-0.030353799564450883,-0.03214201688155112
2021-11-11 00:00:00+00:00,0.012841711098551267,0.011203467444109773,0.011203467444109773,0.014126315222260134
2021-11-12 00:00:00+00:00,-0.01919672144068115,-0.024473385360705757,-0.024473385360705757,-0.013362310946928005
2021-11-13 00:00:00+00:00,0.02105767789449658,0.07633765164353475,0.07633765164353475,0.04650920471273299
2021-11-14 00:00:00+00:00,0.0019276201595304922,-0.014236962845440897,-0.014236962845440897,0.0023455796396918156
2021-11-15 00:00:00+00:00,-0.01860037115979099,-0.008367173454383741,-0.008367173454383741,-0.024264233244722162
2021-11-16 00:00:00+00:00,-0.08121685150415656,-0.042509655643023,-0.042509655643023,-0.03676884692204412
2021-11-17 00:00:00+00:00,0.012417041728816533,0.027181125280759607,0.027181125280759607,0.022213919916883436
2021-11-18 00:00:00+00:00,-0.0752278452447123,-0.09288268836493281,-0.09288268836493281,-0.07054316194130458
2021-11-19 00:00:00+00:00,0.05680820794563087,0.09261399561977324,0.09261399561977324,0.07005318368155727
2021-11-20 00:00:00+00:00,0.023965583216662825,0.043748390040210514,0.043748390040210514,0.05710887347904055
2021-11-21 00:00:00+00:00,-0.010870994494110655,0.03672472473889175,0.03672472473889175,-0.012322687854406622
2021-11-22 00:00:00+00:00,-0.030547093490178298,-0.0283629051067218,-0.0283629051067218,-0.015530929480414074
2021-11-23 00:00:00+00:00,0.017455061010040594,-0.004857097883006416,-0.004857097883006416,-0.07612641720731646
2021-11-24 00:00:00+00:00,-0.03384326688222127,-0.0702752949629176,-0.0702752949629176,-0.06430624968558778
2021-11-25 00:00:00+00:00,0.029952541611060583,0.02328702046901835,0.02328702046901835,0.03195654600878731
2021-11-26 00:00:00+00:00,-0.09254510403064489,-0.09570352019696438,-0.09570352019696438,-0.1236586418449393
2021-11-27 00:00:00+00:00,0.010174287097365925,0.02460441082198079,0.02460441082198079,0.07646559723885991
2021-11-28 00:00:00+00:00,0.018720119893561833,0.01947266690975011,0.01947266690975011,-0.02268576679031696
2021-11-29 00:00:00+00:00,0.028410351756971118,0.03516239030163684,0.03516239030163684,0.07734249546484719
2021-11-30 00:00:00+00:00,0.0031808254771608876,0.005939974855451494,0.005939974855451494,-0.0010459274789780108
2021-12-01 00:00:00+00:00,-0.0046660271731400445,0.025805083983967806,0.025805083983967806,-0.0011801085296586412
2021-12-02 00:00:00+00:00,-0.002079564947187379,-0.05845375313876399,-0.05845375313876399,-0.06531365779567759
2021-12-03 00:00:00+00:00,-0.04492530893747901,-0.027065215822332813,-0.027065215822332813,-0.010066064962371416
2021-12-04 00:00:00+00:00,-0.10997196835652354,-0.10852761243890202,-0.10852761243890202,-0.10377265502176793
2021-12-05 00:00:00+00:00,-0.03783749909265394,-0.0518923503007038,-0.0518923503007038,-0.050033917996846665
2021-12-06 00:00:00+00:00,0.03193344665058168,0.040373748373675564,0.040373748373675564,0.059915754946916436
2021-12-07 00:00:00+00:00,0.015390242063458619,-0.02872905471253111,-0.0017699667150787742,-0.024051202844753372
2021-12-08 00:00:00+00:00,0.03573031026920157,0.03906217229667961,5.479452054794521e-05,0.04081148187553301
2021-12-09 00:00:00+00:00,-0.08504663921300715,-0.07326739790569511,5.479452054794521e-05,-0.06864563631566714
2021-12-10 00:00:00+00:00,-0.04288266163698274,-0.04636604435364079,5.479452054794521e-05,-0.04110503901464433
2021-12-11 00:00:00+00:00,0.05282650565996144,0.051582541463170185,5.479452054794521e-05,0.041792561949757605
2021-12-12 00:00:00+00:00,0.00572298106935235,0.0135352790172785,5.479452054794521e-05,0.012279950762945559
2021-12-13 00:00:00+00:00,-0.09224590239928986,-0.09434578041445361,5.479452054794521e-05,-0.09113034204221734
2021-12-14 00:00:00+00:00,0.04722358412047805,0.05437237579720822,5.479452054794521e-05,0.054443091890213895
2021-12-15 00:00:00+00:00,0.02781704197603841,0.08501315471817,5.479452054794521e-05,0.08501315471817
2021-12-16 00:00:00+00:00,-0.03244498506711304,-0.026194087914890665,5.479452054794521e-05,-0.026194087914890665
2021-12-17 00:00:00+00:00,-0.01599902397933796,0.06043491032085882,5.479452054794521e-05,0.06043491032085882
2021-12-18 00:00:00+00:00,0.02905028652866254,0.028848126529224995,5.479452054794521e-05,0.028848126529224995
2021-12-19 00:00:00+00:00,-0.015494989128309817,-0.04046305112770565,5.479452054794521e-05,-0.04046305112770565
2021-12-20 00:00:00+00:00,-0.002962234194654922,0.022853810875943053,5.479452054794521e-05,0.022853810875943053
2021-12-21 00:00:00+00:00,0.034285334603687274,0.034301354990238474,5.479452054794521e-05,0.034301354990238474
2021-12-22 00:00:00+00:00,0.021676833348762126,-0.01536074127417898,5.479452054794521e-05,-0.01536074127417898
2021-12-23 00:00:00+00:00,0.05626340102124181,0.030811069485187217,5.479452054794521e-05,0.030811069485187217
2021-12-24 00:00:00+00:00,-0.027708901381493786,-0.027020829410172746,5.479452054794521e-05,-0.027020829410172746
2021-12-25 00:00:00+00:00,0.016927211310788,0.006007328093461526,5.479452054794521e-05,0.006007328093461526
2021-12-26 00:00:00+00:00,0.015324399651650956,-0.0015378129136182951,5.479452054794521e-05,-0.0015378129136182951
2021-12-27 00:00:00+00:00,0.003262981207075149,0.01091560740837389,5.479452054794521e-05,0.01091560740837389
2021-12-28 00:00:00+00:00,-0.07603108738388067,-0.052602310904156964,5.479452054794521e-05,-0.052602310904156964
2021-12-29 00:00:00+00:00,-0.02708962509021723,-0.035204249441532574,5.479452054794521e-05,-0.035204249441532574
2021-12-30 00:00:00+00:00,0.015397122075841018,0.0022317357667510636,5.479452054794521e-05,0.0022317357667510636
2021-12-31 00:00:00+00:00,-0.00793492375262676,0.007869974676635636,5.479452054794521e-05,0.007869974676635636
2022-01-01 00:00:00+00:00,0.040377771392584125,0.03141466241602286,5.479452054794521e-05,0.03141466241602286
2022-01-02 00:00:00+00:00,0.011780554001094653,0.002547171654202823,5.479452054794521e-05,0.002547171654202823
2022-01-03 00:00:00+00:00,-0.006315474516935134,-0.03618395718519485,5.479452054794521e-05,-0.03618395718519485
2022-01-04 00:00:00+00:00,-0.009377364175419822,-0.03835547886070595,5.479452054794521e-05,-0.03835547886070595
2022-01-05 00:00:00+00:00,-0.05926201465090102,-0.04965934416679046,5.479452054794521e-05,-0.04965934416679046
2022-01-06 00:00:00+00:00,-4.972614175538295e-05,-0.01958465425206391,5.479452054794521e-05,-0.01958465425206391
2022-01-07 00:00:00+00:00,-0.04391351317117481,-0.07630256459765336,5.479452054794521e-05,-0.07630256459765336
2022-01-08 00:00:00+00:00,-0.027920986683599536,-0.028162462755275883,5.479452054794521e-05,-0.028162462755275883
2022-01-09 00:00:00+00:00,0.019165444804746083,0.05153209470923712,5.479452054794521e-05,0.05153209470923712
2022-01-10 00:00:00+00:00,-0.026299140585156738,-0.04739486089564574,5.479452054794521e-05,-0.04739486089564574
2022-01-11 00:00:00+00:00,0.037455949921312064,0.052684739809665045,5.479452054794521e-05,0.052684739809665045
2022-01-12 00:00:00+00:00,0.04751583050199941,0.060126960227145206,5.479452054794521e-05,0.060126960227145206
2022-01-13 00:00:00+00:00,-0.038253076549443085,-0.05952581227928902,5.479452054794521e-05,-0.05952581227928902
2022-01-14 00:00:00+00:00,0.031044996710466417,0.0072236908992918125,5.479452054794521e-05,0.0072236908992918125
2022-01-15 00:00:00+00:00,0.006078405892352008,0.02480899373090929,5.479452054794521e-05,0.02480899373090929
2022-01-16 00:00:00+00:00,0.011490967197457016,-0.007008475540847566,5.479452054794521e-05,-0.007008475540847566
2022-01-17 00:00:00+00:00,-0.03035484166398521,-0.054676349873259394,5.479452054794521e-05,-0.054676349873259394
2022-01-18 00:00:00+00:00,-0.01243881427439822,-0.006631706724168119,-0.008267329328508558,-0.0017010727534703543
2022-01-19 00:00:00+00:00,-0.03618104125049937,-0.0340901763226782,-0.0340901763226782,5.479452054794521e-05
2022-01-20 00:00:00+00:00,-0.03722693891462878,-0.034342684259424563,-0.034342684259424563,5.479452054794521e-05
2022-01-21 00:00:00+00:00,-0.12251247918435201,-0.1551972187812991,-0.1551972187812991,5.479452054794521e-05
2022-01-22 00:00:00+00:00,-0.07988154819056008,-0.08468756405821798,-0.08468756405821798,5.479452054794521e-05
2022-01-23 00:00:00+00:00,0.047196538920787824,0.06876850575963256,0.06876850575963256,5.479452054794521e-05
2022-01-24 00:00:00+00:00,-0.0322602111760019,-0.02346230467230121,-0.02346230467230121,5.479452054794521e-05
2022-01-25 00:00:00+00:00,0.008141350259381537,0.06522772861324606,0.06522772861324606,5.479452054794521e-05
2022-01-26 00:00:00+00:00,-0.008743381380353547,-0.027599365813345066,-0.027599365813345066,5.479452054794521e-05
2022-01-27 00:00:00+00:00,-0.009178151463260445,-0.015467703320467882,-0.015467703320467882,5.479452054794521e-05
2022-01-28 00:00:00+00:00,0.021773582291112762,0.030298891589350695,0.030298891589350695,5.479452054794521e-05
2022-01-29 00:00:00+00:00,0.019004964736072556,0.06070600015977452,0.06070600015977452,5.479452054794521e-05
2022-01-30 00:00:00+00:00,-0.015260418267063732,-0.04853547066830039,-0.04853547066830039,5.479452054794521e-05
2022-01-31 00:00:00+00:00,0.022325842715585437,0.023940591376518272,0.023940591376518272,5.479452054794521e-05
2022-02-01 00:00:00+00:00,0.02212079712912738,0.04303273242907024,0.04303273242907024,5.479452054794521e-05
2022-02-02 00:00:00+00:00,-0.042847659746353094,-0.07001502559696837,-0.07001502559696837,5.479452054794521e-05
2022-02-03 00:00:00+00:00,0.01998132092352679,0.008511996744426925,0.008511996744426925,5.479452054794521e-05
2022-02-04 00:00:00+00:00,0.07567665085743257,0.11392040327942601,0.11392040327942601,5.479452054794521e-05
2022-02-05 00:00:00+00:00,0.005345811233208363,-0.008747632448331367,-0.008747632448331367,5.479452054794521e-05
2022-02-06 00:00:00+00:00,0.022186215516964654,0.021956703228284073,0.021956703228284073,5.479452054794521e-05
2022-02-07 00:00:00+00:00,0.05250105342408691,0.046968177469983434,0.046968177469983434,5.479452054794521e-05
2022-02-08 00:00:00+00:00,-0.012739372136939561,0.03181503302135889,0.03181503302135889,5.479452054794521e-05
2022-02-09 00:00:00+00:00,0.020703692747461214,0.03620133390449867,0.03620133390449867,5.479452054794521e-05
2022-02-10 00:00:00+00:00,-0.03748629185680561,0.010547033598769203,0.010547033598769203,5.479452054794521e-05
2022-02-11 00:00:00+00:00,-0.05802802051022841,-0.09371995024189633,-0.09371995024189633,5.479452054794521e-05
2022-02-12 00:00:00+00:00,-0.001351127078311036,-0.0046350908633708745,-0.0046350908633708745,5.479452054794521e-05
2022-02-13 00:00:00+00:00,-0.013068203711663973,-0.03673884877296626,-0.03673884877296626,5.479452054794521e-05
2022-02-14 00:00:00+00:00,0.007181448406261661,0.042553689928014615,0.042553689928014615,5.479452054794521e-05
2022-02-15 00:00:00+00:00,0.061695165010810786,0.05629088887657208,0.05629088887657208,5.479452054794521e-05
2022-02-16 00:00:00+00:00,-0.00914597714999083,-0.014548975175851353,-0.014548975175851353,5.479452054794521e-05
2022-02-17 00:00:00+00:00,-0.07254371580796452,-0.013839132232897232,-0.013839132232897232,5.479452054794521e-05
2022-02-18 00:00:00+00:00,-0.011060121908823346,-0.038886480046281466,-0.038886480046281466,5.479452054794521e-05
2022-02-19 00:00:00+00:00,0.003154686333348783,-0.005977280658858648,-0.005977280658858648,5.479452054794521e-05
2022-02-20 00:00:00+00:00,-0.04856930496322828,-0.020234004816970852,-0.020234004816970852,5.479452054794521e-05
2022-02-21 00:00:00+00:00,-0.07186087480050626,-0.0806526786465381,-0.0806526786465381,5.479452054794521e-05
2022-02-22 00:00:00+00:00,0.03661299717723187,0.036922747409238336,0.036922747409238336,5.479452054794521e-05
2022-02-23 00:00:00+00:00,-0.023708375892025645,0.013438413820739474,0.013438413820739474,5.479452054794521e-05
2022-02-24 00:00:00+00:00,0.010423232783412254,-0.011966395045770772,-0.011966395045770772,5.479452054794521e-05
2022-02-25 00:00:00+00:00,0.04444479716033952,0.08433484444941197,0.08433484444941197,5.479452054794521e-05
2022-02-26 00:00:00+00:00,0.008890230566110739,0.08294889778425846,0.08294889778425846,5.479452054794521e-05
2022-02-27 00:00:00+00:00,-0.04463421176687446,-0.09973161569248877,-0.09973161569248877,5.479452054794521e-05
2022-02-28 00:00:00+00:00,0.10152585426569445,0.14361186427350456,0.14361186427350456,5.479452054794521e-05
2022-03-01 00:00:00+00:00,0.004293659588697693,-0.006162302722930779,-0.006162302722930779,5.479452054794521e-05
2022-03-02 00:00:00+00:00,-0.012171991261802451,0.03000269255841246,0.03000269255841246,5.479452054794521e-05
2022-03-03 00:00:00+00:00,-0.021159452611616843,0.04694983248261837,0.04694983248261837,5.479452054794521e-05
2022-03-04 00:00:00+00:00,-0.07131380117600176,-0.0954402091726296,-0.0954402091726296,5.479452054794521e-05
2022-03-05 00:00:00+00:00,0.02076285781358024,0.010993060351242555,0.010993060351242555,5.479452054794521e-05
2022-03-06 00:00:00+00:00,-0.0432033536509407,-0.07969024866097571,-0.07969024866097571,5.479452054794521e-05
2022-03-07 00:00:00+00:00,-0.0185385100257396,0.0042940225987748975,0.0042940225987748975,5.479452054794521e-05
2022-03-08 00:00:00+00:00,0.019550972996344288,-0.012973557225297284,-0.0016733033121577947,5.479452054794521e-05
2022-03-09 00:00:00+00:00,0.052433126031412265,0.06533250485931494,5.479452054794521e-05,5.479452054794521e-05
2022-03-10 00:00:00+00:00,-0.04632409729978936,-0.06035253890288748,5.479452054794521e-05,5.479452054794521e-05
2022-03-11 00:00:00+00:00,-0.0036634555276895933,-0.017497553925547533,5.479452054794521e-05,5.479452054794521e-05
2022-03-12 00:00:00+00:00,0.0011944374431515166,-0.007922912758332096,5.479452054794521e-05,5.479452054794521e-05
2022-03-13 00:00:00+00:00,-0.0317407004423691,-0.031797605048497164,5.479452054794521e-05,5.479452054794521e-05
2022-03-14 00:00:00+00:00,0.027532602255580872,0.019294443539162334,5.479452054794521e-05,5.479452054794521e-05
2022-03-15 00:00:00+00:00,0.003946008799224664,0.0025360683488216598,5.479452054794521e-05,5.479452054794521e-05
2022-03-16 00:00:00+00:00,0.04551109257228682,0.06288916692020459,5.479452054794521e-05,5.479452054794521e-05
2022-03-17 00:00:00+00:00,-1.695593211654701e-06,-0.023984968563198338,5.479452054794521e-05,5.479452054794521e-05
2022-03-18 00:00:00+00:00,0.024138720941149806,0.013586433985695253,5.479452054794521e-05,5.479452054794521e-05
2022-03-19 00:00:00+00:00,0.03440834248162542,0.0012044941110298884,5.479452054794521e-05,5.479452054794521e-05
2022-03-20 00:00:00+00:00,-0.012763193820595674,-0.024555879093667722,5.479452054794521e-05,5.479452054794521e-05
2022-03-21 00:00:00+00:00,0.012141690822009372,0.002772217120627327,5.479452054794521e-05,5.479452054794521e-05
2022-03-22 00:00:00+00:00,0.04084098783412704,0.0453038050478055,0.04412717793704204,5.479452054794521e-05
2022-03-23 00:00:00+00:00,0.020221911796901307,0.0009447024724748062,0.0009447024724748062,5.479452054794521e-05
2022-03-24 00:00:00+00:00,0.027586377113880834,0.0391312166692523,0.0391312166692523,5.479452054794521e-05
2022-03-25 00:00:00+00:00,-0.019933211207346032,-0.025889742014285944,-0.025889742014285944,5.479452054794521e-05
2022-03-26 00:00:00+00:00,0.016619528599506914,0.008881835624074694,0.008881835624074694,5.479452054794521e-05
2022-03-27 00:00:00+00:00,0.0456833247701374,0.028330318070368565,0.028330318070368565,5.479452054794521e-05
2022-03-28 00:00:00+00:00,-0.008665902310950388,-0.016530266457876853,-0.016530266457876853,5.479452054794521e-05
2022-03-29 00:00:00+00:00,0.02111747673864854,0.037776673301146285,0.037776673301146285,5.479452054794521e-05
2022-03-30 00:00:00+00:00,0.01601304493346691,0.0065330625313176315,0.0065330625313176315,5.479452054794521e-05
2022-03-31 00:00:00+00:00,-0.027250671143990542,-0.03866026228400778,-0.03866026228400778,5.479452054794521e-05
2022-04-01 00:00:00+00:00,0.022283281875627656,-0.004838941669999801,-0.004838941669999801,5.479452054794521e-05
2022-04-02 00:00:00+00:00,-0.004656952376278892,-0.030976631796971042,-0.030976631796971042,5.479452054794521e-05
2022-04-03 00:00:00+00:00,0.02298967684901079,0.022488877711512013,0.022488877711512013,5.479452054794521e-05
2022-04-04 00:00:00+00:00,-0.014039596643222853,0.0005536269066251156,0.0005536269066251156,5.479452054794521e-05
2022-04-05 00:00:00+00:00,-0.026015878573663286,-0.042597067573757565,-0.042597067573757565,5.479452054794521e-05
2022-04-06 00:00:00+00:00,-0.09693212653035926,-0.11893333401769099,-0.11893333401769099,5.479452054794521e-05
2022-04-07 00:00:00+00:00,0.03319768726945223,0.10129505097987142,0.10129505097987142,5.479452054794521e-05
2022-04-08 00:00:00+00:00,-0.043121950747100075,-0.05819792413347852,-0.05819792413347852,5.479452054794521e-05
2022-04-09 00:00:00+00:00,0.017232491104827947,0.029430011373294106,0.029430011373294106,5.479452054794521e-05
2022-04-10 00:00:00+00:00,-0.019828971086287735,-0.03288187990760238,-0.03288187990760238,5.479452054794521e-05
2022-04-11 00:00:00+00:00,-0.08132269252587242,-0.07088115655927639,-0.07088115655927639,5.479452054794521e-05
2022-04-12 00:00:00+00:00,0.02868386953315899,0.024151072302199927,0.024151072302199927,5.479452054794521e-05
2022-04-13 00:00:00+00:00,0.029396006159776875,0.009942176963201292,0.009942176963201292,5.479452054794521e-05
2022-04-14 00:00:00+00:00,-0.02251523344324411,-0.0329965779467789,-0.0329965779467789,5.479452054794521e-05
2022-04-15 00:00:00+00:00,0.02284479846508458,0.006546609493210022,0.006546609493210022,5.479452054794521e-05
2022-04-16 00:00:00+00:00,0.008739503622028591,0.016974446515388503,0.016974446515388503,5.479452054794521e-05
2022-04-17 00:00:00+00:00,-0.03731781498766078,-0.0333941512273878,-0.0333941512273878,5.479452054794521e-05
2022-04-18 00:00:00+00:00,0.023398615689293953,0.006626645787966978,0.006626645787966978,5.479452054794521e-05
2022-04-19 00:00:00+00:00,0.022382143553086195,0.01922325341169777,0.01922325341169777,5.479452054794521e-05
2022-04-20 00:00:00+00:00,-0.013997653707916417,-0.027051906027308757,-0.027051906027308757,5.479452054794521e-05
2022-04-21 00:00:00+00:00,-0.0296747068065985,-0.03687534573856044,-0.03687534573856044,5.479452054794521e-05
2022-04-22 00:00:00+00:00,-0.005091609884214727,0.014521527525482164,0.014521527525482164,5.479452054794521e-05
2022-04-23 00:00:00+00:00,-0.010375183493997358,-0.02254783441035234,-0.02254783441035234,5.479452054794521e-05
2022-04-24 00:00:00+00:00,-0.015236410754626499,-0.021302683661868712,-0.021302683661868712,5.479452054794521e-05
2022-04-25 00:00:00+00:00,0.015600700339567194,0.00024838946424486077,0.00024838946424486077,5.479452054794521e-05
2022-04-26 00:00:00+00:00,-0.07051159484226427,-0.056333464160548824,-0.056333464160548824,5.479452054794521e-05
2022-04-27 00:00:00+00:00,0.023203045178835167,0.016168502069997377,0.016168502069997377,5.479452054794521e-05
2022-04-28 00:00:00+00:00,0.00022850455815505945,0.003576696365574405,0.003576696365574405,5.479452054794521e-05
2022-04-29 00:00:00+00:00,-0.04046126443519884,-0.030023365078782123,-0.030023365078782123,5.479452054794521e-05
2022-04-30 00:00:00+00:00,-0.06785901788414905,-0.04996693059621392,-0.04996693059621392,5.479452054794521e-05
2022-05-01 00:00:00+00:00,0.04075662414066372,0.05414710394517095,0.05414710394517095,5.479452054794521e-05
2022-05-02 00:00:00+00:00,-0.00699928714371355,-0.00603011702384048,-0.00603011702384048,5.479452054794521e-05
2022-05-03 00:00:00+00:00,-0.010112343783878744,0.030717555015440417,0.030717555015440417,5.479452054794521e-05
2022-05-04 00:00:00+00:00,0.08872112162133504,0.10577355926079507,0.10577355926079507,5.479452054794521e-05
2022-05-05 00:00:00+00:00,-0.09011634610033033,-0.08990561402008548,-0.08990561402008548,5.479452054794521e-05
2022-05-06 00:00:00+00:00,0.0005909153926135494,0.08994806195904932,0.08994806195904932,5.479452054794521e-05
2022-05-07 00:00:00+00:00,-0.030479087930356738,-0.020041839791318183,-0.020041839791318183,5.479452054794521e-05
2022-05-08 00:00:00+00:00,-0.021976976454449453,0.03168875815874155,0.03168875815874155,5.479452054794521e-05
2022-05-09 00:00:00+00:00,-0.17793867487898116,-0.11640813532996998,-0.11640813532996998,5.479452054794521e-05
2022-05-10 00:00:00+00:00,0.05352249780359275,0.047457070714603616,0.047457070714603616,5.479452054794521e-05
2022-05-11 00:00:00+00:00,-0.182823555002303,-0.021967263870865544,-0.021967263870865544,5.479452054794521e-05
2022-05-12 00:00:00+00:00,-0.056292223964934794,-0.09235769655155276,-0.09235769655155276,5.479452054794521e-05
2022-05-13 00:00:00+00:00,0.0699875388921914,0.08434527839616077,0.08434527839616077,5.479452054794521e-05
2022-05-14 00:00:00+00:00,0.026324609820758037,-0.021343125746694672,-0.021343125746694672,5.479452054794521e-05
2022-05-15 00:00:00+00:00,0.0542443156760721,-0.0003465862241703009,-0.0003465862241703009,5.479452054794521e-05
2022-05-16 00:00:00+00:00,-0.06856999669726963,-0.039044916871631606,-0.039044916871631606,5.479452054794521e-05
2022-05-17 00:00:00+00:00,0.04263519427140657,0.037098862602909094,0.037098862602909094,5.479452054794521e-05
2022-05-18 00:00:00+00:00,-0.09571551362696586,-0.014853945022424469,-0.014853945022424469,5.479452054794521e-05
2022-05-19 00:00:00+00:00,0.048229794439821096,0.03028799012099053,0.03028799012099053,5.479452054794521e-05
2022-05-20 00:00:00+00:00,-0.02947380130448566,-0.027398013768163698,-0.027398013768163698,5.479452054794521e-05
2022-05-21 00:00:00+00:00,0.02030026770319881,0.032837242860505496,0.032837242860505496,5.479452054794521e-05
2022-05-22 00:00:00+00:00,0.034239609925091355,0.046014129504550486,0.046014129504550486,5.479452054794521e-05
2022-05-23 00:00:00+00:00,-0.027475578847821022,-0.021957120137952205,-0.021957120137952205,5.479452054794521e-05
2022-05-24 00:00:00+00:00,0.02456505075602134,0.04815404319139167,0.04815404319139167,5.479452054794521e-05
2022-05-25 00:00:00+00:00,-0.012733585114356646,0.041399211417283394,0.041399211417283394,5.479452054794521e-05
2022-05-26 00:00:00+00:00,-0.07364155940385742,-0.024929309413261786,-0.024929309413261786,5.479452054794521e-05
2022-05-27 00:00:00+00:00,-0.022672797437477597,-0.01446100794074135,-0.01446100794074135,5.479452054794521e-05
2022-05-28 00:00:00+00:00,0.031083053158156584,0.0036493917622456274,0.0036493917622456274,5.479452054794521e-05
2022-05-29 00:00:00+00:00,0.01949338592298486,-0.0065561292549526935,-0.0065561292549526935,5.479452054794521e-05
2022-05-30 00:00:00+00:00,0.07477948367578106,0.02779010399945361,0.02779010399945361,5.479452054794521e-05
2022-05-31 00:00:00+00:00,-0.0014796663996198313,0.011897256281610334,0.011897256281610334,5.479452054794521e-05
2022-06-01 00:00:00+00:00,-0.077429278007798,-0.008716946854512768,-0.008716946854512768,5.479452054794521e-05
2022-06-02 00:00:00+00:00,0.025472299201313733,0.007812464680089899,0.007812464680089899,5.479452054794521e-05
2022-06-03 00:00:00+00:00,-0.034258037601251325,-0.03355636207253489,-0.03355636207253489,5.479452054794521e-05
2022-06-04 00:00:00+00:00,0.014932645745779549,-0.007143560150213419,-0.007143560150213419,5.479452054794521e-05
2022-06-05 00:00:00+00:00,-0.002584487537354046,0.011505659424027754,0.011505659424027754,5.479452054794521e-05
2022-06-06 00:00:00+00:00,0.033977492496783133,0.0010644820018908161,0.0010644820018908161,5.479452054794521e-05
2022-06-07 00:00:00+00:00,-0.015308012541500788,0.002650819867992606,0.002650819867992606,5.479452054794521e-05
2022-06-08 00:00:00+00:00,-0.011959419484806394,-0.013251024332031864,-0.013251024332031864,5.479452054794521e-05
2022-06-09 00:00:00+00:00,0.007290777887589126,0.004306196729379715,0.004306196729379715,5.479452054794521e-05
2022-06-10 00:00:00+00:00,-0.0627799243951727,-0.022693639005466608,-0.022693639005466608,5.479452054794521e-05
2022-06-11 00:00:00+00:00,-0.06797421236381691,-0.03056782629707275,-0.03056782629707275,5.479452054794521e-05
2022-06-12 00:00:00+00:00,-0.06963001132311289,-0.0002208123004368352,-0.0002208123004368352,5.479452054794521e-05
2022-06-13 00:00:00+00:00,-0.10946672909502939,-0.15308472423948088,-0.15308472423948088,5.479452054794521e-05
2022-06-14 00:00:00+00:00,0.016893468561892586,-0.12518274561244963,-0.0016824267470979478,5.479452054794521e-05
2022-06-15 00:00:00+00:00,0.08075257658783398,0.11305504659992761,5.479452054794521e-05,5.479452054794521e-05
2022-06-16 00:00:00+00:00,-0.11978475369357552,-0.055888192174661365,5.479452054794521e-05,5.479452054794521e-05
2022-06-17 00:00:00+00:00,0.024949476849403254,0.009991524808437702,5.479452054794521e-05,5.479452054794521e-05
2022-06-18 00:00:00+00:00,-0.04887309861654051,0.014928119165388552,5.479452054794521e-05,5.479452054794521e-05
2022-06-19 00:00:00+00:00,0.08218623210667284,0.006346975882929154,5.479452054794521e-05,5.479452054794521e-05
2022-06-20 00:00:00+00:00,0.011901901127860477,-0.002496381317600175,5.479452054794521e-05,5.479452054794521e-05
2022-06-21 00:00:00+00:00,0.015091749435341424,0.0550005719822287,5.479452054794521e-05,5.479452054794521e-05
2022-06-22 00:00:00+00:00,-0.03498798309440279,-0.026008429191412497,5.479452054794521e-05,5.479452054794521e-05
2022-06-23 00:00:00+00:00,0.06214114965596063,0.010207228569204318,5.479452054794521e-05,5.479452054794521e-05
2022-06-24 00:00:00+00:00,0.039641022868711386,0.029112545189177053,5.479452054794521e-05,5.479452054794521e-05
2022-06-25 00:00:00+00:00,0.01107371557948449,-0.01472097498006148,5.479452054794521e-05,5.479452054794521e-05
2022-06-26 00:00:00+00:00,-0.02919113131473689,0.0034230863286075176,5.479452054794521e-05,5.479452054794521e-05
2022-06-27 00:00:00+00:00,-0.006258209988136093,0.027876463326778022,5.479452054794521e-05,5.479452054794521e-05
2022-06-28 00:00:00+00:00,-0.050834079998269506,-0.015253642285541009,5.479452054794521e-05,5.479452054794521e-05
2022-06-29 00:00:00+00:00,-0.010612553810249264,-0.013660723790163967,5.479452054794521e-05,5.479452054794521e-05
2022-06-30 00:00:00+00:00,-0.009688154925811956,-0.0015259788525421505,5.479452054794521e-05,5.479452054794521e-05
2022-07-01 00:00:00+00:00,-0.02121119158845331,0.00431414901030211,5.479452054794521e-05,5.479452054794521e-05
2022-07-02 00:00:00+00:00,0.010636098413794206,-0.005139864068761651,5.479452054794521e-05,5.479452054794521e-05
2022-07-03 00:00:00+00:00,0.004934335883942831,0.021093878893270038,5.479452054794521e-05,5.479452054794521e-05
2022-07-04 00:00:00+00:00,0.04403144261797962,0.014198042554647447,5.479452054794521e-05,5.479452054794521e-05
2022-07-05 00:00:00+00:00,-0.019010508613559157,0.01085010265776861,5.479452054794521e-05,5.479452054794521e-05
2022-07-06 00:00:00+00:00,0.020630869989836688,-0.007888398649281972,5.479452054794521e-05,5.479452054794521e-05
2022-07-07 00:00:00+00:00,0.03877579590209289,0.014270054790109819,5.479452054794521e-05,5.479452054794521e-05
2022-07-08 00:00:00+00:00,-0.016071862044987496,0.005280720396778031,5.479452054794521e-05,5.479452054794521e-05
2022-07-09 00:00:00+00:00,0.020679579438300084,0.010205231130538218,5.479452054794521e-05,5.479452054794521e-05
2022-07-10 00:00:00+00:00,-0.03389779142757555,-0.02866144004890551,5.479452054794521e-05,5.479452054794521e-05
2022-07-11 00:00:00+00:00,-0.0613212681814911,-0.039495115628373774,5.479452054794521e-05,5.479452054794521e-05
2022-07-12 00:00:00+00:00,-0.028420219115286405,-0.002051503633218169,5.479452054794521e-05,5.479452054794521e-05
2022-07-13 00:00:00+00:00,0.05012551568836641,0.023161533022276585,5.479452054794521e-05,5.479452054794521e-05
2022-07-14 00:00:00+00:00,0.03387688421673577,0.007689399407831591,5.479452054794521e-05,5.479452054794521e-05
2022-07-15 00:00:00+00:00,0.0057612405024365645,0.0033377392485678605,5.479452054794521e-05,5.479452054794521e-05
2022-07-16 00:00:00+00:00,0.04755038922554969,0.026252911683392856,5.479452054794521e-05,5.479452054794521e-05
2022-07-17 00:00:00+00:00,-0.01387009762462882,-0.020577331774894878,5.479452054794521e-05,5.479452054794521e-05
2022-07-18 00:00:00+00:00,0.09081181773422596,0.018830991198453766,5.479452054794521e-05,5.479452054794521e-05
2022-07-19 00:00:00+00:00,0.021561091072758398,0.0036756504760628683,0.0018167400129433416,5.479452054794521e-05
2022-07-20 00:00:00+00:00,-0.042034275001216724,-0.021621793474052322,-0.021621793474052322,5.479452054794521e-05
2022-07-21 00:00:00+00:00,0.028553282337263515,0.006848636025378477,0.006848636025378477,5.479452054794521e-05
2022-07-22 00:00:00+00:00,-0.018464637305508194,-0.014303520380136436,-0.014303520380136436,5.479452054794521e-05
2022-07-23 00:00:00+00:00,9.149148584220641e-05,-0.00027977921474765615,-0.00027977921474765615,5.479452054794521e-05
2022-07-24 00:00:00+00:00,0.015384128511571662,-0.0021199610990992788,-0.0021199610990992788,5.479452054794521e-05
2022-07-25 00:00:00+00:00,-0.08142516041308487,-0.04556481736884705,-0.04556481736884705,5.479452054794521e-05
2022-07-26 00:00:00+00:00,0.0050060195862228546,0.025075836268863567,0.025075836268863567,5.479452054794521e-05
2022-07-27 00:00:00+00:00,0.09690573804510749,0.04780930253182157,0.04780930253182157,5.479452054794521e-05
2022-07-28 00:00:00+00:00,0.06054713157166875,0.014314454901626538,0.014314454901626538,5.479452054794521e-05
2022-07-29 00:00:00+00:00,0.00508926912453586,-0.00614668779626269,-0.00614668779626269,5.479452054794521e-05
2022-07-30 00:00:00+00:00,7.992618270659274e-05,-0.0018224100235424052,-0.0018224100235424052,5.479452054794521e-05
2022-07-31 00:00:00+00:00,-0.02099768482055544,-0.0035157861150810934,-0.0035157861150810934,5.479452054794521e-05
2022-08-01 00:00:00+00:00,-0.0069361097808378885,0.013995360893813568,0.013995360893813568,5.479452054794521e-05
2022-08-02 00:00:00+00:00,-0.023884057836909584,0.03151606883231254,0.03151606883231254,5.479452054794521e-05
2022-08-03 00:00:00+00:00,0.0032399793217425354,-0.007417591730501035,-0.007417591730501035,5.479452054794521e-05
2022-08-04 00:00:00+00:00,0.0091689945223414,-0.026444650237588782,-0.026444650237588782,5.479452054794521e-05
2022-08-05 00:00:00+00:00,0.045925974856905416,0.07621660298704987,0.07621660298704987,5.479452054794521e-05
2022-08-06 00:00:00+00:00,-0.009712088402393631,-0.011180915309207205,-0.011180915309207205,5.479452054794521e-05
2022-08-07 00:00:00+00:00,0.015234182028513312,-0.0019135831321038309,-0.0019135831321038309,5.479452054794521e-05
2022-08-08 00:00:00+00:00,0.021590417207359304,0.007009563239660851,0.007009563239660851,5.479452054794521e-05
2022-08-09 00:00:00+00:00,-0.035817839146804455,-0.03760895552795286,-0.03760895552795286,5.479452054794521e-05
2022-08-10 00:00:00+00:00,0.0478025911686069,0.06023062036714828,0.06023062036714828,5.479452054794521e-05
2022-08-11 00:00:00+00:00,-0.0002866570567620786,0.046272866779055,0.046272866779055,5.479452054794521e-05
2022-08-12 00:00:00+00:00,0.020610302723795663,0.025549218462763448,0.025549218462763448,5.479452054794521e-05
2022-08-13 00:00:00+00:00,0.000713213830910483,-0.0025573221364751466,-0.0025573221364751466,5.479452054794521e-05
2022-08-14 00:00:00+00:00,-0.016070297548362374,-0.03347634498180434,-0.03347634498180434,5.479452054794521e-05
2022-08-15 00:00:00+00:00,-0.018384918112944845,-0.003978091996093663,-0.003978091996093663,5.479452054794521e-05
2022-08-16 00:00:00+00:00,0.00458661158393281,-0.03915098102652306,-0.03915098102652306,5.479452054794521e-05
2022-08-17 00:00:00+00:00,-0.019743018094062776,0.0038259237836799718,0.0038259237836799718,5.479452054794521e-05
2022-08-18 00:00:00+00:00,-0.030345900109895747,-0.01828767734879122,-0.01828767734879122,5.479452054794521e-05
2022-08-19 00:00:00+00:00,-0.09881195428132822,-0.14749329125546345,-0.14749329125546345,5.479452054794521e-05
2022-08-20 00:00:00+00:00,0.004936204167898289,-0.001976632692386267,-0.001976632692386267,5.479452054794521e-05
2022-08-21 00:00:00+00:00,0.030860264929468785,0.022888258990018808,0.022888258990018808,5.479452054794521e-05
2022-08-22 00:00:00+00:00,0.0037611978996939855,0.005932881454483478,0.005932881454483478,5.479452054794521e-05
2022-08-23 00:00:00+00:00,0.01858853834260532,-0.013207859348686846,-0.013207859348686846,5.479452054794521e-05
2022-08-24 00:00:00+00:00,-0.005739404635176359,-0.008264188720980399,-0.008264188720980399,5.479452054794521e-05
2022-08-25 00:00:00+00:00,0.008770288081910634,-0.008392294055395112,-0.008392294055395112,5.479452054794521e-05
2022-08-26 00:00:00+00:00,-0.0862166631314425,-0.10058609066546573,-0.10058609066546573,5.479452054794521e-05
2022-08-27 00:00:00+00:00,-0.0029220335334511544,-0.008591566884555016,-0.008591566884555016,5.479452054794521e-05
2022-08-28 00:00:00+00:00,-0.03511607780881449,-0.0687513769254978,-0.0687513769254978,5.479452054794521e-05
2022-08-29 00:00:00+00:00,0.052245205312355866,0.049364025620084025,0.049364025620084025,5.479452054794521e-05
2022-08-30 00:00:00+00:00,-0.021351559184337815,-0.0322176556499708,-0.0322176556499708,5.479452054794521e-05
2022-08-31 00:00:00+00:00,0.00045579451218051624,0.0026130450626936593,0.0026130450626936593,5.479452054794521e-05
2022-09-01 00:00:00+00:00,0.022219868246684628,0.012911582947204032,0.012911582947204032,5.479452054794521e-05
2022-09-02 00:00:00+00:00,-0.0016025295962030976,-0.012634408756875787,-0.012634408756875787,5.479452054794521e-05
2022-09-03 00:00:00+00:00,0.002192390302785225,-0.005468407597996507,-0.005468407597996507,5.479452054794521e-05
2022-09-04 00:00:00+00:00,0.015372773261569384,0.005745501651426693,0.005745501651426693,5.479452054794521e-05
2022-09-05 00:00:00+00:00,0.013683993334601446,0.16900260568908004,0.16900260568908004,5.479452054794521e-05
2022-09-06 00:00:00+00:00,-0.07290473750277891,-0.11141610919932443,-0.11141610919932443,5.479452054794521e-05
2022-09-07 00:00:00+00:00,0.052570359254133725,0.07014587444371057,0.07014587444371057,5.479452054794521e-05
2022-09-08 00:00:00+00:00,0.017417186926006637,0.006793396199159759,0.006793396199159759,5.479452054794521e-05
2022-09-09 00:00:00+00:00,0.053432644703978203,0.05880684117962484,0.05880684117962484,5.479452054794521e-05
2022-09-10 00:00:00+00:00,0.012777691446865394,0.0008400744099307311,0.0008400744099307311,5.479452054794521e-05
2022-09-11 00:00:00+00:00,-0.006572457320444625,-0.015830202012372136,-0.015830202012372136,5.479452054794521e-05
2022-09-12 00:00:00+00:00,-0.0001897660952914202,-0.0031260464563704795,-0.0031260464563704795,5.479452054794521e-05
2022-09-13 00:00:00+00:00,-0.08460739300144914,-0.09257989317525779,-0.0016507510697436993,5.479452054794521e-05
2022-09-14 00:00:00+00:00,0.025337232144359623,0.03213370519876718,5.479452054794521e-05,5.479452054794521e-05
2022-09-15 00:00:00+00:00,-0.033415288885654114,0.01345858279359234,5.479452054794521e-05,5.479452054794521e-05
2022-09-16 00:00:00+00:00,0.010705095843815888,0.05416507875539233,5.479452054794521e-05,5.479452054794521e-05
2022-09-17 00:00:00+00:00,0.02511251985844367,-0.004777036966177489,5.479452054794521e-05,5.479452054794521e-05
2022-09-18 00:00:00+00:00,-0.07984477318596091,-0.1099864358025011,5.479452054794521e-05,5.479452054794521e-05
2022-09-19 00:00:00+00:00,0.019250829026062587,0.045325258728469556,5.479452054794521e-05,5.479452054794521e-05
2022-09-20 00:00:00+00:00,-0.016191302246950624,-0.09478786602708435,5.479452054794521e-05,5.479452054794521e-05
2022-09-21 00:00:00+00:00,-0.03176255724357376,-0.03476029109630629,5.479452054794521e-05,5.479452054794521e-05
2022-09-22 00:00:00+00:00,0.061360446565592315,0.07261246022598244,5.479452054794521e-05,5.479452054794521e-05
2022-09-23 00:00:00+00:00,0.014104670648005557,-0.021558795415367704,5.479452054794521e-05,5.479452054794521e-05
2022-09-24 00:00:00+00:00,-0.01822443571149359,-0.03384817329384201,5.479452054794521e-05,5.479452054794521e-05
2022-09-25 00:00:00+00:00,-0.009998463345398756,0.018518815373328917,5.479452054794521e-05,5.479452054794521e-05
2022-09-26 00:00:00+00:00,0.011164227681745778,-0.003208499043147748,5.479452054794521e-05,5.479452054794521e-05
2022-09-27 00:00:00+00:00,-0.009364696712578311,-0.029442539766757227,5.479452054794521e-05,5.479452054794521e-05
2022-09-28 00:00:00+00:00,-0.001399573836125298,-0.021584346986889952,5.479452054794521e-05,5.479452054794521e-05
2022-09-29 00:00:00+00:00,0.01467213157892131,0.00779007243616037,5.479452054794521e-05,5.479452054794521e-05
2022-09-30 00:00:00+00:00,-0.004298029449898164,0.007404410727153399,5.479452054794521e-05,5.479452054794521e-05
2022-10-01 00:00:00+00:00,-0.007085645281928892,-0.017698355885270415,5.479452054794521e-05,5.479452054794521e-05
2022-10-02 00:00:00+00:00,-0.024121497081528463,-0.0458859590492321,5.479452054794521e-05,5.479452054794521e-05
2022-10-03 00:00:00+00:00,0.026674517459236262,0.04719125457800586,5.479452054794521e-05,5.479452054794521e-05
2022-10-04 00:00:00+00:00,0.0256883678497406,0.02430694820148603,0.02358824817402551,5.479452054794521e-05
2022-10-05 00:00:00+00:00,-0.0035911465476381695,0.006087547673159284,0.006087547673159284,5.479452054794521e-05
2022-10-06 00:00:00+00:00,-0.009590246851239761,0.004654076884565497,0.004654076884565497,5.479452054794521e-05
2022-10-07 00:00:00+00:00,-0.006629506364857516,0.0188834868722342,0.0188834868722342,5.479452054794521e-05
2022-10-08 00:00:00+00:00,-0.006602583263092879,-0.006943177365412303,-0.006943177365412303,5.479452054794521e-05
2022-10-09 00:00:00+00:00,0.010357094707770272,0.014930600351823692,0.014930600351823692,5.479452054794521e-05
2022-10-10 00:00:00+00:00,-0.040961396126607555,-0.06860516505407298,-0.06860516505407298,5.479452054794521e-05
2022-10-11 00:00:00+00:00,-0.017291701090605564,-0.016452387141565113,-0.0016793877815414369,5.479452054794521e-05
2022-10-12 00:00:00+00:00,-0.00035370085485314084,-0.003373709406289271,5.479452054794521e-05,5.479452054794521e-05
2022-10-13 00:00:00+00:00,-0.012607316589065193,-0.021334890843833443,5.479452054794521e-05,5.479452054794521e-05
2022-10-14 00:00:00+00:00,-0.0010315985574294308,0.017587586250103537,5.479452054794521e-05,5.479452054794521e-05
2022-10-15 00:00:00+00:00,-0.007954938502487489,-0.01205144245743971,5.479452054794521e-05,5.479452054794521e-05
2022-10-16 00:00:00+00:00,0.013403760885607569,-0.003001475518380684,5.479452054794521e-05,5.479452054794521e-05
2022-10-17 00:00:00+00:00,0.018888394163175615,0.018452347543302196,5.479452054794521e-05,5.479452054794521e-05
2022-10-18 00:00:00+00:00,-0.012614959884999779,-0.023846009201347874,5.479452054794521e-05,5.479452054794521e-05
2022-10-19 00:00:00+00:00,-0.02652626287429665,-0.02578480510375874,5.479452054794521e-05,5.479452054794521e-05
2022-10-20 00:00:00+00:00,-0.009660404473681721,-0.006743497475217199,5.479452054794521e-05,5.479452054794521e-05
2022-10-21 00:00:00+00:00,0.011477159670998823,0.025040755908424518,5.479452054794521e-05,5.479452054794521e-05
2022-10-22 00:00:00+00:00,0.006919094760166592,0.006379882574047751,5.479452054794521e-05,5.479452054794521e-05
2022-10-23 00:00:00+00:00,0.02439757585070934,0.005863870252773434,5.479452054794521e-05,5.479452054794521e-05
2022-10-24 00:00:00+00:00,-0.021583764829641167,-0.02632856827294074,5.479452054794521e-05,5.479452054794521e-05
2022-10-25 00:00:00+00:00,0.04761332639330946,0.016000063472073278,0.014491242394783548,5.479452054794521e-05
2022-10-26 00:00:00+00:00,0.02585237826179028,0.01648611004107611,0.01648611004107611,5.479452054794521e-05
2022-10-27 00:00:00+00:00,-0.011907496211242107,-0.008048296547506292,-0.008048296547506292,5.479452054794521e-05
2022-10-28 00:00:00+00:00,0.03035278135577822,0.029201588792818388,0.029201588792818388,5.479452054794521e-05
2022-10-29 00:00:00+00:00,0.03471531413843844,-0.007363912468839879,-0.007363912468839879,5.479452054794521e-05
2022-10-30 00:00:00+00:00,-0.012682453132343294,-0.015024326893224442,-0.015024326893224442,5.479452054794521e-05
2022-10-31 00:00:00+00:00,0.009391737582397414,0.013202244561837878,0.013202244561837878,5.479452054794521e-05
2022-11-01 00:00:00+00:00,-0.0018444040085409828,0.05896918050164735,0.05896918050164735,5.479452054794521e-05
2022-11-02 00:00:00+00:00,-0.024824027405599223,-0.07846076236381586,-0.07846076236381586,5.479452054794521e-05
2022-11-03 00:00:00+00:00,0.0099051748179308,-0.01838859481936765,-0.01838859481936765,5.479452054794521e-05
2022-11-04 00:00:00+00:00,0.07022288009020258,0.048451434506738236,0.048451434506738236,5.479452054794521e-05
2022-11-05 00:00:00+00:00,0.004422672943484617,-0.0017166247195272598,-0.0017166247195272598,5.479452054794521e-05
2022-11-06 00:00:00+00:00,-0.05089040533079713,-0.06524067051121667,-0.06524067051121667,5.479452054794521e-05
2022-11-07 00:00:00+00:00,-0.0003983120259260169,-0.021573074439214336,-0.021573074439214336,5.479452054794521e-05
2022-11-08 00:00:00+00:00,-0.12785019209773762,-0.17213757349764824,-0.17213757349764824,5.479452054794521e-05
2022-11-09 00:00:00+00:00,-0.18259476729093246,-0.16368537328982627,-0.16368537328982627,5.479452054794521e-05
2022-11-10 00:00:00+00:00,0.14544229010756815,0.16350284824799233,0.16350284824799233,5.479452054794521e-05
2022-11-11 00:00:00+00:00,-0.027409635812194445,-0.03831352146175487,-0.03831352146175487,5.479452054794521e-05
2022-11-12 00:00:00+00:00,-0.040522454027665945,-0.0041340299134480256,-0.0041340299134480256,5.479452054794521e-05
2022-11-13 00:00:00+00:00,-0.029975443163447826,-0.04431495151465227,-0.04431495151465227,5.479452054794521e-05
2022-11-14 00:00:00+00:00,0.023305471534165102,0.03839509105841264,0.03839509105841264,5.479452054794521e-05
2022-11-15 00:00:00+00:00,0.013765710892978929,-0.0008785682722894783,-0.0008785682722894783,5.479452054794521e-05
2022-11-16 00:00:00+00:00,-0.024072617406261928,-0.0009201719137110796,-0.0009201719137110796,5.479452054794521e-05
2022-11-17 00:00:00+00:00,-0.005180016318632702,0.0005372049859271925,0.0005372049859271925,5.479452054794521e-05
2022-11-18 00:00:00+00:00,0.002552581951692288,0.0001247926011279687,0.0001247926011279687,5.479452054794521e-05
2022-11-19 00:00:00+00:00,0.0022643816421464825,0.00013884576751244633,0.00013884576751244633,5.479452054794521e-05
2022-11-20 00:00:00+00:00,-0.046166806206706934,-0.001657624934612102,-0.001657624934612102,5.479452054794521e-05
2022-11-21 00:00:00+00:00,-0.019225087210794876,0.00033224119906058284,0.00033224119906058284,5.479452054794521e-05
2022-11-22 00:00:00+00:00,0.040096149912853984,0.10525271258959529,0.10525271258959529,5.479452054794521e-05
2022-11-23 00:00:00+00:00,0.047957900567368934,0.08386293783286268,0.08386293783286268,5.479452054794521e-05
2022-11-24 00:00:00+00:00,0.005106851194954231,-0.004377376809142833,-0.004377376809142833,5.479452054794521e-05
2022-11-25 00:00:00+00:00,-0.0034994790084748296,-0.02074698656576905,-0.02074698656576905,5.479452054794521e-05
2022-11-26 00:00:00+00:00,0.003646715747894839,0.019945278997515067,0.019945278997515067,5.479452054794521e-05
2022-11-27 00:00:00+00:00,-0.0003344727855197743,0.007824902842530871,0.007824902842530871,5.479452054794521e-05
2022-11-28 00:00:00+00:00,-0.02036002743775963,-0.016240122970059716,-0.016240122970059716,5.479452054794521e-05
2022-11-29 00:00:00+00:00,0.01719505832187927,0.03754529913726162,0.03754529913726162,5.479452054794521e-05
2022-11-30 00:00:00+00:00,0.037590893609343,0.04387759245749315,0.04387759245749315,5.479452054794521e-05
2022-12-01 00:00:00+00:00,-0.019311571794070115,-0.02947068718949284,-0.02947068718949284,5.479452054794521e-05
2022-12-02 00:00:00+00:00,0.015168430197437995,0.004019876052297127,0.004019876052297127,5.479452054794521e-05
2022-12-03 00:00:00+00:00,-0.02351414056217434,-0.019771091778645562,-0.019771091778645562,5.479452054794521e-05
2022-12-04 00:00:00+00:00,0.016461330959186553,0.020288834747076472,0.020288834747076472,5.479452054794521e-05
2022-12-05 00:00:00+00:00,-0.005203627204261278,0.013743313985266497,0.013743313985266497,5.479452054794521e-05
2022-12-06 00:00:00+00:00,0.00495219489045576,-0.006992651466316955,-0.006992651466316955,5.479452054794521e-05
2022-12-07 00:00:00+00:00,-0.027863286002256918,-0.038760966133178094,-0.038760966133178094,5.479452054794521e-05
2022-12-08 00:00:00+00:00,0.02082793219514934,0.020614768546639715,0.020614768546639715,5.479452054794521e-05
2022-12-09 00:00:00+00:00,-0.007687198936134111,-0.021340588644264007,-0.021340588644264007,5.479452054794521e-05
2022-12-10 00:00:00+00:00,0.0013699346197180867,-0.001071435572081771,-0.001071435572081771,5.479452054794521e-05
2022-12-11 00:00:00+00:00,-0.016683761612758925,-0.01323216764160737,-0.01323216764160737,5.479452054794521e-05
2022-12-12 00:00:00+00:00,-0.003009273019305974,-0.01159958016675901,-0.01159958016675901,5.479452054794521e-05
2022-12-13 00:00:00+00:00,0.01993335706799948,0.010836326844145337,0.010836326844145337,5.479452054794521e-05
2022-12-14 00:00:00+00:00,-0.014463033458669564,-0.027208490338810596,-0.027208490338810596,5.479452054794521e-05
2022-12-15 00:00:00+00:00,-0.01857469321069324,-0.03630737278336949,-0.03630737278336949,5.479452054794521e-05
2022-12-16 00:00:00+00:00,-0.09214080862735362,-0.09399872026421169,-0.09399872026421169,5.479452054794521e-05
2022-12-17 00:00:00+00:00,0.016591923985060368,0.010238205136476781,0.010238205136476781,5.479452054794521e-05
2022-12-18 00:00:00+00:00,-0.004574694260202602,-0.007958003145974567,-0.007958003145974567,5.479452054794521e-05
2022-12-19 00:00:00+00:00,-0.03788392738779623,-0.05022057866501743,-0.05022057866501743,5.479452054794521e-05
2022-12-20 00:00:00+00:00,0.0351238040439912,0.03425637063698377,0.03425637063698377,5.479452054794521e-05
2022-12-21 00:00:00+00:00,-0.006939200441268268,-0.00458535073309683,-0.00458535073309683,5.479452054794521e-05
2022-12-22 00:00:00+00:00,0.005649902745666578,0.017327725871687415,0.017327725871687415,5.479452054794521e-05
2022-12-23 00:00:00+00:00,-0.0036190270307247165,-0.004328969064872832,-0.004328969064872832,5.479452054794521e-05
2022-12-24 00:00:00+00:00,-0.003848699135347993,0.0008996232191451813,0.0008996232191451813,5.479452054794521e-05
2022-12-25 00:00:00+00:00,-0.002252876746819574,0.0338962593487766,0.0338962593487766,5.479452054794521e-05
2022-12-26 00:00:00+00:00,0.010974444555261583,0.016755897960308744,0.016755897960308744,5.479452054794521e-05
2022-12-27 00:00:00+00:00,-0.011881151312121656,-0.02858046376443139,-0.02858046376443139,5.479452054794521e-05
2022-12-28 00:00:00+00:00,-0.03342795219146249,-0.03362458819694418,-0.03362458819694418,5.479452054794521e-05
2022-12-29 00:00:00+00:00,-2.8615732942501975e-05,0.004998518635822105,0.004998518635822105,5.479452054794521e-05
2022-12-30 00:00:00+00:00,-0.001227197893372317,0.014340794947953386,0.014340794947953386,5.479452054794521e-05
2022-12-31 00:00:00+00:00,0.002893132321482407,0.029766532422251198,0.029766532422251198,5.479452054794521e-05
2023-01-01 00:00:00+00:00,0.008323708566843635,0.009592929722716123,0.009592929722716123,5.479452054794521e-05
2023-01-02 00:00:00+00:00,0.023579833062786194,0.04732310159094737,0.04732310159094737,5.479452054794521e-05
2023-01-03 00:00:00+00:00,0.009076239337111434,0.010250859244306453,0.010250859244306453,5.479452054794521e-05
2023-01-04 00:00:00+00:00,0.030090362442027497,-0.0013655699839857944,-0.0013655699839857944,5.479452054794521e-05
2023-01-05 00:00:00+00:00,-0.013887317967918512,-0.015187385688947978,-0.015187385688947978,5.479452054794521e-05
2023-01-06 00:00:00+00:00,0.016314230965186825,0.020781360294940727,0.020781360294940727,5.479452054794521e-05
2023-01-07 00:00:00+00:00,-0.0023355646579185604,0.006049782006207229,0.006049782006207229,5.479452054794521e-05
2023-01-08 00:00:00+00:00,0.030816303645324963,0.027637304070688467,0.027637304070688467,5.479452054794521e-05
2023-01-09 00:00:00+00:00,0.02376260137744057,0.034477640897781874,0.034477640897781874,5.479452054794521e-05
2023-01-10 00:00:00+00:00,0.009663966670485382,-0.00901302511407489,-0.00901302511407489,5.479452054794521e-05
2023-01-11 00:00:00+00:00,0.035153267518954014,0.03642251747549482,0.03642251747549482,5.479452054794521e-05
2023-01-12 00:00:00+00:00,0.02079599265651008,0.02182950467221751,0.02182950467221751,5.479452054794521e-05
2023-01-13 00:00:00+00:00,0.03400545727145429,0.0015053090508477898,0.0015053090508477898,5.479452054794521e-05
2023-01-14 00:00:00+00:00,0.05191151604928656,0.01709416765923107,0.01709416765923107,5.479452054794521e-05
2023-01-15 00:00:00+00:00,-0.0065942336924438025,-0.004952241281104731,-0.004952241281104731,5.479452054794521e-05
2023-01-16 00:00:00+00:00,-0.007360361471604526,-0.015564166250865746,-0.015564166250865746,5.479452054794521e-05
2023-01-17 00:00:00+00:00,-0.003651086387165469,0.011517348370592977,0.011517348370592977,5.479452054794521e-05
2023-01-18 00:00:00+00:00,-0.04973128328448605,-0.048423104321379896,-0.048423104321379896,5.479452054794521e-05
2023-01-19 00:00:00+00:00,0.025602562107968442,0.01795421703143048,0.01795421703143048,5.479452054794521e-05
2023-01-20 00:00:00+00:00,0.06708205326229082,0.06513237998106239,0.06513237998106239,5.479452054794521e-05
2023-01-21 00:00:00+00:00,-0.010033501532432765,-0.024816492197216794,-0.024816492197216794,5.479452054794521e-05
2023-01-22 00:00:00+00:00,0.012349201235146613,-0.0025132312722040535,-0.0025132312722040535,5.479452054794521e-05
2023-01-23 00:00:00+00:00,0.013452956215893935,0.024074556011922356,0.024074556011922356,5.479452054794521e-05
2023-01-24 00:00:00+00:00,-0.044229086912571124,-0.029690921850408614,-0.029690921850408614,5.479452054794521e-05
2023-01-25 00:00:00+00:00,0.03527530642680477,0.023434810985134016,0.023434810985134016,5.479452054794521e-05
2023-01-26 00:00:00+00:00,0.0018497742294527927,-0.018747744838178832,-0.018747744838178832,5.479452054794521e-05
2023-01-27 00:00:00+00:00,0.02102765306220087,0.014256746563504124,0.014256746563504124,5.479452054794521e-05
2023-01-28 00:00:00+00:00,-0.013820560375357187,0.008015186079702273,0.008015186079702273,5.479452054794521e-05
2023-01-29 00:00:00+00:00,0.03289064631939336,0.050930081420671854,0.050930081420671854,5.479452054794521e-05
2023-01-30 00:00:00+00:00,-0.05016703738662203,-0.033936587056526864,-0.033936587056526864,5.479452054794521e-05
2023-01-31 00:00:00+00:00,0.01640569751611909,0.027010507319780646,0.027010507319780646,5.479452054794521e-05
2023-02-01 00:00:00+00:00,0.030091945353027744,0.059326607567852,0.059326607567852,5.479452054794521e-05
2023-02-02 00:00:00+00:00,-2.6092441195387726e-05,-0.015689899860683663,-0.015689899860683663,5.479452054794521e-05
2023-02-03 00:00:00+00:00,0.018039831060035583,0.011360317723202562,0.011360317723202562,5.479452054794521e-05
2023-02-04 00:00:00+00:00,-0.0011398541247167545,-0.012570323203890885,-0.012570323203890885,5.479452054794521e-05
2023-02-05 00:00:00+00:00,-0.020704888821157334,-0.017797101699737212,-0.017797101699737212,5.479452054794521e-05
2023-02-06 00:00:00+00:00,-0.021582077007351586,-0.0067125893597011895,-0.0067125893597011895,5.479452054794521e-05
2023-02-07 00:00:00+00:00,0.04211952523383555,0.04696685735059347,0.04696685735059347,5.479452054794521e-05
2023-02-08 00:00:00+00:00,-0.013219345418491874,-0.01541409646771181,-0.01541409646771181,5.479452054794521e-05
2023-02-09 00:00:00+00:00,-0.06940449561952731,-0.0705137937092852,-0.0705137937092852,5.479452054794521e-05
2023-02-10 00:00:00+00:00,-0.0018721469187457363,0.012945553745920775,0.012945553745920775,5.479452054794521e-05
2023-02-11 00:00:00+00:00,0.010900701679014652,0.009455333951415661,0.009455333951415661,5.479452054794521e-05
2023-02-12 00:00:00+00:00,-0.010823965091830435,-0.01773765375448605,-0.01773765375448605,5.479452054794521e-05
2023-02-13 00:00:00+00:00,-0.013591731079581728,-0.014866969067381662,-0.014866969067381662,5.479452054794521e-05
2023-02-14 00:00:00+00:00,0.02724748691185177,0.024255339380314718,0.024255339380314718,0.023758582915204635
2023-02-15 00:00:00+00:00,0.06397687309011972,0.06487072770112674,0.06487072770112674,0.06487072770112674
2023-02-16 00:00:00+00:00,-0.04861389308192531,-0.04238399458741955,-0.04238399458741955,-0.04238399458741955
2023-02-17 00:00:00+00:00,0.051754081756719174,0.034584105396918884,0.034584105396918884,0.034584105396918884
2023-02-18 00:00:00+00:00,0.011027622544011696,-0.0014343339928746053,-0.0014343339928746053,-0.0014343339928746053
2023-02-19 00:00:00+00:00,0.0030423362551131113,-0.008733592527097695,-0.008733592527097695,-0.008733592527097695
2023-02-20 00:00:00+00:00,0.04037501053957968,0.009891927981398747,0.009891927981398747,0.009891927981398747
2023-02-21 00:00:00+00:00,-0.027458101381031275,-0.036955953863623235,-0.036955953863623235,-0.036955953863623235
2023-02-22 00:00:00+00:00,-0.0003851390099139828,-0.003975729354506811,-0.003975729354506811,-0.003975729354506811
2023-02-23 00:00:00+00:00,-0.013570007334525323,-0.019314613579582186,-0.019314613579582186,-0.019314613579582186
2023-02-24 00:00:00+00:00,-0.044309017164147806,-0.04441729459899381,-0.04441729459899381,-0.04441729459899381
2023-02-25 00:00:00+00:00,-0.009528041489913378,-0.0063812898795156565,-0.0063812898795156565,-0.0063812898795156565
2023-02-26 00:00:00+00:00,0.021992315640079516,0.03498450621570438,0.03498450621570438,0.03498450621570438
2023-02-27 00:00:00+00:00,-0.00851757705781067,0.01345872592231233,0.01345872592231233,0.01345872592231233
2023-02-28 00:00:00+00:00,-0.0213336553779762,-0.0341739815415586,-0.0341739815415586,-0.06666369762413181
2023-03-01 00:00:00+00:00,0.029972211081099327,0.0291283180678908,0.0291283180678908,0.044582219594699615
2023-03-02 00:00:00+00:00,-0.015956107913864783,-0.012735768455173182,-0.012735768455173182,-0.02218830194786497
2023-03-03 00:00:00+00:00,-0.03175533192336811,-0.045604133485440505,-0.045604133485440505,-0.04879329457100543
2023-03-04 00:00:00+00:00,-0.01630587999395855,0.006163612714201975,0.006163612714201975,0.01464027825955738
2023-03-05 00:00:00+00:00,0.002318496663320135,0.00409314132972983,0.00409314132972983,0.007086722490419793
2023-03-06 00:00:00+00:00,-0.003370689635845326,-0.006107244669029754,-0.006107244669029754,-0.013908825654177299
2023-03-07 00:00:00+00:00,-0.008994386894725247,-0.011541794822084932,-0.001752329493905505,-0.0236587431718645
2023-03-08 00:00:00+00:00,-0.04156836512109288,-0.03179330531441201,5.479452054794521e-05,-0.07020541792539857
2023-03-09 00:00:00+00:00,-0.052404589012256426,-0.06197447697499547,5.479452054794521e-05,-0.057614968753554686
2023-03-10 00:00:00+00:00,0.00235276893857903,-0.010409123779885048,5.479452054794521e-05,-0.01022166432586679
2023-03-11 00:00:00+00:00,-0.009410376479844268,0.006579378646886394,5.479452054794521e-05,-0.03859862321003501
2023-03-12 00:00:00+00:00,0.06793914944059103,0.06807846123146206,5.479452054794521e-05,0.0630630220820551
2023-03-13 00:00:00+00:00,0.03801045292464506,0.06888113386724115,5.479452054794521e-05,0.04536618632306563
2023-03-14 00:00:00+00:00,0.02841508879299336,0.020861602067294004,0.01959538382486231,0.02945586648342156
2023-03-15 00:00:00+00:00,-0.05524937133963271,-0.022089005874671344,-0.022089005874671344,-0.07536359541558316
2023-03-16 00:00:00+00:00,0.02328578579423853,0.025960324073362476,0.025960324073362476,0.03115692516296029
2023-03-17 00:00:00+00:00,0.06687816681958914,0.08424519943689517,0.08424519943689517,0.11515024242494634
2023-03-18 00:00:00+00:00,-0.0292620774032767,-0.020022131837782946,-0.020022131837782946,-0.048391186202849275
2023-03-19 00:00:00+00:00,0.026727765855135595,0.041561233858716795,0.041561233858716795,0.09067720998180628
2023-03-20 00:00:00+00:00,-0.03578489950465782,-0.015719611872303335,-0.015719611872303335,-0.06449831857459129
2023-03-21 00:00:00+00:00,0.04952384014711451,0.012124367288638447,0.012124367288638447,0.011171929990387405
2023-03-22 00:00:00+00:00,-0.04721012579603202,-0.028204082983367334,-0.028204082983367334,-0.03178240759499412
2023-03-23 00:00:00+00:00,0.04263929422862134,0.03424875732063222,0.03424875732063222,0.0382072017792909
2023-03-24 00:00:00+00:00,-0.03276576613170447,-0.026154310676486086,-0.026154310676486086,-0.025066662376556366
2023-03-25 00:00:00+00:00,-0.007870729028259789,-0.0004916922547383972,-0.0004916922547383972,-0.0030007797724500187
2023-03-26 00:00:00+00:00,0.015400942622914632,0.016164335535265948,0.016164335535265948,0.01666397961349428
2023-03-27 00:00:00+00:00,-0.02573821686945716,-0.02551938688058839,-0.02551938688058839,-0.02110275381100742
2023-03-28 00:00:00+00:00,0.02282153288104269,0.00479363359330628,0.00479363359330628,0.024492508936368937
2023-03-29 00:00:00+00:00,0.02756674903786384,0.0340088382867653,0.0340088382867653,0.03808794216121955
2023-03-30 00:00:00+00:00,-0.009671894146708238,-0.014118879284132408,-0.014118879284132408,-0.01946132367036998
2023-03-31 00:00:00+00:00,0.021258436809394807,0.012745302403858476,0.012745302403858476,0.010660821543942305
2023-04-01 00:00:00+00:00,0.0022729805004210487,-0.001493654850996497,-0.001493654850996497,-0.01810668573215755
2023-04-02 00:00:00+00:00,-0.016760215377215604,-0.010425491749742744,-0.010425491749742744,-0.00366896228370332
2023-04-03 00:00:00+00:00,0.008279853095350715,-0.011320123163951399,-0.011320123163951399,-0.020216550456721518
2023-04-04 00:00:00+00:00,0.010080325771551457,0.011298829578232139,0.011298829578232139,0.010856020668309752
2023-04-05 00:00:00+00:00,0.004558249552854807,0.0007375864501683787,0.0007375864501683787,0.0018372953347966345
2023-04-06 00:00:00+00:00,-0.01167137627430473,-0.004438077547535873,-0.004438077547535873,-0.0030553046970250445
2023-04-07 00:00:00+00:00,-0.008663092395573878,-0.0022900594366840445,-0.0022900594366840445,0.002559774727968621
2023-04-08 00:00:00+00:00,-0.007315493139419568,-0.00044930226627775305,-0.00044930226627775305,-0.0035490799903783237
2023-04-09 00:00:00+00:00,0.007650012882049025,0.011296094861674847,0.011296094861674847,0.007477726462196571
2023-04-10 00:00:00+00:00,0.020112452176651766,0.038858382286779104,0.038858382286779104,0.03205538866978115
2023-04-11 00:00:00+00:00,0.00697587664739833,0.015732901467386807,0.015732901467386807,0.011050403677054406
2023-04-12 00:00:00+00:00,-0.0041555947804507555,-0.011146457048946205,-0.011146457048946205,-0.012512533885671237
2023-04-13 00:00:00+00:00,0.026783241708975773,0.015219294733329785,0.015219294733329785,0.013931219335069758
2023-04-14 00:00:00+00:00,0.01808698136863616,0.00456543800237425,0.00456543800237425,0.007083472952020254
2023-04-15 00:00:00+00:00,0.0010571521029124115,-0.005482357549418561,-0.005482357549418561,-0.005267004025701878
2023-04-16 00:00:00+00:00,0.01754440426507004,0.0005959028999747795,0.0005959028999747795,0.0010612055202778629
2023-04-17 00:00:00+00:00,-0.01966378540791891,-0.026861147812277882,-0.026861147812277882,-0.02324446115062302
2023-04-18 00:00:00+00:00,0.021103794876134424,0.024693934108516207,0.024693934108516207,0.02336167751636985
2023-04-19 00:00:00+00:00,-0.07672109204885119,-0.05157374676170224,-0.05157374676170224,-0.06231480759754215
2023-04-20 00:00:00+00:00,-0.01951653530148014,-0.01644707982023347,-0.01644707982023347,-0.012477791222436465
2023-04-21 00:00:00+00:00,-0.040691220998315694,-0.034193691382675084,-0.034193691382675084,-0.040047625644878
2023-04-22 00:00:00+00:00,0.023164657033755677,0.021414269473125695,0.021414269473125695,0.02210314155954927
2023-04-23 00:00:00+00:00,-0.011847021082272554,-0.007878993972281674,-0.007878993972281674,-0.00821343669622163
2023-04-24 00:00:00+00:00,-0.006177319847164564,-0.0066397978814804115,-0.0066397978814804115,-0.006985028931774169
2023-04-25 00:00:00+00:00,0.017898452825867547,0.018225112171191625,0.018225112171191625,0.02033969584794017
2023-04-26 00:00:00+00:00,-0.01658452412889889,0.00028805731540533025,0.00028805731540533025,0.0007448461911129006
2023-04-27 00:00:00+00:00,0.020020872387072577,0.023710141073807,0.023710141073807,0.025747354389141112
2023-04-28 00:00:00+00:00,0.0006453357887332827,-0.003887839276463637,-0.003887839276463637,-0.00040879008056793386
2023-04-29 00:00:00+00:00,0.00659989785993323,-0.0008701904060184833,-0.0008701904060184833,-0.0022463191811118244
2023-04-30 00:00:00+00:00,-0.016459391945709147,-0.003282929928965593,-0.003282929928965593,-0.0018106652658915839
2023-05-01 00:00:00+00:00,-0.019273653201395978,-0.028381791833889832,-0.028381791833889832,-0.02865776948549656
2023-05-02 00:00:00+00:00,0.007508416548444089,0.014581870142387687,0.014581870142387687,0.014125826242582856
2023-05-03 00:00:00+00:00,0.008445905225516538,0.008557251238824424,0.008557251238824424,0.0080041423353898
2023-05-04 00:00:00+00:00,-0.012887882642039892,-0.004780126497952213,-0.004780126497952213,-0.004898159760133922
2023-05-05 00:00:00+00:00,0.023939879237198328,0.016683180756429303,0.016683180756429303,0.01680407716956154
2023-05-06 00:00:00+00:00,-0.033782084840771026,-0.016665024845804337,-0.016665024845804337,-0.01714483812620572
2023-05-07 00:00:00+00:00,-0.007589130908263763,-0.011143354850959554,-0.011143354850959554,-0.011931377010933603
2023-05-08 00:00:00+00:00,-0.04161106118233603,-0.021155908660577406,-0.021155908660577406,-0.023197939210902685
2023-05-09 00:00:00+00:00,0.006015640285570231,-0.0015459108055181016,-0.0015459108055181016,-0.0016075460890527366
2023-05-10 00:00:00+00:00,0.008996911039013093,-0.0009043634812037687,-0.0009043634812037687,-0.0009043634812037687
2023-05-11 00:00:00+00:00,-0.022940231190671494,-0.01970409546673321,-0.01970409546673321,-0.01970409546673321
2023-05-12 00:00:00+00:00,0.01090944439182142,-0.005503913089228799,-0.005503913089228799,-0.005503913089228799
2023-05-13 00:00:00+00:00,-0.00849171605222722,-0.0006206370134815493,-0.0006206370134815493,-0.0006206370134815493
2023-05-14 00:00:00+00:00,0.006846871169063889,0.004533128484195967,0.004533128484195967,0.004533128484195967
2023-05-15 00:00:00+00:00,0.0050651700330528356,0.007725937012094742,0.007725937012094742,0.007725937012094742
2023-05-16 00:00:00+00:00,0.00481028579576294,-0.003989210178046447,-0.003989210178046447,-0.003989210178046447
2023-05-17 00:00:00+00:00,0.015867323756163433,0.01145207452701016,0.01145207452701016,0.01145207452701016
2023-05-18 00:00:00+00:00,-0.015681753665051954,-0.018047878874340697,-0.018047878874340697,-0.018047878874340697
2023-05-19 00:00:00+00:00,0.0015835338130718876,0.001849225839641745,0.001849225839641745,0.001849225839641745
2023-05-20 00:00:00+00:00,0.002331678847346135,0.006905136863610816,0.006905136863610816,0.006905136863610816
2023-05-21 00:00:00+00:00,-0.015357361154417609,-0.011026778224491503,-0.011026778224491503,-0.011026778224491503
2023-05-22 00:00:00+00:00,0.009980419894399142,0.0031818317153283807,0.0031818317153283807,0.0031818317153283807
2023-05-23 00:00:00+00:00,0.008996310309165362,0.003852831094023095,0.003852831094023095,0.003852831094023095
2023-05-24 00:00:00+00:00,-0.024714502882104382,-0.017096882627595924,-0.017096882627595924,-0.017096882627595924
2023-05-25 00:00:00+00:00,-0.003125574749797555,0.0007010164965721652,0.0007010164965721652,0.0007010164965721652
2023-05-26 00:00:00+00:00,0.008402510801794034,0.0034207428921628072,0.0034207428921628072,0.0034207428921628072
2023-05-27 00:00:00+00:00,0.015926726324794558,0.009696879822728828,0.009696879822728828,0.009696879822728828
2023-05-28 00:00:00+00:00,0.024377742486817747,0.01167641091709155,0.01167641091709155,0.01167641091709155
2023-05-29 00:00:00+00:00,-0.00691056106409062,5.4810315406285046e-06,5.4810315406285046e-06,5.4810315406285046e-06
2023-05-30 00:00:00+00:00,0.0051120396941625405,0.01817051243938274,0.01817051243938274,0.01817051243938274
2023-05-31 00:00:00+00:00,-0.01564520216899852,-0.011347634449327841,-0.011347634449327841,-0.011347634449327841
2023-06-01 00:00:00+00:00,-0.010031526458095527,-0.014625282399685269,-0.014625282399685269,-0.014625282399685269
2023-06-02 00:00:00+00:00,0.023784236080453505,0.021043439517388157,0.021043439517388157,0.021043439517388157
2023-06-03 00:00:00+00:00,0.0006644670609258405,-0.007225556517061546,-0.007225556517061546,-0.007225556517061546
2023-06-04 00:00:00+00:00,0.0013877191569085878,0.01345131082069264,0.01345131082069264,0.01345131082069264
2023-06-05 00:00:00+00:00,-0.06356741263412326,-0.045142880171833405,-0.045142880171833405,-0.045142880171833405
2023-06-06 00:00:00+00:00,0.030755905471090257,0.024310659502107732,0.024310659502107732,0.024310659502107732
2023-06-07 00:00:00+00:00,-0.044526398343503845,-0.018029760553967968,-0.018029760553967968,-0.018029760553967968
2023-06-08 00:00:00+00:00,0.006306696248372379,0.006730374742299224,0.006730374742299224,0.006730374742299224
2023-06-09 00:00:00+00:00,-0.01262635380626653,-0.004093734314564924,-0.004093734314564924,-0.004093734314564924
2023-06-10 00:00:00+00:00,-0.10125952720148784,-0.03435193132965974,-0.03435193132965974,-0.03435193132965974
2023-06-11 00:00:00+00:00,0.0008274094510515162,0.013179173206063353,0.013179173206063353,0.013179173206063353
2023-06-12 00:00:00+00:00,0.0026636959270014593,0.005685495054630044,0.005685495054630044,0.005685495054630044
2023-06-13 00:00:00+00:00,0.006826599533396373,-0.009780055947508817,-0.009780055947508817,-0.009780055947508817
2023-06-14 00:00:00+00:00,-0.02968049619129643,-0.06225520904133526,-0.06225520904133526,-0.06225520904133526
2023-06-15 00:00:00+00:00,0.006702894793779848,1.1217409821742874e-05,1.1217409821742874e-05,1.1217409821742874e-05
2023-06-16 00:00:00+00:00,0.010282877972722137,-0.006976663400223214,-0.006976663400223214,-0.006976663400223214
2023-06-17 00:00:00+00:00,0.008320257200976533,0.005838706998829285,0.005838706998829285,0.005838706998829285
2023-06-18 00:00:00+00:00,-0.009335138856572046,0.012193382339168826,0.012193382339168826,0.012193382339168826
2023-06-19 00:00:00+00:00,0.007044080564601326,0.01104346172603636,0.01104346172603636,0.01104346172603636
2023-06-20 00:00:00+00:00,0.02525969528327134,0.0015215940211784679,0.0015215940211784679,0.0015215940211784679
2023-06-21 00:00:00+00:00,0.05197430015464235,0.012096424750340461,0.012096424750340461,0.012096424750340461
2023-06-22 00:00:00+00:00,-0.009378430467840879,-0.003154969375478898,-0.003154969375478898,-0.003154969375478898
2023-06-23 00:00:00+00:00,0.05437716908509296,0.005478173425065636,0.005478173425065636,0.005478173425065636
2023-06-24 00:00:00+00:00,-0.0010506429997862877,-0.009164524843331145,-0.009164524843331145,-0.009164524843331145
2023-06-25 00:00:00+00:00,0.006294402068205739,0.0064002353073721,0.0064002353073721,0.0064002353073721
2023-06-26 00:00:00+00:00,-0.009925633927137077,-0.0019415648328728469,-0.0019415648328728469,-0.0019415648328728469
2023-06-27 00:00:00+00:00,0.01767554275771558,0.014777711316713236,0.014777711316713236,0.014777711316713236
2023-06-28 00:00:00+00:00,-0.046188983638359694,-0.013345066772464931,-0.013345066772464931,-0.013345066772464931
2023-06-29 00:00:00+00:00,0.02561736524820841,0.06052616506443128,0.06052616506443128,0.06052616506443128
2023-06-30 00:00:00+00:00,0.06559389900946783,0.09707740253392644,0.09707740253392644,0.09707740253392644
2023-07-01 00:00:00+00:00,0.011451429122042507,-0.014768741913457837,-0.014768741913457837,-0.014768741913457837
2023-07-02 00:00:00+00:00,0.004863270968289022,0.005920631148356181,0.005920631148356181,0.005920631148356181
2023-07-03 00:00:00+00:00,-8.703659476196467e-05,-0.004162502176803952,-0.004162502176803952,-0.004162502176803952
2023-07-04 00:00:00+00:00,-0.017499025976699386,-0.036523213472257905,-0.036523213472257905,-0.036523213472257905
2023-07-05 00:00:00+00:00,-0.018175788000615437,-0.0005137219424137594,-0.0005137219424137594,-0.0005137219424137594
2023-07-06 00:00:00+00:00,-0.024277064171552322,0.005688512012885843,0.005688512012885843,0.005688512012885843
2023-07-07 00:00:00+00:00,0.02195590923872936,0.01500140749286539,0.01500140749286539,0.01500140749286539
2023-07-08 00:00:00+00:00,0.004024290431717183,-0.0049217354893829335,-0.0049217354893829335,-0.0049217354893829335
2023-07-09 00:00:00+00:00,-0.009000767704699946,-0.025432832538729425,-0.025432832538729425,-0.025432832538729425
2023-07-10 00:00:00+00:00,0.007741248040006387,0.01712245844234129,0.01712245844234129,0.01712245844234129
2023-07-11 00:00:00+00:00,0.0047571037259355265,-0.0023661573476910966,-0.0023661573476910966,-0.0023661573476910966
2023-07-12 00:00:00+00:00,-0.006144309560943036,0.016647330490415346,0.016647330490415346,0.016647330490415346
2023-07-13 00:00:00+00:00,0.12041808841530188,0.006923023276414411,0.006923023276414411,0.006923023276414411
2023-07-14 00:00:00+00:00,-0.03641210906845375,-0.02707714153564486,-0.02707714153564486,-0.02707714153564486
2023-07-15 00:00:00+00:00,-2.5985795196054772e-05,-0.014390142655800514,-0.014390142655800514,-0.014390142655800514
2023-07-16 00:00:00+00:00,-0.016298652731649786,-0.011829860836017822,-0.011829860836017822,-0.011829860836017822
2023-07-17 00:00:00+00:00,0.0035885855736548012,-0.014368342928102068,-0.014368342928102068,-0.014368342928102068
2023-07-18 00:00:00+00:00,-0.011979363218527826,0.00990359360176323,0.00990359360176323,0.00990359360176323
2023-07-19 00:00:00+00:00,0.016149108287151822,0.011323627481297508,0.011323627481297508,0.011323627481297508
2023-07-20 00:00:00+00:00,0.013918291219235367,-0.0028223494956329974,-0.0028223494956329974,-0.0028223494956329974
2023-07-21 00:00:00+00:00,0.002454018150183174,-0.002292422905622762,-0.002292422905622762,-0.002292422905622762
2023-07-22 00:00:00+00:00,-0.017770289394044656,-0.002928382429599437,-0.002928382429599437,-0.002928382429599437
2023-07-23 00:00:00+00:00,0.010891720106005838,0.016142473935016798,0.016142473935016798,0.016142473935016798
2023-07-24 00:00:00+00:00,-0.035947778314650965,-0.03597208385425948,-0.03597208385425948,-0.03597208385425948
2023-07-25 00:00:00+00:00,0.0033172860559947453,0.0006432040495231699,0.0006432040495231699,0.0006432040495231699
2023-07-26 00:00:00+00:00,0.01306942107730312,0.016173693419789983,0.016173693419789983,0.016173693419789983
2023-07-27 00:00:00+00:00,0.0021702569628873447,0.0068761543161261875,0.0068761543161261875,0.0068761543161261875
2023-07-28 00:00:00+00:00,0.0034925816342346737,0.003604180635369431,0.003604180635369431,0.003604180635369431
2023-07-29 00:00:00+00:00,0.008833783464470219,-0.007548725221393253,-0.007548725221393253,-0.007548725221393253
2023-07-30 00:00:00+00:00,-0.006375339907399359,0.002182417329905863,0.002182417329905863,0.002182417329905863
2023-07-31 00:00:00+00:00,-0.013281186727556292,-0.02175825506500924,-0.02175825506500924,-0.02175825506500924
2023-08-01 00:00:00+00:00,0.012088295757707214,0.0009450904446193123,0.0009450904446193123,0.0009450904446193123
2023-08-02 00:00:00+00:00,-0.03568903772781729,-0.058361279153021514,-0.058361279153021514,-0.058361279153021514
2023-08-03 00:00:00+00:00,-0.01566793262933775,-0.017743786051556684,-0.017743786051556684,-0.017743786051556684
2023-08-04 00:00:00+00:00,-0.004073737529863311,-0.0029519458205827845,-0.0029519458205827845,-0.0029519458205827845
2023-08-05 00:00:00+00:00,0.004422484052413089,-0.00023681008123939808,-0.00023681008123939808,-0.00023681008123939808
2023-08-06 00:00:00+00:00,-0.003233116805212022,-0.011998188845312308,-0.011998188845312308,-0.011998188845312308
2023-08-07 00:00:00+00:00,0.001312745869070183,0.03594971310793111,0.03594971310793111,0.03594971310793111
2023-08-08 00:00:00+00:00,0.014914806782587192,0.005749379792020937,0.005749379792020937,0.005749379792020937
2023-08-09 00:00:00+00:00,0.001964351331384835,0.00034976409389221564,0.00034976409389221564,0.00034976409389221564
2023-08-10 00:00:00+00:00,-0.007441532788145878,-0.020454452803405496,-0.020454452803405496,-0.020454452803405496
2023-08-11 00:00:00+00:00,-0.0027245234531014548,-0.005809697804947174,-0.005809697804947174,-0.005809697804947174
2023-08-12 00:00:00+00:00,0.0016571837479203639,-0.003501987415401954,-0.003501987415401954,-0.003501987415401954
2023-08-13 00:00:00+00:00,-0.008775443767230464,-0.0026006346150181554,-0.0026006346150181554,-0.0026006346150181554
2023-08-14 00:00:00+00:00,0.006552021619330331,0.005191630196476894,0.005191630196476894,0.005191630196476894
2023-08-15 00:00:00+00:00,-0.03524589905857929,-0.01981488857467455,-0.01981488857467455,-0.01981488857467455
2023-08-16 00:00:00+00:00,-0.0400571584849183,-0.07122234226206144,-0.07122234226206144,-0.07122234226206144
2023-08-17 00:00:00+00:00,-0.081483718680415,-0.11253069596847141,-0.11253069596847141,-0.11253069596847141
2023-08-18 00:00:00+00:00,0.008444749506399528,0.011891914781242274,0.011891914781242274,0.011891914781242274
2023-08-19 00:00:00+00:00,0.011655717550582914,0.01017074137740764,0.01017074137740764,0.01017074137740764
2023-08-20 00:00:00+00:00,0.008787429422652695,0.016703873843212348,0.016703873843212348,0.016703873843212348
2023-08-21 00:00:00+00:00,-0.01683547513495798,-0.021110246335429073,-0.021110246335429073,-0.021110246335429073
2023-08-22 00:00:00+00:00,-0.011826318119441945,-0.013939754507602643,-0.0018841471239302078,-0.013939754507602643
2023-08-23 00:00:00+00:00,0.026292122818743307,0.04625794594609461,5.479452054794521e-05,0.04625794594609461
2023-08-24 00:00:00+00:00,-0.015307414596232508,-0.007928986699525808,5.479452054794521e-05,-0.007928986699525808
2023-08-25 00:00:00+00:00,-0.0025623254045181888,-0.00662632923933688,5.479452054794521e-05,-0.00662632923933688
2023-08-26 00:00:00+00:00,-0.004618184577684416,-0.01424310948349703,5.479452054794521e-05,-0.01424310948349703
2023-08-27 00:00:00+00:00,0.009357423842251,0.02448222316160529,5.479452054794521e-05,0.02448222316160529
2023-08-28 00:00:00+00:00,-0.00040253935339847936,-0.024950479799517408,5.479452054794521e-05,-0.024950479799517408
2023-08-29 00:00:00+00:00,0.04176112021418601,0.1242840105610504,5.479452054794521e-05,0.1242840105610504
2023-08-30 00:00:00+00:00,-0.02453904759389599,-0.03686903087299065,5.479452054794521e-05,-0.03686903087299065
2023-08-31 00:00:00+00:00,-0.03796631997930607,-0.03770302916921885,5.479452054794521e-05,-0.03770302916921885
2023-09-01 00:00:00+00:00,-0.012394193082618686,-0.02884529353030867,5.479452054794521e-05,-0.02884529353030867
2023-09-02 00:00:00+00:00,0.0053467296682056355,-0.017666360809826788,5.479452054794521e-05,-0.017666360809826788
2023-09-03 00:00:00+00:00,0.0028133523770383635,0.013777820734381123,5.479452054794521e-05,0.013777820734381123
2023-09-04 00:00:00+00:00,0.0027372383056557775,0.0024053964474330574,5.479452054794521e-05,0.0024053964474330574
2023-09-05 00:00:00+00:00,0.0056233003127765975,-0.01058994779090046,5.479452054794521e-05,-0.01058994779090046
2023-09-06 00:00:00+00:00,0.0011344649972580302,0.006707814703552634,5.479452054794521e-05,0.006707814703552634
2023-09-07 00:00:00+00:00,0.007569281380172659,0.005200144131605522,5.479452054794521e-05,0.005200144131605522
2023-09-08 00:00:00+00:00,-0.008614895419401187,0.0015929582535067481,5.479452054794521e-05,0.0015929582535067481
2023-09-09 00:00:00+00:00,-0.0016579856712586457,0.00956370706022473,5.479452054794521e-05,0.00956370706022473
2023-09-10 00:00:00+00:00,-0.02064411792533518,-0.004686309860865907,5.479452054794521e-05,-0.004686309860865907
2023-09-11 00:00:00+00:00,-0.030914303435385766,-0.032172176515755956,5.479452054794521e-05,-0.032172176515755956
2023-09-12 00:00:00+00:00,0.01284318995779261,0.022978942531914737,5.479452054794521e-05,0.022978942531914737
2023-09-13 00:00:00+00:00,0.012453885944937624,0.002556612398768243,5.479452054794521e-05,0.002556612398768243
2023-09-14 00:00:00+00:00,0.014605569381506575,0.022765192550103546,5.479452054794521e-05,0.022765192550103546
2023-09-15 00:00:00+00:00,0.015709118456802635,0.023949406413187962,5.479452054794521e-05,0.023949406413187962
2023-09-16 00:00:00+00:00,-0.001306341374173869,-0.009482863060106185,5.479452054794521e-05,-0.009482863060106185
2023-09-17 00:00:00+00:00,-0.01708287723419736,-0.021610018542332746,5.479452054794521e-05,-0.021610018542332746
2023-09-18 00:00:00+00:00,0.021109815383819484,0.024991500133943786,5.479452054794521e-05,0.024991500133943786
2023-09-19 00:00:00+00:00,0.014355486885874824,0.005750878509854578,0.004562113493471134,-0.0018372993131873982
2023-09-20 00:00:00+00:00,-0.008713817075927117,-0.008344392984567786,-0.008344392984567786,5.479452054794521e-05
2023-09-21 00:00:00+00:00,-0.022423225230325562,-0.02416333479275913,-0.02416333479275913,5.479452054794521e-05
2023-09-22 00:00:00+00:00,0.00546427342977673,0.0010974587528854223,0.0010974587528854223,5.479452054794521e-05
2023-09-23 00:00:00+00:00,0.0018987295835702497,0.0019233559403715112,0.0019233559403715112,5.479452054794521e-05
2023-09-24 00:00:00+00:00,-0.013913086300240367,-0.009041820807863804,-0.009041820807863804,5.479452054794521e-05
2023-09-25 00:00:00+00:00,0.01177582458476693,0.01801786535321552,0.01801786535321552,5.479452054794521e-05
2023-09-26 00:00:00+00:00,-0.004231308648709036,-0.008794602284675287,-0.008794602284675287,5.479452054794521e-05
2023-09-27 00:00:00+00:00,0.00507890114706714,0.016056666745441407,0.016056666745441407,5.479452054794521e-05
2023-09-28 00:00:00+00:00,0.023265315079818383,0.02030237025985691,0.02030237025985691,5.479452054794521e-05
2023-09-29 00:00:00+00:00,0.004683175726418068,0.02164784604422294,0.02164784604422294,5.479452054794521e-05
2023-09-30 00:00:00+00:00,0.00792955099813503,0.013712888053229465,0.013712888053229465,5.479452054794521e-05
2023-10-01 00:00:00+00:00,0.032225511420414174,0.023169913304707884,0.023169913304707884,5.479452054794521e-05
2023-10-02 00:00:00+00:00,-0.0300458342476805,-0.03937324171783362,-0.03937324171783362,5.479452054794521e-05
2023-10-03 00:00:00+00:00,-0.00313110613912926,0.020741895591012482,0.020741895591012482,5.479452054794521e-05
2023-10-04 00:00:00+00:00,-0.0008244963156090456,-0.013091669914823287,-0.013091669914823287,5.479452054794521e-05
2023-10-05 00:00:00+00:00,-0.011070350469257825,-0.01336114574246607,-0.01336114574246607,5.479452054794521e-05
2023-10-06 00:00:00+00:00,0.01420598177701529,0.0070224190361641734,0.0070224190361641734,5.479452054794521e-05
2023-10-07 00:00:00+00:00,-0.004447445754888783,0.0018487518188295277,0.0018487518188295277,5.479452054794521e-05
2023-10-08 00:00:00+00:00,-0.004687267344322016,0.000692949500990562,0.000692949500990562,5.479452054794521e-05
2023-10-09 00:00:00+00:00,-0.03394153412763938,-0.03389497145317616,-0.03389497145317616,5.479452054794521e-05
2023-10-10 00:00:00+00:00,-0.0026913318717998493,-0.0008716134532200574,-0.0008716134532200574,5.479452054794521e-05
2023-10-11 00:00:00+00:00,-0.008754425291706626,0.0049914995765568265,0.0049914995765568265,5.479452054794521e-05
2023-10-12 00:00:00+00:00,-0.012716259404330169,-0.01790642675299925,-0.01790642675299925,5.479452054794521e-05
2023-10-13 00:00:00+00:00,0.007482478207372602,0.007665537731856338,0.007665537731856338,5.479452054794521e-05
2023-10-14 00:00:00+00:00,0.004411669559323111,0.0002208587994988442,0.0002208587994988442,5.479452054794521e-05
2023-10-15 00:00:00+00:00,0.004283486547018993,0.0160010732278931,0.0160010732278931,5.479452054794521e-05
2023-10-16 00:00:00+00:00,0.023310837384886634,0.01972195551720604,0.01972195551720604,5.479452054794521e-05
2023-10-17 00:00:00+00:00,-0.020471453443994585,-0.004043983997826402,-0.004043983997826402,5.479452054794521e-05
2023-10-18 00:00:00+00:00,-0.009202226746791413,0.00556233026632111,0.00556233026632111,5.479452054794521e-05
2023-10-19 00:00:00+00:00,0.01057765995908992,0.007279602758380093,0.007279602758380093,5.479452054794521e-05
2023-10-20 00:00:00+00:00,0.023051673816034297,0.0074016971152720094,0.0074016971152720094,5.479452054794521e-05
2023-10-21 00:00:00+00:00,0.03335415118775633,0.011208354697388095,0.011208354697388095,5.479452054794521e-05
2023-10-22 00:00:00+00:00,0.015804767197783,-0.008180049278427045,-0.008180049278427045,5.479452054794521e-05
2023-10-23 00:00:00+00:00,0.05522836555736637,0.01718522053721006,0.01718522053721006,5.479452054794521e-05
2023-10-24 00:00:00+00:00,-0.009363218370652607,-0.01737334421895414,-0.01737334421895414,5.479452054794521e-05
2023-10-25 00:00:00+00:00,0.010825171340719838,0.03861400738539045,0.03861400738539045,5.479452054794521e-05
2023-10-26 00:00:00+00:00,0.006505856033848364,-0.004092256259597069,-0.004092256259597069,5.479452054794521e-05
2023-10-27 00:00:00+00:00,-0.011340704844355478,0.003499890414966492,0.003499890414966492,5.479452054794521e-05
2023-10-28 00:00:00+00:00,0.014342791504621977,-0.005388579184418532,-0.005388579184418532,5.479452054794521e-05
2023-10-29 00:00:00+00:00,0.013640110754265496,0.01378287123159097,0.01378287123159097,5.479452054794521e-05
2023-10-30 00:00:00+00:00,0.017309444160460576,0.018500905103044658,0.018500905103044658,5.479452054794521e-05
2023-10-31 00:00:00+00:00,0.008449431814226225,0.021380204801209446,0.021380204801209446,5.479452054794521e-05
2023-11-01 00:00:00+00:00,0.03310138730059853,0.03044399679503734,0.03044399679503734,5.479452054794521e-05
2023-11-02 00:00:00+00:00,-0.014890596384821089,-0.017297458110558456,-0.017297458110558456,5.479452054794521e-05
2023-11-03 00:00:00+00:00,0.004120921794592392,-0.008365578304029127,-0.008365578304029127,5.479452054794521e-05
2023-11-04 00:00:00+00:00,0.02016312717525067,0.010763807113027567,0.010763807113027567,5.479452054794521e-05
2023-11-05 00:00:00+00:00,0.026047170215807224,0.00982495421156181,0.00982495421156181,5.479452054794521e-05
2023-11-06 00:00:00+00:00,0.035375254320647614,0.009467581769771322,0.009467581769771322,5.479452054794521e-05
2023-11-07 00:00:00+00:00,-0.01687340699568761,-0.006467195650615485,-0.006467195650615485,-0.026604024494368435
2023-11-08 00:00:00+00:00,0.021186787562251477,0.039589971947074615,0.039589971947074615,0.028581920270384337
2023-11-09 00:00:00+00:00,0.009944125436972342,0.0026100666432289353,0.0026100666432289353,-0.010535125925194212
2023-11-10 00:00:00+00:00,0.03736006490732195,0.0817339956155855,0.0817339956155855,0.06310217499855414
2023-11-11 00:00:00+00:00,0.013041943734537058,0.015573343391911286,0.015573343391911286,-0.02124674744727456
2023-11-12 00:00:00+00:00,0.005695627086603217,-0.004855564582778598,-0.004855564582778598,-0.009799655766642386
2023-11-13 00:00:00+00:00,-0.04200589864963666,-0.04527803942894977,-0.04527803942894977,-0.04156937063847426
2023-11-14 00:00:00+00:00,-0.015265602544040502,-0.021546167399854637,-0.021546167399854637,-0.0439401115115278
2023-11-15 00:00:00+00:00,0.05642606652075672,0.04438007509067969,0.04438007509067969,0.01726946913180247
2023-11-16 00:00:00+00:00,-0.03298812403498282,-0.0428241693776126,-0.0428241693776126,-0.016189423773219597
2023-11-17 00:00:00+00:00,0.002110414557527297,0.007018798094613025,0.007018798094613025,0.01285784270492499
2023-11-18 00:00:00+00:00,-0.00550804685790835,-0.0038675667173917036,-0.0038675667173917036,-0.007551138222617281
2023-11-19 00:00:00+00:00,0.021769147813962664,0.02620290736140715,0.02620290736140715,0.0055654349541984505
2023-11-20 00:00:00+00:00,-0.02136241467737948,-0.030792659789773892,-0.030792659789773892,-0.023743233383144793
2023-11-21 00:00:00+00:00,-0.06934062470527178,-0.06155502240323303,-0.06155502240323303,-0.07852400468785818
2023-11-22 00:00:00+00:00,0.06301451449549576,0.05931982253208659,0.05931982253208659,0.07244371995758817
2023-11-23 00:00:00+00:00,0.00391360804994034,0.002507847396071877,0.002507847396071877,-0.0018986192841253255
2023-11-24 00:00:00+00:00,0.00818560802520221,0.011428714290807624,0.011428714290807624,0.00807803762014117
2023-11-25 00:00:00+00:00,0.017879134183602322,0.022594850313615272,0.022594850313615272,0.02126340114881596
2023-11-26 00:00:00+00:00,-0.00790636549398713,-0.008948787405828593,-0.008948787405828593,-0.01430111732421038
2023-11-27 00:00:00+00:00,-0.024293951743049248,-0.0344571504937041,-0.0344571504937041,-0.03125492838496964
2023-11-28 00:00:00+00:00,0.012546624511138072,0.025605561323552403,0.025605561323552403,0.004719919593425928
2023-11-29 00:00:00+00:00,-0.0019215397332827738,0.005448879045067577,0.005448879045067577,0.005950438832240532
2023-11-30 00:00:00+00:00,0.004785734897791969,-0.002977789232865756,-0.002977789232865756,0.005434002107656306
2023-12-01 00:00:00+00:00,0.013975850603834673,0.019029482815985613,0.019029482815985613,0.016663474427301192
2023-12-02 00:00:00+00:00,0.02398616654393837,0.04316198420947852,0.04316198420947852,0.019718274796153543
2023-12-03 00:00:00+00:00,-0.0010288152474481878,-0.00836022550109509,-0.00836022550109509,-0.014156376316078087
2023-12-04 00:00:00+00:00,0.020226903419362778,0.0037892326092415695,0.0037892326092415695,0.02234378807361616
2023-12-05 00:00:00+00:00,0.01723230877608121,0.024654405925461743,0.024654405925461743,0.04677366280515083
2023-12-06 00:00:00+00:00,-0.0006309269681222124,-0.006498743675798218,-0.006498743675798218,0.020939938406199215
2023-12-07 00:00:00+00:00,0.02488466427953688,0.013720426083058693,0.013720426083058693,0.021095843266238267
2023-12-08 00:00:00+00:00,0.05319981784623954,0.048632553909342936,0.048632553909342936,0.08207510867860367
2023-12-09 00:00:00+00:00,0.0056837891528112635,-0.01934553677632576,-0.01934553677632576,0.017579567902537296
2023-12-10 00:00:00+00:00,0.014144680938047023,0.013969422151538475,0.013969422151538475,0.06455363186548585
2023-12-11 00:00:00+00:00,-0.06356967732118045,-0.06399944591727455,-0.06399944591727455,-0.0270490098896606
2023-12-12 00:00:00+00:00,0.01883124572331149,-0.001244960611205733,-0.001244960611205733,-0.0006771984749718904
2023-12-13 00:00:00+00:00,0.02365124822417012,0.049841031341632855,0.049841031341632855,0.056051634854561765
2023-12-14 00:00:00+00:00,0.012666183526902125,0.012599544715830713,0.012599544715830713,0.0031884129623890372
2023-12-15 00:00:00+00:00,-0.041005077902385355,-0.026789822534399363,-0.026789822534399363,-0.02012478817641392
2023-12-16 00:00:00+00:00,0.02348462623994937,0.0254887076578735,0.0254887076578735,0.03489227312974834
2023-12-17 00:00:00+00:00,-0.027222891740485,-0.033058588180189176,-0.033058588180189176,-0.03313070480488398
2023-12-18 00:00:00+00:00,0.0039390050084962365,0.029173392495848605,0.029173392495848605,0.017035898844250896
2023-12-19 00:00:00+00:00,-0.016242327814545127,-0.02677291143977352,-0.02677291143977352,-0.032974050921437785
2023-12-20 00:00:00+00:00,0.0295511898953839,0.06767461381372442,0.06767461381372442,0.05910948069954081
2023-12-21 00:00:00+00:00,0.04963178289449133,0.059412799026190205,0.059412799026190205,0.051719305142980176
2023-12-22 00:00:00+00:00,0.009741982062384988,-0.0006332293043240203,-0.0006332293043240203,-0.002885706568428245
2023-12-23 00:00:00+00:00,0.005031399303326945,0.03735405370723755,0.03735405370723755,0.02948482223008716
2023-12-24 00:00:00+00:00,-0.00821091750155988,-0.00443866863392314,-0.00443866863392314,-0.014854465240599196
2023-12-25 00:00:00+00:00,0.03386687845109503,0.028353449147700396,0.028353449147700396,0.017873488628639345
2023-12-26 00:00:00+00:00,-0.018517182218194247,-0.060972743704036346,-0.060972743704036346,-0.0648642237093942
2023-12-27 00:00:00+00:00,0.03425773694250076,-0.0284569270573929,-0.0284569270573929,-0.026309399417876647
2023-12-28 00:00:00+00:00,-0.018799108852671206,-0.045299951662365126,-0.045299951662365126,-0.04871969903915785
2023-12-29 00:00:00+00:00,-0.013403998315357317,0.01568779263903524,0.01568779263903524,0.012656052196650672
2023-12-30 00:00:00+00:00,-0.004831469090979169,-0.023020721167209993,-0.023020721167209993,-0.022968456205098967
2023-12-31 00:00:00+00:00,-0.008879435349721888,-0.008281347329796488,-0.008281347329796488,-0.012041713688749565
2024-01-01 00:00:00+00:00,0.037776513608168895,0.06815245797460567,0.06815245797460567,0.07038965561536564
2024-01-02 00:00:00+00:00,-0.019266112823177785,-0.01676463297633388,-0.01676463297633388,-0.02471258459993125
2024-01-03 00:00:00+00:00,-0.07686740234130686,-0.05886236675654863,-0.05886236675654863,-0.0661768845767189
2024-01-04 00:00:00+00:00,0.022369994237380533,0.039838088697567824,0.039838088697567824,0.03831970168996201
2024-01-05 00:00:00+00:00,-0.023410373293040264,-0.03617023494536635,-0.03617023494536635,-0.03811067118467763
2024-01-06 00:00:00+00:00,-0.022804711364590974,-0.038666234481968924,-0.038666234481968924,-0.04072169217661814
2024-01-07 00:00:00+00:00,-0.031217475342515275,-0.026939275070514968,-0.026939275070514968,-0.030659634013547543
2024-01-08 00:00:00+00:00,0.05382932204865341,0.05971977708352273,0.05971977708352273,0.05457758305916762
2024-01-09 00:00:00+00:00,-0.02188226724852015,-0.013991958672466534,-0.013991958672466534,-0.014877182289573196
2024-01-10 00:00:00+00:00,0.06558880046927038,0.034785113888108087,0.034785113888108087,0.053704488631241255
2024-01-11 00:00:00+00:00,0.02932032348743688,-0.0005043027435621295,-0.0005043027435621295,0.00568474777002057
2024-01-12 00:00:00+00:00,-0.04545422253702675,-0.06931366225613193,-0.06931366225613193,-0.06435141323397182
2024-01-13 00:00:00+00:00,0.011535232650176511,0.01519548225955966,0.01519548225955966,0.01941322152671206
2024-01-14 00:00:00+00:00,-0.02300231887881302,-0.021974791751168142,-0.021974791751168142,-0.02273178691148831
2024-01-15 00:00:00+00:00,0.01616744957943972,0.021102340018359485,0.021102340018359485,0.022752003135525153
2024-01-16 00:00:00+00:00,0.0063252251383404436,0.009608322766040728,0.009608322766040728,0.006744980143021426
2024-01-17 00:00:00+00:00,-0.007730584308949407,0.0024979939437067937,0.0024979939437067937,0.0023719680907551928
2024-01-18 00:00:00+00:00,-0.04005772809849652,-0.03636732652527742,-0.03636732652527742,-0.036647719449537604
2024-01-19 00:00:00+00:00,0.006925037072501934,-0.00559050643197382,-0.00559050643197382,-0.006024293082926359
2024-01-20 00:00:00+00:00,0.009487854301341105,0.0002736975248769133,0.0002736975248769133,0.001098928599501392
2024-01-21 00:00:00+00:00,-0.010900462002172815,-0.0067152510147191775,-0.0067152510147191775,-0.006203209508413641
2024-01-22 00:00:00+00:00,-0.05018774720885736,-0.06585268525963515,-0.06585268525963515,-0.06598474371455951
2024-01-23 00:00:00+00:00,-0.010986435756605314,0.0034443543704432756,-0.0018212049968273061,0.002584769421174044
2024-01-24 00:00:00+00:00,0.008913166474792072,0.010464287156001973,5.479452054794521e-05,0.010231981373112821
2024-01-25 00:00:00+00:00,-0.007820395235186945,-0.012986194032446434,5.479452054794521e-05,-0.013367709419053391
2024-01-26 00:00:00+00:00,0.03228302992012776,0.043446160553653974,5.479452054794521e-05,0.04553499547038506
2024-01-27 00:00:00+00:00,0.0075141310105398635,0.0185732498236317,5.479452054794521e-05,0.019275100603029643
2024-01-28 00:00:00+00:00,-0.0034318709533734215,0.017535387650332208,5.479452054794521e-05,0.01768364937946578
2024-01-29 00:00:00+00:00,0.028042251049983608,0.030564106578037927,5.479452054794521e-05,0.03194326646406217
2024-01-30 00:00:00+00:00,-0.011280462520900932,-0.013852579598100764,-0.01544018551489637,-0.013959069926536338
2024-01-31 00:00:00+00:00,-0.022492651531480477,-0.03880051360525867,-0.03880051360525867,-0.03880051360525867
2024-02-01 00:00:00+00:00,0.01628454398295555,0.009064808638169827,0.009064808638169827,0.009064808638169827
2024-02-02 00:00:00+00:00,0.014557155749057991,0.03877729105506406,0.03877729105506406,0.03877729105506406
2024-02-03 00:00:00+00:00,-0.00327723226206605,-0.014575939231089883,-0.014575939231089883,-0.014575939231089883
2024-02-04 00:00:00+00:00,-0.015016891771240588,-0.009740646013642006,-0.009740646013642006,-0.009740646013642006
2024-02-05 00:00:00+00:00,0.004717414066345988,-0.00773916508359536,-0.00773916508359536,-0.00773916508359536
2024-02-06 00:00:00+00:00,0.006884498050758212,0.0005477125349097281,0.0005477125349097281,0.0005477125349097281
2024-02-07 00:00:00+00:00,0.020860093075667514,0.023992839640884764,0.023992839640884764,0.023992839640884764
2024-02-08 00:00:00+00:00,0.008309436844602492,0.007499016426662012,0.007499016426662012,0.007499016426662012
2024-02-09 00:00:00+00:00,0.025651156527726933,0.037663339177738155,0.037663339177738155,0.037663339177738155
2024-02-10 00:00:00+00:00,0.004974804631281198,0.02478787194368231,0.02478787194368231,0.02478787194368231
2024-02-11 00:00:00+00:00,0.004362647786150502,-0.00768490130674181,-0.00768490130674181,-0.00768490130674181
2024-02-12 00:00:00+00:00,0.023348766777044658,0.02131473533541592,0.02131473533541592,0.02131473533541592
2024-02-13 00:00:00+00:00,-0.013088069050294245,-0.010156557191240477,-0.010156557191240477,-0.010156557191240477
2024-02-14 00:00:00+00:00,0.03026312093100248,0.03597911614007234,0.03597911614007234,0.03597911614007234
2024-02-15 00:00:00+00:00,0.014894919424673905,0.014185009365979636,0.014185009365979636,0.014185009365979636
2024-02-16 00:00:00+00:00,-0.004273020566434797,-0.0014734964691663242,-0.0014734964691663242,-0.0014734964691663242
2024-02-17 00:00:00+00:00,-0.0050811515761196155,-0.006611455615279403,-0.006611455615279403,-0.006611455615279403
2024-02-18 00:00:00+00:00,0.012370193317402954,0.0018337917519395729,0.0018337917519395729,0.0018337917519395729
2024-02-19 00:00:00+00:00,0.010240703627407787,-0.0037888743906256336,-0.0037888743906256336,-0.0037888743906256336
2024-02-20 00:00:00+00:00,-0.01119364969116903,0.00756691081230324,0.00756691081230324,0.00756691081230324
2024-02-21 00:00:00+00:00,-0.018697798894624484,0.020801751209028215,0.020801751209028215,0.020801751209028215
2024-02-22 00:00:00+00:00,-0.00557943304262115,-0.0032973770712619024,-0.0032973770712619024,-0.0032973770712619024
2024-02-23 00:00:00+00:00,0.016698982648892396,-0.012564464611017272,-0.012564464611017272,-0.012564464611017272
2024-02-24 00:00:00+00:00,0.019823678875582867,0.009021598612410012,0.009021598612410012,0.009021598612410012
2024-02-25 00:00:00+00:00,0.004879654384104335,0.007914932110967447,0.007914932110967447,0.007914932110967447
2024-02-26 00:00:00+00:00,0.02555930579651463,0.028945989937586215,0.028945989937586215,0.028945989937586215
2024-02-27 00:00:00+00:00,0.02136561937282406,0.003557633664766011,0.003557633664766011,0.003557633664766011
2024-02-28 00:00:00+00:00,0.028968317600697957,0.027453322337932313,0.027453322337932313,0.027453322337932313
2024-02-29 00:00:00+00:00,0.01145170713960209,-0.01657945634838497,-0.01657945634838497,-0.01657945634838497
2024-03-01 00:00:00+00:00,0.046634530307107465,0.017112263775580505,0.017112263775580505,0.017112263775580505
2024-03-02 00:00:00+00:00,0.07707387972742172,0.00860770328073942,0.00860770328073942,0.00860770328073942
2024-03-03 00:00:00+00:00,-0.011188141430933855,0.0011581531892575758,0.0011581531892575758,0.0011581531892575758
2024-03-04 00:00:00+00:00,0.03428726651829098,0.007050339311634834,0.007050339311634834,0.007050339311634834
2024-03-05 00:00:00+00:00,-0.06976688590767673,-0.048227224945642654,-0.048227224945642654,-0.048227224945642654
2024-03-06 00:00:00+00:00,0.06270849169053429,0.05660002765705108,0.05660002765705108,0.05660002765705108
2024-03-07 00:00:00+00:00,0.026160989135847558,0.04755445392281909,0.04755445392281909,0.04755445392281909
2024-03-08 00:00:00+00:00,-0.0040467719852544165,0.00948556026137571,0.00948556026137571,0.00948556026137571
2024-03-09 00:00:00+00:00,0.004475589906719484,-0.0005981097489470885,-0.0005981097489470885,-0.0005981097489470885
2024-03-10 00:00:00+00:00,-0.009081310133664484,0.02540537932889503,0.02540537932889503,0.02540537932889503
2024-03-11 00:00:00+00:00,0.062176003187534114,0.004999968900351553,0.004999968900351553,0.004999968900351553
2024-03-12 00:00:00+00:00,-0.01754658946059501,-0.0012648943600112824,-0.0012648943600112824,-0.0012648943600112824
2024-03-13 00:00:00+00:00,0.020498193890908557,0.06339072875486523,0.06339072875486523,0.06339072875486523
2024-03-14 00:00:00+00:00,-0.015661888964459945,-0.02348844153091952,-0.02348844153091952,-0.02348844153091952
2024-03-15 00:00:00+00:00,-0.0361762605356472,-0.0018973167311625563,-0.0018973167311625563,-0.0018973167311625563
2024-03-16 00:00:00+00:00,-0.06931118752521945,-0.05802643805276777,-0.05802643805276777,-0.05802643805276777
2024-03-17 00:00:00+00:00,0.03666957306663728,0.01995063084684487,0.01995063084684487,0.01995063084684487
2024-03-18 00:00:00+00:00,-0.018781729932500324,-0.02623438918826981,-0.02623438918826981,-0.02623438918826981
2024-03-19 00:00:00+00:00,-0.10046597325032766,-0.10668104454785142,-0.10668104454785142,-0.10668104454785142
2024-03-20 00:00:00+00:00,0.08982516136864453,0.09557382872754652,0.09557382872754652,0.09557382872754652
2024-03-21 00:00:00+00:00,-0.004144312967190624,-0.015633657747408967,-0.015633657747408967,-0.015633657747408967
2024-03-22 00:00:00+00:00,-0.021440060437358025,-0.018120309574538918,-0.018120309574538918,-0.018120309574538918
2024-03-23 00:00:00+00:00,0.01235593836616381,-0.0038012948179925745,-0.0038012948179925745,-0.0038012948179925745
2024-03-24 00:00:00+00:00,0.03707583182587477,0.03473412379639352,0.03473412379639352,0.03473412379639352
2024-03-25 00:00:00+00:00,0.024230094966278412,0.023489170027856252,0.023489170027856252,0.023489170027856252
2024-03-26 00:00:00+00:00,0.007890142813989363,-0.006620234215166322,-0.006620234215166322,-0.006620234215166322
2024-03-27 00:00:00+00:00,-0.008590050133232037,0.0015026087878727383,0.0015026087878727383,0.0015026087878727383
2024-03-28 00:00:00+00:00,0.022094651019847526,0.021524407977308722,0.021524407977308722,0.021524407977308722
2024-03-29 00:00:00+00:00,0.01793567192550406,0.028724391860740488,0.028724391860740488,0.028724391860740488
2024-03-30 00:00:00+00:00,-0.020063587752840832,-0.014807903910733285,-0.014807903910733285,-0.014807903910733285
2024-03-31 00:00:00+00:00,0.02865489303004566,0.02829103536361823,0.02829103536361823,0.02829103536361823
2024-04-01 00:00:00+00:00,-0.04394564956235591,-0.04159901844998441,-0.04159901844998441,-0.04159901844998441
2024-04-02 00:00:00+00:00,-0.054019525687681945,-0.049742786322198015,-0.049742786322198015,-0.049742786322198015
2024-04-03 00:00:00+00:00,-0.015436341239666794,-0.011458706186945545,-0.011458706186945545,-0.011458706186945545
2024-04-04 00:00:00+00:00,0.027111013986772545,0.046796444006803994,0.046796444006803994,0.046796444006803994
2024-04-05 00:00:00+00:00,-0.011029573713124883,-0.01534926572477926,-0.01534926572477926,-0.01534926572477926
2024-04-06 00:00:00+00:00,0.021456437680057113,0.02651102575924076,0.02651102575924076,0.02651102575924076
2024-04-07 00:00:00+00:00,0.010540807000348854,0.005582015962430272,0.005582015962430272,0.005582015962430272
2024-04-08 00:00:00+00:00,0.04152898371367491,0.005433702464810408,0.005433702464810408,0.005433702464810408
2024-04-09 00:00:00+00:00,-0.042232885828865384,-0.024261341886738192,-0.024261341886738192,-0.024261341886738192
2024-04-10 00:00:00+00:00,0.003754724595054273,0.006710518572268299,0.006710518572268299,0.006710518572268299
2024-04-11 00:00:00+00:00,-0.005463923142146746,-0.022446054075092748,-0.022446054075092748,-0.022446054075092748
2024-04-12 00:00:00+00:00,-0.1132564758754265,-0.07202154358178604,-0.07202154358178604,-0.07202154358178604
2024-04-13 00:00:00+00:00,-0.1131988896786555,-0.0932136220417898,-0.0932136220417898,-0.0932136220417898
2024-04-14 00:00:00+00:00,0.06061660842507623,0.05190439559899779,0.05190439559899779,0.05190439559899779
2024-04-15 00:00:00+00:00,-0.0281573636587389,-0.028689598146605204,-0.028689598146605204,-0.028689598146605204
2024-04-16 00:00:00+00:00,-0.008178670281412984,-0.024672460030932014,-0.024672460030932014,-0.024672460030932014
2024-04-17 00:00:00+00:00,-0.030304706566543757,-0.021883082709111386,-0.021883082709111386,-0.021883082709111386
2024-04-18 00:00:00+00:00,0.03198166513912714,0.03284585878838899,0.03284585878838899,0.03284585878838899
2024-04-19 00:00:00+00:00,0.0040853784272468115,0.003025184753488867,0.003025184753488867,0.003025184753488867
2024-04-20 00:00:00+00:00,0.052686105604289095,0.03487977961505476,0.03487977961505476,0.03487977961505476
2024-04-21 00:00:00+00:00,-0.009730001713814605,0.0022773638516957522,0.0022773638516957522,0.0022773638516957522
2024-04-22 00:00:00+00:00,0.0320707376305316,0.03576931850979043,0.03576931850979043,0.03576931850979043
2024-04-23 00:00:00+00:00,-0.015457672312192463,-0.005135323219554326,-0.005135323219554326,-0.005135323219554326
2024-04-24 00:00:00+00:00,-0.03279983550583557,-0.014832962581437634,-0.014832962581437634,-0.014832962581437634
2024-04-25 00:00:00+00:00,0.0002557073141539074,0.004395419313188095,0.004395419313188095,0.004395419313188095
2024-04-26 00:00:00+00:00,-0.004230963750654873,-0.015497747791334135,-0.015497747791334135,-0.015497747791334135
2024-04-27 00:00:00+00:00,-0.0004730058000107883,-0.004462172603944893,-0.004462172603944893,-0.004462172603944893
2024-04-28 00:00:00+00:00,-0.008654443408604807,-7.35836885546997e-05,-7.35836885546997e-05,-7.35836885546997e-05
2024-04-29 00:00:00+00:00,-0.0007729274042909688,-0.00393308879666894,-0.00393308879666894,-0.00393308879666894
2024-04-30 00:00:00+00:00,-0.051000974009695985,-0.03403038422893015,-0.03403038422893015,-0.03403038422893015
2024-05-01 00:00:00+00:00,0.008303497833366402,-0.02879273146695193,-0.02879273146695193,-0.02879273146695193
2024-05-02 00:00:00+00:00,0.009496974274802696,0.001920113133026507,0.001920113133026507,0.001920113133026507
2024-05-03 00:00:00+00:00,0.03526587612640798,0.048133134985700404,0.048133134985700404,0.048133134985700404
2024-05-04 00:00:00+00:00,0.006771959556175843,0.004209770160470576,0.004209770160470576,0.004209770160470576
2024-05-05 00:00:00+00:00,0.00720153173184804,0.008822631109213035,0.008822631109213035,0.008822631109213035
2024-05-06 00:00:00+00:00,-0.009279689953023688,-0.005717388262812709,-0.005717388262812709,-0.005717388262812709
2024-05-07 00:00:00+00:00,-0.018988174996067267,-0.019957584168497983,-0.019957584168497983,-0.019957584168497983
2024-05-08 00:00:00+00:00,-0.008119268060602688,0.00547238552433204,0.00547238552433204,0.00547238552433204
2024-05-09 00:00:00+00:00,0.022402196333787434,0.017724709650809065,0.017724709650809065,0.017724709650809065
2024-05-10 00:00:00+00:00,-0.03663307398058159,-0.02709302159108694,-0.02709302159108694,-0.02709302159108694
2024-05-11 00:00:00+00:00,-0.0026685366806653214,0.008720238096018818,0.008720238096018818,0.008720238096018818
2024-05-12 00:00:00+00:00,-0.001509433967417331,0.0030960098661630426,0.0030960098661630426,0.0030960098661630426
2024-05-13 00:00:00+00:00,0.0015629243335380405,0.0019951107290276143,0.0019951107290276143,0.0019951107290276143
2024-05-14 00:00:00+00:00,-0.02522652109599376,-0.03682699974704179,-0.03682699974704179,-0.03682699974704179
2024-05-15 00:00:00+00:00,0.056166297601365565,0.029281473090372226,0.029281473090372226,0.029281473090372226
2024-05-16 00:00:00+00:00,-0.0006574889382428975,-0.021862387184719886,-0.021862387184719886,-0.021862387184719886
2024-05-17 00:00:00+00:00,0.028882297956997306,0.022093393223312836,0.022093393223312836,0.022093393223312836
2024-05-18 00:00:00+00:00,0.0032793583516692727,-0.002050672492684979,-0.002050672492684979,-0.002050672492684979
2024-05-19 00:00:00+00:00,-0.022234151020722723,-0.01025460302418656,-0.01025460302418656,-0.01025460302418656
2024-05-20 00:00:00+00:00,0.08598466770850441,0.04819769921802745,0.04819769921802745,0.04819769921802745
2024-05-21 00:00:00+00:00,-0.0004090389925063884,0.013888605501215576,0.013888605501215576,0.013888605501215576
2024-05-22 00:00:00+00:00,-0.02188039203207099,-0.010445442738045103,-0.010445442738045103,-0.010445442738045103
2024-05-23 00:00:00+00:00,-0.014397669799467973,-0.021062680156348535,-0.021062680156348535,-0.021062680156348535
2024-05-24 00:00:00+00:00,0.008910255972030557,-0.0019419343647360063,-0.0019419343647360063,-0.0019419343647360063
2024-05-25 00:00:00+00:00,0.013446859851180043,0.00677674423427359,0.00677674423427359,0.00677674423427359
2024-05-26 00:00:00+00:00,-0.014543280814947145,-0.011888244922096355,-0.011888244922096355,-0.011888244922096355
2024-05-27 00:00:00+00:00,0.020379226336933634,0.011387422015327409,0.011387422015327409,0.011387422015327409
2024-05-28 00:00:00+00:00,-0.018408931378357803,-0.009395526013218788,-0.009395526013218788,-0.009395526013218788
2024-05-29 00:00:00+00:00,-0.014165006653320546,-0.00778388309445609,-0.00778388309445609,-0.00778388309445609
2024-05-30 00:00:00+00:00,-0.004673280158217835,-0.004196095016009171,-0.004196095016009171,-0.004196095016009171
2024-05-31 00:00:00+00:00,-0.007365560167086278,-0.004813582444944677,-0.004813582444944677,-0.004813582444944677
2024-06-01 00:00:00+00:00,0.002352209714960754,0.011127582013634004,0.011127582013634004,0.011127582013634004
2024-06-02 00:00:00+00:00,-0.010982577225047417,-0.004224543783898288,-0.004224543783898288,-0.004224543783898288
2024-06-03 00:00:00+00:00,0.005067252677572302,0.02626679608659752,0.02626679608659752,0.02626679608659752
2024-06-04 00:00:00+00:00,0.029968054009883397,0.08479067631700112,0.08479067631700112,0.08479067631700112
2024-06-05 00:00:00+00:00,0.00788057287809408,0.017888496665904034,0.017888496665904034,0.017888496665904034
2024-06-06 00:00:00+00:00,-0.014292386430512083,0.016626539202869575,0.016626539202869575,0.016626539202869575
2024-06-07 00:00:00+00:00,-0.049838445489862444,-0.036852039899084414,-0.036852039899084414,-0.036852039899084414
2024-06-08 00:00:00+00:00,-0.01804208721147116,-0.0017949510666546635,-0.0017949510666546635,-0.0017949510666546635
2024-06-09 00:00:00+00:00,0.010804661485663376,-0.013521611723925697,-0.013521611723925697,-0.013521611723925697
2024-06-10 00:00:00+00:00,-0.008655039311948798,-0.06977749692337555,-0.06977749692337555,-0.06977749692337555
2024-06-11 00:00:00+00:00,-0.040862722006863875,-0.02784021996546738,-0.02784021996546738,-0.02784021996546738
2024-06-12 00:00:00+00:00,0.035157685851841196,0.02063928734423439,0.02063928734423439,0.02063928734423439
2024-06-13 00:00:00+00:00,-0.03206872632715317,-0.023960089340983988,-0.023960089340983988,-0.023960089340983988
2024-06-14 00:00:00+00:00,-0.016528408350163795,0.004351946084915224,0.004351946084915224,0.004351946084915224
2024-06-15 00:00:00+00:00,0.01520673187381619,0.006045055091582106,0.006045055091582106,0.006045055091582106
2024-06-16 00:00:00+00:00,0.008485301816504115,0.0031944220652731655,0.0031944220652731655,0.0031944220652731655
2024-06-17 00:00:00+00:00,-0.03887637731628442,-0.007962845986929368,-0.007962845986929368,-0.007962845986929368
2024-06-18 00:00:00+00:00,-0.044365018096195113,-0.023681003847691524,-0.023681003847691524,-0.023681003847691524
2024-06-19 00:00:00+00:00,0.013573841106462382,0.014518728543845824,0.014518728543845824,0.014518728543845824
2024-06-20 00:00:00+00:00,-0.0005586612954912452,-0.01568887881880313,-0.01568887881880313,-0.01568887881880313
2024-06-21 00:00:00+00:00,-0.007310984581350702,-0.0027202503524674506,-0.0027202503524674506,-0.0027202503524674506
2024-06-22 00:00:00+00:00,-0.002023182846600422,0.007568805335202681,0.007568805335202681,0.007568805335202681
2024-06-23 00:00:00+00:00,-0.017337966377132023,-0.019625253013637656,-0.019625253013637656,-0.019625253013637656
2024-06-24 00:00:00+00:00,-0.006750353708219131,-0.014628795054331581,-0.014628795054331581,-0.014628795054331581
2024-06-25 00:00:00+00:00,0.025307593411085644,-0.001618827094868713,-0.001618827094868713,-0.001618827094868713
2024-06-26 00:00:00+00:00,-0.01051220570220347,5.479454694685607e-05,5.479454694685607e-05,5.479454694685607e-05
2024-06-27 00:00:00+00:00,0.027964932688948684,5.47944981699973e-05,5.47944981699973e-05,5.47944981699973e-05
2024-06-28 00:00:00+00:00,-0.019824522460440724,5.4794560541445506e-05,5.4794560541445506e-05,5.4794560541445506e-05
2024-06-29 00:00:00+00:00,-0.004760951774723001,5.4794596776123355e-05,5.4794596776123355e-05,5.4794596776123355e-05
2024-06-30 00:00:00+00:00,0.024437028665295554,5.479449343973151e-05,5.479449343973151e-05,5.479449343973151e-05
2024-07-01 00:00:00+00:00,-0.0020019818413539504,5.479462120966816e-05,5.479462120966816e-05,5.479462120966816e-05
2024-07-02 00:00:00+00:00,0.01028457196028272,0.007489485120573042,0.007489485120573042,0.007489485120573042
2024-07-03 00:00:00+00:00,-0.044445856712820454,-0.006960580616438911,-0.006960580616438911,-0.006960580616438911
2024-07-04 00:00:00+00:00,-0.08324429597301208,-0.016542765377543178,-0.016542765377543178,-0.016542765377543178
2024-07-05 00:00:00+00:00,-0.009304498385333352,-0.005073549459402778,-0.005073549459402778,-0.005073549459402778
2024-07-06 00:00:00+00:00,0.05388554127521111,0.023929036898905468,0.023929036898905468,0.023929036898905468
2024-07-07 00:00:00+00:00,-0.06211339139345599,-0.03891961936538643,-0.03891961936538643,-0.03891961936538643
2024-07-08 00:00:00+00:00,0.03103368980837882,0.012810584020138585,0.012810584020138585,0.012810584020138585
2024-07-09 00:00:00+00:00,0.01611742891975332,0.021141226155333058,0.021141226155333058,0.021141226155333058
2024-07-10 00:00:00+00:00,0.005367381003429907,0.00828052593923362,0.00828052593923362,0.00828052593923362
2024-07-11 00:00:00+00:00,-0.005888116862886111,0.015519274806068302,0.015519274806068302,0.015519274806068302
2024-07-12 00:00:00+00:00,0.028077123013804377,0.015398940684785055,0.015398940684785055,0.015398940684785055
2024-07-13 00:00:00+00:00,0.028787051812202688,0.011339855834691189,0.011339855834691189,0.011339855834691189
2024-07-14 00:00:00+00:00,0.01530244662303847,-0.00953877161357259,-0.00953877161357259,-0.00953877161357259
2024-07-15 00:00:00+00:00,0.04298351642372475,-0.0015979658961498744,-0.0015979658961498744,-0.0015979658961498744
2024-07-16 00:00:00+00:00,-0.002377756425192203,-0.020842830229701664,-0.020842830229701664,-0.020842830229701664
2024-07-17 00:00:00+00:00,-0.010399822199223925,-0.004272381801893753,-0.004272381801893753,-0.004272381801893753
2024-07-18 00:00:00+00:00,-0.011880572689449745,0.006905348862891654,0.006905348862891654,0.006905348862891654
2024-07-19 00:00:00+00:00,0.028054917896620856,0.0037891386166567995,0.0037891386166567995,0.0037891386166567995
2024-07-20 00:00:00+00:00,0.00948598412947781,0.0012979992393681774,0.0012979992393681774,0.0012979992393681774
2024-07-21 00:00:00+00:00,0.019612199822232654,0.00035413834816938085,0.00035413834816938085,0.00035413834816938085
2024-07-22 00:00:00+00:00,-0.03019572606407263,-0.013698390966851496,-0.013698390966851496,-0.013698390966851496
2024-07-23 00:00:00+00:00,-0.016078690058005433,0.006354867019947918,0.006354867019947918,0.006354867019947918
2024-07-24 00:00:00+00:00,-0.01275265045532637,0.005522453960139697,0.005522453960139697,0.005522453960139697
2024-07-25 00:00:00+00:00,-0.0206033353789172,0.0036377421882092145,0.0036377421882092145,0.0036377421882092145
2024-07-26 00:00:00+00:00,0.03586523029479362,0.013907547788957765,0.013907547788957765,0.013907547788957765
2024-07-27 00:00:00+00:00,-0.0005979544074322364,-0.002482589950661574,-0.002482589950661574,-0.002482589950661574
2024-07-28 00:00:00+00:00,-0.004816595408426706,0.008790762361498282,0.008790762361498282,0.008790762361498282
2024-07-29 00:00:00+00:00,6.187134249500658e-05,-0.006594729995997317,-0.006594729995997317,-0.006594729995997317
2024-07-30 00:00:00+00:00,-0.010852986655937827,-0.020781423053052972,-0.020781423053052972,-0.020781423053052972
2024-07-31 00:00:00+00:00,-0.02325394319276343,-0.029234260204094857,-0.029234260204094857,-0.029234260204094857
2024-08-01 00:00:00+00:00,-0.010702085506363517,-0.010830173711944202,-0.010830173711944202,-0.010830173711944202
2024-08-02 00:00:00+00:00,-0.061275082135667326,-0.04653018244391374,-0.04653018244391374,-0.04653018244391374
2024-08-03 00:00:00+00:00,-0.023418932986256316,-0.005707942636655796,-0.005707942636655796,-0.005707942636655796
2024-08-04 00:00:00+00:00,-0.04838696690842933,-0.006977818616518387,-0.006977818616518387,-0.006977818616518387
2024-08-05 00:00:00+00:00,-0.07688478354495233,-0.04270471459536311,-0.04270471459536311,-0.04270471459536311
2024-08-06 00:00:00+00:00,0.04402580892501519,0.0027519085560339758,-0.0017362354506435776,0.0027519085560339758
2024-08-07 00:00:00+00:00,-0.0030328228122605597,0.0027342413097510353,5.479452054794521e-05,0.0027342413097510353
2024-08-08 00:00:00+00:00,0.08479934425491159,0.004738117937736346,5.479452054794521e-05,0.004738117937736346
2024-08-09 00:00:00+00:00,-0.021571478310109946,0.0026582744098328907,5.479452054794521e-05,0.0026582744098328907
2024-08-10 00:00:00+00:00,0.00682141089792763,0.0016383693854926963,5.479452054794521e-05,0.0016383693854926963
2024-08-11 00:00:00+00:00,-0.045269617761295906,-0.0027617452911886113,5.479452054794521e-05,-0.0027617452911886113
2024-08-12 00:00:00+00:00,0.03563087723462258,-0.0019799154230803412,5.479452054794521e-05,-0.0019799154230803412
2024-08-13 00:00:00+00:00,0.005640934457128083,0.007240580427999174,5.479452054794521e-05,-0.00045925055477491136
2024-08-14 00:00:00+00:00,-0.017405911837504968,-0.008007966432959425,5.479452054794521e-05,5.479452054794521e-05
2024-08-15 00:00:00+00:00,-0.02045004835304741,-0.007829370033714214,5.479452054794521e-05,5.479452054794521e-05
2024-08-16 00:00:00+00:00,0.008638238690363025,0.003080978941449147,5.479452054794521e-05,5.479452054794521e-05
2024-08-17 00:00:00+00:00,0.011269954524468844,0.0026729217323321415,5.479452054794521e-05,5.479452054794521e-05
2024-08-18 00:00:00+00:00,-0.011393277300106985,-0.0033128051478841405,5.479452054794521e-05,5.479452054794521e-05
2024-08-19 00:00:00+00:00,0.020595567030983575,0.033823964689388364,5.479452054794521e-05,5.479452054794521e-05
2024-08-20 00:00:00+00:00,0.011883602206334144,0.09446251663738142,5.479452054794521e-05,5.479452054794521e-05
2024-08-21 00:00:00+00:00,0.028689485491860525,-0.037610721719088296,5.479452054794521e-05,5.479452054794521e-05
2024-08-22 00:00:00+00:00,0.005605223885729626,0.007709867101997224,5.479452054794521e-05,5.479452054794521e-05
2024-08-23 00:00:00+00:00,0.04396407206551019,0.01586427775690963,5.479452054794521e-05,5.479452054794521e-05
2024-08-24 00:00:00+00:00,0.007421402189707345,0.0031899606706063217,5.479452054794521e-05,5.479452054794521e-05
2024-08-25 00:00:00+00:00,-0.017611251758504656,0.03652125456015348,5.479452054794521e-05,5.479452054794521e-05
2024-08-26 00:00:00+00:00,-0.03319255800660736,-0.024547619392955692,5.479452054794521e-05,5.479452054794521e-05
2024-08-27 00:00:00+00:00,-0.0514894085424637,-0.021068504950444558,5.479452054794521e-05,5.479452054794521e-05
2024-08-28 00:00:00+00:00,-0.0006409320886416162,0.002287209446156161,5.479452054794521e-05,5.479452054794521e-05
2024-08-29 00:00:00+00:00,-0.00037634683154249735,0.00907541388510449,5.479452054794521e-05,5.479452054794521e-05
2024-08-30 00:00:00+00:00,0.005267866783280078,0.0005692358314970173,5.479452054794521e-05,5.479452054794521e-05
2024-08-31 00:00:00+00:00,-0.009063772162506622,-0.013053442032340707,5.479452054794521e-05,5.479452054794521e-05
2024-09-01 00:00:00+00:00,-0.04231137321280198,-0.012085313453283855,5.479452054794521e-05,5.479452054794521e-05
2024-09-02 00:00:00+00:00,0.03475772696794428,-0.00814608109927311,5.479452054794521e-05,5.479452054794521e-05
2024-09-03 00:00:00+00:00,-0.03419304481351427,-0.022288909771991963,5.479452054794521e-05,5.479452054794521e-05
2024-09-04 00:00:00+00:00,0.014252326986857496,-0.0017263965150984243,5.479452054794521e-05,5.479452054794521e-05
2024-09-05 00:00:00+00:00,-0.018176146209578442,-0.001150441729569031,5.479452054794521e-05,5.479452054794521e-05
2024-09-06 00:00:00+00:00,-0.0326752672194428,-0.011655422086719412,5.479452054794521e-05,5.479452054794521e-05
2024-09-07 00:00:00+00:00,0.017044953914808286,0.02146141335060965,5.479452054794521e-05,5.479452054794521e-05
2024-09-08 00:00:00+00:00,0.018563662274576422,0.009689480585661873,5.479452054794521e-05,5.479452054794521e-05
2024-09-09 00:00:00+00:00,0.031090735529228905,0.007900518237036809,5.479452054794521e-05,5.479452054794521e-05
2024-09-10 00:00:00+00:00,0.003963387960187116,-0.008189664286407047,5.479452054794521e-05,5.479452054794521e-05
2024-09-11 00:00:00+00:00,-0.004801035781724526,0.0014106894726646643,5.479452054794521e-05,5.479452054794521e-05
2024-09-12 00:00:00+00:00,0.01554377335908451,-0.006598314205593597,5.479452054794521e-05,5.479452054794521e-05
2024-09-13 00:00:00+00:00,0.02062239860819169,-0.01635787942670348,5.479452054794521e-05,5.479452054794521e-05
2024-09-14 00:00:00+00:00,-0.005656783636412663,-0.007649505540756876,5.479452054794521e-05,5.479452054794521e-05
2024-09-15 00:00:00+00:00,-0.030000768339505837,0.00758102478931281,5.479452054794521e-05,5.479452054794521e-05
2024-09-16 00:00:00+00:00,-0.012870112582105082,4.3838977052676324e-05,5.479452054794521e-05,5.479452054794521e-05
2024-09-17 00:00:00+00:00,0.014522022994971824,0.004836091279697332,0.0032979364595148433,5.479452054794521e-05
2024-09-18 00:00:00+00:00,0.01923878945044516,-0.0017492769211611449,-0.0017492769211611449,5.479452054794521e-05
2024-09-19 00:00:00+00:00,0.02423057849151416,0.00977048279373139,0.00977048279373139,5.479452054794521e-05
2024-09-20 00:00:00+00:00,0.011426539300127013,0.0021583445858699792,0.0021583445858699792,5.479452054794521e-05
2024-09-21 00:00:00+00:00,0.019223976563098082,0.002336418625957676,0.002336418625957676,5.479452054794521e-05
2024-09-22 00:00:00+00:00,-0.017325747371527495,-0.003426335151573553,-0.003426335151573553,5.479452054794521e-05
2024-09-23 00:00:00+00:00,0.008830203987518288,0.0025158815148365863,0.0025158815148365863,5.479452054794521e-05
2024-09-24 00:00:00+00:00,0.022587271501761347,-0.002898197219450189,-0.002898197219450189,5.479452054794521e-05
2024-09-25 00:00:00+00:00,-0.014129620352349596,-0.008136044311451901,-0.008136044311451901,5.479452054794521e-05
2024-09-26 00:00:00+00:00,0.038564922468078945,0.016589959890410556,0.016589959890410556,5.479452054794521e-05
2024-09-27 00:00:00+00:00,0.017798175383953833,0.008482873925076632,0.008482873925076632,5.479452054794521e-05
2024-09-28 00:00:00+00:00,-0.004606652681332525,0.006267449497611955,0.006267449497611955,5.479452054794521e-05
2024-09-29 00:00:00+00:00,-0.0021449873249941363,0.013241868260477938,0.013241868260477938,5.479452054794521e-05
2024-09-30 00:00:00+00:00,-0.04128253590272286,-0.009869253911225485,-0.009869253911225485,5.479452054794521e-05
2024-10-01 00:00:00+00:00,-0.0541552702675308,-0.014751413582186741,-0.014751413582186741,5.479452054794521e-05
2024-10-02 00:00:00+00:00,-0.02155267855609636,-0.018204564459910838,-0.018204564459910838,5.479452054794521e-05
2024-10-03 00:00:00+00:00,-0.001580095484166383,0.006529893702656453,0.006529893702656453,5.479452054794521e-05
2024-10-04 00:00:00+00:00,0.025280582176133215,0.0001474007189316926,0.0001474007189316926,5.479452054794521e-05
2024-10-05 00:00:00+00:00,-0.0010152868852851403,-0.013717660610982396,-0.013717660610982396,5.479452054794521e-05
2024-10-06 00:00:00+00:00,0.015268689321409864,0.0048562383097603985,0.0048562383097603985,5.479452054794521e-05
2024-10-07 00:00:00+00:00,-0.012837622453175658,0.004409741674729389,0.004409741674729389,5.479452054794521e-05
2024-10-08 00:00:00+00:00,-0.0018787232725492977,0.017361641772915357,0.017361641772915357,5.479452054794521e-05
2024-10-09 00:00:00+00:00,-0.015036127178442688,-0.00029726053544556997,-0.00029726053544556997,5.479452054794521e-05
2024-10-10 00:00:00+00:00,0.005581751932410283,-0.004658803280981172,-0.004658803280981172,5.479452054794521e-05
2024-10-11 00:00:00+00:00,0.02580708264888818,0.006906139720450656,0.006906139720450656,5.479452054794521e-05
2024-10-12 00:00:00+00:00,0.009582695295760895,0.010864872409932084,0.010864872409932084,5.479452054794521e-05
2024-10-13 00:00:00+00:00,-0.010405870794888998,-0.0021038464229986746,-0.0021038464229986746,5.479452054794521e-05
2024-10-14 00:00:00+00:00,0.041636385514263574,-0.0022898261854736503,-0.0022898261854736503,5.479452054794521e-05
2024-10-15 00:00:00+00:00,-0.005245738094910917,-0.00932101306105649,-0.00932101306105649,5.479452054794521e-05
2024-10-16 00:00:00+00:00,0.000816321291514021,0.006492024515228367,0.006492024515228367,5.479452054794521e-05
2024-10-17 00:00:00+00:00,-0.010432252136221164,-0.003471847729912427,-0.003471847729912427,5.479452054794521e-05
2024-10-18 00:00:00+00:00,0.016824187810445333,-0.004489559365507951,-0.004489559365507951,5.479452054794521e-05
2024-10-19 00:00:00+00:00,0.007494943509485221,-0.009067539719430777,-0.009067539719430777,5.479452054794521e-05
2024-10-20 00:00:00+00:00,0.022179815265351455,1.1238965998762015e-05,1.1238965998762015e-05,5.479452054794521e-05
2024-10-21 00:00:00+00:00,-0.016501692421639548,0.00858835220686639,0.00858835220686639,5.479452054794521e-05
2024-10-22 00:00:00+00:00,-0.00554968047622345,0.007596383894203386,0.007596383894203386,5.479452054794521e-05
2024-10-23 00:00:00+00:00,-0.020246264146173993,9.618887562228632e-05,9.618887562228632e-05,5.479452054794521e-05
2024-10-24 00:00:00+00:00,0.016985813163165202,0.020387320756755114,0.020387320756755114,5.479452054794521e-05
2024-10-25 00:00:00+00:00,-0.0512698208184648,-0.012421783278974564,-0.012421783278974564,5.479452054794521e-05
2024-10-26 00:00:00+00:00,0.009363475725577369,0.013777773370742824,0.013777773370742824,5.479452054794521e-05
2024-10-27 00:00:00+00:00,0.014516578622835053,-0.0033204254039967598,-0.0033204254039967598,5.479452054794521e-05
2024-10-28 00:00:00+00:00,0.01840799871816054,0.0058659883634006515,0.0058659883634006515,5.479452054794521e-05
2024-10-29 00:00:00+00:00,0.029996083947450854,0.02282378081496155,0.02282378081496155,0.021413642640085526
2024-10-30 00:00:00+00:00,-0.01003330187389338,0.0038750565058887102,0.0038750565058887102,0.0038750565058887102
2024-10-31 00:00:00+00:00,-0.039759188914572564,-0.01003633597182433,-0.01003633597182433,-0.01003633597182433
2024-11-01 00:00:00+00:00,-0.005435461574644292,-0.006583439516761,-0.006583439516761,-0.006583439516761
2024-11-02 00:00:00+00:00,-0.00873066253457275,-0.004725291318624744,-0.004725291318624744,-0.004725291318624744
2024-11-03 00:00:00+00:00,-0.026679865373040648,-0.012997014106457438,-0.012997014106457438,-0.012997014106457438
2024-11-04 00:00:00+00:00,-0.015385136421940825,-0.0012841339077545033,-0.0012841339077545033,-0.0012841339077545033
2024-11-05 00:00:00+00:00,0.032671891614737714,0.009416155210533244,0.009416155210533244,0.009416155210533244
2024-11-06 00:00:00+00:00,0.08539728374520116,0.04887402282918758,0.04887402282918758,0.04887402282918758
2024-11-07 00:00:00+00:00,0.018953319636078915,-0.01371447335801369,-0.01371447335801369,-0.01371447335801369
2024-11-08 00:00:00+00:00,0.021458352466822303,0.015314787135241266,0.015314787135241266,0.015314787135241266
2024-11-09 00:00:00+00:00,0.03509324984291207,0.026881148748459125,0.026881148748459125,0.026881148748459125
2024-11-10 00:00:00+00:00,0.06739552956706742,0.07281500905608768,0.07281500905608768,0.07281500905608768
2024-11-11 00:00:00+00:00,0.06143106521143422,0.07921481226840908,0.07921481226840908,0.07921481226840908
2024-11-12 00:00:00+00:00,-0.016451441560276,0.09047345355339047,0.09047345355339047,0.09047345355339047
2024-11-13 00:00:00+00:00,-0.01734367182792294,-0.006124353232157171,-0.006124353232157171,-0.006124353232157171
2024-11-14 00:00:00+00:00,-0.013929214896474812,-0.04486476727054837,-0.04486476727054837,-0.04486476727054837
2024-11-15 00:00:00+00:00,0.059284262374371975,0.06369059416286454,0.06369059416286454,0.06369059416286454
2024-11-16 00:00:00+00:00,0.08903439785192038,0.0022186496138746903,0.0022186496138746903,0.0022186496138746903
2024-11-17 00:00:00+00:00,-0.04006891196346346,0.0011505176947109218,0.0011505176947109218,0.0011505176947109218
2024-11-18 00:00:00+00:00,0.06820386431187891,0.012362572097472923,0.012362572097472923,0.012362572097472923
2024-11-19 00:00:00+00:00,-0.01738522660038732,0.02447179113457656,0.02447179113457656,0.0066737828920077225
2024-11-20 00:00:00+00:00,-0.01054790992858336,0.004061142790393555,0.004061142790393555,0.0059182669048947496
2024-11-21 00:00:00+00:00,0.052673691236337944,0.035384403144156196,0.035384403144156196,0.06916592612126389
2024-11-22 00:00:00+00:00,0.08052556457414174,0.11932686851802284,0.11932686851802284,0.12424090685773961
2024-11-23 00:00:00+00:00,0.05879721232292521,0.14294246764393742,0.14294246764393742,0.03185253743133457
2024-11-24 00:00:00+00:00,0.0208283224942845,0.0037237916309285904,0.0037237916309285904,-0.012363596931948252
2024-11-25 00:00:00+00:00,-0.04880197992443606,-0.08876265358107216,-0.08876265358107216,-0.05976078222949476
2024-11-26 00:00:00+00:00,-0.014109985591812807,-0.033260227463464645,-0.033260227463464645,-0.02043795047318328
2024-11-27 00:00:00+00:00,0.06250495905261697,0.05411244008897584,0.05411244008897584,0.05451799930520074
2024-11-28 00:00:00+00:00,-0.005671385351393898,0.01652047949321284,0.01652047949321284,0.022837591436889796
2024-11-29 00:00:00+00:00,0.04549489209656578,0.07647511339143294,0.07647511339143294,0.08893885282656529
2024-11-30 00:00:00+00:00,0.012938400860440421,-0.0060295500909265,-0.0060295500909265,0.01923616657370607
2024-12-01 00:00:00+00:00,0.03868987314392021,0.06378877622380713,0.06378877622380713,0.08579454792156707
2024-12-02 00:00:00+00:00,0.04741968088777863,-0.0038255960695381284,-0.0038255960695381284,0.04508068184274981
2024-12-03 00:00:00+00:00,0.06043885639769907,-0.0521033547677221,-0.0521033547677221,-0.05230066381471877
2024-12-04 00:00:00+00:00,-0.004570836804125387,-0.003460956073322902,-0.003460956073322902,-0.012037677823133813
2024-12-05 00:00:00+00:00,-0.02207706273600949,-0.030700091124453637,-0.030700091124453637,-0.033495432992264436
2024-12-06 00:00:00+00:00,0.04557750519914378,0.05131906299328115,0.05131906299328115,0.056691777548586945
2024-12-07 00:00:00+00:00,-0.00030033574566726577,0.04303895964011188,0.04303895964011188,0.04337105289618115
2024-12-08 00:00:00+00:00,0.003966237041044303,0.006764404168047132,0.006764404168047132,0.002416133271427588
2024-12-09 00:00:00+00:00,-0.14842186909924068,-0.1448447908838966,-0.1448447908838966,-0.1501288701911513
2024-12-10 00:00:00+00:00,-0.010336363528666759,0.005559438748137614,0.005559438748137614,0.014819369046967288
2024-12-11 00:00:00+00:00,0.05825726506398952,0.03556671785603034,0.03556671785603034,0.03573475057321723
2024-12-12 00:00:00+00:00,0.018445451695391385,-0.012748047446645799,-0.012748047446645799,-0.008325293802432573
2024-12-13 00:00:00+00:00,0.008010543707698416,0.015504749491540223,0.015504749491540223,0.016189496316643483
2024-12-14 00:00:00+00:00,-0.031027945379284817,-0.018113013233646787,-0.018113013233646787,-0.02184173381447902
2024-12-15 00:00:00+00:00,0.024425930710719062,0.02015998546442925,0.02015998546442925,0.021403998718852485
2024-12-16 00:00:00+00:00,-0.016278127751784926,0.0012998471439110671,0.0012998471439110671,-0.0005001703152381508
2024-12-17 00:00:00+00:00,-0.009052909376915469,-0.0031032934514558493,-0.0031032934514558493,-0.0004637109594283582
2024-12-18 00:00:00+00:00,-0.09037368291880399,-0.08916775905593075,-0.08916775905593075,-0.0902594395966106
2024-12-19 00:00:00+00:00,-0.07862144535634018,-0.066512341585091,-0.066512341585091,-0.06101721593320311
2024-12-20 00:00:00+00:00,0.024439771664798958,0.012111370035073007,0.012111370035073007,0.017888268008795186
2024-12-21 00:00:00+00:00,-0.02967506654941385,-0.0125061211217662,-0.0125061211217662,-0.018651359999865343
2024-12-22 00:00:00+00:00,-0.010778224842221394,-0.016927733838270842,-0.016927733838270842,-0.017071088549873423
2024-12-23 00:00:00+00:00,0.051442562271846036,0.03120514836718665,0.03120514836718665,0.03304096889092884
2024-12-24 00:00:00+00:00,0.027442815540901333,0.0323819224445671,0.0323819224445671,0.029121338415959933
2024-12-25 00:00:00+00:00,-0.013025026329655593,-0.009930601140289451,-0.009930601140289451,-0.010163508084347076
2024-12-26 00:00:00+00:00,-0.05627602784217865,-0.05885665674547175,-0.05885665674547175,-0.05960625524135397
2024-12-27 00:00:00+00:00,-0.004035906088529973,-0.003171827817871865,-0.003171827817871865,-0.0029901819911336783
2024-12-28 00:00:00+00:00,0.025473335633161575,0.02244726053210102,0.02244726053210102,0.01933448213585209
2024-12-29 00:00:00+00:00,-0.03515953747152139,-0.03367491243703777,-0.03367491243703777,-0.03543528381587578
2024-12-30 00:00:00+00:00,-0.0012352758031739213,-0.011048862112273607,-0.011048862112273607,-0.011620268976953316
2024-12-31 00:00:00+00:00,-0.007473326485671263,0.008325644104114911,0.008325644104114911,0.007235919531391773
2025-01-01 00:00:00+00:00,0.050726045547234457,0.0661979335153576,0.0661979335153576,0.08083006460652323
2025-01-02 00:00:00+00:00,0.02505632039423352,0.031832177968415566,0.031832177968415566,0.0322219094854379
2025-01-03 00:00:00+00:00,0.057771281364064196,0.050500756560954874,0.050500756560954874,0.04747621277967996
2025-01-04 00:00:00+00:00,-0.0022192046459731645,0.007392390451325703,0.007392390451325703,-0.0023357081440309
2025-01-05 00:00:00+00:00,-0.0022796878134685498,-0.016488418866763672,-0.016488418866763672,-0.010651265116531403
2025-01-06 00:00:00+00:00,0.014240742444014413,0.016011978725733598,0.016011978725733598,0.011894059667884826
2025-01-07 00:00:00+00:00,-0.0868827908389481,-0.07579314766320776,-0.07579314766320776,-0.0744085819166566
2025-01-08 00:00:00+00:00,-0.016602378279654235,0.010183323483203839,0.010183323483203839,0.010409708752012577
2025-01-09 00:00:00+00:00,-0.029576207830861005,-0.04869760702664773,-0.04869760702664773,-0.04580659123979673
2025-01-10 00:00:00+00:00,0.027574465445147495,0.032126480875138995,0.032126480875138995,0.0305032572168732
2025-01-11 00:00:00+00:00,0.011269829924638276,0.04967728677446043,0.04967728677446043,0.05900059911858263
2025-01-12 00:00:00+00:00,-0.015696051148423297,-0.02093020254050355,-0.02093020254050355,-0.022351985866458722
2025-01-13 00:00:00+00:00,-0.024336856773710617,0.0023985987583077127,0.0023985987583077127,0.00010101938825648723
2025-01-14 00:00:00+00:00,0.029608873512825026,0.05104047514303751,0.05104047514303751,0.05092857587115457
2025-01-15 00:00:00+00:00,0.07677886066755071,0.13043264846814204,0.13043264846814204,0.1333991967846342
2025-01-16 00:00:00+00:00,0.004324019576227721,0.012150868145948176,0.012150868145948176,0.017555228565627516
2025-01-17 00:00:00+00:00,0.048726616616943476,0.041082093776259036,0.041082093776259036,0.03266790357288592
2025-01-18 00:00:00+00:00,-0.03073832907870131,-0.019303617227062746,-0.019303617227062746,-0.014378085015135456
2025-01-19 00:00:00+00:00,-0.07410558636372634,-0.09722793883093822,-0.09722793883093822,-0.09423545071180375
2025-01-20 00:00:00+00:00,0.01494957338763569,0.027478195885305125,0.027478195885305125,0.032294786776514685
2025-01-21 00:00:00+00:00,0.021315356119857614,0.02697073699227433,0.02697073699227433,0.026852025354517382
2025-01-22 00:00:00+00:00,-0.01768304587708413,-0.006176290030547751,-0.006176290030547751,-0.005760095144873464
2025-01-23 00:00:00+00:00,-0.001138983287282759,-0.015788002441161412,-0.015788002441161412,-0.01583014290013969
2025-01-24 00:00:00+00:00,-0.008446542362899075,-0.0024146493880269006,-0.0024146493880269006,-0.002537962684831021
2025-01-25 00:00:00+00:00,0.004248483045587008,0.0021253900768369643,0.0021253900768369643,0.002095652925797992
2025-01-26 00:00:00+00:00,-0.0308110208510147,-0.028420474129636452,-0.028420474129636452,-0.02827480542545599
2025-01-27 00:00:00+00:00,-0.012041987281337388,0.005356714794920553,0.005356714794920553,0.005638742272805017
2025-01-28 00:00:00+00:00,-0.03621175620662621,-0.0012320294596833638,-0.0012320294596833638,-0.0012077012799185454
2025-01-29 00:00:00+00:00,0.019472391058023224,0.007537385665731691,0.007537385665731691,0.007537385665731691
2025-01-30 00:00:00+00:00,0.040257732953711,0.01650786025280409,0.01650786025280409,0.01650786025280409
2025-01-31 00:00:00+00:00,-0.0007990756024973507,-0.027115644392751354,-0.027115644392751354,-0.027115644392751354
2025-02-01 00:00:00+00:00,-0.05960325712444174,-0.044354062700665046,-0.044354062700665046,-0.044354062700665046
2025-02-02 00:00:00+00:00,-0.10574081486441213,-0.08916705454553958,-0.08916705454553958,-0.08916705454553958
2025-02-03 00:00:00+00:00,0.022357406558408656,0.04207280666515541,0.04207280666515541,0.04207280666515541
2025-02-04 00:00:00+00:00,-0.06106403951614827,-0.05604562533503663,-0.05604562533503663,-0.05604562533503663
2025-02-05 00:00:00+00:00,-0.014451645321063597,-0.044223740600306635,-0.044223740600306635,-0.044223740600306635
2025-02-06 00:00:00+00:00,-0.02783202897710601,-0.016393144323147174,-0.016393144323147174,-0.016393144323147174
2025-02-07 00:00:00+00:00,0.004708381713083959,0.02056956988615359,0.02056956988615359,0.02056956988615359
2025-02-08 00:00:00+00:00,0.01937935873590077,0.006086712161657937,0.006086712161657937,0.006086712161657937
2025-02-09 00:00:00+00:00,-0.004459507860815402,-0.00736064100877774,-0.00736064100877774,-0.00736064100877774
2025-02-10 00:00:00+00:00,0.029225770451875847,0.011759236550011268,0.011759236550011268,0.011759236550011268
2025-02-11 00:00:00+00:00,-0.004708797197187182,-0.004805319959310616,-0.004805319959310616,-0.004805319959310616
2025-02-12 00:00:00+00:00,0.04210272088248002,0.023376081387511082,0.023376081387511082,0.023376081387511082
2025-02-13 00:00:00+00:00,-0.012803139885408866,0.03241715224907711,0.03241715224907711,0.03241715224907711
2025-02-14 00:00:00+00:00,0.015670999444488964,0.06373465708345537,0.06373465708345537,0.06373465708345537
2025-02-15 00:00:00+00:00,-0.011355077748811079,0.00815491956423559,0.00815491956423559,0.00815491956423559
2025-02-16 00:00:00+00:00,-0.014995032772908987,-0.011520938998339078,-0.011520938998339078,-0.011520938998339078
2025-02-17 00:00:00+00:00,-0.0008033385502518069,-0.024055540068674792,-0.024055540068674792,-0.024055540068674792
2025-02-18 00:00:00+00:00,-0.029653767787434816,-0.032646934147149545,-0.032646934147149545,-0.032646934147149545
2025-02-19 00:00:00+00:00,0.02018407191444417,0.05781118166604474,0.05781118166604474,0.05781118166604474
2025-02-20 00:00:00+00:00,0.014211503918875396,-0.016082942788611165,-0.016082942788611165,-0.016082942788611165
2025-02-21 00:00:00+00:00,-0.03457169391301879,-0.03856064072517558,-0.03856064072517558,-0.03856064072517558
2025-02-22 00:00:00+00:00,0.019858002474382352,0.0006735566166707109,0.0006735566166707109,0.0006735566166707109
2025-02-23 00:00:00+00:00,-0.004173978678873688,0.0008874532708034954,0.0008874532708034954,0.0008874532708034954
2025-02-24 00:00:00+00:00,-0.1074041152405246,-0.10756384220581429,-0.10756384220581429,-0.10756384220581429
2025-02-25 00:00:00+00:00,0.005889187650916773,0.011291837100024972,0.011291837100024972,0.011291837100024972
2025-02-26 00:00:00+00:00,-0.016875266054155437,-0.04573410596250343,-0.04573410596250343,-0.04573410596250343
2025-02-27 00:00:00+00:00,0.00445786564115564,0.0007240368948407682,0.0007240368948407682,0.0007240368948407682
2025-02-28 00:00:00+00:00,-0.0002582309215285872,-0.017679741248726302,-0.017679741248726302,-0.017679741248726302
2025-03-01 00:00:00+00:00,0.002342013191220078,0.017518856592217774,0.017518856592217774,0.017518856592217774
2025-03-02 00:00:00+00:00,0.1290923707643672,0.24033379898709514,0.24033379898709514,0.24033379898709514
2025-03-03 00:00:00+00:00,-0.1448594922647244,-0.17276454678024758,-0.17276454678024758,-0.17276454678024758
2025-03-04 00:00:00+00:00,0.0033807378401280214,0.02364439676440346,-0.0017521123494962387,0.02364439676440346
2025-03-05 00:00:00+00:00,0.04567165730877401,0.01582596614312612,5.479452054794521e-05,0.01582596614312612
2025-03-06 00:00:00+00:00,-0.014320720533005064,0.03388405287013342,5.479452054794521e-05,0.03388405287013342
2025-03-07 00:00:00+00:00,-0.02115379695465116,-0.07417178138115552,5.479452054794521e-05,-0.07417178138115552
2025-03-08 00:00:00+00:00,-0.012840914399664151,-0.02170657854337921,5.479452054794521e-05,-0.02170657854337921
2025-03-09 00:00:00+00:00,-0.08434556567651184,-0.0723235370886232,5.479452054794521e-05,-0.0723235370886232
2025-03-10 00:00:00+00:00,-0.06130735517031086,-0.048482093212521504,5.479452054794521e-05,-0.048482093212521504
2025-03-11 00:00:00+00:00,0.04575689475026102,-0.0016674806475108711,5.479452054794521e-05,-0.0016674806475108711
2025-03-12 00:00:00+00:00,0.015302043213127222,5.479452054799757e-05,5.479452054794521e-05,5.479452054799757e-05
2025-03-13 00:00:00+00:00,-0.014279189322830755,5.479452054787578e-05,5.479452054794521e-05,5.479452054787578e-05
2025-03-14 00:00:00+00:00,0.031153727406325504,5.4794520548039e-05,5.479452054794521e-05,5.4794520548039e-05
2025-03-15 00:00:00+00:00,0.020242189268986098,5.4794520548002954e-05,5.479452054794521e-05,5.4794520548002954e-05
2025-03-16 00:00:00+00:00,-0.03638867988331541,5.479452054782364e-05,5.479452054794521e-05,5.479452054782364e-05
2025-03-17 00:00:00+00:00,0.02762165036609037,5.479452054805642e-05,5.479452054794521e-05,5.479452054805642e-05
2025-03-18 00:00:00+00:00,0.005522039572805732,-0.02109511776112851,5.479452054794521e-05,-0.02109511776112851
2025-03-19 00:00:00+00:00,0.040565220426866076,0.09167447652122122,5.479452054794521e-05,0.09167447652122122
2025-03-20 00:00:00+00:00,-0.02893835937924286,-0.03758048669894623,5.479452054794521e-05,-0.03758048669894623
2025-03-21 00:00:00+00:00,-0.010290399325338583,-0.01936114824290362,5.479452054794521e-05,-0.01936114824290362
2025-03-22 00:00:00+00:00,0.0039510903561980485,-0.00347721464471788,5.479452054794521e-05,-0.00347721464471788
2025-03-23 00:00:00+00:00,0.00983841950056406,0.023973203924713627,5.479452054794521e-05,0.023973203924713627
2025-03-24 00:00:00+00:00,0.03017075319742653,0.0037419251254532824,5.479452054794521e-05,0.0037419251254532824
2025-03-25 00:00:00+00:00,0.005503647014868803,-0.0003257617964232252,5.479452054794521e-05,-0.0003257617964232252
2025-03-26 00:00:00+00:00,-0.014231330603207163,-0.034521803901350845,5.479452054794521e-05,-0.034521803901350845
2025-03-27 00:00:00+00:00,-0.0012590565713226406,-0.002963735077747245,5.479452054794521e-05,-0.002963735077747245
2025-03-28 00:00:00+00:00,-0.05270178194079035,-0.048804130596310676,5.479452054794521e-05,-0.048804130596310676
2025-03-29 00:00:00+00:00,-0.036190732962661065,-0.02759515633988158,5.479452054794521e-05,-0.02759515633988158
2025-03-30 00:00:00+00:00,-0.004624079693556007,0.0007087893189044749,5.479452054794521e-05,0.0007087893189044749
2025-03-31 00:00:00+00:00,-0.0020590966601445695,-0.01845087285626106,5.479452054794521e-05,-0.01845087285626106
2025-04-01 00:00:00+00:00,0.02817423532236612,0.01964749649697438,5.479452054794521e-05,0.01964749649697438
2025-04-02 00:00:00+00:00,-0.04656418107270623,-0.047128460283775785,5.479452054794521e-05,-0.047128460283775785
2025-04-03 00:00:00+00:00,0.018653126682589338,0.017154957120050274,5.479452054794521e-05,0.017154957120050274
2025-04-04 00:00:00+00:00,0.008777270849443044,0.02660146990421838,5.479452054794521e-05,0.02660146990421838
2025-04-05 00:00:00+00:00,-0.012782795890255527,0.005594661999773038,5.479452054794521e-05,0.005594661999773038
2025-04-06 00:00:00+00:00,-0.0942736568885433,-0.09338058020763963,5.479452054794521e-05,-0.09338058020763963
2025-04-07 00:00:00+00:00,0.008774204247191114,-0.010305055640775922,5.479452054794521e-05,-0.010305055640775922
2025-04-08 00:00:00+00:00,-0.03419304680966683,-0.12537658759701015,5.479452054794521e-05,-0.0016508675418137355
2025-04-09 00:00:00+00:00,0.0908097043902866,0.04456184163052748,5.479452054794521e-05,5.479452054794521e-05
2025-04-10 00:00:00+00:00,-0.0470112482395323,-0.11581402010811499,5.479452054794521e-05,5.479452054794521e-05
2025-04-11 00:00:00+00:00,0.028771159275754014,5.458663440134179e-06,5.479452054794521e-05,5.479452054794521e-05
2025-04-12 00:00:00+00:00,0.04553313269854911,0.11531335822110812,5.479452054794521e-05,5.479452054794521e-05
2025-04-13 00:00:00+00:00,-0.033440325273631964,-0.1296666036627043,5.479452054794521e-05,5.479452054794521e-05
2025-04-14 00:00:00+00:00,-0.002663709109909236,0.003985857055928353,5.479452054794521e-05,5.479452054794521e-05
2025-04-15 00:00:00+00:00,-0.0219700504739379,-0.007223702355221484,-0.007128950112869956,5.479452054794521e-05
2025-04-16 00:00:00+00:00,0.004534198648336007,-0.009924639370424485,-0.009924639370424485,5.479452054794521e-05
2025-04-17 00:00:00+00:00,0.012577239851033335,0.0006967936684869378,0.0006967936684869378,5.479452054794521e-05
2025-04-18 00:00:00+00:00,0.002630213269119859,-0.027984720520811857,-0.027984720520811857,5.479452054794521e-05
2025-04-19 00:00:00+00:00,0.018015846613349054,0.014818735653263334,0.014818735653263334,5.479452054794521e-05
2025-04-20 00:00:00+00:00,-0.002787338940858717,-0.0006914151008600109,-0.0006914151008600109,5.479452054794521e-05
2025-04-21 00:00:00+00:00,0.001089808971451584,0.008710469118409432,0.008710469118409432,5.479452054794521e-05
2025-04-22 00:00:00+00:00,0.0653129281134312,0.0007744125898152198,0.0007744125898152198,5.479452054794521e-05
2025-04-23 00:00:00+00:00,0.012177898052446432,-0.002011959404819418,-0.002011959404819418,5.479452054794521e-05
2025-04-24 00:00:00+00:00,0.009368442183576074,-0.0007453521477067277,-0.0007453521477067277,5.479452054794521e-05
2025-04-25 00:00:00+00:00,0.004941105571621636,-0.0034315708921481103,-0.0034315708921481103,5.479452054794521e-05
2025-04-26 00:00:00+00:00,0.0023606779636062827,0.009835288818149683,0.009835288818149683,5.479452054794521e-05
2025-04-27 00:00:00+00:00,-0.021375893283805743,-0.006279078141487696,-0.006279078141487696,5.479452054794521e-05
2025-04-28 00:00:00+00:00,0.012865503175551895,0.002881951455611721,0.002881951455611721,5.479452054794521e-05
2025-04-29 00:00:00+00:00,-0.014442512799843965,-0.012495689459948466,-0.012495689459948466,5.479452054794521e-05
2025-04-30 00:00:00+00:00,-0.010396310515852393,0.006815962036665272,0.006815962036665272,5.479452054794521e-05
2025-05-01 00:00:00+00:00,0.021951605262968188,-0.004415860248924601,-0.004415860248924601,5.479452054794521e-05
2025-05-02 00:00:00+00:00,0.0018184861082338592,0.008085125899633037,0.008085125899633037,5.479452054794521e-05
2025-05-03 00:00:00+00:00,-0.020696895597569476,-0.0056936908708591,-0.0056936908708591,5.479452054794521e-05
2025-05-04 00:00:00+00:00,-0.02330406706884694,0.0039206961751674495,0.0039206961751674495,5.479452054794521e-05
2025-05-05 00:00:00+00:00,-0.001436983127808155,0.003123482415167072,0.003123482415167072,5.479452054794521e-05
2025-05-06 00:00:00+00:00,0.010162847610876302,-0.009296743443452486,-0.009296743443452486,5.479452054794521e-05
2025-05-07 00:00:00+00:00,0.008604486245348139,0.035036493196094295,0.035036493196094295,5.479452054794521e-05
2025-05-08 00:00:00+00:00,0.10332064925575779,0.031830462362179866,0.031830462362179866,5.479452054794521e-05
2025-05-09 00:00:00+00:00,0.03110804526163156,0.007962612266346848,0.007962612266346848,5.479452054794521e-05
2025-05-10 00:00:00+00:00,0.07387048841338688,0.03146576432253109,0.03146576432253109,5.479452054794521e-05
2025-05-11 00:00:00+00:00,-0.0325094259876725,-0.005975633402063517,-0.005975633402063517,5.479452054794521e-05
2025-05-12 00:00:00+00:00,0.0054513579987294685,0.009679221876060896,0.009679221876060896,5.479452054794521e-05
2025-05-13 00:00:00+00:00,0.020150179395622553,-0.0002287953164671594,-0.0002287953164671594,5.479452054794521e-05
2025-05-14 00:00:00+00:00,-0.031682042489015315,-0.02791497323025074,-0.02791497323025074,5.479452054794521e-05
2025-05-15 00:00:00+00:00,-0.03503695174205969,-0.00908237467527384,-0.00908237467527384,5.479452054794521e-05
2025-05-16 00:00:00+00:00,-0.003186064602864726,0.017145189033746244,0.017145189033746244,5.479452054794521e-05
2025-05-17 00:00:00+00:00,-0.02365090960702126,-0.01614724704408398,-0.01614724704408398,5.479452054794521e-05
2025-05-18 00:00:00+00:00,0.03268511310315488,0.005897198327815548,0.005897198327815548,5.479452054794521e-05
2025-05-19 00:00:00+00:00,-0.023010166731217363,-0.02226634597686044,-0.02226634597686044,5.479452054794521e-05
2025-05-20 00:00:00+00:00,0.004485262548317331,0.006723211747966116,0.006723211747966116,5.479452054794521e-05
2025-05-21 00:00:00+00:00,0.019160806331713916,0.0025321435131022635,0.0025321435131022635,5.479452054794521e-05
2025-05-22 00:00:00+00:00,0.03799602764759122,0.039607503474333124,0.039607503474333124,5.479452054794521e-05
2025-05-23 00:00:00+00:00,-0.058897612743766724,-0.030454459579398793,-0.030454459579398793,5.479452054794521e-05
2025-05-24 00:00:00+00:00,0.001633565778685078,-9.152238467277207e-05,-9.152238467277207e-05,5.479452054794521e-05
2025-05-25 00:00:00+00:00,0.007709727702270301,0.010401602111414502,0.010401602111414502,5.479452054794521e-05
2025-05-26 00:00:00+00:00,-0.00027408106630910753,0.000380626811457954,0.000380626811457954,5.479452054794521e-05
2025-05-27 00:00:00+00:00,0.008215912957733981,0.005228388502607088,0.005228388502607088,-0.0018970902042090968
2025-05-28 00:00:00+00:00,0.0014007586434945675,-0.002428200413591286,-0.002428200413591286,2.744261221095163e-06
2025-05-29 00:00:00+00:00,-0.027393229080164443,-0.01080696105581541,-0.01080696105581541,2.7442612210559253e-06
2025-05-30 00:00:00+00:00,-0.055093901087991795,-0.022510369587475185,-0.022510369587475185,2.744261221001204e-06
2025-05-31 00:00:00+00:00,0.005070079511643364,0.008897630136086087,0.008897630136086087,2.7442612210961403e-06
2025-06-01 00:00:00+00:00,0.00626202403923335,0.003236976605933876,0.003236976605933876,2.744261221106033e-06
2025-06-02 00:00:00+00:00,0.010625746341807563,-0.002995038044955236,-0.002995038044955236,2.744261221105418e-06
2025-06-03 00:00:00+00:00,0.00040037243445215445,-0.0016597827860375305,-0.0016597827860375305,-2.433485686599386e-05
2025-06-04 00:00:00+00:00,-0.016956355669509218,0.0017679980118226613,0.0017679980118226613,2.0221514053921162e-06
2025-06-05 00:00:00+00:00,-0.047946081650724115,-0.007527739788635424,-0.007527739788635424,2.0221514053034573e-06
2025-06-06 00:00:00+00:00,0.0249416992648495,0.007583259954811952,0.007583259954811952,2.0221514055070484e-06
2025-06-07 00:00:00+00:00,0.02353909998648847,0.01413352235556997,0.01413352235556997,2.022151405481252e-06
2025-06-08 00:00:00+00:00,0.0005525923372564167,-0.004159545145427537,-0.004159545145427537,2.0221514054362843e-06
2025-06-09 00:00:00+00:00,0.03854920469867185,0.022842865622770426,0.022842865622770426,2.022151405524509e-06
2025-06-10 00:00:00+00:00,0.035073131547530535,0.009231053882919681,0.009231053882919681,0.003807293440385507
2025-06-11 00:00:00+00:00,-0.023879642987907793,-0.02769307506842018,-0.02769307506842018,-0.010109913891958651
2025-06-12 00:00:00+00:00,-0.04530176781532176,-0.023709175738159685,-0.023709175738159685,-0.00611879828057735
2025-06-13 00:00:00+00:00,-0.010196431357579326,-0.002369050884061801,-0.002369050884061801,-0.001696046658423189
2025-06-14 00:00:00+00:00,-0.017770102893531304,7.640112429274285e-05,7.640112429274285e-05,0.0011386579203763838
2025-06-15 00:00:00+00:00,0.009380046401093483,0.005611624268186282,0.005611624268186282,0.00225594291169608
2025-06-16 00:00:00+00:00,0.0066941496434184495,0.0044898019962738385,0.0044898019962738385,0.0001638761723679307
2025-06-17 00:00:00+00:00,-0.022436489602691415,-0.013323496570061134,-0.013323496570061134,-0.0005647558674565333
2025-06-18 00:00:00+00:00,0.00018391572819433569,0.003268972477718268,0.003268972477718268,4.228173085907293e-07
2025-06-19 00:00:00+00:00,0.0035099173351307777,0.003969121249691837,0.003969121249691837,4.228173085847531e-07
2025-06-20 00:00:00+00:00,-0.03168382433159863,-0.010882677873604345,-0.010882677873604345,4.2281730846245744e-07
2025-06-21 00:00:00+00:00,-0.03016643518642869,-0.007172490903714858,-0.007172490903714858,4.228173084710777e-07
2025-06-22 00:00:00+00:00,-0.022484607919613694,-0.016312426609988055,-0.016312426609988055,4.228173085143831e-07
2025-06-23 00:00:00+00:00,0.06386541024210216,0.03211460080816052,0.03211460080816052,4.228173088657391e-07
2025-06-24 00:00:00+00:00,0.009072086294305353,5.257709062512128e-05,5.257709062512128e-05,0.00021405211878861106
2025-06-25 00:00:00+00:00,-0.009911072090572385,0.007430045760866286,0.007430045760866286,-0.0004579872905196393
2025-06-26 00:00:00+00:00,-0.014250687897268454,-0.003161377911962531,-0.003161377911962531,-0.0013905490627928061
2025-06-27 00:00:00+00:00,0.009966553481378733,0.008482958006662246,0.008482958006662246,0.0014661601083539003
2025-06-28 00:00:00+00:00,0.013183732479768534,-1.5961026037505185e-05,-1.5961026037505185e-05,0.000994424140945763
2025-06-29 00:00:00+00:00,0.022908948295278297,0.008912485312022073,0.008912485312022073,0.0014465539061998154
2025-06-30 00:00:00+00:00,-0.014235368125953413,0.004888728185545825,0.004888728185545825,0.0018879150215062326
2025-07-01 00:00:00+00:00,-0.03392608581943508,-0.008382219078149478,-0.008382219078149478,-0.005647340007879822
2025-07-02 00:00:00+00:00,0.0502421893264193,0.020283551450326807,0.020283551450326807,0.009129169845223344
2025-07-03 00:00:00+00:00,0.005901117747559154,-0.006653309956330805,-0.006653309956330805,-0.012402115944903409
2025-07-04 00:00:00+00:00,-0.032346503457539616,-0.017794602509915866,-0.017794602509915866,-0.010985000448779307
2025-07-05 00:00:00+00:00,0.00535154524267905,0.005259867389158325,0.005259867389158325,0.004789813816141287
2025-07-06 00:00:00+00:00,0.015842258193600366,0.008161562660551616,0.008161562660551616,0.0019403704740386938
2025-07-07 00:00:00+00:00,-0.006935090978199048,0.002213132271273105,0.002213132271273105,0.004455972451128237
2025-07-08 00:00:00+00:00,0.017770786884400556,0.004858144982558451,0.004858144982558451,0.003611309214299991
2025-07-09 00:00:00+00:00,0.0407269217077068,0.017151719055682246,0.017151719055682246,0.012392087026451438
2025-07-10 00:00:00+00:00,0.04517733400516683,0.021926674409922665,0.021926674409922665,0.006345447413373956
2025-07-11 00:00:00+00:00,0.01929267487718854,0.01831870128414068,0.01831870128414068,0.01554152234155625
2025-07-12 00:00:00+00:00,-0.002110556216438506,-0.011148519199356858,-0.011148519199356858,-0.01775025203189117
2025-07-13 00:00:00+00:00,0.024653572121579967,0.00676127801161354,0.00676127801161354,0.0017986301692642084
2025-07-14 00:00:00+00:00,0.004259659589191435,0.0005556359895624946,0.0005556359895624946,-0.002614397727685258
2025-07-15 00:00:00+00:00,0.011343463819008304,-0.01160464251621456,-0.01160464251621456,-0.012947063805966616
2025-07-16 00:00:00+00:00,0.020564802832587603,0.011785731216026182,0.011785731216026182,0.007890445803987105
2025-07-17 00:00:00+00:00,0.033236263976825435,0.018020336641218954,0.018020336641218954,0.03250117245786313
2025-07-18 00:00:00+00:00,0.016160161369261676,-0.00594452922255649,-0.00594452922255649,-0.007071815134560665
2025-07-19 00:00:00+00:00,0.037235082274268576,-0.0026828533848353912,-0.0026828533848353912,-0.005239423070818322
2025-07-20 00:00:00+00:00,0.029054562582689125,0.006394774441591571,0.006394774441591571,0.014504733667187176
2025-07-21 00:00:00+00:00,0.00206567489908703,-0.001791474382239902,-0.001791474382239902,-0.00426685955900714
2025-07-22 00:00:00+00:00,0.007037200109275015,-0.002302391393810904,-0.002302391393810904,-0.0013319808114529027
2025-07-23 00:00:00+00:00,-0.06400665026742236,-0.036188497649189535,-0.036188497649189535,-0.05660236914873916
2025-07-24 00:00:00+00:00,-0.009020943747724145,0.01266876871739507,0.01266876871739507,0.0012963377485793643
2025-07-25 00:00:00+00:00,0.01624629761634192,0.011830904081243657,0.011830904081243657,0.01783490177267449
2025-07-26 00:00:00+00:00,0.006275409959793097,0.006095319676026513,0.006095319676026513,0.006680517407269515
2025-07-27 00:00:00+00:00,0.02396456106385611,0.02062968760172883,0.02062968760172883,0.02108772942477801
2025-07-28 00:00:00+00:00,-0.03777214981537721,-0.014007746783313624,-0.014007746783313624,-0.023963869390244887
2025-07-29 00:00:00+00:00,-0.0051555785382937785,0.013686537873711865,0.013686537873711865,0.01105895040720735
2025-07-30 00:00:00+00:00,-0.014773438369221587,-0.011134460646208637,-0.011134460646208637,-0.0032388024820606707
2025-07-31 00:00:00+00:00,-0.03310107844068463,-0.017875640362095498,-0.017875640362095498,-0.02185647202536351
2025-08-01 00:00:00+00:00,-0.031220073727686492,-0.027815255590985945,-0.027815255590985945,-0.02991979496227959
2025-08-02 00:00:00+00:00,-0.023373216353381535,-0.01667488061070318,-0.01667488061070318,-0.017888209203078768
2025-08-03 00:00:00+00:00,0.032785981560468115,0.02254089852707329,0.02254089852707329,0.026801706593156394
2025-08-04 00:00:00+00:00,0.04089333244982878,0.03218927017288191,0.03218927017288191,0.0351706289644943
2025-08-05 00:00:00+00:00,-0.027456301722387264,-0.011659563679490335,-0.011659563679490335,-0.012774382759856285
2025-08-06 00:00:00+00:00,0.013438640308017481,0.014976835194273994,0.014976835194273994,0.015459725911459195
2025-08-07 00:00:00+00:00,0.047704444989991254,0.021378838398612626,0.021378838398612626,0.017293117553936012
2025-08-08 00:00:00+00:00,0.01717397794080493,0.007093689722246116,0.007093689722246116,0.005221959905762109
2025-08-09 00:00:00+00:00,0.019405681921407864,0.010133102874238901,0.010133102874238901,0.0002018431805373578
2025-08-10 00:00:00+00:00,-0.002698611212309622,0.005100732762517994,0.005100732762517994,0.005474543170566857
2025-08-11 00:00:00+00:00,-0.025245594588626123,0.010177214792018783,0.010177214792018783,0.010617351290618176
2025-08-12 00:00:00+00:00,0.05576892783418609,0.041047980900852404,0.041047980900852404,0.04258904309231086
2025-08-13 00:00:00+00:00,0.02390439417811211,0.02238831112204046,0.02238831112204046,0.022929098574505258
2025-08-14 00:00:00+00:00,-0.051855717071149325,-0.02276668108451276,-0.02276668108451276,-0.023543351388319894
2025-08-15 00:00:00+00:00,-0.006771567305157821,-0.013482078741394026,-0.013482078741394026,-0.013986260718576756
2025-08-16 00:00:00+00:00,0.00913546331273729,-0.009386814659023556,-0.009386814659023556,-0.008919511033066268
2025-08-17 00:00:00+00:00,0.0130874207657848,0.010108762272989931,0.010108762272989931,0.010164040746547583
2025-08-18 00:00:00+00:00,-0.026789992681682,-0.01684071828511946,-0.01684071828511946,-0.017696341628203632
2025-08-19 00:00:00+00:00,-0.04453961124274291,-0.02337471773239497,-0.02337471773239497,-0.022573682907028717
2025-08-20 00:00:00+00:00,0.04340669385937854,0.03219107988322564,0.03219107988322564,0.029009026291906482
2025-08-21 00:00:00+00:00,-0.020660476396872747,-0.012458172900039522,-0.012458172900039522,-0.009270237766434195
2025-08-22 00:00:00+00:00,0.07862157269518935,0.0635295527172923,0.0635295527172923,0.06207668129448961
2025-08-23 00:00:00+00:00,-0.004298640526399669,-0.012298284661034952,-0.012298284661034952,-0.010242154254294185
2025-08-24 00:00:00+00:00,-0.01112023161538416,-0.0030008983997864913,-0.0030008983997864913,-0.0023497710782440255
2025-08-25 00:00:00+00:00,-0.07052261456416618,-0.05845146275487513,-0.05845146275487513,-0.05877318223945266
2025-08-26 00:00:00+00:00,0.02625568477353011,0.03274957437812421,0.03274957437812421,0.03285746877679746
2025-08-27 00:00:00+00:00,-0.007500813982312025,-0.01680150294485329,-0.01680150294485329,-0.01680150294485329
2025-08-28 00:00:00+00:00,0.017174159185711368,0.000847982599090787,0.000847982599090787,0.000847982599090787
2025-08-29 00:00:00+00:00,-0.04187938678641125,-0.023660765137636104,-0.023660765137636104,-0.023660765137636104
2025-08-30 00:00:00+00:00,0.0061249305771178255,0.0032103569275920485,0.0032103569275920485,0.0032103569275920485
2025-08-31 00:00:00+00:00,-0.01157114025337915,0.0037784564112494073,0.0037784564112494073,0.0037784564112494073
2025-09-01 00:00:00+00:00,-0.010915491124387512,-0.011817953941957417,-0.011817953941957417,-0.011817953941957417
2025-09-02 00:00:00+00:00,0.02565418662758223,0.006924772591205558,0.006924772591205558,0.006924772591205558
2025-09-03 00:00:00+00:00,0.008615743449602682,0.01371015070891591,0.01371015070891591,0.01371015070891591
2025-09-04 00:00:00+00:00,-0.02671069340742331,-0.020935375863149877,-0.020935375863149877,-0.020935375863149877
2025-09-05 00:00:00+00:00,0.010119577957751735,-0.0007877303222081336,-0.0007877303222081336,-0.0007877303222081336
2025-09-06 00:00:00+00:00,-0.008117926880103132,-0.02553300594885247,-0.02553300594885247,-0.02553300594885247
2025-09-07 00:00:00+00:00,0.019653044064894837,0.02822764019150864,0.02822764019150864,0.02822764019150864
2025-09-08 00:00:00+00:00,0.01434198947597107,-0.001708210400571128,-0.001708210400571128,-0.001708210400571128
2025-09-09 00:00:00+00:00,-0.0002062580089009976,-0.0006120275087247091,-0.0006120275087247091,-0.0006120275087247091
2025-09-10 00:00:00+00:00,0.023511134575234224,0.011112590418601388,0.011112590418601388,0.011112590418601388
2025-09-11 00:00:00+00:00,0.01521823127933311,0.01294822902447268,0.01294822902447268,0.01294822902447268
2025-09-12 00:00:00+00:00,0.021927307920132685,0.025658694878768575,0.025658694878768575,0.025658694878768575
2025-09-13 00:00:00+00:00,0.009045273097242007,0.003748152435084002,0.003748152435084002,0.003748152435084002
2025-09-14 00:00:00+00:00,-0.02576633299057914,-0.0068578496195041755,-0.0068578496195041755,-0.0068578496195041755
2025-09-15 00:00:00+00:00,-0.01757367561245531,-0.008955398784714894,-0.008955398784714894,-0.008955398784714894
2025-09-16 00:00:00+00:00,0.010355920632628435,0.014774087217477364,0.014774087217477364,0.014774087217477364
2025-09-17 00:00:00+00:00,0.022685976393396975,0.02113744262047106,0.02113744262047106,0.02113744262047106
2025-09-18 00:00:00+00:00,0.01086169614776185,0.0008793784693346728,0.0008793784693346728,0.0008793784693346728
2025-09-19 00:00:00+00:00,-0.030299631140068683,-0.008541229181729238,-0.008541229181729238,-0.008541229181729238
2025-09-20 00:00:00+00:00,0.002386500395273597,0.03045557744232937,0.03045557744232937,0.03045557744232937
2025-09-21 00:00:00+00:00,-0.010049912833336373,-0.002722003543049711,-0.002722003543049711,-0.002722003543049711
2025-09-22 00:00:00+00:00,-0.04731736422097618,-0.038269122290946686,-0.038269122290946686,-0.038269122290946686
2025-09-23 00:00:00+00:00,-0.00855033050929727,0.010451942268349645,0.010451942268349645,0.010451942268349645
2025-09-24 00:00:00+00:00,0.002035530142184169,-0.0019321527344603948,-0.0019321527344603948,-0.0019321527344603948
2025-09-25 00:00:00+00:00,-0.0539165162898488,-0.06339041684358078,-0.06339041684358078,-0.06339041684358078
2025-09-26 00:00:00+00:00,0.025810224739537473,0.015151686229105702,0.015151686229105702,0.015151686229105702
2025-09-27 00:00:00+00:00,-0.004700012497835604,0.0024452488967964784,0.0024452488967964784,0.0024452488967964784
2025-09-28 00:00:00+00:00,0.021586583893760607,0.020010813587555982,0.020010813587555982,0.020010813587555982
2025-09-29 00:00:00+00:00,0.0035909289216920926,0.02452393185283799,0.02452393185283799,0.02452393185283799
