datetime,timestamp,open,high,low,close,volume
2020-01-01 00:00:00+00:00,1577836800000,13.7159,13.8692,13.65,13.7184,940625.04
2020-01-02 00:00:00+00:00,1577923200000,13.7072,13.7302,12.98,13.0105,971190.67
2020-01-03 00:00:00+00:00,1578009600000,13.0104,13.75,12.9801,13.6474,1458450.49
2020-01-04 00:00:00+00:00,1578096000000,13.6481,13.871,13.5102,13.8092,1231281.06
2020-01-05 00:00:00+00:00,1578182400000,13.7978,14.3133,13.791,14.0532,1458003.02
2020-01-06 00:00:00+00:00,1578268800000,14.0488,14.9873,14.0168,14.9471,1633712.04
2020-01-07 00:00:00+00:00,1578355200000,14.9427,15.187,14.456,15.0226,1458769.7
2020-01-08 00:00:00+00:00,1578441600000,15.0212,15.32,14.2,14.5334,1497529.49
2020-01-09 00:00:00+00:00,1578528000000,14.5334,14.5823,14.201,14.3978,1075088.98
2020-01-10 00:00:00+00:00,1578614400000,14.3806,15.0973,14.11,15.07,1572086.31
2020-01-11 00:00:00+00:00,1578700800000,15.0643,15.32,14.7111,14.9177,1397398.3
2020-01-12 00:00:00+00:00,1578787200000,14.9137,15.4707,14.8001,15.3366,2042903.51
2020-01-13 00:00:00+00:00,1578873600000,15.337,15.3572,14.9295,15.1736,1522093.0
2020-01-14 00:00:00+00:00,1578960000000,15.1735,16.91,15.1659,16.6371,2711583.22
2020-01-15 00:00:00+00:00,1579046400000,16.6301,18.19,16.27,17.6655,3041574.63
2020-01-16 00:00:00+00:00,1579132800000,17.6655,17.6923,16.31,17.0333,1842017.29
2020-01-17 00:00:00+00:00,1579219200000,17.04,18.4849,17.04,18.0724,2734829.93
2020-01-18 00:00:00+00:00,1579305600000,18.0763,18.3602,17.45,17.8088,1903293.0
2020-01-19 00:00:00+00:00,1579392000000,17.7954,18.495,16.6666,17.388,2128210.74
2020-01-20 00:00:00+00:00,1579478400000,17.3706,17.5516,16.8043,17.3235,1576499.08
2020-01-21 00:00:00+00:00,1579564800000,17.3265,18.2,17.2228,18.1166,1923914.5
2020-01-22 00:00:00+00:00,1579651200000,18.1107,18.4,17.55,17.8344,1607749.78
2020-01-23 00:00:00+00:00,1579737600000,17.8344,17.8344,16.7441,17.0524,1363632.79
2020-01-24 00:00:00+00:00,1579824000000,17.0813,17.4429,16.4288,17.1148,1411501.98
2020-01-25 00:00:00+00:00,1579910400000,17.1133,17.1215,16.5685,16.9555,1211416.32
2020-01-26 00:00:00+00:00,1579996800000,16.9419,17.499,16.8315,17.499,1619344.75
2020-01-27 00:00:00+00:00,1580083200000,17.4919,17.95,17.2198,17.67,1562998.84
2020-01-28 00:00:00+00:00,1580169600000,17.67,18.16,17.4466,18.0662,1916526.07
2020-01-29 00:00:00+00:00,1580256000000,18.0614,18.4437,17.809,17.9134,1452764.7
2020-01-30 00:00:00+00:00,1580342400000,17.9296,18.7027,17.7,18.5555,1787521.22
2020-01-31 00:00:00+00:00,1580428800000,18.5557,18.88,17.8,18.2644,1647399.08
2020-02-01 00:00:00+00:00,1580515200000,18.2644,18.5956,18.03,18.2752,1511588.86
2020-02-02 00:00:00+00:00,1580601600000,18.2753,18.7714,17.8277,18.4333,1558716.52
2020-02-03 00:00:00+00:00,1580688000000,18.4333,18.8763,18.1959,18.46,1314693.12
2020-02-04 00:00:00+00:00,1580774400000,18.461,18.6158,17.87,18.1778,1215609.2
2020-02-05 00:00:00+00:00,1580860800000,18.1778,19.4583,18.1635,19.262,2068915.04
2020-02-06 00:00:00+00:00,1580947200000,19.2686,20.84,19.03,20.6675,2794537.34
2020-02-07 00:00:00+00:00,1581033600000,20.6665,22.5221,20.5199,22.0555,3187751.23
2020-02-08 00:00:00+00:00,1581120000000,22.036,22.19,20.8943,21.7888,2208642.4
2020-02-09 00:00:00+00:00,1581206400000,21.7871,24.3814,21.7746,24.38,2853749.06
2020-02-10 00:00:00+00:00,1581292800000,24.3517,25.7935,23.3,25.1465,4794544.72
2020-02-11 00:00:00+00:00,1581379200000,25.145,25.74,24.1202,25.6963,3512538.38
2020-02-12 00:00:00+00:00,1581465600000,25.6728,26.9196,25.3402,26.4243,2954235.48
2020-02-13 00:00:00+00:00,1581552000000,26.4136,27.1905,24.5995,25.4579,3638084.35
2020-02-14 00:00:00+00:00,1581638400000,25.4621,26.513,25.0304,26.3547,3252594.32
2020-02-15 00:00:00+00:00,1581724800000,26.3662,26.4931,23.5288,24.2576,3355196.37
2020-02-16 00:00:00+00:00,1581811200000,24.2388,25.2485,21.8,23.3193,3752723.69
2020-02-17 00:00:00+00:00,1581897600000,23.3193,23.6,21.551,23.4555,3208991.96
2020-02-18 00:00:00+00:00,1581984000000,23.4558,24.4588,22.8013,24.0821,3010749.17
2020-02-19 00:00:00+00:00,1582070400000,24.0611,24.3264,21.8,22.3709,2160221.91
2020-02-20 00:00:00+00:00,1582156800000,22.3702,22.6741,21.0,22.1626,2367513.62
2020-02-21 00:00:00+00:00,1582243200000,22.1617,22.8639,21.7677,22.1888,2989205.36
2020-02-22 00:00:00+00:00,1582329600000,22.1997,22.35,21.5,21.9689,2139282.22
2020-02-23 00:00:00+00:00,1582416000000,21.9458,22.98,21.9275,22.8452,3052036.96
2020-02-24 00:00:00+00:00,1582502400000,22.8267,23.255,21.4844,22.0965,2294898.35
2020-02-25 00:00:00+00:00,1582588800000,22.0965,22.0967,20.0711,20.3193,2335580.11
2020-02-26 00:00:00+00:00,1582675200000,20.3316,20.5191,17.9,18.7441,3772185.04
2020-02-27 00:00:00+00:00,1582761600000,18.7338,19.6499,17.7051,19.2,3018934.76
2020-02-28 00:00:00+00:00,1582848000000,19.1889,19.7551,17.9053,18.9838,3099999.93
2020-02-29 00:00:00+00:00,1582934400000,18.9838,20.4,18.8,19.23,3569383.92
2020-03-01 00:00:00+00:00,1583020800000,19.2481,19.8994,18.488,18.902,2382184.78
2020-03-02 00:00:00+00:00,1583107200000,18.9183,20.0722,18.7583,19.9289,3267729.0
2020-03-03 00:00:00+00:00,1583193600000,19.9297,20.3865,19.3156,19.6882,2545825.0
2020-03-04 00:00:00+00:00,1583280000000,19.6707,20.2847,19.5131,19.95,2408511.94
2020-03-05 00:00:00+00:00,1583366400000,19.95,21.4585,19.9401,20.7462,3090423.11
2020-03-06 00:00:00+00:00,1583452800000,20.7463,21.7628,20.6303,21.3389,3229858.82
2020-03-07 00:00:00+00:00,1583539200000,21.3389,21.49,19.7183,20.25,2378944.85
2020-03-08 00:00:00+00:00,1583625600000,20.25,20.2612,16.7315,16.894,3465550.25
2020-03-09 00:00:00+00:00,1583712000000,16.8939,17.4775,15.6168,16.5888,4046754.14
2020-03-10 00:00:00+00:00,1583798400000,16.5934,17.4475,16.3107,16.8671,3449744.57
2020-03-11 00:00:00+00:00,1583884800000,16.853,17.1388,15.41,16.5705,2581538.77
2020-03-12 00:00:00+00:00,1583971200000,16.5698,16.6,8.89,9.2566,8801238.37
2020-03-13 00:00:00+00:00,1584057600000,9.2565,11.5572,6.38,10.9204,11661947.1
2020-03-14 00:00:00+00:00,1584144000000,10.9224,11.2886,9.8652,10.1487,5350550.68
2020-03-15 00:00:00+00:00,1584230400000,10.1475,11.2644,9.9768,10.3898,6424065.36
2020-03-16 00:00:00+00:00,1584316800000,10.3808,10.3952,8.4422,9.4285,5814301.17
2020-03-17 00:00:00+00:00,1584403200000,9.429,10.49,9.3265,10.2576,5102840.45
2020-03-18 00:00:00+00:00,1584489600000,10.2498,10.4301,9.6539,10.3866,4453108.43
2020-03-19 00:00:00+00:00,1584576000000,10.3917,12.6891,10.226,12.2597,5850057.14
2020-03-20 00:00:00+00:00,1584662400000,12.2597,13.65,10.4014,11.9147,6965457.92
2020-03-21 00:00:00+00:00,1584748800000,11.8967,12.4199,11.25,12.1,5811696.5
2020-03-22 00:00:00+00:00,1584835200000,12.105,12.4754,11.0145,11.167,4562736.86
2020-03-23 00:00:00+00:00,1584921600000,11.1494,12.49,10.8427,12.1887,5299899.45
2020-03-24 00:00:00+00:00,1585008000000,12.1887,12.5834,11.91,12.426,4627182.29
2020-03-25 00:00:00+00:00,1585094400000,12.4261,12.7108,12.0561,12.3251,3607793.89
2020-03-26 00:00:00+00:00,1585180800000,12.3253,13.2565,12.19,13.199,3439169.72
2020-03-27 00:00:00+00:00,1585267200000,13.1989,13.3655,12.16,12.3354,2778050.91
2020-03-28 00:00:00+00:00,1585353600000,12.3375,12.3588,11.6414,12.1888,2478685.11
2020-03-29 00:00:00+00:00,1585440000000,12.1888,12.2425,11.275,11.3008,2305768.52
2020-03-30 00:00:00+00:00,1585526400000,11.3007,12.4277,11.2552,12.1365,4237647.48
2020-03-31 00:00:00+00:00,1585612800000,12.1368,12.7322,12.118,12.5451,5120471.15
2020-04-01 00:00:00+00:00,1585699200000,12.5497,12.7386,11.96,12.72,4359956.32
2020-04-02 00:00:00+00:00,1585785600000,12.719,13.7362,12.5349,13.0166,5332604.53
2020-04-03 00:00:00+00:00,1585872000000,13.0185,13.57,12.9106,13.3615,5030322.03
2020-04-04 00:00:00+00:00,1585958400000,13.3682,14.0561,13.1724,13.7606,4840528.53
2020-04-05 00:00:00+00:00,1586044800000,13.7608,13.9638,13.4002,13.6888,4275639.25
2020-04-06 00:00:00+00:00,1586131200000,13.6888,15.2149,13.6371,15.1989,5583296.76
2020-04-07 00:00:00+00:00,1586217600000,15.193,15.49,14.2503,14.7266,4718920.67
2020-04-08 00:00:00+00:00,1586304000000,14.7267,15.3486,14.57,15.0888,4614905.63
2020-04-09 00:00:00+00:00,1586390400000,15.0899,15.2011,14.6279,15.0096,4638418.39
2020-04-10 00:00:00+00:00,1586476800000,15.0096,15.0797,13.47,13.72,3999879.14
2020-04-11 00:00:00+00:00,1586563200000,13.7171,14.0808,13.5234,13.807,3692817.92
2020-04-12 00:00:00+00:00,1586649600000,13.8089,14.8399,13.6439,14.2808,4070517.82
2020-04-13 00:00:00+00:00,1586736000000,14.2808,15.0799,13.6289,15.0277,4313190.93
2020-04-14 00:00:00+00:00,1586822400000,15.0257,15.9555,14.7835,15.6148,4523071.2
2020-04-15 00:00:00+00:00,1586908800000,15.6148,15.8888,14.4913,14.5755,3795966.9
2020-04-16 00:00:00+00:00,1586995200000,14.5755,15.7669,14.116,15.7394,4068049.48
2020-04-17 00:00:00+00:00,1587081600000,15.7394,15.92,15.2501,15.64,3150559.17
2020-04-18 00:00:00+00:00,1587168000000,15.6447,16.8183,15.6242,16.6137,3968019.07
2020-04-19 00:00:00+00:00,1587254400000,16.6198,16.6933,15.8509,16.0683,2962072.6
2020-04-20 00:00:00+00:00,1587340800000,16.0677,16.4499,14.8219,14.9892,3219905.9
2020-04-21 00:00:00+00:00,1587427200000,14.984,15.4416,14.6945,15.1283,3137524.29
2020-04-22 00:00:00+00:00,1587513600000,15.1381,15.803,14.9112,15.7104,3296897.61
2020-04-23 00:00:00+00:00,1587600000000,15.7103,16.4666,15.4102,16.034,3457409.45
2020-04-24 00:00:00+00:00,1587686400000,16.0502,16.2568,15.68,15.9319,3008320.26
2020-04-25 00:00:00+00:00,1587772800000,15.9319,16.4305,15.7761,16.2283,2946839.79
2020-04-26 00:00:00+00:00,1587859200000,16.2235,16.4435,16.04,16.3588,3314818.91
2020-04-27 00:00:00+00:00,1587945600000,16.3645,16.56,16.063,16.4229,2937287.36
2020-04-28 00:00:00+00:00,1588032000000,16.4199,16.49,16.1125,16.34,2838511.43
2020-04-29 00:00:00+00:00,1588118400000,16.3354,17.5171,16.3,17.3667,3817656.7
2020-04-30 00:00:00+00:00,1588204800000,17.3754,18.1377,16.5,16.9542,4127322.51
2020-05-01 00:00:00+00:00,1588291200000,16.951,17.8551,16.9381,17.466,3805293.67
2020-05-02 00:00:00+00:00,1588377600000,17.4665,17.5711,17.2599,17.5333,3009939.67
2020-05-03 00:00:00+00:00,1588464000000,17.5337,17.81,16.8711,17.1071,2616299.53
2020-05-04 00:00:00+00:00,1588550400000,17.1027,17.3267,16.2556,17.0074,2755883.63
2020-05-05 00:00:00+00:00,1588636800000,17.012,17.2993,16.606,16.8886,2613361.65
2020-05-06 00:00:00+00:00,1588723200000,16.8814,17.145,16.3018,16.3743,2716280.37
2020-05-07 00:00:00+00:00,1588809600000,16.3672,17.24,16.1218,17.0003,3030451.51
2020-05-08 00:00:00+00:00,1588896000000,17.0003,17.3977,16.823,17.1371,2621559.87
2020-05-09 00:00:00+00:00,1588982400000,17.1371,17.4926,16.733,16.7751,2243643.83
2020-05-10 00:00:00+00:00,1589068800000,16.7753,16.79,13.9129,15.3506,2900497.8
2020-05-11 00:00:00+00:00,1589155200000,15.3506,15.5468,14.01,15.0811,2726253.27
2020-05-12 00:00:00+00:00,1589241600000,15.0902,16.24,14.9586,15.7892,3026813.09
2020-05-13 00:00:00+00:00,1589328000000,15.7941,16.35,15.6785,16.2164,2813530.97
2020-05-14 00:00:00+00:00,1589414400000,16.2187,16.6982,16.0123,16.3777,2801822.6
2020-05-15 00:00:00+00:00,1589500800000,16.3722,16.4719,15.4606,15.7222,2314685.06
2020-05-16 00:00:00+00:00,1589587200000,15.7121,16.2367,15.58,16.058,2730367.35
2020-05-17 00:00:00+00:00,1589673600000,16.058,16.51,16.0014,16.2959,2894016.23
2020-05-18 00:00:00+00:00,1589760000000,16.2999,16.862,16.2511,16.6299,3116537.96
2020-05-19 00:00:00+00:00,1589846400000,16.6298,17.2488,16.3,17.2098,3245275.75
2020-05-20 00:00:00+00:00,1589932800000,17.2096,17.3396,16.4851,16.8998,2395316.09
2020-05-21 00:00:00+00:00,1590019200000,16.8994,17.0675,15.7218,16.0888,2163570.98
2020-05-22 00:00:00+00:00,1590105600000,16.0888,16.924,15.9145,16.5864,2520655.47
2020-05-23 00:00:00+00:00,1590192000000,16.5884,16.85,16.3202,16.48,2303001.13
2020-05-24 00:00:00+00:00,1590278400000,16.4789,16.79,15.9074,15.9624,2280998.65
2020-05-25 00:00:00+00:00,1590364800000,15.9457,16.4161,15.8057,16.3807,2348512.91
2020-05-26 00:00:00+00:00,1590451200000,16.3807,16.4979,15.9537,16.2159,2007343.82
2020-05-27 00:00:00+00:00,1590537600000,16.2097,16.51,16.1554,16.47,2613812.05
2020-05-28 00:00:00+00:00,1590624000000,16.47,17.1405,16.389,17.0772,2866468.39
2020-05-29 00:00:00+00:00,1590710400000,17.0769,17.198,16.6333,17.0031,2599351.65
2020-05-30 00:00:00+00:00,1590796800000,17.003,17.7857,16.9291,17.7277,2969818.23
2020-05-31 00:00:00+00:00,1590883200000,17.7277,18.1954,16.8419,17.0916,2612942.18
2020-06-01 00:00:00+00:00,1590969600000,17.0926,18.1224,16.9836,17.9477,2989853.06
2020-06-02 00:00:00+00:00,1591056000000,17.9469,18.2,16.68,17.2669,2536257.15
2020-06-03 00:00:00+00:00,1591142400000,17.2761,17.6275,16.9645,17.5779,2650311.14
2020-06-04 00:00:00+00:00,1591228800000,17.578,17.6527,17.0424,17.517,2320525.89
2020-06-05 00:00:00+00:00,1591315200000,17.518,17.8999,17.4396,17.6914,2454899.86
2020-06-06 00:00:00+00:00,1591401600000,17.6915,17.7951,17.49,17.5511,2105593.92
2020-06-07 00:00:00+00:00,1591488000000,17.551,17.6371,16.8526,17.4135,1816342.74
2020-06-08 00:00:00+00:00,1591574400000,17.4134,17.5454,17.2594,17.4489,1657535.11
2020-06-09 00:00:00+00:00,1591660800000,17.4489,17.5098,17.0374,17.3733,1631274.58
2020-06-10 00:00:00+00:00,1591747200000,17.3734,17.5833,17.13,17.406,1807563.86
2020-06-11 00:00:00+00:00,1591833600000,17.4084,17.5191,15.93,16.2298,1801896.12
2020-06-12 00:00:00+00:00,1591920000000,16.2376,16.7999,16.0869,16.6377,1932061.47
2020-06-13 00:00:00+00:00,1592006400000,16.642,16.8179,16.49,16.8101,2023311.83
2020-06-14 00:00:00+00:00,1592092800000,16.8111,16.8398,16.4023,16.5729,1697344.55
2020-06-15 00:00:00+00:00,1592179200000,16.5728,16.5982,15.4,16.377,1521685.21
2020-06-16 00:00:00+00:00,1592265600000,16.3758,16.6481,16.1562,16.4329,1614905.64
2020-06-17 00:00:00+00:00,1592352000000,16.4331,16.632,15.9709,16.3983,1502697.31
2020-06-18 00:00:00+00:00,1592438400000,16.3983,16.5423,15.8783,16.1608,1382820.87
2020-06-19 00:00:00+00:00,1592524800000,16.1665,16.3106,15.8966,15.9512,1324135.6
2020-06-20 00:00:00+00:00,1592611200000,15.9611,16.0898,15.7,16.059,1427210.22
2020-06-21 00:00:00+00:00,1592697600000,16.059,16.3358,15.921,15.9775,1317075.84
2020-06-22 00:00:00+00:00,1592784000000,15.9792,16.55,15.9499,16.5051,1706812.42
2020-06-23 00:00:00+00:00,1592870400000,16.5051,16.5472,16.2602,16.3898,1453306.73
2020-06-24 00:00:00+00:00,1592956800000,16.3898,16.6481,15.95,15.9968,1529800.3
2020-06-25 00:00:00+00:00,1593043200000,16.0084,16.0816,15.5,15.906,1201354.75
2020-06-26 00:00:00+00:00,1593129600000,15.9056,15.9996,15.5715,15.7694,1041399.0
2020-06-27 00:00:00+00:00,1593216000000,15.7696,15.8714,14.8,15.1242,1309335.66
2020-06-28 00:00:00+00:00,1593302400000,15.123,15.4944,14.9249,15.3782,1402858.96
2020-06-29 00:00:00+00:00,1593388800000,15.3714,15.5901,15.204,15.4656,1511856.38
2020-06-30 00:00:00+00:00,1593475200000,15.4674,15.5476,15.2519,15.3838,1315772.42
2020-07-01 00:00:00+00:00,1593561600000,15.3959,15.8888,15.3363,15.8144,1612208.19
2020-07-02 00:00:00+00:00,1593648000000,15.8123,15.9796,15.0743,15.3634,1399345.39
2020-07-03 00:00:00+00:00,1593734400000,15.364,15.488,15.2484,15.2863,1211128.83
2020-07-04 00:00:00+00:00,1593820800000,15.2856,15.6399,15.2239,15.5548,1319545.75
2020-07-05 00:00:00+00:00,1593907200000,15.5579,15.6135,15.1,15.4885,1120649.91
2020-07-06 00:00:00+00:00,1593993600000,15.4865,16.3496,15.4401,16.311,1606449.31
2020-07-07 00:00:00+00:00,1594080000000,16.312,16.8757,16.0301,16.8048,1880630.34
2020-07-08 00:00:00+00:00,1594166400000,16.7995,17.455,16.5683,17.2819,2271202.72
2020-07-09 00:00:00+00:00,1594252800000,17.2819,17.5,16.4088,16.8274,1869273.67
2020-07-10 00:00:00+00:00,1594339200000,16.8278,17.331,16.4438,17.3123,2099193.57
2020-07-11 00:00:00+00:00,1594425600000,17.3133,17.6888,17.018,17.6205,2318005.65
2020-07-12 00:00:00+00:00,1594512000000,17.6205,18.59,17.5928,18.2994,2995977.41
2020-07-13 00:00:00+00:00,1594598400000,18.3036,18.9999,17.7282,18.4046,3228967.7
2020-07-14 00:00:00+00:00,1594684800000,18.4007,18.77,17.8266,18.079,2385481.97
2020-07-15 00:00:00+00:00,1594771200000,18.079,18.1538,17.4194,17.6351,1959582.73
2020-07-16 00:00:00+00:00,1594857600000,17.6351,17.7618,16.5473,17.1647,2053439.44
2020-07-17 00:00:00+00:00,1594944000000,17.1647,17.4825,16.9354,17.0676,1854764.1
2020-07-18 00:00:00+00:00,1595030400000,17.0675,17.3247,16.8122,17.1507,1687884.76
2020-07-19 00:00:00+00:00,1595116800000,17.1542,18.098,16.89,18.0154,2597680.63
2020-07-20 00:00:00+00:00,1595203200000,18.0166,18.34,17.235,17.4645,2487505.49
2020-07-21 00:00:00+00:00,1595289600000,17.4645,17.9799,17.4,17.7285,2110735.01
2020-07-22 00:00:00+00:00,1595376000000,17.7268,18.1151,17.45,18.09,2174379.2
2020-07-23 00:00:00+00:00,1595462400000,18.095,18.77,18.043,18.75,2393871.45
2020-07-24 00:00:00+00:00,1595548800000,18.7508,19.55,18.235,19.1853,2790281.46
2020-07-25 00:00:00+00:00,1595635200000,19.1878,20.0434,19.1451,19.8242,2956369.76
2020-07-26 00:00:00+00:00,1595721600000,19.8196,20.49,19.2639,19.5557,2857739.16
2020-07-27 00:00:00+00:00,1595808000000,19.5524,20.1999,18.4,19.7474,3841364.91
2020-07-28 00:00:00+00:00,1595894400000,19.7489,20.6834,19.4281,20.1732,3516712.35
2020-07-29 00:00:00+00:00,1595980800000,20.1692,20.4091,19.7404,19.899,2219760.2
2020-07-30 00:00:00+00:00,1596067200000,19.8926,20.0995,19.5111,19.97,2052250.83
2020-07-31 00:00:00+00:00,1596153600000,19.97,20.855,19.9102,20.6615,2251101.21
2020-08-01 00:00:00+00:00,1596240000000,20.6637,21.74,20.51,21.6168,2657942.85
2020-08-02 00:00:00+00:00,1596326400000,21.6204,22.1832,19.1,20.9898,3352897.46
2020-08-03 00:00:00+00:00,1596412800000,20.9899,22.5,20.7,22.0504,2668345.02
2020-08-04 00:00:00+00:00,1596499200000,22.0622,22.4433,21.41,22.2818,2393749.74
2020-08-05 00:00:00+00:00,1596585600000,22.2967,23.54,22.0566,23.2728,3698317.51
2020-08-06 00:00:00+00:00,1596672000000,23.2685,23.315,22.5,22.7487,2442941.26
2020-08-07 00:00:00+00:00,1596758400000,22.7488,22.9999,21.4515,22.3323,2770775.51
2020-08-08 00:00:00+00:00,1596844800000,22.3323,22.9241,21.8571,22.9234,2408862.4
2020-08-09 00:00:00+00:00,1596931200000,22.923,22.9233,22.0462,22.422,2112178.17
2020-08-10 00:00:00+00:00,1597017600000,22.4224,22.77,22.0462,22.6369,2108928.42
2020-08-11 00:00:00+00:00,1597104000000,22.6369,22.7306,20.66,21.2902,3211543.44
2020-08-12 00:00:00+00:00,1597190400000,21.2993,21.982,20.571,21.4919,2455644.02
2020-08-13 00:00:00+00:00,1597276800000,21.4919,21.856,20.64,21.7667,3079217.71
2020-08-14 00:00:00+00:00,1597363200000,21.7751,23.3019,21.26,23.1047,3820214.92
2020-08-15 00:00:00+00:00,1597449600000,23.0966,23.7884,22.7,23.0881,2752160.06
2020-08-16 00:00:00+00:00,1597536000000,23.1045,23.779,22.7,23.529,2705823.75
2020-08-17 00:00:00+00:00,1597622400000,23.5291,23.91,22.9584,23.4961,2423484.1
2020-08-18 00:00:00+00:00,1597708800000,23.4868,23.78,22.333,22.9705,2531759.28
2020-08-19 00:00:00+00:00,1597795200000,22.9802,23.25,21.8219,22.3761,2128074.03
2020-08-20 00:00:00+00:00,1597881600000,22.3817,23.3,22.0265,23.0888,2246864.02
2020-08-21 00:00:00+00:00,1597968000000,23.0909,23.32,21.5,22.0988,2493196.51
2020-08-22 00:00:00+00:00,1598054400000,22.0994,22.2464,21.2814,22.2044,1892077.61
2020-08-23 00:00:00+00:00,1598140800000,22.201,22.2348,21.2841,21.8555,1618992.6
2020-08-24 00:00:00+00:00,1598227200000,21.8575,22.9746,21.6655,22.5953,1877744.04
2020-08-25 00:00:00+00:00,1598313600000,22.6016,22.6415,20.9805,21.3882,2271280.88
2020-08-26 00:00:00+00:00,1598400000000,21.3881,22.4743,21.2651,22.1999,2500162.91
2020-08-27 00:00:00+00:00,1598486400000,22.2005,23.1507,21.8064,23.1127,2927744.89
2020-08-28 00:00:00+00:00,1598572800000,23.1127,23.5846,22.6158,23.0811,2545445.75
2020-08-29 00:00:00+00:00,1598659200000,23.0783,23.5,22.7416,22.9398,1854485.72
2020-08-30 00:00:00+00:00,1598745600000,22.9441,23.83,22.9,23.6208,1908490.67
2020-08-31 00:00:00+00:00,1598832000000,23.625,23.9,22.967,23.1477,1767387.78
2020-09-01 00:00:00+00:00,1598918400000,23.1481,25.41,22.84,24.7028,4442974.1
2020-09-02 00:00:00+00:00,1599004800000,24.7101,25.8262,23.1215,24.7652,5879568.29
2020-09-03 00:00:00+00:00,1599091200000,24.7653,25.54,19.8765,20.3592,7231336.21
2020-09-04 00:00:00+00:00,1599177600000,20.4027,21.83,19.2,20.9712,5306193.02
2020-09-05 00:00:00+00:00,1599264000000,20.9995,21.5539,18.011,19.4698,4589184.15
2020-09-06 00:00:00+00:00,1599350400000,19.4737,23.4418,18.5283,23.142,8105158.28
2020-09-07 00:00:00+00:00,1599436800000,23.1612,23.5545,20.0,22.4426,5454222.91
2020-09-08 00:00:00+00:00,1599523200000,22.4428,23.42,21.2739,23.2837,5158563.98
2020-09-09 00:00:00+00:00,1599609600000,23.2745,24.5201,22.4139,24.4716,4016452.51
2020-09-10 00:00:00+00:00,1599696000000,24.4847,25.67,24.0568,24.5489,4199327.55
2020-09-11 00:00:00+00:00,1599782400000,24.5579,25.6969,23.0677,25.399,3622605.07
2020-09-12 00:00:00+00:00,1599868800000,25.4,28.5305,25.3575,28.505,6538679.83
2020-09-13 00:00:00+00:00,1599955200000,28.5044,32.4401,27.61,31.1656,10646215.66
2020-09-14 00:00:00+00:00,1600041600000,31.1656,33.3888,29.0,31.2523,9039644.32
2020-09-15 00:00:00+00:00,1600128000000,31.2546,31.278,26.7123,27.1181,7931354.646
2020-09-16 00:00:00+00:00,1600214400000,27.1148,28.4724,25.82,27.8695,5777419.752
2020-09-17 00:00:00+00:00,1600300800000,27.8539,28.83,26.05,27.095,4620518.874
2020-09-18 00:00:00+00:00,1600387200000,27.1106,28.75,26.5708,27.629,4243135.999
2020-09-19 00:00:00+00:00,1600473600000,27.6414,27.977,26.6591,27.2035,2431517.15
2020-09-20 00:00:00+00:00,1600560000000,27.2035,27.32,25.1247,26.316,2854262.145
2020-09-21 00:00:00+00:00,1600646400000,26.3167,26.68,22.1,23.1232,5251422.243
2020-09-22 00:00:00+00:00,1600732800000,23.1273,24.565,22.6666,24.0468,3289566.923
2020-09-23 00:00:00+00:00,1600819200000,24.0468,24.3437,22.4514,22.8331,3134141.774
2020-09-24 00:00:00+00:00,1600905600000,22.8448,24.6999,22.5661,24.5745,3284994.641
2020-09-25 00:00:00+00:00,1600992000000,24.5749,25.0799,23.7111,24.6924,2826869.589
2020-09-26 00:00:00+00:00,1601078400000,24.6925,26.4628,24.475,26.1998,3124585.621
2020-09-27 00:00:00+00:00,1601164800000,26.1885,26.9,25.5012,26.251,2555050.062
2020-09-28 00:00:00+00:00,1601251200000,26.2435,27.72,25.8313,26.9855,3220774.85
2020-09-29 00:00:00+00:00,1601337600000,26.9969,29.0,26.86,28.8946,3642915.268
2020-09-30 00:00:00+00:00,1601424000000,28.8814,29.5646,27.8813,29.2656,3106927.077
2020-10-01 00:00:00+00:00,1601510400000,29.2696,29.3927,26.2111,27.4673,4045336.882
2020-10-02 00:00:00+00:00,1601596800000,27.4583,28.3633,25.6652,27.3369,4141965.566
2020-10-03 00:00:00+00:00,1601683200000,27.3338,28.3997,27.0701,28.1867,2946071.992
2020-10-04 00:00:00+00:00,1601769600000,28.1872,29.15,27.9658,28.9668,3102597.66
2020-10-05 00:00:00+00:00,1601856000000,28.9832,29.2665,28.0687,28.6158,2268257.171
2020-10-06 00:00:00+00:00,1601942400000,28.633,28.99,27.25,27.6812,2811072.145
2020-10-07 00:00:00+00:00,1602028800000,27.6907,27.8965,26.8401,27.6898,2059951.007
2020-10-08 00:00:00+00:00,1602115200000,27.6931,27.8153,26.4999,27.7424,2476236.461
2020-10-09 00:00:00+00:00,1602201600000,27.7342,28.5368,27.4548,28.4076,2590468.083
2020-10-10 00:00:00+00:00,1602288000000,28.398,29.2814,28.0666,28.4414,2405371.457
2020-10-11 00:00:00+00:00,1602374400000,28.41,28.72,27.876,28.5271,2329452.666
2020-10-12 00:00:00+00:00,1602460800000,28.52,31.1299,28.4338,30.6503,4364790.221
2020-10-13 00:00:00+00:00,1602547200000,30.6503,31.7999,30.187,30.7256,3337167.877
2020-10-14 00:00:00+00:00,1602633600000,30.7256,31.33,30.3733,30.838,2472670.449
2020-10-15 00:00:00+00:00,1602720000000,30.838,31.6663,30.399,31.3256,2684900.014
2020-10-16 00:00:00+00:00,1602806400000,31.3256,31.9798,29.5705,30.0516,2971307.367
2020-10-17 00:00:00+00:00,1602892800000,30.051,30.564,29.6521,30.2414,1854975.623
2020-10-18 00:00:00+00:00,1602979200000,30.2423,31.0354,30.165,30.6593,2267377.317
2020-10-19 00:00:00+00:00,1603065600000,30.6568,30.6766,29.7002,29.9107,1752644.999
2020-10-20 00:00:00+00:00,1603152000000,29.9043,30.0892,28.5,28.8227,2583242.44
2020-10-21 00:00:00+00:00,1603238400000,28.8131,30.4074,28.6406,29.7329,2663615.889
2020-10-22 00:00:00+00:00,1603324800000,29.7355,31.3,29.6655,30.6396,2830836.337
2020-10-23 00:00:00+00:00,1603411200000,30.6334,31.2,30.0652,30.6377,2025854.801
2020-10-24 00:00:00+00:00,1603497600000,30.6461,30.8781,30.4243,30.6639,1625502.524
2020-10-25 00:00:00+00:00,1603584000000,30.6522,30.9726,29.8805,30.128,1486538.469
2020-10-26 00:00:00+00:00,1603670400000,30.1342,31.43,29.96,31.0467,2648020.165
2020-10-27 00:00:00+00:00,1603756800000,31.0436,32.3788,30.9,31.4826,2889807.64
2020-10-28 00:00:00+00:00,1603843200000,31.473,31.9375,29.8,30.3338,2208604.609
2020-10-29 00:00:00+00:00,1603929600000,30.3295,30.4272,29.47,29.8702,1977911.04
2020-10-30 00:00:00+00:00,1604016000000,29.8696,30.2596,27.5111,28.4909,3211305.358
2020-10-31 00:00:00+00:00,1604102400000,28.4969,28.888,28.1132,28.5058,1986140.314
2020-11-01 00:00:00+00:00,1604188800000,28.5058,28.679,28.0,28.5318,1916131.681
2020-11-02 00:00:00+00:00,1604275200000,28.5485,29.3079,27.7782,27.7983,2123599.052
2020-11-03 00:00:00+00:00,1604361600000,27.7984,27.7984,25.7499,26.8638,2591560.855
2020-11-04 00:00:00+00:00,1604448000000,26.8722,26.97,25.9,26.96,2039985.34
2020-11-05 00:00:00+00:00,1604534400000,26.9607,27.8947,26.6601,27.6875,2396900.822
2020-11-06 00:00:00+00:00,1604620800000,27.686,29.4692,27.6668,29.0435,2741813.969
2020-11-07 00:00:00+00:00,1604707200000,29.0391,29.899,26.85,27.7651,3091788.824
2020-11-08 00:00:00+00:00,1604793600000,27.7628,28.6943,27.449,28.4101,2298549.455
2020-11-09 00:00:00+00:00,1604880000000,28.4101,28.9691,27.3461,28.0941,2148267.466
2020-11-10 00:00:00+00:00,1604966400000,28.0836,28.488,27.6114,28.2188,2172598.769
2020-11-11 00:00:00+00:00,1605052800000,28.2183,28.5999,27.7966,28.016,1974074.31
2020-11-12 00:00:00+00:00,1605139200000,28.0057,28.1599,27.3028,27.6874,1661489.286
2020-11-13 00:00:00+00:00,1605225600000,27.7019,28.5198,27.5284,28.1974,1934234.556
2020-11-14 00:00:00+00:00,1605312000000,28.1974,28.1974,27.3684,27.9311,1503467.499
2020-11-15 00:00:00+00:00,1605398400000,27.9359,28.2332,27.07,27.6786,1442022.548
2020-11-16 00:00:00+00:00,1605484800000,27.6822,28.2202,27.4461,27.9451,1685368.835
2020-11-17 00:00:00+00:00,1605571200000,27.9588,28.8,27.9262,28.5552,2243647.205
2020-11-18 00:00:00+00:00,1605657600000,28.5552,28.838,27.5,28.0931,2220839.931
2020-11-19 00:00:00+00:00,1605744000000,28.1049,28.3666,27.6183,28.1387,2011350.337
2020-11-20 00:00:00+00:00,1605830400000,28.1266,29.3516,28.0598,28.9715,2491336.079
2020-11-21 00:00:00+00:00,1605916800000,28.9722,30.8,28.2955,30.5161,3160335.472
2020-11-22 00:00:00+00:00,1606003200000,30.5168,31.12,29.0,30.0226,2842370.783
2020-11-23 00:00:00+00:00,1606089600000,30.0291,31.1,29.786,30.995,2920522.887
2020-11-24 00:00:00+00:00,1606176000000,30.9994,35.14,30.7934,33.9407,7296367.369
2020-11-25 00:00:00+00:00,1606262400000,33.9451,35.4338,30.439,31.2953,4589237.082
2020-11-26 00:00:00+00:00,1606348800000,31.295,31.7708,26.35,28.2356,6241853.013
2020-11-27 00:00:00+00:00,1606435200000,28.2354,28.7175,27.2042,28.4606,2317359.795
2020-11-28 00:00:00+00:00,1606521600000,28.4606,29.6175,27.9,29.1766,2636652.594
2020-11-29 00:00:00+00:00,1606608000000,29.1552,30.45,28.8544,30.1045,2857702.301
2020-11-30 00:00:00+00:00,1606694400000,30.1003,31.5999,29.723,31.4935,2978036.229
2020-12-01 00:00:00+00:00,1606780800000,31.4935,31.8875,29.17,30.1996,3139022.083
2020-12-02 00:00:00+00:00,1606867200000,30.2003,30.9993,29.5306,30.2875,2360296.308
2020-12-03 00:00:00+00:00,1606953600000,30.2724,30.793,29.8568,30.7065,1924462.466
2020-12-04 00:00:00+00:00,1607040000000,30.7099,31.1371,28.7051,29.0231,2064574.445
2020-12-05 00:00:00+00:00,1607126400000,29.0315,30.0588,28.6588,29.728,1836870.147
2020-12-06 00:00:00+00:00,1607212800000,29.7296,30.1819,29.0124,29.5026,1330813.899
2020-12-07 00:00:00+00:00,1607299200000,29.4912,29.6685,29.06,29.37,1219543.166
2020-12-08 00:00:00+00:00,1607385600000,29.3705,29.4998,27.45,27.6705,1844102.056
2020-12-09 00:00:00+00:00,1607472000000,27.6705,28.3853,26.9244,28.1452,1635344.181
2020-12-10 00:00:00+00:00,1607558400000,28.144,28.2997,27.39,27.6926,1344683.627
2020-12-11 00:00:00+00:00,1607644800000,27.695,27.77,26.7273,27.3419,1244803.112
2020-12-12 00:00:00+00:00,1607731200000,27.349,28.23,27.2542,28.1603,1293965.518
2020-12-13 00:00:00+00:00,1607817600000,28.1603,29.2628,28.0,29.1571,1639495.816
2020-12-14 00:00:00+00:00,1607904000000,29.1599,30.1884,28.6669,30.0338,2028334.088
2020-12-15 00:00:00+00:00,1607990400000,30.0338,30.379,29.3069,29.5053,1624791.814
2020-12-16 00:00:00+00:00,1608076800000,29.5059,30.614,29.0265,30.5577,2161816.842
2020-12-17 00:00:00+00:00,1608163200000,30.5524,31.5489,29.6891,30.2255,3274786.131
2020-12-18 00:00:00+00:00,1608249600000,30.2254,31.2172,29.61,30.9882,2045326.343
2020-12-19 00:00:00+00:00,1608336000000,30.9858,34.2307,30.8812,33.3167,4117460.293
2020-12-20 00:00:00+00:00,1608422400000,33.3018,35.69,32.5899,34.3148,4477498.818
2020-12-21 00:00:00+00:00,1608508800000,34.3072,35.6,31.4871,32.05,4558115.88
2020-12-22 00:00:00+00:00,1608595200000,32.05,33.8,30.4719,33.5151,3563635.673
2020-12-23 00:00:00+00:00,1608681600000,33.5112,34.505,30.0,31.1843,3940926.442
2020-12-24 00:00:00+00:00,1608768000000,31.1698,32.7589,30.0,32.4895,2999570.853
2020-12-25 00:00:00+00:00,1608854400000,32.4947,33.4954,31.7313,33.1996,2596272.905
2020-12-26 00:00:00+00:00,1608940800000,33.1996,34.0495,32.51,33.6361,2418941.544
2020-12-27 00:00:00+00:00,1609027200000,33.651,34.99,31.8601,33.674,3747872.718
2020-12-28 00:00:00+00:00,1609113600000,33.6741,36.15,33.3105,35.951,4121783.103
2020-12-29 00:00:00+00:00,1609200000000,35.9507,39.9999,35.3015,39.0667,7022548.487
2020-12-30 00:00:00+00:00,1609286400000,39.0746,39.27,36.8131,38.1558,2424623.467
2020-12-31 00:00:00+00:00,1609372800000,38.1558,38.2133,36.5157,37.3588,1887715.835
2021-01-01 00:00:00+00:00,1609459200000,37.3596,38.959,36.9555,37.7762,2435989.127
2021-01-02 00:00:00+00:00,1609545600000,37.7637,38.8798,36.8,38.2331,3018062.206
2021-01-03 00:00:00+00:00,1609632000000,38.2331,41.7017,37.763,41.2575,4903626.697
2021-01-04 00:00:00+00:00,1609718400000,41.256,43.2039,38.02,41.1333,5306248.166
2021-01-05 00:00:00+00:00,1609804800000,41.13,41.8375,38.8014,41.8219,3513141.346
2021-01-06 00:00:00+00:00,1609891200000,41.8271,42.267,40.4531,42.2417,3784444.687
2021-01-07 00:00:00+00:00,1609977600000,42.244,44.9,41.366,43.5728,5026746.669
2021-01-08 00:00:00+00:00,1610064000000,43.5728,43.722,40.2313,42.356,3548923.788
2021-01-09 00:00:00+00:00,1610150400000,42.345,44.0552,41.5,43.8479,2720363.636
2021-01-10 00:00:00+00:00,1610236800000,43.8479,45.162,40.0,42.4031,4277406.29
2021-01-11 00:00:00+00:00,1610323200000,42.4033,42.5094,35.0374,38.1674,6372598.994
2021-01-12 00:00:00+00:00,1610409600000,38.1623,40.1989,37.0,38.2541,3261261.81
2021-01-13 00:00:00+00:00,1610496000000,38.2703,40.4499,37.02,40.1114,3512089.385
2021-01-14 00:00:00+00:00,1610582400000,40.1114,42.0,39.5739,41.8723,3306689.933
2021-01-15 00:00:00+00:00,1610668800000,41.8721,42.5622,38.6616,40.8668,3431358.936
2021-01-16 00:00:00+00:00,1610755200000,40.8951,44.12,40.625,43.142,3243054.414
2021-01-17 00:00:00+00:00,1610841600000,43.1413,46.7228,40.9192,45.8675,3878914.299
2021-01-18 00:00:00+00:00,1610928000000,45.8645,46.8888,44.0278,45.3412,3069449.938
2021-01-19 00:00:00+00:00,1611014400000,45.3592,47.2187,41.7,42.5241,5151546.872
2021-01-20 00:00:00+00:00,1611100800000,42.5241,43.0992,40.2,42.6069,3709936.492
2021-01-21 00:00:00+00:00,1611187200000,42.6056,42.7176,38.2,38.6343,3460575.242
2021-01-22 00:00:00+00:00,1611273600000,38.6596,41.528,36.8518,40.8936,3088685.295
2021-01-23 00:00:00+00:00,1611360000000,40.8938,41.88,39.4555,40.9109,2531809.648
2021-01-24 00:00:00+00:00,1611446400000,40.9113,42.2,40.3144,41.8263,2340747.623
2021-01-25 00:00:00+00:00,1611532800000,41.827,43.4241,40.5364,41.8347,2778238.02
2021-01-26 00:00:00+00:00,1611619200000,41.8347,42.598,39.6955,41.8396,2758108.622
2021-01-27 00:00:00+00:00,1611705600000,41.8397,42.0984,39.6102,40.8826,2638401.378
2021-01-28 00:00:00+00:00,1611792000000,40.8957,43.085,40.317,42.5254,2984098.651
2021-01-29 00:00:00+00:00,1611878400000,42.5277,44.0,41.8017,42.8618,3433689.484
2021-01-30 00:00:00+00:00,1611964800000,42.8653,45.1071,42.5911,44.7849,2767954.291
2021-01-31 00:00:00+00:00,1612051200000,44.8022,45.8269,43.3,44.3292,2431692.198
2021-02-01 00:00:00+00:00,1612137600000,44.3291,52.3736,43.4331,51.4781,6095055.413
2021-02-02 00:00:00+00:00,1612224000000,51.4762,53.0,49.1572,51.0071,4675040.877
2021-02-03 00:00:00+00:00,1612310400000,51.029,52.7,49.7823,52.12,2949735.036
2021-02-04 00:00:00+00:00,1612396800000,52.12,57.0547,51.25,55.9599,4004741.294
2021-02-05 00:00:00+00:00,1612483200000,55.9593,68.73,55.9202,67.7005,5040545.223
2021-02-06 00:00:00+00:00,1612569600000,67.6217,75.5,61.7,72.8356,8482528.531
2021-02-07 00:00:00+00:00,1612656000000,72.8693,74.8199,64.1803,68.3542,5969908.442
2021-02-08 00:00:00+00:00,1612742400000,68.355,79.8823,67.6152,79.8374,7860567.389
2021-02-09 00:00:00+00:00,1612828800000,79.8734,116.24,78.0381,107.3469,12487305.868
2021-02-10 00:00:00+00:00,1612915200000,107.3496,148.4,107.2811,128.9711,16613534.274
2021-02-11 00:00:00+00:00,1613001600000,128.9463,132.8,117.7289,124.085,5920400.255
2021-02-12 00:00:00+00:00,1613088000000,124.1129,141.32,120.89,136.6139,5626020.824
2021-02-13 00:00:00+00:00,1613174400000,136.7321,138.5067,125.0,133.3496,3785723.402
2021-02-14 00:00:00+00:00,1613260800000,133.3498,139.0,128.4615,135.8623,4405507.885
2021-02-15 00:00:00+00:00,1613347200000,135.8623,139.369,118.0,130.303,4772752.806
2021-02-16 00:00:00+00:00,1613433600000,129.9493,133.4925,126.0,130.183,3258276.714
2021-02-17 00:00:00+00:00,1613520000000,130.183,175.9997,126.7546,165.3233,10185662.26
2021-02-18 00:00:00+00:00,1613606400000,165.3176,199.88,162.7969,195.6,11226893.373
2021-02-19 00:00:00+00:00,1613692800000,195.5549,348.6969,194.9279,333.111,20188858.198
2021-02-20 00:00:00+00:00,1613779200000,333.2212,335.0,223.0,253.0,13497656.247
2021-02-21 00:00:00+00:00,1613865600000,253.01,309.4995,249.7044,295.2597,10646422.307
2021-02-22 00:00:00+00:00,1613952000000,294.9167,296.0,220.5,267.5147,12604399.402
2021-02-23 00:00:00+00:00,1614038400000,267.1721,269.444,186.1,231.3646,15879767.559
2021-02-24 00:00:00+00:00,1614124800000,231.3646,281.0,213.0257,254.5056,11777825.187
2021-02-25 00:00:00+00:00,1614211200000,254.3826,265.4014,231.5,234.9146,6871992.794
2021-02-26 00:00:00+00:00,1614297600000,234.7605,239.4,209.105,221.717,7410706.385
2021-02-27 00:00:00+00:00,1614384000000,221.9592,237.77,219.011,225.3853,4192697.152
2021-02-28 00:00:00+00:00,1614470400000,225.4567,229.4,195.0,210.2138,5674373.249
2021-03-01 00:00:00+00:00,1614556800000,210.1177,260.0,209.1204,254.9637,7911568.194
2021-03-02 00:00:00+00:00,1614643200000,254.9486,264.9,227.0,239.6841,5386013.794
2021-03-03 00:00:00+00:00,1614729600000,239.7204,254.8481,236.002,240.5701,4278388.733
2021-03-04 00:00:00+00:00,1614816000000,240.4801,249.9885,225.5308,229.6369,3999983.836
2021-03-05 00:00:00+00:00,1614902400000,229.6369,232.2,215.6439,225.4714,3654842.805
2021-03-06 00:00:00+00:00,1614988800000,225.5391,232.4996,219.1514,226.3814,2663375.536
2021-03-07 00:00:00+00:00,1615075200000,226.3812,243.95,224.9542,240.11,3519962.929
2021-03-08 00:00:00+00:00,1615161600000,240.1039,243.0986,228.7029,240.5509,3045991.968
2021-03-09 00:00:00+00:00,1615248000000,240.7852,297.2962,235.6001,293.2052,7937298.708
2021-03-10 00:00:00+00:00,1615334400000,293.1305,295.5,263.8184,278.4499,6012304.148
2021-03-11 00:00:00+00:00,1615420800000,278.3522,315.2855,272.12,290.0301,6598662.207
2021-03-12 00:00:00+00:00,1615507200000,289.786,290.5,247.5547,263.2201,5905880.87
2021-03-13 00:00:00+00:00,1615593600000,263.192,284.2857,255.4206,276.2822,3902398.386
2021-03-14 00:00:00+00:00,1615680000000,276.2892,276.8847,263.0003,263.238,2432196.535
2021-03-15 00:00:00+00:00,1615766400000,263.35,267.7453,249.5327,254.5144,3362734.143
2021-03-16 00:00:00+00:00,1615852800000,254.3894,259.7847,240.199,258.5352,3013229.0
2021-03-17 00:00:00+00:00,1615939200000,258.5611,272.1787,248.2001,269.7896,2856836.919
2021-03-18 00:00:00+00:00,1616025600000,269.8578,277.8,257.01,261.4816,3152509.589
2021-03-19 00:00:00+00:00,1616112000000,261.5157,269.0,255.0,262.935,2262870.653
2021-03-20 00:00:00+00:00,1616198400000,263.1083,274.6805,261.4,264.3023,2377018.11
2021-03-21 00:00:00+00:00,1616284800000,264.2213,268.0305,257.0001,264.6513,1973476.754
2021-03-22 00:00:00+00:00,1616371200000,264.7152,277.0,252.9164,254.7976,3265655.831
2021-03-23 00:00:00+00:00,1616457600000,254.9689,262.97,251.838,255.4646,2587450.732
2021-03-24 00:00:00+00:00,1616544000000,255.5191,268.7062,240.3333,248.5236,3270691.795
2021-03-25 00:00:00+00:00,1616630400000,248.5345,250.0912,224.9686,233.9466,3498082.827
2021-03-26 00:00:00+00:00,1616716800000,234.0024,255.2113,233.8114,255.2105,2635329.155
2021-03-27 00:00:00+00:00,1616803200000,255.1201,276.0,249.5001,269.2234,3089181.848
2021-03-28 00:00:00+00:00,1616889600000,269.2864,281.3939,261.0,268.4263,3272613.755
2021-03-29 00:00:00+00:00,1616976000000,268.6234,277.9813,264.4585,275.2991,2728496.99
2021-03-30 00:00:00+00:00,1617062400000,275.2986,311.5325,271.2857,311.2962,5532768.33
2021-03-31 00:00:00+00:00,1617148800000,311.2962,316.6997,284.0,302.3724,4719335.506
2021-04-01 00:00:00+00:00,1617235200000,302.4591,339.0,300.7,334.7991,4390708.581
2021-04-02 00:00:00+00:00,1617321600000,334.6706,356.9882,324.6162,338.2932,4205858.478
2021-04-03 00:00:00+00:00,1617408000000,338.2932,349.1347,315.91,321.9497,3099870.848
2021-04-04 00:00:00+00:00,1617494400000,321.9597,352.3275,316.0,348.8617,2730876.03
2021-04-05 00:00:00+00:00,1617580800000,348.8705,380.0,335.8442,368.0263,3473780.055
2021-04-06 00:00:00+00:00,1617667200000,368.1506,411.755,363.8333,403.3648,4481056.436
2021-04-07 00:00:00+00:00,1617753600000,403.2607,414.3803,356.0,375.5538,6179859.708
2021-04-08 00:00:00+00:00,1617840000000,375.5538,422.6323,371.78,418.7048,4092498.638
2021-04-09 00:00:00+00:00,1617926400000,418.7047,453.9937,403.19,453.9937,3670424.433
2021-04-10 00:00:00+00:00,1618012800000,453.9898,487.4062,450.0,471.2975,4659107.212
2021-04-11 00:00:00+00:00,1618099200000,471.2974,529.211,458.0165,525.9275,3644396.11
2021-04-12 00:00:00+00:00,1618185600000,525.9275,638.5673,515.1,596.7104,9279328.84
2021-04-13 00:00:00+00:00,1618272000000,596.7878,602.7871,530.2288,551.6442,5447746.544
2021-04-14 00:00:00+00:00,1618358400000,551.3956,590.5369,521.1313,550.0182,4213337.251
2021-04-15 00:00:00+00:00,1618444800000,550.0182,556.9,533.7166,541.8824,2306850.045
2021-04-16 00:00:00+00:00,1618531200000,541.8351,547.6074,489.7356,508.2743,4192218.462
2021-04-17 00:00:00+00:00,1618617600000,508.2614,547.95,506.0,514.6861,2949040.221
2021-04-18 00:00:00+00:00,1618704000000,514.8178,520.4237,428.0,481.4367,4468597.46
2021-04-19 00:00:00+00:00,1618790400000,481.5112,540.0,467.8846,504.0322,5031325.713
2021-04-20 00:00:00+00:00,1618876800000,504.0322,589.5,470.207,586.3635,5730895.325
2021-04-21 00:00:00+00:00,1618963200000,586.5201,613.8975,535.9186,543.6327,5685067.894
2021-04-22 00:00:00+00:00,1619049600000,543.6827,582.7051,480.0,505.2411,6375583.139
2021-04-23 00:00:00+00:00,1619136000000,505.2282,530.0,450.0,526.5357,6855584.921
2021-04-24 00:00:00+00:00,1619222400000,526.4319,528.8088,482.3052,496.992,3005329.075
2021-04-25 00:00:00+00:00,1619308800000,496.992,517.74,478.01,505.0,2489756.6252
2021-04-26 00:00:00+00:00,1619395200000,505.0,550.0,501.5,535.33,3098650.6351
2021-04-27 00:00:00+00:00,1619481600000,535.33,579.5,525.0,568.78,2807308.6198
2021-04-28 00:00:00+00:00,1619568000000,568.78,578.88,538.0,562.78,2384514.8852
2021-04-29 00:00:00+00:00,1619654400000,562.78,615.29,554.0,599.7,4336516.3347
2021-04-30 00:00:00+00:00,1619740800000,599.66,628.0,585.72,622.65,3430512.4025
2021-05-01 00:00:00+00:00,1619827200000,622.64,645.57,609.21,620.0,2427568.3909
2021-05-02 00:00:00+00:00,1619913600000,620.0,629.0,595.3,621.78,2066258.2844
2021-05-03 00:00:00+00:00,1620000000000,621.77,680.0,621.22,676.15,2873379.617
2021-05-04 00:00:00+00:00,1620086400000,676.15,677.71,604.14,609.3,3765315.6951
2021-05-05 00:00:00+00:00,1620172800000,609.41,656.67,605.0,651.1,2270137.4732
2021-05-06 00:00:00+00:00,1620259200000,651.1,653.77,620.0,633.99,2065376.5442
2021-05-07 00:00:00+00:00,1620345600000,634.03,644.02,611.43,624.3,1979435.9584
2021-05-08 00:00:00+00:00,1620432000000,624.3,657.91,618.36,646.1,2186084.7749
2021-05-09 00:00:00+00:00,1620518400000,646.07,679.0,630.54,661.74,2343402.1219
2021-05-10 00:00:00+00:00,1620604800000,661.74,691.77,588.0,631.1,3074645.0692
2021-05-11 00:00:00+00:00,1620691200000,631.16,673.0,621.11,671.91,2640713.327
2021-05-12 00:00:00+00:00,1620777600000,671.9,684.91,581.4,594.65,2813834.8185
2021-05-13 00:00:00+00:00,1620864000000,594.2,633.5,526.6,571.1,5485323.7047
2021-05-14 00:00:00+00:00,1620950400000,571.1,615.0,566.0,602.61,2187570.2996
2021-05-15 00:00:00+00:00,1621036800000,602.61,611.31,560.0,563.41,2259793.5825
2021-05-16 00:00:00+00:00,1621123200000,563.42,606.78,534.88,564.32,2939528.1774
2021-05-17 00:00:00+00:00,1621209600000,564.66,564.66,483.0,512.07,4029118.3527
2021-05-18 00:00:00+00:00,1621296000000,512.06,534.0,490.0,507.88,2720596.4374
2021-05-19 00:00:00+00:00,1621382400000,507.9,516.5,280.0,334.8,11497731.3774
2021-05-20 00:00:00+00:00,1621468800000,334.8,423.83,284.27,391.17,8116861.4224
2021-05-21 00:00:00+00:00,1621555200000,391.37,415.71,274.0,326.01,8827845.3858
2021-05-22 00:00:00+00:00,1621641600000,326.23,335.82,284.55,299.76,5303046.012
2021-05-23 00:00:00+00:00,1621728000000,299.75,313.45,211.7,260.72,8801148.1832
2021-05-24 00:00:00+00:00,1621814400000,260.72,350.0,257.4,345.64,7794003.641
2021-05-25 00:00:00+00:00,1621900800000,345.64,378.12,306.61,343.18,7638986.0132
2021-05-26 00:00:00+00:00,1621987200000,343.18,388.28,336.21,379.16,5336916.0722
2021-05-27 00:00:00+00:00,1622073600000,379.16,387.56,340.0,369.67,4275801.5014
2021-05-28 00:00:00+00:00,1622160000000,369.83,373.68,312.3,328.82,5253443.3619
2021-05-29 00:00:00+00:00,1622246400000,328.86,347.0,295.22,305.04,3764083.2923
2021-05-30 00:00:00+00:00,1622332800000,305.18,338.32,291.06,325.57,3739673.1138
2021-05-31 00:00:00+00:00,1622419200000,325.55,356.0,307.55,353.33,4110136.8744
2021-06-01 00:00:00+00:00,1622505600000,353.37,364.4,339.48,362.39,3652280.6916
2021-06-02 00:00:00+00:00,1622592000000,362.36,419.43,350.43,401.54,4377024.6685
2021-06-03 00:00:00+00:00,1622678400000,401.52,433.0,391.32,428.48,4214469.415
2021-06-04 00:00:00+00:00,1622764800000,428.46,429.5,365.0,390.7,4926793.4499
2021-06-05 00:00:00+00:00,1622851200000,390.68,426.0,373.8,390.08,3977579.347
2021-06-06 00:00:00+00:00,1622937600000,390.05,400.29,381.5,393.73,1862065.4318
2021-06-07 00:00:00+00:00,1623024000000,393.82,407.42,353.53,357.96,3028938.8445
2021-06-08 00:00:00+00:00,1623110400000,357.94,366.33,319.18,352.5,4986849.8512
2021-06-09 00:00:00+00:00,1623196800000,352.5,378.77,333.56,375.54,3494285.669
2021-06-10 00:00:00+00:00,1623283200000,375.56,377.55,344.13,351.94,2417974.6499
2021-06-11 00:00:00+00:00,1623369600000,351.96,366.28,340.84,345.75,2215352.723
2021-06-12 00:00:00+00:00,1623456000000,345.76,348.88,325.3,343.7,2074837.0012
2021-06-13 00:00:00+00:00,1623542400000,343.68,369.0,330.48,365.8,1958071.3656
2021-06-14 00:00:00+00:00,1623628800000,365.81,377.33,355.07,370.19,1978613.2384
2021-06-15 00:00:00+00:00,1623715200000,370.2,379.58,363.23,366.48,1545190.4369
2021-06-16 00:00:00+00:00,1623801600000,366.48,366.77,343.35,347.22,1531522.2062
2021-06-17 00:00:00+00:00,1623888000000,347.22,362.47,345.85,352.85,1239146.5273
2021-06-18 00:00:00+00:00,1623974400000,352.84,357.12,327.22,337.16,1583897.2791
2021-06-19 00:00:00+00:00,1624060800000,337.21,345.0,331.11,334.01,1067456.2119
2021-06-20 00:00:00+00:00,1624147200000,334.03,340.57,310.13,339.08,1618406.0051
2021-06-21 00:00:00+00:00,1624233600000,339.09,342.0,268.57,270.76,3729539.0167
2021-06-22 00:00:00+00:00,1624320000000,270.76,291.5,225.42,262.1,5570573.4851
2021-06-23 00:00:00+00:00,1624406400000,262.1,309.75,251.41,296.25,3319089.777
2021-06-24 00:00:00+00:00,1624492800000,296.17,316.49,281.5,308.62,2635799.196
2021-06-25 00:00:00+00:00,1624579200000,308.6,314.84,275.24,280.81,2711888.8709
2021-06-26 00:00:00+00:00,1624665600000,280.89,290.33,264.26,279.65,2263064.3633
2021-06-27 00:00:00+00:00,1624752000000,279.58,291.7,269.72,290.87,1539903.0268
2021-06-28 00:00:00+00:00,1624838400000,290.89,299.96,283.55,290.0,1884580.1557
2021-06-29 00:00:00+00:00,1624924800000,290.0,315.6,289.19,300.79,2126079.3416
2021-06-30 00:00:00+00:00,1625011200000,300.79,304.88,281.53,303.71,2061866.47
2021-07-01 00:00:00+00:00,1625097600000,303.75,304.0,281.0,287.43,1388151.0265
2021-07-02 00:00:00+00:00,1625184000000,287.49,290.74,276.4,287.17,1003331.2269
2021-07-03 00:00:00+00:00,1625270400000,287.17,303.21,282.77,298.13,1016731.5662
2021-07-04 00:00:00+00:00,1625356800000,298.18,314.91,292.58,307.62,1309414.0255
2021-07-05 00:00:00+00:00,1625443200000,307.63,307.68,291.0,302.02,1403218.2408
2021-07-06 00:00:00+00:00,1625529600000,302.04,322.5,301.8,319.92,2066912.3595
2021-07-07 00:00:00+00:00,1625616000000,319.91,340.0,318.23,327.51,1779058.2937
2021-07-08 00:00:00+00:00,1625702400000,327.51,328.21,304.4,310.14,1644090.8501
2021-07-09 00:00:00+00:00,1625788800000,310.08,319.69,301.43,317.09,1106411.786
2021-07-10 00:00:00+00:00,1625875200000,317.09,321.44,310.57,316.12,818970.9225
2021-07-11 00:00:00+00:00,1625961600000,316.12,326.82,312.21,322.16,799617.835
2021-07-12 00:00:00+00:00,1626048000000,322.17,334.37,308.57,316.12,1322836.6575
2021-07-13 00:00:00+00:00,1626134400000,316.11,318.33,305.2,308.94,930032.3155
2021-07-14 00:00:00+00:00,1626220800000,308.98,313.46,290.24,309.4,1430288.4026
2021-07-15 00:00:00+00:00,1626307200000,309.33,324.33,301.32,316.11,2185210.8398
2021-07-16 00:00:00+00:00,1626393600000,316.12,323.5,301.5,302.88,1456105.4019
2021-07-17 00:00:00+00:00,1626480000000,302.94,306.71,295.0,300.52,1030879.9611
2021-07-18 00:00:00+00:00,1626566400000,300.56,309.18,298.7,302.1,815497.3527
2021-07-19 00:00:00+00:00,1626652800000,302.04,303.94,278.85,280.54,1318041.7074
2021-07-20 00:00:00+00:00,1626739200000,280.54,283.6,254.52,264.44,1796600.5803
2021-07-21 00:00:00+00:00,1626825600000,264.43,298.92,261.02,293.26,1740736.0226
2021-07-22 00:00:00+00:00,1626912000000,293.27,298.44,287.3,293.36,1173507.9432
2021-07-23 00:00:00+00:00,1626998400000,293.39,301.5,281.01,299.27,1640999.5389
2021-07-24 00:00:00+00:00,1627084800000,299.29,307.79,295.43,301.56,1438901.3811
2021-07-25 00:00:00+00:00,1627171200000,301.53,304.44,292.34,302.56,1083557.277
2021-07-26 00:00:00+00:00,1627257600000,302.56,328.0,301.0,304.0,2575554.2802
2021-07-27 00:00:00+00:00,1627344000000,304.0,318.41,297.61,313.48,1678708.0635
2021-07-28 00:00:00+00:00,1627430400000,313.47,318.68,308.0,313.8,1308249.13
2021-07-29 00:00:00+00:00,1627516800000,313.84,320.31,308.6,317.03,998946.1839
2021-07-30 00:00:00+00:00,1627603200000,317.1,325.66,306.16,322.58,1297421.6445
2021-07-31 00:00:00+00:00,1627689600000,322.58,338.44,317.21,332.38,1393753.965
2021-08-01 00:00:00+00:00,1627776000000,332.38,347.8,328.99,332.59,1514514.2178
2021-08-02 00:00:00+00:00,1627862400000,332.63,338.29,326.17,330.55,1018741.3098
2021-08-03 00:00:00+00:00,1627948800000,330.53,334.73,317.02,323.43,1060806.3447
2021-08-04 00:00:00+00:00,1628035200000,323.44,337.39,319.78,334.77,969671.4228
2021-08-05 00:00:00+00:00,1628121600000,334.78,340.17,323.37,337.91,1263649.4926
2021-08-06 00:00:00+00:00,1628208000000,337.92,347.14,331.12,342.39,1267498.9178
2021-08-07 00:00:00+00:00,1628294400000,342.39,359.74,340.34,356.18,1545801.188
2021-08-08 00:00:00+00:00,1628380800000,356.18,359.87,337.0,341.79,1275768.154
2021-08-09 00:00:00+00:00,1628467200000,341.79,357.7,333.15,354.32,1284975.5132
2021-08-10 00:00:00+00:00,1628553600000,354.32,376.6,348.0,371.92,1660844.1918
2021-08-11 00:00:00+00:00,1628640000000,371.95,408.72,371.09,390.96,1911892.6875
2021-08-12 00:00:00+00:00,1628726400000,390.92,406.18,371.59,385.66,1835305.9382
2021-08-13 00:00:00+00:00,1628812800000,385.69,411.46,382.91,410.76,1261827.2925
2021-08-14 00:00:00+00:00,1628899200000,410.74,418.8,400.0,408.67,1439286.5064
2021-08-15 00:00:00+00:00,1628985600000,408.66,415.16,395.88,414.05,1238115.4178
2021-08-16 00:00:00+00:00,1629072000000,414.05,437.0,410.79,415.72,1850324.1906
2021-08-17 00:00:00+00:00,1629158400000,415.72,435.77,398.77,401.8,1984029.275
2021-08-18 00:00:00+00:00,1629244800000,401.86,412.36,385.47,396.15,1750539.5385
2021-08-19 00:00:00+00:00,1629331200000,396.23,431.7,390.89,431.27,1852873.4714
2021-08-20 00:00:00+00:00,1629417600000,431.21,458.0,421.84,454.93,1691101.5102
2021-08-21 00:00:00+00:00,1629504000000,454.92,460.0,443.47,448.74,1426818.8978
2021-08-22 00:00:00+00:00,1629590400000,448.74,458.34,437.77,448.68,1135535.8076
2021-08-23 00:00:00+00:00,1629676800000,448.69,509.71,445.89,499.06,2660809.0219
2021-08-24 00:00:00+00:00,1629763200000,499.06,504.2,461.12,471.62,2080297.6979
2021-08-25 00:00:00+00:00,1629849600000,471.62,507.0,470.0,503.19,2242911.0333
2021-08-26 00:00:00+00:00,1629936000000,503.17,518.94,471.2,478.1,2229652.231
2021-08-27 00:00:00+00:00,1630022400000,478.2,495.0,467.1,494.5,1549790.9246
2021-08-28 00:00:00+00:00,1630108800000,494.6,497.0,482.3,486.2,891854.5838
2021-08-29 00:00:00+00:00,1630195200000,486.1,495.5,475.0,479.7,910773.939
2021-08-30 00:00:00+00:00,1630281600000,479.7,480.9,457.0,460.3,1125497.9612
2021-08-31 00:00:00+00:00,1630368000000,460.2,477.8,448.2,463.9,1477345.5552
2021-09-01 00:00:00+00:00,1630454400000,463.9,490.0,455.1,489.4,1320635.94
2021-09-02 00:00:00+00:00,1630540800000,489.5,504.7,478.0,483.7,1245680.6988
2021-09-03 00:00:00+00:00,1630627200000,483.6,495.0,473.0,488.5,1094104.742
2021-09-04 00:00:00+00:00,1630713600000,488.4,509.9,485.2,497.7,1248261.6277
2021-09-05 00:00:00+00:00,1630800000000,497.8,505.2,488.4,504.8,878406.045
2021-09-06 00:00:00+00:00,1630886400000,504.9,509.0,486.9,496.1,1121398.978
2021-09-07 00:00:00+00:00,1630972800000,496.1,504.8,369.0,418.7,3358688.1229
2021-09-08 00:00:00+00:00,1631059200000,418.7,425.5,382.3,415.0,2058507.11
2021-09-09 00:00:00+00:00,1631145600000,415.2,436.1,403.4,421.3,1543293.221
2021-09-10 00:00:00+00:00,1631232000000,421.3,439.4,393.2,401.4,1528906.751
2021-09-11 00:00:00+00:00,1631318400000,401.4,415.3,399.3,405.1,922767.055
2021-09-12 00:00:00+00:00,1631404800000,405.0,421.5,397.4,416.3,981402.883
2021-09-13 00:00:00+00:00,1631491200000,416.4,419.7,383.0,399.1,1531654.719
2021-09-14 00:00:00+00:00,1631577600000,399.1,414.7,395.7,414.3,930635.792
2021-09-15 00:00:00+00:00,1631664000000,414.3,438.0,409.6,431.3,1182055.631
2021-09-16 00:00:00+00:00,1631750400000,431.2,435.0,415.6,424.3,1037049.02
2021-09-17 00:00:00+00:00,1631836800000,424.2,426.0,400.4,406.6,844137.727
2021-09-18 00:00:00+00:00,1631923200000,406.8,420.0,401.5,410.7,733479.739
2021-09-19 00:00:00+00:00,1632009600000,410.8,419.0,402.8,408.6,743095.721
2021-09-20 00:00:00+00:00,1632096000000,408.5,410.1,353.7,364.1,1865673.9401
2021-09-21 00:00:00+00:00,1632182400000,364.1,376.0,336.8,344.4,1577059.1261
2021-09-22 00:00:00+00:00,1632268800000,344.4,379.9,342.3,379.0,1085212.972
2021-09-23 00:00:00+00:00,1632355200000,378.9,384.6,369.0,383.5,992215.176
2021-09-24 00:00:00+00:00,1632441600000,383.5,385.3,333.6,355.0,1718950.219
2021-09-25 00:00:00+00:00,1632528000000,355.0,360.8,343.2,349.6,916797.617
2021-09-26 00:00:00+00:00,1632614400000,349.6,353.0,320.0,344.0,1538759.1618
2021-09-27 00:00:00+00:00,1632700800000,344.0,357.6,335.0,335.5,956544.069
2021-09-28 00:00:00+00:00,1632787200000,335.5,344.6,330.0,333.0,922077.227
2021-09-29 00:00:00+00:00,1632873600000,332.9,375.4,331.2,367.7,1696420.045
2021-09-30 00:00:00+00:00,1632960000000,367.7,388.8,366.4,387.5,1163674.206
2021-10-01 00:00:00+00:00,1633046400000,387.5,423.4,381.5,421.5,1440336.041
2021-10-02 00:00:00+00:00,1633132800000,421.4,438.2,410.6,427.1,1039006.518
2021-10-03 00:00:00+00:00,1633219200000,427.0,437.2,421.5,430.5,820910.792
2021-10-04 00:00:00+00:00,1633305600000,430.5,430.9,410.9,426.3,974423.359
2021-10-05 00:00:00+00:00,1633392000000,426.4,444.0,424.0,442.1,883699.828
2021-10-06 00:00:00+00:00,1633478400000,442.0,442.8,414.7,434.9,1245088.683
2021-10-07 00:00:00+00:00,1633564800000,434.9,450.0,423.6,438.5,1159098.7447
2021-10-08 00:00:00+00:00,1633651200000,438.5,441.6,415.7,419.2,1505999.188
2021-10-09 00:00:00+00:00,1633737600000,419.3,426.0,416.0,421.9,632123.526
2021-10-10 00:00:00+00:00,1633824000000,421.9,422.3,402.0,404.1,729380.963
2021-10-11 00:00:00+00:00,1633910400000,404.0,424.0,399.8,413.1,759924.884
2021-10-12 00:00:00+00:00,1633996800000,413.2,444.5,392.2,444.2,1966630.183
2021-10-13 00:00:00+00:00,1634083200000,444.1,471.8,432.3,470.8,3383303.439
2021-10-14 00:00:00+00:00,1634169600000,470.7,482.8,461.2,472.7,1431305.925
2021-10-15 00:00:00+00:00,1634256000000,472.7,478.0,450.8,474.5,1508188.787
2021-10-16 00:00:00+00:00,1634342400000,474.5,484.7,423.0,465.8,1040477.571
2021-10-17 00:00:00+00:00,1634428800000,465.8,472.4,454.2,470.9,890609.849
2021-10-18 00:00:00+00:00,1634515200000,471.0,487.6,466.4,484.9,1091006.031
2021-10-19 00:00:00+00:00,1634601600000,485.0,497.6,480.3,488.1,912494.969
2021-10-20 00:00:00+00:00,1634688000000,488.1,505.9,481.3,501.3,946412.94
2021-10-21 00:00:00+00:00,1634774400000,501.3,504.9,466.0,470.9,1851835.929
2021-10-22 00:00:00+00:00,1634860800000,470.9,498.0,470.7,479.3,1118876.638
2021-10-23 00:00:00+00:00,1634947200000,479.3,485.7,472.6,485.5,521970.795
2021-10-24 00:00:00+00:00,1635033600000,485.5,486.5,467.8,475.8,590939.031
2021-10-25 00:00:00+00:00,1635120000000,475.8,488.6,474.7,485.1,632116.761
2021-10-26 00:00:00+00:00,1635206400000,485.1,489.8,473.5,478.1,702610.184
2021-10-27 00:00:00+00:00,1635292800000,478.2,486.4,435.3,448.7,1370950.214
2021-10-28 00:00:00+00:00,1635379200000,448.7,494.8,446.4,491.9,1523900.006
2021-10-29 00:00:00+00:00,1635465600000,492.0,533.61,487.6,530.3,1411851.4394
2021-10-30 00:00:00+00:00,1635552000000,530.3,540.5,510.2,528.3,1095033.1264
2021-10-31 00:00:00+00:00,1635638400000,528.4,535.0,508.9,524.6,1018991.819
2021-11-01 00:00:00+00:00,1635724800000,524.6,551.9,511.0,551.3,1274272.0851
2021-11-02 00:00:00+00:00,1635811200000,551.3,564.0,537.4,554.4,1153919.1399
2021-11-03 00:00:00+00:00,1635897600000,554.4,570.1,537.5,568.4,1262766.5996
2021-11-04 00:00:00+00:00,1635984000000,568.4,568.9,543.6,558.7,1052950.033
2021-11-05 00:00:00+00:00,1636070400000,558.8,616.9,554.1,607.3,1989945.5433
2021-11-06 00:00:00+00:00,1636156800000,607.3,637.8,595.1,637.7,1366385.957
2021-11-07 00:00:00+00:00,1636243200000,637.7,669.3,630.5,649.6,1476373.2487
2021-11-08 00:00:00+00:00,1636329600000,649.5,655.7,631.0,653.5,1290096.384
2021-11-09 00:00:00+00:00,1636416000000,653.6,656.7,631.9,635.0,879119.398
2021-11-10 00:00:00+00:00,1636502400000,635.0,662.9,573.0,614.1,1814654.086
2021-11-11 00:00:00+00:00,1636588800000,614.2,635.2,605.7,628.4,1019740.949
2021-11-12 00:00:00+00:00,1636675200000,628.4,634.5,602.7,626.9,1012909.088
2021-11-13 00:00:00+00:00,1636761600000,626.8,655.0,619.6,649.5,900107.757
2021-11-14 00:00:00+00:00,1636848000000,649.5,661.0,634.5,650.8,933689.139
2021-11-15 00:00:00+00:00,1636934400000,650.7,659.5,630.3,633.8,953989.634
2021-11-16 00:00:00+00:00,1637020800000,633.9,635.2,573.7,588.7,2200954.903
2021-11-17 00:00:00+00:00,1637107200000,588.8,592.6,553.7,578.0,1453408.555
2021-11-18 00:00:00+00:00,1637193600000,577.9,588.2,510.0,531.8,1750338.428
2021-11-19 00:00:00+00:00,1637280000000,531.9,585.5,523.9,581.0,1300787.958
2021-11-20 00:00:00+00:00,1637366400000,581.0,604.8,572.6,604.3,1119517.131
2021-11-21 00:00:00+00:00,1637452800000,604.4,605.2,579.6,584.0,970133.807
2021-11-22 00:00:00+00:00,1637539200000,584.0,585.5,553.8,559.3,1141002.755
2021-11-23 00:00:00+00:00,1637625600000,559.4,605.0,557.9,591.1,1202541.917
2021-11-24 00:00:00+00:00,1637712000000,591.1,594.3,576.8,590.3,1079667.803
2021-11-25 00:00:00+00:00,1637798400000,590.4,650.0,587.4,639.1,1536194.042
2021-11-26 00:00:00+00:00,1637884800000,639.1,657.9,564.2,587.3,2413553.439
2021-11-27 00:00:00+00:00,1637971200000,587.2,621.3,582.6,599.9,1183849.36
2021-11-28 00:00:00+00:00,1638057600000,599.9,612.9,571.6,611.3,1281130.351
2021-11-29 00:00:00+00:00,1638144000000,611.4,629.0,601.6,623.4,1090520.864
2021-11-30 00:00:00+00:00,1638230400000,623.5,635.0,602.6,622.5,1380656.205
2021-12-01 00:00:00+00:00,1638316800000,622.5,649.8,618.2,627.5,1384101.087
2021-12-02 00:00:00+00:00,1638403200000,627.5,630.9,605.5,619.9,1104596.881
2021-12-03 00:00:00+00:00,1638489600000,619.9,628.0,574.0,595.0,1250950.167
2021-12-04 00:00:00+00:00,1638576000000,595.1,596.0,489.2,568.6,2611783.647
2021-12-05 00:00:00+00:00,1638662400000,568.5,582.0,539.9,557.8,1258393.72
2021-12-06 00:00:00+00:00,1638748800000,557.7,593.0,533.0,587.5,2005928.932
2021-12-07 00:00:00+00:00,1638835200000,587.5,594.1,572.2,578.7,1017363.943
2021-12-08 00:00:00+00:00,1638921600000,578.7,607.6,567.0,607.2,1113215.449
2021-12-09 00:00:00+00:00,1639008000000,607.3,617.0,567.7,570.2,1096635.012
2021-12-10 00:00:00+00:00,1639094400000,570.2,595.1,550.2,552.4,1083121.564
2021-12-11 00:00:00+00:00,1639180800000,552.5,572.7,542.0,564.5,950448.474
2021-12-12 00:00:00+00:00,1639267200000,564.6,574.8,559.3,570.3,544940.336
2021-12-13 00:00:00+00:00,1639353600000,570.3,572.2,511.1,521.0,1037150.705
2021-12-14 00:00:00+00:00,1639440000000,521.0,535.8,509.7,528.1,1263782.101
2021-12-15 00:00:00+00:00,1639526400000,528.0,546.7,501.6,541.1,1147515.305
2021-12-16 00:00:00+00:00,1639612800000,541.1,545.3,524.8,526.2,735504.682
2021-12-17 00:00:00+00:00,1639699200000,526.2,535.8,511.0,525.5,921732.763
2021-12-18 00:00:00+00:00,1639785600000,525.5,537.8,515.0,533.9,580436.098
2021-12-19 00:00:00+00:00,1639872000000,533.9,544.4,527.1,529.8,540256.684
2021-12-20 00:00:00+00:00,1639958400000,529.8,534.8,505.6,524.0,727454.212
2021-12-21 00:00:00+00:00,1640044800000,524.0,535.7,509.8,528.3,686439.708
2021-12-22 00:00:00+00:00,1640131200000,528.4,545.0,527.2,533.6,721787.109
2021-12-23 00:00:00+00:00,1640217600000,533.6,552.6,524.3,549.0,844421.954
2021-12-24 00:00:00+00:00,1640304000000,549.0,554.4,537.4,542.1,665688.415
2021-12-25 00:00:00+00:00,1640390400000,542.1,550.5,539.1,547.4,455399.793
2021-12-26 00:00:00+00:00,1640476800000,547.4,549.3,535.6,546.4,536338.775
2021-12-27 00:00:00+00:00,1640563200000,546.5,572.0,543.1,563.7,803473.155
2021-12-28 00:00:00+00:00,1640649600000,563.7,563.7,528.4,534.2,1002556.271
2021-12-29 00:00:00+00:00,1640736000000,534.2,540.5,510.3,514.5,740117.867
2021-12-30 00:00:00+00:00,1640822400000,514.5,527.8,508.3,518.5,639166.717
2021-12-31 00:00:00+00:00,1640908800000,518.6,528.3,506.0,511.4,677844.749
2022-01-01 00:00:00+00:00,1640995200000,511.5,527.9,511.4,527.3,446171.541
2022-01-02 00:00:00+00:00,1641081600000,527.4,533.9,518.0,531.0,404475.541
2022-01-03 00:00:00+00:00,1641168000000,531.0,532.8,510.0,511.9,663841.021
2022-01-04 00:00:00+00:00,1641254400000,511.9,520.0,502.0,506.9,687436.638
2022-01-05 00:00:00+00:00,1641340800000,506.9,516.0,457.0,474.1,985152.004
2022-01-06 00:00:00+00:00,1641427200000,474.2,481.3,458.8,472.6,986669.9
2022-01-07 00:00:00+00:00,1641513600000,472.6,473.9,437.5,448.1,1331260.03
2022-01-08 00:00:00+00:00,1641600000000,448.1,459.7,415.0,429.9,1062788.589
2022-01-09 00:00:00+00:00,1641686400000,429.8,444.5,427.0,438.7,688777.347
2022-01-10 00:00:00+00:00,1641772800000,438.8,445.5,405.6,424.7,1221504.738
2022-01-11 00:00:00+00:00,1641859200000,424.8,467.7,421.3,463.6,1266092.819
2022-01-12 00:00:00+00:00,1641945600000,463.6,489.9,456.6,487.8,836124.928
2022-01-13 00:00:00+00:00,1642032000000,487.8,489.8,466.5,475.2,908052.937
2022-01-14 00:00:00+00:00,1642118400000,475.1,492.3,467.6,490.0,797022.181
2022-01-15 00:00:00+00:00,1642204800000,489.9,500.9,485.0,494.5,548626.203
2022-01-16 00:00:00+00:00,1642291200000,494.5,506.0,488.6,498.6,507042.332
2022-01-17 00:00:00+00:00,1642377600000,498.6,499.1,466.9,475.2,757806.035
2022-01-18 00:00:00+00:00,1642464000000,475.1,479.6,457.2,471.4,707501.577
2022-01-19 00:00:00+00:00,1642550400000,471.5,473.1,453.7,461.9,585750.3
2022-01-20 00:00:00+00:00,1642636800000,461.9,478.7,438.2,440.2,1137854.894
2022-01-21 00:00:00+00:00,1642723200000,440.2,444.6,373.7,383.9,1891179.594
2022-01-22 00:00:00+00:00,1642809600000,383.8,389.6,336.3,358.3,2635609.386
2022-01-23 00:00:00+00:00,1642896000000,358.3,389.0,356.3,383.9,1297043.923
2022-01-24 00:00:00+00:00,1642982400000,384.0,384.0,336.0,371.3,1900214.42
2022-01-25 00:00:00+00:00,1643068800000,371.2,389.5,357.4,385.1,1006111.155
2022-01-26 00:00:00+00:00,1643155200000,385.1,402.4,366.4,375.1,1073520.172
2022-01-27 00:00:00+00:00,1643241600000,375.1,393.8,360.0,389.9,962060.888
2022-01-28 00:00:00+00:00,1643328000000,389.9,395.9,375.8,385.9,752320.615
2022-01-29 00:00:00+00:00,1643414400000,385.9,397.3,380.7,389.3,534573.782
2022-01-30 00:00:00+00:00,1643500800000,389.4,389.6,372.2,377.2,536436.123
2022-01-31 00:00:00+00:00,1643587200000,377.2,385.4,365.2,374.3,620113.734
2022-02-01 00:00:00+00:00,1643673600000,374.4,388.4,373.7,384.2,555347.277
2022-02-02 00:00:00+00:00,1643760000000,384.1,386.1,366.1,366.9,572340.04
2022-02-03 00:00:00+00:00,1643846400000,367.1,372.4,359.6,372.3,495715.227
2022-02-04 00:00:00+00:00,1643932800000,372.2,399.7,369.5,399.5,849825.828
2022-02-05 00:00:00+00:00,1644019200000,399.6,431.0,396.3,413.7,1031046.87
2022-02-06 00:00:00+00:00,1644105600000,413.8,422.5,407.0,419.9,542631.176
2022-02-07 00:00:00+00:00,1644192000000,419.9,439.0,413.3,433.5,758247.667
2022-02-08 00:00:00+00:00,1644278400000,433.5,445.4,406.2,407.8,1148555.321
2022-02-09 00:00:00+00:00,1644364800000,407.9,427.7,407.1,422.9,633880.431
2022-02-10 00:00:00+00:00,1644451200000,422.9,434.9,410.0,414.7,956240.339
2022-02-11 00:00:00+00:00,1644537600000,414.7,418.9,390.5,400.0,700843.2
2022-02-12 00:00:00+00:00,1644624000000,400.0,407.1,393.3,403.6,521080.237
2022-02-13 00:00:00+00:00,1644710400000,403.6,407.8,394.7,397.9,388657.052
2022-02-14 00:00:00+00:00,1644796800000,398.0,404.5,390.6,403.4,472210.318
2022-02-15 00:00:00+00:00,1644883200000,403.4,443.0,402.7,432.4,1184143.99
2022-02-16 00:00:00+00:00,1644969600000,432.4,433.5,422.2,427.3,606252.493
2022-02-17 00:00:00+00:00,1645056000000,427.3,431.1,400.0,402.4,661874.717
2022-02-18 00:00:00+00:00,1645142400000,402.4,411.0,392.2,399.2,611936.679
2022-02-19 00:00:00+00:00,1645228800000,399.2,406.4,393.0,399.8,410279.304
2022-02-20 00:00:00+00:00,1645315200000,399.8,400.0,375.0,380.6,624148.525
2022-02-21 00:00:00+00:00,1645401600000,380.7,393.7,355.0,356.6,1219652.481
2022-02-22 00:00:00+00:00,1645488000000,356.7,375.4,348.7,374.3,940456.822
2022-02-23 00:00:00+00:00,1645574400000,374.3,384.2,365.3,365.6,698692.661
2022-02-24 00:00:00+00:00,1645660800000,365.6,371.3,323.5,361.2,1949035.935
2022-02-25 00:00:00+00:00,1645747200000,361.2,377.2,356.8,375.0,783242.16
2022-02-26 00:00:00+00:00,1645833600000,375.0,386.1,370.5,373.7,548687.941
2022-02-27 00:00:00+00:00,1645920000000,373.7,381.2,358.1,360.1,677364.949
2022-02-28 00:00:00+00:00,1646006400000,360.1,397.2,355.8,395.6,773064.48
2022-03-01 00:00:00+00:00,1646092800000,395.7,424.9,390.4,408.7,1403695.832
2022-03-02 00:00:00+00:00,1646179200000,408.7,415.7,403.8,409.3,788499.443
2022-03-03 00:00:00+00:00,1646265600000,409.3,413.2,397.4,402.6,577002.325
2022-03-04 00:00:00+00:00,1646352000000,402.6,403.5,372.0,374.2,756176.61
2022-03-05 00:00:00+00:00,1646438400000,374.1,387.3,367.2,384.7,453970.242
2022-03-06 00:00:00+00:00,1646524800000,384.8,387.3,371.6,375.0,489079.158
2022-03-07 00:00:00+00:00,1646611200000,375.0,385.9,362.8,380.6,949294.91
2022-03-08 00:00:00+00:00,1646697600000,380.6,388.7,375.3,381.4,647492.047
2022-03-09 00:00:00+00:00,1646784000000,381.4,402.7,381.0,393.2,1012850.747
2022-03-10 00:00:00+00:00,1646870400000,393.2,394.5,363.0,372.0,791332.984
2022-03-11 00:00:00+00:00,1646956800000,372.1,380.0,364.7,371.9,510174.586
2022-03-12 00:00:00+00:00,1647043200000,371.9,379.2,371.1,372.4,402475.646
2022-03-13 00:00:00+00:00,1647129600000,372.4,377.2,360.1,361.4,424762.642
2022-03-14 00:00:00+00:00,1647216000000,361.4,373.9,359.5,373.4,467814.984
2022-03-15 00:00:00+00:00,1647302400000,373.4,374.7,361.7,371.7,440890.823
2022-03-16 00:00:00+00:00,1647388800000,371.7,386.6,367.8,385.4,668878.615
2022-03-17 00:00:00+00:00,1647475200000,385.3,393.5,381.7,391.8,569457.408
2022-03-18 00:00:00+00:00,1647561600000,391.9,400.0,384.0,397.2,553763.586
2022-03-19 00:00:00+00:00,1647648000000,397.2,406.4,394.9,399.9,459996.613
2022-03-20 00:00:00+00:00,1647734400000,399.9,400.8,386.2,390.8,398984.429
2022-03-21 00:00:00+00:00,1647820800000,390.8,399.5,384.8,396.0,541479.78
2022-03-22 00:00:00+00:00,1647907200000,396.0,410.0,394.8,404.3,609034.607
2022-03-23 00:00:00+00:00,1647993600000,404.3,411.7,397.9,408.4,535891.79
2022-03-24 00:00:00+00:00,1648080000000,408.4,416.6,405.0,414.2,598366.115
2022-03-25 00:00:00+00:00,1648166400000,414.2,421.5,405.5,410.3,609691.876
2022-03-26 00:00:00+00:00,1648252800000,410.3,416.4,407.5,415.8,280157.687
2022-03-27 00:00:00+00:00,1648339200000,415.9,431.6,411.7,430.5,490998.1
2022-03-28 00:00:00+00:00,1648425600000,430.6,441.0,427.6,430.2,719102.183
2022-03-29 00:00:00+00:00,1648512000000,430.2,441.6,429.4,434.2,629773.894
2022-03-30 00:00:00+00:00,1648598400000,434.2,449.3,425.5,442.1,768982.427
2022-03-31 00:00:00+00:00,1648684800000,442.1,452.3,423.9,428.9,957924.695
2022-04-01 00:00:00+00:00,1648771200000,428.9,448.2,412.8,447.7,971822.655
2022-04-02 00:00:00+00:00,1648857600000,447.8,454.2,435.7,437.2,827864.885
2022-04-03 00:00:00+00:00,1648944000000,437.3,455.7,432.2,450.4,676230.892
2022-04-04 00:00:00+00:00,1649030400000,450.4,450.5,433.4,447.6,736637.271
2022-04-05 00:00:00+00:00,1649116800000,447.6,460.0,444.1,444.7,761168.725
2022-04-06 00:00:00+00:00,1649203200000,444.7,448.6,418.3,420.1,928930.806
2022-04-07 00:00:00+00:00,1649289600000,420.1,450.0,416.2,436.0,717661.036
2022-04-08 00:00:00+00:00,1649376000000,436.1,442.0,418.4,421.5,684600.074
2022-04-09 00:00:00+00:00,1649462400000,421.5,428.2,419.6,426.6,356426.659
2022-04-10 00:00:00+00:00,1649548800000,426.6,429.5,417.0,418.1,386650.883
2022-04-11 00:00:00+00:00,1649635200000,418.1,419.7,391.2,394.6,856354.224
2022-04-12 00:00:00+00:00,1649721600000,394.6,417.1,392.4,413.6,729790.918
2022-04-13 00:00:00+00:00,1649808000000,413.7,424.6,410.3,423.4,630077.277
2022-04-14 00:00:00+00:00,1649894400000,423.4,426.9,411.3,414.7,464220.208
2022-04-15 00:00:00+00:00,1649980800000,414.7,420.0,412.5,417.3,331730.773
2022-04-16 00:00:00+00:00,1650067200000,417.3,419.0,411.6,417.3,237289.02
2022-04-17 00:00:00+00:00,1650153600000,417.3,418.2,405.5,406.6,302390.726
2022-04-18 00:00:00+00:00,1650240000000,406.7,418.0,396.2,416.8,628747.772
2022-04-19 00:00:00+00:00,1650326400000,416.9,424.7,414.6,422.3,567586.931
2022-04-20 00:00:00+00:00,1650412800000,422.3,431.4,414.9,418.4,677255.09
2022-04-21 00:00:00+00:00,1650499200000,418.4,426.0,401.2,404.9,771718.154
2022-04-22 00:00:00+00:00,1650585600000,404.9,413.9,403.3,406.6,563521.049
2022-04-23 00:00:00+00:00,1650672000000,406.6,408.1,397.3,401.1,339347.45
2022-04-24 00:00:00+00:00,1650758400000,401.2,405.5,397.1,398.8,322889.805
2022-04-25 00:00:00+00:00,1650844800000,398.8,405.7,382.3,404.3,849798.678
2022-04-26 00:00:00+00:00,1650931200000,404.4,407.5,380.8,385.9,629808.812
2022-04-27 00:00:00+00:00,1651017600000,386.0,394.8,383.3,391.3,567371.495
2022-04-28 00:00:00+00:00,1651104000000,391.4,408.6,388.5,407.1,946336.334
2022-04-29 00:00:00+00:00,1651190400000,407.2,410.7,389.7,393.0,694888.526
2022-04-30 00:00:00+00:00,1651276800000,393.0,399.9,376.3,377.1,574905.822
2022-05-01 00:00:00+00:00,1651363200000,377.1,391.4,375.5,389.9,564144.673
2022-05-02 00:00:00+00:00,1651449600000,389.9,392.6,382.1,389.5,454918.112
2022-05-03 00:00:00+00:00,1651536000000,389.5,392.3,379.8,383.9,388317.42
2022-05-04 00:00:00+00:00,1651622400000,383.9,403.1,382.7,402.6,599066.682
2022-05-05 00:00:00+00:00,1651708800000,402.6,413.6,370.7,378.4,1224114.512
2022-05-06 00:00:00+00:00,1651795200000,378.5,383.3,370.6,379.1,702441.419
2022-05-07 00:00:00+00:00,1651881600000,379.1,380.6,360.1,365.5,554852.531
2022-05-08 00:00:00+00:00,1651968000000,365.5,367.0,349.5,355.9,785184.087
2022-05-09 00:00:00+00:00,1652054400000,355.9,359.3,295.4,296.1,2137566.8702
2022-05-10 00:00:00+00:00,1652140800000,296.1,332.8,289.0,319.1,2160654.1754
2022-05-11 00:00:00+00:00,1652227200000,319.1,323.0,260.8,271.5,3387753.9826
2022-05-12 00:00:00+00:00,1652313600000,271.4,285.0,218.8,269.0,4499625.6033
2022-05-13 00:00:00+00:00,1652400000000,269.0,313.5,265.4,290.6,1912387.361
2022-05-14 00:00:00+00:00,1652486400000,290.7,299.5,272.1,296.9,1092874.023
2022-05-15 00:00:00+00:00,1652572800000,296.9,312.6,285.7,312.4,774709.231
2022-05-16 00:00:00+00:00,1652659200000,312.4,312.5,290.3,297.2,967622.834
2022-05-17 00:00:00+00:00,1652745600000,297.3,310.7,295.8,306.2,702265.607
2022-05-18 00:00:00+00:00,1652832000000,306.2,308.6,286.8,287.7,731091.091
2022-05-19 00:00:00+00:00,1652918400000,287.8,308.9,286.8,307.1,685238.844
2022-05-20 00:00:00+00:00,1653004800000,307.1,316.1,294.1,302.2,918118.177
2022-05-21 00:00:00+00:00,1653091200000,302.3,314.2,299.3,312.4,470778.483
2022-05-22 00:00:00+00:00,1653177600000,312.5,323.7,311.5,319.4,640675.573
2022-05-23 00:00:00+00:00,1653264000000,319.3,337.0,315.3,317.2,1016212.871
2022-05-24 00:00:00+00:00,1653350400000,317.1,330.4,312.1,328.3,1087140.698
2022-05-25 00:00:00+00:00,1653436800000,328.3,337.9,324.0,325.7,1057736.755
2022-05-26 00:00:00+00:00,1653523200000,325.7,331.8,296.7,303.0,1539437.598
2022-05-27 00:00:00+00:00,1653609600000,303.0,309.8,290.6,301.6,1460549.008
2022-05-28 00:00:00+00:00,1653696000000,301.5,310.5,296.9,307.5,601654.504
2022-05-29 00:00:00+00:00,1653782400000,307.6,308.2,298.6,305.8,519507.747
2022-05-30 00:00:00+00:00,1653868800000,305.9,324.0,303.9,321.8,1006928.231
2022-05-31 00:00:00+00:00,1653955200000,321.8,324.8,313.5,320.9,701746.39
2022-06-01 00:00:00+00:00,1654041600000,321.0,324.5,297.6,300.4,817984.609
2022-06-02 00:00:00+00:00,1654128000000,300.5,309.2,298.2,308.3,477670.4
2022-06-03 00:00:00+00:00,1654214400000,308.4,310.3,293.3,298.6,468996.677
2022-06-04 00:00:00+00:00,1654300800000,298.6,302.9,294.8,301.3,293533.108
2022-06-05 00:00:00+00:00,1654387200000,301.4,302.5,295.0,299.1,269695.901
2022-06-06 00:00:00+00:00,1654473600000,299.1,312.3,288.0,295.1,758590.86
2022-06-07 00:00:00+00:00,1654560000000,295.1,295.9,273.5,290.3,969784.619
2022-06-08 00:00:00+00:00,1654646400000,290.3,294.6,283.9,288.5,509510.455
2022-06-09 00:00:00+00:00,1654732800000,288.5,293.4,286.3,289.9,335495.073
2022-06-10 00:00:00+00:00,1654819200000,289.9,298.9,283.2,286.4,817523.364
2022-06-11 00:00:00+00:00,1654905600000,286.4,290.6,265.2,269.9,584351.456
2022-06-12 00:00:00+00:00,1654992000000,269.9,272.0,251.1,254.8,827755.035
2022-06-13 00:00:00+00:00,1655078400000,254.8,257.8,213.2,223.0,2377589.4089
2022-06-14 00:00:00+00:00,1655164800000,222.9,231.4,204.1,223.0,1922025.0844
2022-06-15 00:00:00+00:00,1655251200000,223.1,234.7,198.4,233.6,2105397.5515
2022-06-16 00:00:00+00:00,1655337600000,233.6,237.2,207.7,210.2,975592.873
2022-06-17 00:00:00+00:00,1655424000000,210.3,222.1,207.7,215.8,690834.308
2022-06-18 00:00:00+00:00,1655510400000,215.8,219.0,183.4,197.0,1404690.4959
2022-06-19 00:00:00+00:00,1655596800000,197.0,217.0,189.7,215.1,1102166.171
2022-06-20 00:00:00+00:00,1655683200000,215.1,219.8,204.8,216.5,880400.844
2022-06-21 00:00:00+00:00,1655769600000,216.5,228.4,213.1,220.1,829003.565
2022-06-22 00:00:00+00:00,1655856000000,220.2,221.0,211.2,214.4,690466.465
2022-06-23 00:00:00+00:00,1655942400000,214.4,231.7,214.0,228.9,783796.952
2022-06-24 00:00:00+00:00,1656028800000,229.0,243.3,228.3,240.2,707275.387
2022-06-25 00:00:00+00:00,1656115200000,240.3,242.1,229.7,239.7,490948.31
2022-06-26 00:00:00+00:00,1656201600000,239.7,245.2,233.2,233.9,456762.547
2022-06-27 00:00:00+00:00,1656288000000,234.0,241.0,230.0,233.8,483616.798
2022-06-28 00:00:00+00:00,1656374400000,233.9,242.8,225.9,226.9,632626.779
2022-06-29 00:00:00+00:00,1656460800000,227.0,229.8,215.4,219.7,711780.691
2022-06-30 00:00:00+00:00,1656547200000,219.7,220.3,205.4,219.6,791526.898
2022-07-01 00:00:00+00:00,1656633600000,219.6,226.8,213.5,216.9,816261.885
2022-07-02 00:00:00+00:00,1656720000000,216.9,219.7,213.8,218.3,342712.099
2022-07-03 00:00:00+00:00,1656806400000,218.4,220.1,213.9,219.2,361103.065
2022-07-04 00:00:00+00:00,1656892800000,219.2,232.2,214.8,231.5,514662.946
2022-07-05 00:00:00+00:00,1656979200000,231.6,236.6,222.9,230.8,684927.621
2022-07-06 00:00:00+00:00,1657065600000,230.8,240.0,229.0,238.6,644951.713
2022-07-07 00:00:00+00:00,1657152000000,238.6,243.8,230.0,241.4,488193.225
2022-07-08 00:00:00+00:00,1657238400000,241.4,247.7,237.0,240.7,643936.034
2022-07-09 00:00:00+00:00,1657324800000,240.7,245.0,240.4,243.3,267778.165
2022-07-10 00:00:00+00:00,1657411200000,243.3,243.5,231.7,234.7,396712.237
2022-07-11 00:00:00+00:00,1657497600000,234.7,235.0,225.1,225.6,419335.067
2022-07-12 00:00:00+00:00,1657584000000,225.7,228.3,220.2,220.6,410220.066
2022-07-13 00:00:00+00:00,1657670400000,220.6,231.3,216.4,230.5,714589.61
2022-07-14 00:00:00+00:00,1657756800000,230.5,240.0,227.1,238.5,577524.874
2022-07-15 00:00:00+00:00,1657843200000,238.6,242.7,235.4,238.5,446513.822
2022-07-16 00:00:00+00:00,1657929600000,238.6,251.5,233.9,249.8,423399.994
2022-07-17 00:00:00+00:00,1658016000000,249.8,256.1,246.4,247.8,436448.547
2022-07-18 00:00:00+00:00,1658102400000,247.8,265.6,247.6,264.1,747067.029
2022-07-19 00:00:00+00:00,1658188800000,264.1,274.8,255.8,268.6,946386.94
2022-07-20 00:00:00+00:00,1658275200000,268.6,272.0,256.4,258.2,771496.808
2022-07-21 00:00:00+00:00,1658361600000,258.3,266.0,250.7,265.6,545140.272
2022-07-22 00:00:00+00:00,1658448000000,265.6,271.4,261.1,262.4,508542.317
2022-07-23 00:00:00+00:00,1658534400000,262.5,272.6,252.7,259.2,488326.247
2022-07-24 00:00:00+00:00,1658620800000,259.2,266.2,257.1,261.4,333902.611
2022-07-25 00:00:00+00:00,1658707200000,261.4,262.7,243.8,244.6,458768.533
2022-07-26 00:00:00+00:00,1658793600000,244.7,249.6,239.6,249.4,365533.647
2022-07-27 00:00:00+00:00,1658880000000,249.5,272.0,247.5,271.6,656773.695
2022-07-28 00:00:00+00:00,1658966400000,271.6,280.8,263.6,277.2,669832.4
2022-07-29 00:00:00+00:00,1659052800000,277.2,302.0,274.8,293.6,1077799.221
2022-07-30 00:00:00+00:00,1659139200000,293.6,300.2,285.1,287.8,683111.103
2022-07-31 00:00:00+00:00,1659225600000,287.8,297.1,282.1,283.4,564727.273
2022-08-01 00:00:00+00:00,1659312000000,283.5,290.5,277.9,283.2,493847.804
2022-08-02 00:00:00+00:00,1659398400000,283.3,291.1,274.2,283.8,627814.081
2022-08-03 00:00:00+00:00,1659484800000,283.8,305.7,278.2,297.5,685924.62
2022-08-04 00:00:00+00:00,1659571200000,297.6,313.4,297.2,311.8,808604.152
2022-08-05 00:00:00+00:00,1659657600000,311.9,321.5,308.1,315.9,641807.573
2022-08-06 00:00:00+00:00,1659744000000,315.9,322.9,312.6,315.2,394288.536
2022-08-07 00:00:00+00:00,1659830400000,315.3,325.9,308.2,322.8,415090.183
2022-08-08 00:00:00+00:00,1659916800000,322.7,334.0,320.8,324.9,580206.607
2022-08-09 00:00:00+00:00,1660003200000,324.9,328.3,312.4,324.4,500589.395
2022-08-10 00:00:00+00:00,1660089600000,324.5,336.8,313.6,328.8,831222.11
2022-08-11 00:00:00+00:00,1660176000000,328.8,334.7,322.0,323.6,549578.328
2022-08-12 00:00:00+00:00,1660262400000,323.5,328.1,317.7,327.9,384848.843
2022-08-13 00:00:00+00:00,1660348800000,327.9,333.0,322.8,324.3,405066.252
2022-08-14 00:00:00+00:00,1660435200000,324.3,331.0,315.8,317.6,378353.918
2022-08-15 00:00:00+00:00,1660521600000,317.6,327.4,313.6,319.5,455916.278
2022-08-16 00:00:00+00:00,1660608000000,319.4,322.4,312.0,316.1,370975.919
2022-08-17 00:00:00+00:00,1660694400000,316.0,324.0,304.2,306.9,504236.732
2022-08-18 00:00:00+00:00,1660780800000,306.8,311.0,295.8,298.1,409051.886
2022-08-19 00:00:00+00:00,1660867200000,298.1,298.2,276.2,279.1,870296.511
2022-08-20 00:00:00+00:00,1660953600000,279.0,289.4,277.0,283.7,513021.106
2022-08-21 00:00:00+00:00,1661040000000,283.8,304.2,283.4,301.9,528156.209
2022-08-22 00:00:00+00:00,1661126400000,301.9,304.9,288.8,300.0,638895.985
2022-08-23 00:00:00+00:00,1661212800000,300.0,301.7,293.8,299.3,403374.952
2022-08-24 00:00:00+00:00,1661299200000,299.3,300.5,294.3,296.4,344126.265
2022-08-25 00:00:00+00:00,1661385600000,296.4,307.5,296.0,301.2,398617.06
2022-08-26 00:00:00+00:00,1661472000000,301.2,302.3,277.2,279.6,594770.355
2022-08-27 00:00:00+00:00,1661558400000,279.6,284.8,273.3,277.9,412732.716
2022-08-28 00:00:00+00:00,1661644800000,277.9,284.1,275.6,276.5,312819.026
2022-08-29 00:00:00+00:00,1661731200000,276.5,286.7,272.3,285.9,481690.832
2022-08-30 00:00:00+00:00,1661817600000,285.9,292.0,276.1,281.6,436765.765
2022-08-31 00:00:00+00:00,1661904000000,281.7,290.0,277.7,279.2,388909.545
2022-09-01 00:00:00+00:00,1661990400000,279.3,280.3,270.7,278.3,415193.212
2022-09-02 00:00:00+00:00,1662076800000,278.3,283.4,273.7,277.5,321409.948
2022-09-03 00:00:00+00:00,1662163200000,277.4,278.8,274.2,277.8,148504.883
2022-09-04 00:00:00+00:00,1662249600000,277.8,280.6,275.0,279.1,193440.808
2022-09-05 00:00:00+00:00,1662336000000,279.1,282.0,273.4,276.9,258958.149
2022-09-06 00:00:00+00:00,1662422400000,276.9,286.3,261.0,262.5,640922.531
2022-09-07 00:00:00+00:00,1662508800000,262.5,280.4,258.6,278.9,431827.218
2022-09-08 00:00:00+00:00,1662595200000,279.0,282.9,275.4,280.5,385559.749
2022-09-09 00:00:00+00:00,1662681600000,280.6,295.9,280.0,293.4,541869.409
2022-09-10 00:00:00+00:00,1662768000000,293.4,298.6,290.3,296.7,328332.542
2022-09-11 00:00:00+00:00,1662854400000,296.7,298.1,289.7,295.3,261093.945
2022-09-12 00:00:00+00:00,1662940800000,295.3,300.0,290.8,294.1,408686.168
2022-09-13 00:00:00+00:00,1663027200000,294.1,298.6,275.4,277.4,578322.33
2022-09-14 00:00:00+00:00,1663113600000,277.5,282.8,273.3,279.3,424974.985
2022-09-15 00:00:00+00:00,1663200000000,279.4,280.5,266.3,271.1,520635.261
2022-09-16 00:00:00+00:00,1663286400000,271.1,276.6,268.5,274.9,311737.818
2022-09-17 00:00:00+00:00,1663372800000,274.9,279.9,274.7,279.1,189707.951
2022-09-18 00:00:00+00:00,1663459200000,279.1,280.3,263.1,266.2,327883.908
2022-09-19 00:00:00+00:00,1663545600000,266.3,273.0,256.7,271.9,508029.19
2022-09-20 00:00:00+00:00,1663632000000,272.0,273.7,265.2,266.3,335455.454
2022-09-21 00:00:00+00:00,1663718400000,266.3,276.4,260.3,264.0,535775.821
2022-09-22 00:00:00+00:00,1663804800000,264.0,276.7,263.5,275.3,339390.821
2022-09-23 00:00:00+00:00,1663891200000,275.4,277.9,268.3,276.7,363390.805
2022-09-24 00:00:00+00:00,1663977600000,276.7,285.0,274.2,274.4,324988.432
2022-09-25 00:00:00+00:00,1664064000000,274.4,280.0,270.9,274.3,220895.598
2022-09-26 00:00:00+00:00,1664150400000,274.3,276.9,270.8,276.1,267919.665
2022-09-27 00:00:00+00:00,1664236800000,276.1,286.6,269.2,272.3,406749.835
2022-09-28 00:00:00+00:00,1664323200000,272.3,283.7,266.3,281.6,357981.397
2022-09-29 00:00:00+00:00,1664409600000,281.6,285.6,277.1,284.1,301167.344
2022-09-30 00:00:00+00:00,1664496000000,284.2,289.8,280.5,284.8,391981.587
2022-10-01 00:00:00+00:00,1664582400000,284.9,285.4,277.7,282.9,196754.497
2022-10-02 00:00:00+00:00,1664668800000,282.9,287.9,279.4,284.7,200690.251
2022-10-03 00:00:00+00:00,1664755200000,284.7,289.1,283.1,286.9,275974.883
2022-10-04 00:00:00+00:00,1664841600000,287.0,298.2,286.3,296.2,321841.165
2022-10-05 00:00:00+00:00,1664928000000,296.3,296.4,289.2,294.2,221018.685
2022-10-06 00:00:00+00:00,1665014400000,294.2,298.1,278.6,287.0,450036.833
2022-10-07 00:00:00+00:00,1665100800000,286.9,287.0,279.1,282.3,354485.961
2022-10-08 00:00:00+00:00,1665187200000,282.2,282.7,275.4,276.4,183653.119
2022-10-09 00:00:00+00:00,1665273600000,276.3,279.4,275.1,278.2,171008.247
2022-10-10 00:00:00+00:00,1665360000000,278.2,279.2,271.3,271.5,216924.869
2022-10-11 00:00:00+00:00,1665446400000,271.5,274.0,267.2,271.4,222137.683
2022-10-12 00:00:00+00:00,1665532800000,271.3,272.9,269.2,270.9,167816.904
2022-10-13 00:00:00+00:00,1665619200000,270.9,273.7,256.8,271.6,540797.212
2022-10-14 00:00:00+00:00,1665705600000,271.6,276.8,267.6,269.4,298386.918
2022-10-15 00:00:00+00:00,1665792000000,269.4,271.4,267.4,268.2,144084.716
2022-10-16 00:00:00+00:00,1665878400000,268.2,273.9,267.9,272.5,185597.074
2022-10-17 00:00:00+00:00,1665964800000,272.4,275.9,269.8,275.6,187187.58
2022-10-18 00:00:00+00:00,1666051200000,275.7,276.0,270.1,273.1,195691.117
2022-10-19 00:00:00+00:00,1666137600000,273.2,273.9,270.3,272.0,153657.96
2022-10-20 00:00:00+00:00,1666224000000,271.9,273.4,267.3,269.0,166135.496
2022-10-21 00:00:00+00:00,1666310400000,269.0,271.2,263.4,270.1,195432.212
2022-10-22 00:00:00+00:00,1666396800000,270.1,271.1,268.4,270.4,84044.883
2022-10-23 00:00:00+00:00,1666483200000,270.5,276.8,268.7,276.0,134390.843
2022-10-24 00:00:00+00:00,1666569600000,275.9,277.4,271.6,274.1,154182.094
2022-10-25 00:00:00+00:00,1666656000000,274.2,289.9,272.0,284.2,387523.125
2022-10-26 00:00:00+00:00,1666742400000,284.2,292.0,284.1,290.2,316408.936
2022-10-27 00:00:00+00:00,1666828800000,290.3,293.3,284.7,286.7,315734.808
2022-10-28 00:00:00+00:00,1666915200000,286.8,301.1,285.7,297.9,416648.243
2022-10-29 00:00:00+00:00,1667001600000,297.9,308.4,295.6,304.4,553646.125
2022-10-30 00:00:00+00:00,1667088000000,304.5,318.8,302.3,313.5,538624.403
2022-10-31 00:00:00+00:00,1667174400000,313.6,337.9,306.5,325.7,1047801.477
2022-11-01 00:00:00+00:00,1667260800000,325.8,334.6,317.4,323.9,550045.706
2022-11-02 00:00:00+00:00,1667347200000,323.8,330.0,315.3,320.2,561329.564
2022-11-03 00:00:00+00:00,1667433600000,320.2,338.7,318.0,329.5,622354.86
2022-11-04 00:00:00+00:00,1667520000000,329.6,358.9,328.3,354.6,751709.582
2022-11-05 00:00:00+00:00,1667606400000,354.7,361.3,346.1,349.2,411760.064
2022-11-06 00:00:00+00:00,1667692800000,349.1,356.0,337.7,337.9,390974.879
2022-11-07 00:00:00+00:00,1667779200000,337.8,344.4,326.4,337.0,740465.512
2022-11-08 00:00:00+00:00,1667865600000,337.0,398.3,298.0,327.4,3103916.384
2022-11-09 00:00:00+00:00,1667952000000,327.4,333.1,260.2,267.3,1901075.899
2022-11-10 00:00:00+00:00,1668038400000,267.1,313.0,263.2,304.0,1411238.91
2022-11-11 00:00:00+00:00,1668124800000,304.1,306.0,279.0,290.4,695145.641
2022-11-12 00:00:00+00:00,1668211200000,290.4,294.5,271.6,282.8,545359.355
2022-11-13 00:00:00+00:00,1668297600000,282.9,286.5,273.2,276.4,442278.921
2022-11-14 00:00:00+00:00,1668384000000,276.4,292.0,268.0,279.0,818725.897
2022-11-15 00:00:00+00:00,1668470400000,279.0,282.4,273.2,277.0,445565.664
2022-11-16 00:00:00+00:00,1668556800000,277.0,280.2,268.8,271.8,402896.799
2022-11-17 00:00:00+00:00,1668643200000,271.9,273.5,262.9,267.9,367805.83
2022-11-18 00:00:00+00:00,1668729600000,268.0,274.8,267.7,274.1,277946.366
2022-11-19 00:00:00+00:00,1668816000000,274.1,274.6,268.9,272.6,194104.28
2022-11-20 00:00:00+00:00,1668902400000,272.6,273.8,261.8,264.2,306587.581
2022-11-21 00:00:00+00:00,1668988800000,264.2,265.3,250.0,253.9,581026.19
2022-11-22 00:00:00+00:00,1669075200000,254.0,267.8,252.0,266.7,357164.445
2022-11-23 00:00:00+00:00,1669161600000,266.8,301.8,264.8,298.8,1224050.689
2022-11-24 00:00:00+00:00,1669248000000,298.9,304.1,293.9,300.2,550792.655
2022-11-25 00:00:00+00:00,1669334400000,300.3,306.6,294.1,300.8,465733.483
2022-11-26 00:00:00+00:00,1669420800000,300.8,317.8,299.9,311.4,569578.773
2022-11-27 00:00:00+00:00,1669507200000,311.4,316.7,306.3,307.6,310095.845
2022-11-28 00:00:00+00:00,1669593600000,307.7,309.6,286.6,293.5,603763.83
2022-11-29 00:00:00+00:00,1669680000000,293.5,305.3,289.0,295.4,422502.385
2022-11-30 00:00:00+00:00,1669766400000,295.4,305.5,292.5,300.6,467009.694
2022-12-01 00:00:00+00:00,1669852800000,300.6,302.0,290.0,292.3,798867.735
2022-12-02 00:00:00+00:00,1669939200000,292.3,293.9,285.4,293.4,364102.285
2022-12-03 00:00:00+00:00,1670025600000,293.4,294.4,289.0,290.4,234377.055
2022-12-04 00:00:00+00:00,1670112000000,290.4,292.8,287.4,291.8,244356.783
2022-12-05 00:00:00+00:00,1670198400000,291.8,297.2,286.1,288.4,294958.79
2022-12-06 00:00:00+00:00,1670284800000,288.5,290.8,286.5,290.2,247911.347
2022-12-07 00:00:00+00:00,1670371200000,290.2,290.9,281.1,284.2,361435.528
2022-12-08 00:00:00+00:00,1670457600000,284.2,292.0,282.4,290.4,281655.085
2022-12-09 00:00:00+00:00,1670544000000,290.4,292.0,284.4,286.0,308418.725
2022-12-10 00:00:00+00:00,1670630400000,286.1,289.9,285.7,288.2,148922.633
2022-12-11 00:00:00+00:00,1670716800000,288.2,291.4,283.3,284.4,206340.146
2022-12-12 00:00:00+00:00,1670803200000,284.5,285.8,271.7,276.1,507509.835
2022-12-13 00:00:00+00:00,1670889600000,276.1,282.0,255.6,272.2,1309642.684
2022-12-14 00:00:00+00:00,1670976000000,272.2,278.4,265.5,267.7,580082.911
2022-12-15 00:00:00+00:00,1671062400000,267.7,268.1,256.5,258.8,350889.164
2022-12-16 00:00:00+00:00,1671148800000,258.9,264.7,224.7,231.2,876900.031
2022-12-17 00:00:00+00:00,1671235200000,231.2,245.0,220.0,242.1,788798.493
2022-12-18 00:00:00+00:00,1671321600000,242.1,254.6,239.5,251.0,526139.427
2022-12-19 00:00:00+00:00,1671408000000,251.1,253.3,236.8,240.4,408787.202
2022-12-20 00:00:00+00:00,1671494400000,240.3,253.5,239.1,251.4,320509.026
2022-12-21 00:00:00+00:00,1671580800000,251.4,251.5,245.2,246.2,195051.385
2022-12-22 00:00:00+00:00,1671667200000,246.2,248.3,240.1,245.8,246104.196
2022-12-23 00:00:00+00:00,1671753600000,245.9,248.7,243.7,246.2,175280.013
2022-12-24 00:00:00+00:00,1671840000000,246.2,246.3,243.4,244.5,96773.731
2022-12-25 00:00:00+00:00,1671926400000,244.6,245.8,241.4,243.2,125016.877
2022-12-26 00:00:00+00:00,1672012800000,243.2,244.9,242.0,244.3,117117.968
2022-12-27 00:00:00+00:00,1672099200000,244.3,248.9,242.1,246.7,196642.12
2022-12-28 00:00:00+00:00,1672185600000,246.7,247.4,241.5,244.5,208632.342
2022-12-29 00:00:00+00:00,1672272000000,244.6,246.9,243.3,246.3,161959.266
2022-12-30 00:00:00+00:00,1672358400000,246.3,246.7,242.7,245.8,128406.533
2022-12-31 00:00:00+00:00,1672444800000,245.8,248.0,244.8,246.3,134141.311
2023-01-01 00:00:00+00:00,1672531200000,246.3,246.7,243.4,244.4,109450.117
2023-01-02 00:00:00+00:00,1672617600000,244.5,247.9,240.7,245.2,173452.9
2023-01-03 00:00:00+00:00,1672704000000,245.3,247.0,244.4,246.1,115059.991
2023-01-04 00:00:00+00:00,1672790400000,246.2,261.0,245.6,258.9,370055.082
2023-01-05 00:00:00+00:00,1672876800000,258.9,259.2,255.2,256.7,145297.963
2023-01-06 00:00:00+00:00,1672963200000,256.7,260.7,254.2,259.9,199497.076
2023-01-07 00:00:00+00:00,1673049600000,259.9,263.9,259.4,261.3,115152.77
2023-01-08 00:00:00+00:00,1673136000000,261.3,276.5,260.1,274.9,237308.89
2023-01-09 00:00:00+00:00,1673222400000,274.9,283.5,271.3,272.6,437828.428
2023-01-10 00:00:00+00:00,1673308800000,272.6,278.8,270.2,277.1,259938.562
2023-01-11 00:00:00+00:00,1673395200000,277.2,287.7,274.1,284.8,266107.304
2023-01-12 00:00:00+00:00,1673481600000,284.9,288.6,278.5,287.7,391553.641
2023-01-13 00:00:00+00:00,1673568000000,287.8,296.0,284.9,293.7,313541.811
2023-01-14 00:00:00+00:00,1673654400000,293.7,314.4,293.1,305.1,706402.087
2023-01-15 00:00:00+00:00,1673740800000,305.2,306.1,291.8,302.2,288696.868
2023-01-16 00:00:00+00:00,1673827200000,302.2,308.1,293.1,299.0,350990.993
2023-01-17 00:00:00+00:00,1673913600000,299.0,305.8,294.9,299.4,279993.876
2023-01-18 00:00:00+00:00,1674000000000,299.4,305.3,281.1,286.7,621064.665
2023-01-19 00:00:00+00:00,1674086400000,286.7,295.5,286.1,294.6,215522.146
2023-01-20 00:00:00+00:00,1674172800000,294.6,305.4,286.6,305.1,423829.136
2023-01-21 00:00:00+00:00,1674259200000,305.1,309.9,298.4,299.0,508000.024
2023-01-22 00:00:00+00:00,1674345600000,299.1,311.4,298.5,303.0,388815.192
2023-01-23 00:00:00+00:00,1674432000000,303.1,307.8,300.8,305.1,301946.005
2023-01-24 00:00:00+00:00,1674518400000,305.2,323.5,299.2,300.3,629758.279
2023-01-25 00:00:00+00:00,1674604800000,300.3,314.0,293.4,306.9,447238.539
2023-01-26 00:00:00+00:00,1674691200000,306.9,309.5,301.6,304.7,342344.705
2023-01-27 00:00:00+00:00,1674777600000,304.8,310.5,298.8,308.0,271326.79
2023-01-28 00:00:00+00:00,1674864000000,308.0,313.6,303.6,306.1,229517.8
2023-01-29 00:00:00+00:00,1674950400000,306.2,320.5,304.8,317.2,430698.673
2023-01-30 00:00:00+00:00,1675036800000,317.1,320.8,302.0,307.2,413716.212
2023-01-31 00:00:00+00:00,1675123200000,307.2,314.4,305.3,312.0,278061.958
2023-02-01 00:00:00+00:00,1675209600000,312.1,319.4,305.6,317.0,390978.523
2023-02-02 00:00:00+00:00,1675296000000,317.1,334.4,316.3,323.5,587655.881
2023-02-03 00:00:00+00:00,1675382400000,323.5,335.5,318.3,332.2,579577.162
2023-02-04 00:00:00+00:00,1675468800000,332.3,334.1,327.0,330.4,212109.626
2023-02-05 00:00:00+00:00,1675555200000,330.4,337.8,324.0,327.8,396514.711
2023-02-06 00:00:00+00:00,1675641600000,327.8,331.5,320.7,324.3,290965.0
2023-02-07 00:00:00+00:00,1675728000000,324.4,333.7,323.2,333.0,265904.833
2023-02-08 00:00:00+00:00,1675814400000,333.1,335.8,323.6,328.2,286865.867
2023-02-09 00:00:00+00:00,1675900800000,328.2,329.3,302.0,306.2,564612.572
2023-02-10 00:00:00+00:00,1675987200000,306.2,309.2,302.5,305.8,295784.976
2023-02-11 00:00:00+00:00,1676073600000,305.9,311.4,305.1,310.4,154488.761
2023-02-12 00:00:00+00:00,1676160000000,310.5,321.0,306.0,312.6,291500.27
2023-02-13 00:00:00+00:00,1676246400000,312.6,315.7,282.8,294.3,1065985.594
2023-02-14 00:00:00+00:00,1676332800000,294.3,301.7,289.8,296.2,494698.654
2023-02-15 00:00:00+00:00,1676419200000,296.2,317.7,294.0,317.4,465921.943
2023-02-16 00:00:00+00:00,1676505600000,317.5,327.8,303.9,304.4,858141.89
2023-02-17 00:00:00+00:00,1676592000000,304.4,317.5,302.8,313.0,508736.193
2023-02-18 00:00:00+00:00,1676678400000,313.0,319.2,312.9,316.5,282485.39
2023-02-19 00:00:00+00:00,1676764800000,316.6,318.9,310.3,311.5,336004.274
2023-02-20 00:00:00+00:00,1676851200000,311.5,319.8,308.0,315.4,514483.797
2023-02-21 00:00:00+00:00,1676937600000,315.5,317.4,309.3,311.5,385161.297
2023-02-22 00:00:00+00:00,1677024000000,311.5,312.9,303.2,312.4,368344.986
2023-02-23 00:00:00+00:00,1677110400000,312.5,315.3,305.8,308.3,300641.241
2023-02-24 00:00:00+00:00,1677196800000,308.3,312.1,298.6,302.3,328726.4
2023-02-25 00:00:00+00:00,1677283200000,302.3,303.0,295.5,302.4,178538.408
2023-02-26 00:00:00+00:00,1677369600000,302.5,309.8,300.7,308.7,151419.166
2023-02-27 00:00:00+00:00,1677456000000,308.7,309.4,300.5,304.6,234405.821
2023-02-28 00:00:00+00:00,1677542400000,304.7,305.7,300.0,301.4,186649.192
2023-03-01 00:00:00+00:00,1677628800000,301.5,306.4,300.5,302.7,200883.893
2023-03-02 00:00:00+00:00,1677715200000,302.6,303.8,295.8,299.8,200964.842
2023-03-03 00:00:00+00:00,1677801600000,299.8,300.0,286.6,290.4,266627.564
2023-03-04 00:00:00+00:00,1677888000000,290.5,291.5,285.8,289.6,127846.865
2023-03-05 00:00:00+00:00,1677974400000,289.6,292.8,287.4,288.7,128456.559
2023-03-06 00:00:00+00:00,1678060800000,288.8,289.7,283.3,287.8,205220.757
2023-03-07 00:00:00+00:00,1678147200000,287.9,290.5,283.4,289.3,200611.357
2023-03-08 00:00:00+00:00,1678233600000,289.3,294.3,285.1,287.1,260938.374
2023-03-09 00:00:00+00:00,1678320000000,287.1,291.4,271.2,277.1,318996.851
2023-03-10 00:00:00+00:00,1678406400000,277.1,278.1,265.0,277.4,404292.972
2023-03-11 00:00:00+00:00,1678492800000,277.5,281.8,270.5,276.0,370350.207
2023-03-12 00:00:00+00:00,1678579200000,276.0,288.8,273.2,288.1,316243.117
2023-03-13 00:00:00+00:00,1678665600000,288.1,314.1,286.1,307.9,991752.464
2023-03-14 00:00:00+00:00,1678752000000,307.9,319.5,302.0,308.4,703702.208
2023-03-15 00:00:00+00:00,1678838400000,308.5,312.7,300.0,306.3,413251.773
2023-03-16 00:00:00+00:00,1678924800000,306.3,332.8,302.8,329.4,1251303.89
2023-03-17 00:00:00+00:00,1679011200000,329.4,340.0,325.0,338.9,726737.468
2023-03-18 00:00:00+00:00,1679097600000,339.0,346.3,328.0,331.0,662698.511
2023-03-19 00:00:00+00:00,1679184000000,331.1,341.7,330.3,336.7,401972.619
2023-03-20 00:00:00+00:00,1679270400000,336.7,339.1,331.3,332.5,511504.522
2023-03-21 00:00:00+00:00,1679356800000,332.5,339.9,327.1,334.4,477443.689
2023-03-22 00:00:00+00:00,1679443200000,334.5,339.5,316.0,321.1,1286215.777
2023-03-23 00:00:00+00:00,1679529600000,321.2,332.1,318.9,329.4,383094.591
2023-03-24 00:00:00+00:00,1679616000000,329.4,330.0,316.9,322.1,307030.002
2023-03-25 00:00:00+00:00,1679702400000,322.1,324.9,319.0,322.4,317118.332
2023-03-26 00:00:00+00:00,1679788800000,322.4,329.5,321.7,328.6,204700.193
2023-03-27 00:00:00+00:00,1679875200000,328.6,329.8,305.9,310.6,578039.555
2023-03-28 00:00:00+00:00,1679961600000,310.6,315.8,306.8,313.2,329398.424
2023-03-29 00:00:00+00:00,1680048000000,313.3,319.9,312.4,313.7,327282.226
2023-03-30 00:00:00+00:00,1680134400000,313.8,320.8,309.1,316.4,496156.738
2023-03-31 00:00:00+00:00,1680220800000,316.4,319.8,311.8,316.9,266270.064
2023-04-01 00:00:00+00:00,1680307200000,317.0,319.0,313.0,314.9,185904.183
2023-04-02 00:00:00+00:00,1680393600000,314.9,316.2,310.7,313.7,149805.667
2023-04-03 00:00:00+00:00,1680480000000,313.8,314.1,299.5,308.8,450976.973
2023-04-04 00:00:00+00:00,1680566400000,308.8,312.7,308.2,310.8,305980.475
2023-04-05 00:00:00+00:00,1680652800000,310.8,316.8,310.2,313.9,320350.363
2023-04-06 00:00:00+00:00,1680739200000,314.0,315.2,310.6,312.3,232647.147
2023-04-07 00:00:00+00:00,1680825600000,312.3,312.8,309.7,310.3,179863.362
2023-04-08 00:00:00+00:00,1680912000000,310.4,312.7,310.1,310.5,165372.944
2023-04-09 00:00:00+00:00,1680998400000,310.6,313.7,309.5,312.8,163948.725
2023-04-10 00:00:00+00:00,1681084800000,312.8,318.7,311.5,318.5,271539.24
2023-04-11 00:00:00+00:00,1681171200000,318.6,333.0,317.8,322.3,661117.672
2023-04-12 00:00:00+00:00,1681257600000,322.3,323.3,316.7,319.9,354216.724
2023-04-13 00:00:00+00:00,1681344000000,319.9,325.1,317.7,324.7,348151.945
2023-04-14 00:00:00+00:00,1681430400000,324.6,335.5,323.2,328.9,679955.061
2023-04-15 00:00:00+00:00,1681516800000,328.8,336.0,326.9,333.0,418311.143
2023-04-16 00:00:00+00:00,1681603200000,333.1,350.0,330.1,347.7,632598.777
2023-04-17 00:00:00+00:00,1681689600000,347.7,350.0,337.5,340.0,556356.468
2023-04-18 00:00:00+00:00,1681776000000,340.0,346.7,337.0,343.1,391677.437
2023-04-19 00:00:00+00:00,1681862400000,343.1,343.7,320.1,322.4,537444.082
2023-04-20 00:00:00+00:00,1681948800000,322.5,326.8,315.3,318.1,367453.933
2023-04-21 00:00:00+00:00,1682035200000,318.0,334.6,315.3,321.2,910773.894
2023-04-22 00:00:00+00:00,1682121600000,321.3,333.1,319.9,332.2,381882.032
2023-04-23 00:00:00+00:00,1682208000000,332.2,332.5,327.4,330.7,384622.154
2023-04-24 00:00:00+00:00,1682294400000,330.6,334.0,327.7,331.2,442775.294
2023-04-25 00:00:00+00:00,1682380800000,331.2,340.0,328.6,338.4,436704.883
2023-04-26 00:00:00+00:00,1682467200000,338.4,345.0,321.5,330.6,679551.584
2023-04-27 00:00:00+00:00,1682553600000,330.6,336.6,328.2,330.9,482850.957
2023-04-28 00:00:00+00:00,1682640000000,330.9,330.9,318.7,324.1,991210.156
2023-04-29 00:00:00+00:00,1682726400000,324.1,325.0,320.6,321.9,226488.689
2023-04-30 00:00:00+00:00,1682812800000,321.9,338.3,320.4,337.5,711720.726
2023-05-01 00:00:00+00:00,1682899200000,337.5,339.6,326.1,328.5,719404.912
2023-05-02 00:00:00+00:00,1682985600000,328.4,328.5,321.4,321.5,437446.281
2023-05-03 00:00:00+00:00,1683072000000,321.4,327.6,320.4,325.9,608765.389
2023-05-04 00:00:00+00:00,1683158400000,325.9,327.5,323.2,323.8,195370.268
2023-05-05 00:00:00+00:00,1683244800000,323.9,329.1,322.8,326.5,284536.108
2023-05-06 00:00:00+00:00,1683331200000,326.6,328.5,319.5,321.9,275367.716
2023-05-07 00:00:00+00:00,1683417600000,322.0,325.4,320.4,321.0,203577.219
2023-05-08 00:00:00+00:00,1683504000000,321.0,322.1,311.1,313.8,379192.119
2023-05-09 00:00:00+00:00,1683590400000,313.8,315.8,311.2,312.1,260672.045
2023-05-10 00:00:00+00:00,1683676800000,312.2,316.7,308.0,314.3,360146.811
2023-05-11 00:00:00+00:00,1683763200000,314.3,314.5,304.4,307.5,291854.667
2023-05-12 00:00:00+00:00,1683849600000,307.5,309.1,301.2,308.5,327008.927
2023-05-13 00:00:00+00:00,1683936000000,308.6,311.8,307.5,310.7,151642.554
2023-05-14 00:00:00+00:00,1684022400000,310.8,314.8,309.5,312.1,192884.821
2023-05-15 00:00:00+00:00,1684108800000,312.1,316.3,310.5,313.4,202895.171
2023-05-16 00:00:00+00:00,1684195200000,313.4,314.0,309.3,311.4,182668.214
2023-05-17 00:00:00+00:00,1684281600000,311.4,314.4,307.0,314.3,221274.514
2023-05-18 00:00:00+00:00,1684368000000,314.3,314.9,306.1,309.3,236575.286
2023-05-19 00:00:00+00:00,1684454400000,309.3,311.5,307.5,308.9,191704.812
2023-05-20 00:00:00+00:00,1684540800000,308.9,312.0,307.8,310.6,104485.905
2023-05-21 00:00:00+00:00,1684627200000,310.7,311.6,305.7,306.4,143182.429
2023-05-22 00:00:00+00:00,1684713600000,306.4,311.1,304.4,309.0,222082.435
2023-05-23 00:00:00+00:00,1684800000000,309.1,315.4,309.0,313.5,225830.19
2023-05-24 00:00:00+00:00,1684886400000,313.5,313.6,303.6,306.0,292692.62
2023-05-25 00:00:00+00:00,1684972800000,305.9,306.9,302.2,304.5,287322.502
2023-05-26 00:00:00+00:00,1685059200000,304.6,308.5,301.4,306.8,398588.895
2023-05-27 00:00:00+00:00,1685145600000,306.9,307.7,304.0,307.4,144742.086
2023-05-28 00:00:00+00:00,1685232000000,307.4,314.6,306.7,314.1,257233.179
2023-05-29 00:00:00+00:00,1685318400000,314.2,317.3,310.4,311.6,461485.115
2023-05-30 00:00:00+00:00,1685404800000,311.7,314.2,310.8,311.5,291304.59
2023-05-31 00:00:00+00:00,1685491200000,311.4,311.9,305.0,306.8,437132.418
2023-06-01 00:00:00+00:00,1685577600000,306.8,307.7,303.1,304.9,255618.722
2023-06-02 00:00:00+00:00,1685664000000,304.9,308.4,303.1,307.2,300583.675
2023-06-03 00:00:00+00:00,1685750400000,307.3,308.2,303.0,306.6,158805.926
2023-06-04 00:00:00+00:00,1685836800000,306.6,307.6,304.5,305.0,187805.427
2023-06-05 00:00:00+00:00,1685923200000,305.1,305.1,272.0,276.9,1096020.019
2023-06-06 00:00:00+00:00,1686009600000,277.0,285.8,273.2,281.2,708685.58
2023-06-07 00:00:00+00:00,1686096000000,281.2,281.8,253.4,259.3,1188263.837
2023-06-08 00:00:00+00:00,1686182400000,259.3,267.5,257.1,262.0,579854.02
2023-06-09 00:00:00+00:00,1686268800000,261.9,264.4,255.7,260.5,509660.501
2023-06-10 00:00:00+00:00,1686355200000,260.6,260.7,228.4,238.7,1603602.202
2023-06-11 00:00:00+00:00,1686441600000,238.8,239.3,233.4,235.4,402562.359
2023-06-12 00:00:00+00:00,1686528000000,235.4,239.3,220.4,231.3,1579141.84
2023-06-13 00:00:00+00:00,1686614400000,231.3,247.0,228.7,244.2,1230681.021
2023-06-14 00:00:00+00:00,1686700800000,244.1,252.8,232.9,237.9,970411.718
2023-06-15 00:00:00+00:00,1686787200000,237.9,240.8,230.6,236.4,602141.969
2023-06-16 00:00:00+00:00,1686873600000,236.5,243.8,232.2,239.3,562586.529
2023-06-17 00:00:00+00:00,1686960000000,239.4,249.8,237.2,244.5,491313.272
2023-06-18 00:00:00+00:00,1687046400000,244.5,248.7,242.3,244.1,359878.981
2023-06-19 00:00:00+00:00,1687132800000,244.1,245.0,238.3,243.1,425074.269
2023-06-20 00:00:00+00:00,1687219200000,243.0,248.1,238.7,247.7,639069.672
2023-06-21 00:00:00+00:00,1687305600000,247.8,254.7,245.0,248.8,1006328.557
2023-06-22 00:00:00+00:00,1687392000000,248.9,257.0,239.4,240.8,1032630.471
2023-06-23 00:00:00+00:00,1687478400000,240.8,249.8,239.7,244.3,638290.193
2023-06-24 00:00:00+00:00,1687564800000,244.4,248.7,230.4,236.4,791496.05
2023-06-25 00:00:00+00:00,1687651200000,236.4,244.0,235.0,238.8,513198.598
2023-06-26 00:00:00+00:00,1687737600000,238.9,241.3,233.6,236.1,526248.09
2023-06-27 00:00:00+00:00,1687824000000,236.1,240.8,234.5,237.5,360259.85
2023-06-28 00:00:00+00:00,1687910400000,237.5,237.6,224.6,230.6,643304.047
2023-06-29 00:00:00+00:00,1687996800000,230.6,236.7,230.4,233.1,352025.974
2023-06-30 00:00:00+00:00,1688083200000,233.2,241.7,230.7,240.3,843439.594
2023-07-01 00:00:00+00:00,1688169600000,240.4,249.0,240.0,247.9,723099.401
2023-07-02 00:00:00+00:00,1688256000000,247.8,248.5,242.9,246.5,598172.063
2023-07-03 00:00:00+00:00,1688342400000,246.5,254.7,245.3,246.5,873992.727
2023-07-04 00:00:00+00:00,1688428800000,246.5,246.9,240.4,242.5,488909.055
2023-07-05 00:00:00+00:00,1688515200000,242.5,243.9,235.8,238.9,520015.694
2023-07-06 00:00:00+00:00,1688601600000,239.0,244.5,231.5,232.2,673275.441
2023-07-07 00:00:00+00:00,1688688000000,232.3,236.2,231.1,235.6,431534.586
2023-07-08 00:00:00+00:00,1688774400000,235.7,237.6,234.2,236.3,259727.721
2023-07-09 00:00:00+00:00,1688860800000,236.3,237.0,232.9,234.1,235123.329
2023-07-10 00:00:00+00:00,1688947200000,234.1,247.0,231.3,246.2,1193826.524
2023-07-11 00:00:00+00:00,1689033600000,246.2,249.5,244.6,248.6,660141.384
2023-07-12 00:00:00+00:00,1689120000000,248.6,250.5,242.6,243.9,599390.712
2023-07-13 00:00:00+00:00,1689206400000,243.9,257.8,242.7,256.1,1037831.391
2023-07-14 00:00:00+00:00,1689292800000,256.2,261.7,243.4,248.1,1071118.696
2023-07-15 00:00:00+00:00,1689379200000,248.1,252.5,246.9,251.1,383772.673
2023-07-16 00:00:00+00:00,1689465600000,251.1,252.1,242.0,242.3,433016.609
2023-07-17 00:00:00+00:00,1689552000000,242.3,244.9,239.8,244.1,792745.158
2023-07-18 00:00:00+00:00,1689638400000,244.1,246.7,237.5,240.2,932504.771
2023-07-19 00:00:00+00:00,1689724800000,240.3,244.1,239.6,240.8,444676.507
2023-07-20 00:00:00+00:00,1689811200000,240.9,245.0,240.3,242.8,449387.8
2023-07-21 00:00:00+00:00,1689897600000,242.8,245.4,242.0,243.7,295187.787
2023-07-22 00:00:00+00:00,1689984000000,243.8,244.9,240.1,241.1,184432.523
2023-07-23 00:00:00+00:00,1690070400000,241.1,244.0,240.4,242.5,171931.133
2023-07-24 00:00:00+00:00,1690156800000,242.4,243.1,235.0,238.9,463451.698
2023-07-25 00:00:00+00:00,1690243200000,238.9,239.8,236.2,237.7,307201.312
2023-07-26 00:00:00+00:00,1690329600000,237.8,240.4,236.3,239.0,318667.814
2023-07-27 00:00:00+00:00,1690416000000,239.0,244.5,238.4,240.6,310179.989
2023-07-28 00:00:00+00:00,1690502400000,240.7,242.9,239.7,241.9,232739.179
2023-07-29 00:00:00+00:00,1690588800000,241.9,242.9,241.1,242.4,102406.899
2023-07-30 00:00:00+00:00,1690675200000,242.5,243.8,240.3,242.5,255246.532
2023-07-31 00:00:00+00:00,1690761600000,242.6,244.5,240.5,241.0,333099.771
2023-08-01 00:00:00+00:00,1690848000000,241.0,247.8,237.3,247.7,813075.175
2023-08-02 00:00:00+00:00,1690934400000,247.8,248.8,235.7,240.7,630364.599
2023-08-03 00:00:00+00:00,1691020800000,240.7,242.8,238.3,241.1,303966.677
2023-08-04 00:00:00+00:00,1691107200000,241.1,243.4,240.2,241.7,274715.344
2023-08-05 00:00:00+00:00,1691193600000,241.7,243.3,240.1,243.2,176422.282
2023-08-06 00:00:00+00:00,1691280000000,243.3,245.5,242.8,243.2,278149.257
2023-08-07 00:00:00+00:00,1691366400000,243.1,244.9,239.7,242.1,302098.545
2023-08-08 00:00:00+00:00,1691452800000,242.0,248.0,241.5,245.2,377607.574
2023-08-09 00:00:00+00:00,1691539200000,245.2,245.5,242.8,243.8,294212.606
2023-08-10 00:00:00+00:00,1691625600000,243.9,244.1,240.5,241.5,261873.92
2023-08-11 00:00:00+00:00,1691712000000,241.5,242.3,238.0,239.7,287357.204
2023-08-12 00:00:00+00:00,1691798400000,239.8,241.4,239.3,240.3,114025.156
2023-08-13 00:00:00+00:00,1691884800000,240.3,241.8,239.8,240.2,132878.878
2023-08-14 00:00:00+00:00,1691971200000,240.2,241.5,239.7,240.4,201261.953
2023-08-15 00:00:00+00:00,1692057600000,240.5,240.8,234.0,236.7,397828.347
2023-08-16 00:00:00+00:00,1692144000000,236.8,237.4,230.7,232.0,427014.475
2023-08-17 00:00:00+00:00,1692230400000,232.1,232.4,212.5,218.1,1023773.861
2023-08-18 00:00:00+00:00,1692316800000,218.1,220.3,213.5,216.1,674545.267
2023-08-19 00:00:00+00:00,1692403200000,216.0,219.2,213.6,216.8,323294.673
2023-08-20 00:00:00+00:00,1692489600000,216.9,218.0,215.4,216.5,190457.433
2023-08-21 00:00:00+00:00,1692576000000,216.6,216.9,206.2,210.4,782096.622
2023-08-22 00:00:00+00:00,1692662400000,210.4,213.0,203.4,210.9,875925.591
2023-08-23 00:00:00+00:00,1692748800000,210.9,218.8,210.8,216.6,646096.521
2023-08-24 00:00:00+00:00,1692835200000,216.7,221.2,215.6,219.0,368866.011
2023-08-25 00:00:00+00:00,1692921600000,219.0,219.6,213.7,218.4,380692.105
2023-08-26 00:00:00+00:00,1693008000000,218.5,219.3,216.1,216.5,146835.271
2023-08-27 00:00:00+00:00,1693094400000,216.4,219.8,215.9,218.4,186853.184
2023-08-28 00:00:00+00:00,1693180800000,218.4,219.5,215.1,218.8,310319.442
2023-08-29 00:00:00+00:00,1693267200000,218.8,234.8,217.0,226.9,666199.649
2023-08-30 00:00:00+00:00,1693353600000,226.9,227.3,221.7,223.8,305094.438
2023-08-31 00:00:00+00:00,1693440000000,223.8,226.0,214.4,216.7,452017.913
2023-09-01 00:00:00+00:00,1693526400000,216.7,218.4,211.2,213.7,461833.238
2023-09-02 00:00:00+00:00,1693612800000,213.7,215.9,213.0,214.4,207729.726
2023-09-03 00:00:00+00:00,1693699200000,214.4,215.2,213.2,214.4,168458.242
2023-09-04 00:00:00+00:00,1693785600000,214.4,216.5,213.1,215.2,305315.445
2023-09-05 00:00:00+00:00,1693872000000,215.3,216.1,213.5,214.6,242764.079
2023-09-06 00:00:00+00:00,1693958400000,214.6,218.8,211.8,215.2,300823.424
2023-09-07 00:00:00+00:00,1694044800000,215.2,217.9,213.6,217.1,247735.496
2023-09-08 00:00:00+00:00,1694131200000,217.1,218.8,213.4,214.7,235244.296
2023-09-09 00:00:00+00:00,1694217600000,214.7,215.4,214.1,214.1,94752.246
2023-09-10 00:00:00+00:00,1694304000000,214.2,214.3,211.1,212.4,281482.379
2023-09-11 00:00:00+00:00,1694390400000,212.4,212.7,203.9,206.1,580093.123
2023-09-12 00:00:00+00:00,1694476800000,206.2,214.3,204.9,210.7,523734.999
2023-09-13 00:00:00+00:00,1694563200000,210.8,213.3,209.3,212.5,301454.875
2023-09-14 00:00:00+00:00,1694649600000,212.5,215.0,211.0,212.2,354022.553
2023-09-15 00:00:00+00:00,1694736000000,212.2,215.0,210.9,214.1,312856.997
2023-09-16 00:00:00+00:00,1694822400000,214.1,216.0,213.3,214.9,288697.085
2023-09-17 00:00:00+00:00,1694908800000,214.9,216.8,213.3,216.5,333002.468
2023-09-18 00:00:00+00:00,1694995200000,216.4,221.3,214.9,216.0,600156.61
2023-09-19 00:00:00+00:00,1695081600000,216.0,219.9,215.3,217.2,347261.748
2023-09-20 00:00:00+00:00,1695168000000,217.2,217.8,213.3,214.4,368825.746
2023-09-21 00:00:00+00:00,1695254400000,214.3,215.1,209.1,210.8,412312.209
2023-09-22 00:00:00+00:00,1695340800000,210.8,213.0,209.6,211.1,237677.235
2023-09-23 00:00:00+00:00,1695427200000,211.1,211.7,209.9,210.5,117618.21
2023-09-24 00:00:00+00:00,1695513600000,210.4,211.2,206.5,208.3,185179.502
2023-09-25 00:00:00+00:00,1695600000000,208.3,210.6,206.5,209.9,272401.465
2023-09-26 00:00:00+00:00,1695686400000,210.0,213.7,209.7,212.6,280709.589
2023-09-27 00:00:00+00:00,1695772800000,212.6,216.0,210.5,212.0,409367.397
2023-09-28 00:00:00+00:00,1695859200000,212.1,217.0,211.5,215.0,394085.543
2023-09-29 00:00:00+00:00,1695945600000,215.0,217.6,214.3,215.2,371923.961
2023-09-30 00:00:00+00:00,1696032000000,215.2,216.5,214.1,214.6,179075.156
2023-10-01 00:00:00+00:00,1696118400000,214.6,219.4,213.1,218.2,415044.578
2023-10-02 00:00:00+00:00,1696204800000,218.2,221.6,213.1,214.6,565949.136
2023-10-03 00:00:00+00:00,1696291200000,214.6,215.8,212.4,213.5,294511.083
2023-10-04 00:00:00+00:00,1696377600000,213.5,213.8,210.8,213.4,328882.49
2023-10-05 00:00:00+00:00,1696464000000,213.4,213.9,210.2,210.6,259374.039
2023-10-06 00:00:00+00:00,1696550400000,210.7,214.6,210.1,213.4,258866.553
2023-10-07 00:00:00+00:00,1696636800000,213.4,213.8,211.5,212.3,125590.792
2023-10-08 00:00:00+00:00,1696723200000,212.2,212.8,208.8,211.4,225258.305
2023-10-09 00:00:00+00:00,1696809600000,211.3,212.2,202.0,205.8,572318.205
2023-10-10 00:00:00+00:00,1696896000000,205.9,213.1,205.5,208.6,577725.014
2023-10-11 00:00:00+00:00,1696982400000,208.6,208.8,204.3,206.6,397200.817
2023-10-12 00:00:00+00:00,1697068800000,206.6,207.3,202.8,205.1,355516.958
2023-10-13 00:00:00+00:00,1697155200000,205.1,208.3,204.3,206.1,331300.92
2023-10-14 00:00:00+00:00,1697241600000,206.1,207.1,205.7,206.5,142741.132
2023-10-15 00:00:00+00:00,1697328000000,206.5,213.0,206.3,209.7,365630.554
2023-10-16 00:00:00+00:00,1697414400000,209.8,219.0,209.6,214.6,773179.81
2023-10-17 00:00:00+00:00,1697500800000,214.7,215.0,209.0,211.4,372808.016
2023-10-18 00:00:00+00:00,1697587200000,211.4,213.9,209.9,210.2,260942.338
2023-10-19 00:00:00+00:00,1697673600000,210.3,211.5,208.2,211.2,274491.489
2023-10-20 00:00:00+00:00,1697760000000,211.2,216.6,210.5,212.1,344927.206
2023-10-21 00:00:00+00:00,1697846400000,212.1,215.8,211.4,214.2,263182.512
2023-10-22 00:00:00+00:00,1697932800000,214.2,218.4,213.6,217.8,291845.069
2023-10-23 00:00:00+00:00,1698019200000,217.8,231.0,216.9,228.5,841393.165
2023-10-24 00:00:00+00:00,1698105600000,228.6,238.1,221.2,225.2,1011409.17
2023-10-25 00:00:00+00:00,1698192000000,225.2,229.1,221.5,222.1,624789.777
2023-10-26 00:00:00+00:00,1698278400000,222.1,228.1,219.2,223.2,726200.668
2023-10-27 00:00:00+00:00,1698364800000,223.2,231.6,219.9,224.1,970917.489
2023-10-28 00:00:00+00:00,1698451200000,224.2,228.4,224.1,225.7,347691.437
2023-10-29 00:00:00+00:00,1698537600000,225.7,228.1,223.6,227.1,269033.796
2023-10-30 00:00:00+00:00,1698624000000,227.1,229.2,224.6,228.0,397120.276
2023-10-31 00:00:00+00:00,1698710400000,228.0,229.3,223.9,226.2,465273.268
2023-11-01 00:00:00+00:00,1698796800000,226.3,229.5,222.3,227.9,578647.208
2023-11-02 00:00:00+00:00,1698883200000,228.0,233.7,227.5,231.9,829216.687
2023-11-03 00:00:00+00:00,1698969600000,231.9,232.4,225.6,230.2,501371.786
2023-11-04 00:00:00+00:00,1699056000000,230.3,238.7,229.3,237.1,391480.947
2023-11-05 00:00:00+00:00,1699142400000,237.2,245.5,236.1,244.0,613299.473
2023-11-06 00:00:00+00:00,1699228800000,244.0,256.1,241.5,255.1,844924.324
2023-11-07 00:00:00+00:00,1699315200000,255.1,255.6,242.1,246.2,865045.808
2023-11-08 00:00:00+00:00,1699401600000,246.2,248.3,244.0,246.7,500403.192
2023-11-09 00:00:00+00:00,1699488000000,246.7,255.9,240.0,251.6,1320420.474
2023-11-10 00:00:00+00:00,1699574400000,251.7,258.0,248.1,251.0,814936.218
2023-11-11 00:00:00+00:00,1699660800000,251.1,255.2,246.0,251.5,738756.911
2023-11-12 00:00:00+00:00,1699747200000,251.6,252.0,244.5,247.4,637126.209
2023-11-13 00:00:00+00:00,1699833600000,247.5,250.2,240.3,241.1,953917.532
2023-11-14 00:00:00+00:00,1699920000000,241.1,249.4,233.7,242.3,992864.124
2023-11-15 00:00:00+00:00,1700006400000,242.3,254.5,242.1,253.7,911316.433
2023-11-16 00:00:00+00:00,1700092800000,253.7,256.0,240.0,242.7,1090149.24
2023-11-17 00:00:00+00:00,1700179200000,242.7,245.9,238.3,244.9,757117.698
2023-11-18 00:00:00+00:00,1700265600000,244.9,245.2,238.5,244.8,485737.217
2023-11-19 00:00:00+00:00,1700352000000,244.8,246.9,241.8,246.4,379101.104
2023-11-20 00:00:00+00:00,1700438400000,246.5,268.4,238.6,253.1,1523794.58
2023-11-21 00:00:00+00:00,1700524800000,253.1,271.9,224.0,225.5,4050392.778
2023-11-22 00:00:00+00:00,1700611200000,225.5,238.5,224.6,236.1,1791363.245
2023-11-23 00:00:00+00:00,1700697600000,236.2,239.2,230.2,233.8,718114.377
2023-11-24 00:00:00+00:00,1700784000000,233.8,236.7,231.6,232.7,616904.315
2023-11-25 00:00:00+00:00,1700870400000,232.8,235.7,232.1,234.4,313338.264
2023-11-26 00:00:00+00:00,1700956800000,234.5,234.5,227.9,231.7,437624.722
2023-11-27 00:00:00+00:00,1701043200000,231.8,232.9,222.5,227.2,831147.034
2023-11-28 00:00:00+00:00,1701129600000,227.3,231.7,224.3,229.6,547422.862
2023-11-29 00:00:00+00:00,1701216000000,229.6,231.2,226.1,227.3,416529.001
2023-11-30 00:00:00+00:00,1701302400000,227.3,229.2,225.9,227.6,360874.419
2023-12-01 00:00:00+00:00,1701388800000,227.6,230.0,227.0,228.5,425879.275
2023-12-02 00:00:00+00:00,1701475200000,228.5,230.1,224.8,229.0,456196.933
2023-12-03 00:00:00+00:00,1701561600000,229.1,231.9,225.9,228.1,594689.614
2023-12-04 00:00:00+00:00,1701648000000,228.1,237.4,224.8,233.5,1475825.971
2023-12-05 00:00:00+00:00,1701734400000,233.5,234.9,227.9,231.2,861796.38
2023-12-06 00:00:00+00:00,1701820800000,231.3,234.8,228.6,229.4,858794.132
2023-12-07 00:00:00+00:00,1701907200000,229.5,234.8,228.3,232.6,793571.247
2023-12-08 00:00:00+00:00,1701993600000,232.6,240.0,232.2,238.9,764638.52
2023-12-09 00:00:00+00:00,1702080000000,238.8,245.5,236.3,237.7,838098.223
2023-12-10 00:00:00+00:00,1702166400000,237.8,241.4,236.8,239.8,433591.534
2023-12-11 00:00:00+00:00,1702252800000,239.8,248.2,228.0,246.4,2010717.772
2023-12-12 00:00:00+00:00,1702339200000,246.4,257.3,245.5,254.6,1877670.629
2023-12-13 00:00:00+00:00,1702425600000,254.6,255.9,244.1,252.0,1149182.339
2023-12-14 00:00:00+00:00,1702512000000,252.1,254.0,247.7,253.3,818946.787
2023-12-15 00:00:00+00:00,1702598400000,253.2,253.4,242.6,244.9,655654.892
2023-12-16 00:00:00+00:00,1702684800000,244.9,248.4,242.7,244.4,444080.33
2023-12-17 00:00:00+00:00,1702771200000,244.4,244.5,238.8,238.8,464957.446
2023-12-18 00:00:00+00:00,1702857600000,238.9,241.7,232.0,241.7,876189.244
2023-12-19 00:00:00+00:00,1702944000000,241.7,254.8,241.3,252.9,1569167.394
2023-12-20 00:00:00+00:00,1703030400000,252.8,261.9,250.1,260.3,1116951.002
2023-12-21 00:00:00+00:00,1703116800000,260.4,274.9,256.2,272.1,1286767.653
2023-12-22 00:00:00+00:00,1703203200000,272.1,276.5,264.9,271.1,967819.921
2023-12-23 00:00:00+00:00,1703289600000,271.1,272.0,265.6,271.0,408213.412
2023-12-24 00:00:00+00:00,1703376000000,271.0,272.9,261.9,264.5,572645.135
2023-12-25 00:00:00+00:00,1703462400000,264.4,268.2,261.5,266.9,469743.423
2023-12-26 00:00:00+00:00,1703548800000,266.8,303.2,264.0,297.7,2356245.345
2023-12-27 00:00:00+00:00,1703635200000,297.7,324.4,285.1,324.1,2126454.61
2023-12-28 00:00:00+00:00,1703721600000,324.0,338.3,320.0,322.6,2249136.219
2023-12-29 00:00:00+00:00,1703808000000,322.6,325.6,307.0,313.7,1407022.74
2023-12-30 00:00:00+00:00,1703894400000,313.7,320.8,312.2,317.1,561853.413
2023-12-31 00:00:00+00:00,1703980800000,317.0,325.5,307.4,311.8,667097.557
2024-01-01 00:00:00+00:00,1704067200000,311.9,316.0,307.0,313.5,619455.158
2024-01-02 00:00:00+00:00,1704153600000,313.5,321.3,305.8,312.2,937764.737
2024-01-03 00:00:00+00:00,1704240000000,312.3,334.3,293.6,315.8,2132158.122
2024-01-04 00:00:00+00:00,1704326400000,315.9,324.3,310.9,323.7,1133774.957
2024-01-05 00:00:00+00:00,1704412800000,323.6,327.3,308.6,317.5,1157056.276
2024-01-06 00:00:00+00:00,1704499200000,317.6,317.6,300.2,307.5,909358.183
2024-01-07 00:00:00+00:00,1704585600000,307.6,310.0,300.0,302.4,498367.089
2024-01-08 00:00:00+00:00,1704672000000,302.5,308.1,290.0,303.7,984590.842
2024-01-09 00:00:00+00:00,1704758400000,303.6,306.8,295.7,301.1,1401490.155
2024-01-10 00:00:00+00:00,1704844800000,301.1,310.0,288.8,305.8,1032565.477
2024-01-11 00:00:00+00:00,1704931200000,305.7,316.8,301.4,308.2,1179601.543
2024-01-12 00:00:00+00:00,1705017600000,308.2,313.0,289.1,296.6,1003340.774
2024-01-13 00:00:00+00:00,1705104000000,296.7,303.1,290.8,302.2,436784.239
2024-01-14 00:00:00+00:00,1705190400000,302.2,306.7,298.7,299.5,393054.947
2024-01-15 00:00:00+00:00,1705276800000,299.4,320.6,299.4,317.5,1704540.89
2024-01-16 00:00:00+00:00,1705363200000,317.6,319.4,313.0,315.2,951149.445
2024-01-17 00:00:00+00:00,1705449600000,315.1,316.3,306.8,309.4,1071343.496
2024-01-18 00:00:00+00:00,1705536000000,309.3,315.6,305.7,313.0,921121.889
2024-01-19 00:00:00+00:00,1705622400000,313.0,316.2,305.0,314.7,835724.4
2024-01-20 00:00:00+00:00,1705708800000,314.7,317.3,312.2,317.2,326090.187
2024-01-21 00:00:00+00:00,1705795200000,317.3,321.7,316.1,318.6,359764.313
2024-01-22 00:00:00+00:00,1705881600000,318.7,320.3,303.6,305.9,704437.647
2024-01-23 00:00:00+00:00,1705968000000,305.9,311.7,290.3,298.8,928195.378
2024-01-24 00:00:00+00:00,1706054400000,298.8,300.7,290.3,293.1,802312.815
2024-01-25 00:00:00+00:00,1706140800000,293.0,296.7,287.5,292.1,1004156.719
2024-01-26 00:00:00+00:00,1706227200000,292.1,304.2,290.7,302.2,709942.404
2024-01-27 00:00:00+00:00,1706313600000,302.2,307.7,301.9,305.6,285357.667
2024-01-28 00:00:00+00:00,1706400000000,305.7,309.1,303.1,305.3,409403.057
2024-01-29 00:00:00+00:00,1706486400000,305.3,311.0,304.4,310.7,442799.505
2024-01-30 00:00:00+00:00,1706572800000,310.7,313.1,306.3,307.6,386375.467
2024-01-31 00:00:00+00:00,1706659200000,307.7,308.2,298.6,300.5,459007.698
2024-02-01 00:00:00+00:00,1706745600000,300.5,302.2,296.4,300.2,373269.789
2024-02-02 00:00:00+00:00,1706832000000,300.2,305.2,299.8,301.4,309501.649
2024-02-03 00:00:00+00:00,1706918400000,301.4,303.8,299.5,299.7,198730.962
2024-02-04 00:00:00+00:00,1707004800000,299.6,307.7,298.0,304.7,503405.323
2024-02-05 00:00:00+00:00,1707091200000,304.7,306.8,299.5,301.2,488672.271
2024-02-06 00:00:00+00:00,1707177600000,301.2,304.1,300.9,302.7,260762.321
2024-02-07 00:00:00+00:00,1707264000000,302.8,308.7,300.7,307.3,352421.789
2024-02-08 00:00:00+00:00,1707350400000,307.4,320.6,307.3,319.2,921496.502
2024-02-09 00:00:00+00:00,1707436800000,319.2,326.3,317.9,324.0,739178.081
2024-02-10 00:00:00+00:00,1707523200000,324.0,325.4,318.9,323.0,321477.064
2024-02-11 00:00:00+00:00,1707609600000,323.0,324.9,320.1,320.7,280308.105
2024-02-12 00:00:00+00:00,1707696000000,320.6,332.2,315.6,327.8,576734.162
2024-02-13 00:00:00+00:00,1707782400000,327.9,329.2,318.6,324.7,441545.83
2024-02-14 00:00:00+00:00,1707868800000,324.6,334.6,323.4,333.9,452466.98
2024-02-15 00:00:00+00:00,1707955200000,333.9,366.6,333.3,354.2,1361590.403
2024-02-16 00:00:00+00:00,1708041600000,354.3,366.8,349.1,360.4,1061855.986
2024-02-17 00:00:00+00:00,1708128000000,360.4,363.7,348.2,352.9,630266.52
2024-02-18 00:00:00+00:00,1708214400000,352.9,358.1,349.1,349.8,495667.634
2024-02-19 00:00:00+00:00,1708300800000,349.8,356.2,349.3,351.6,830917.534
2024-02-20 00:00:00+00:00,1708387200000,351.7,361.6,344.8,354.6,972650.558
2024-02-21 00:00:00+00:00,1708473600000,354.6,379.3,350.9,379.2,1701415.313
2024-02-22 00:00:00+00:00,1708560000000,379.2,387.3,373.7,382.6,1409647.481
2024-02-23 00:00:00+00:00,1708646400000,382.7,385.8,369.0,375.5,1027891.295
2024-02-24 00:00:00+00:00,1708732800000,375.5,383.3,371.7,381.7,444587.481
2024-02-25 00:00:00+00:00,1708819200000,381.6,391.0,377.6,388.5,643002.671
2024-02-26 00:00:00+00:00,1708905600000,388.5,404.9,382.0,401.6,1196262.204
2024-02-27 00:00:00+00:00,1708992000000,401.5,403.7,389.6,394.6,915873.073
2024-02-28 00:00:00+00:00,1709078400000,394.6,427.3,394.1,414.6,1348008.995
2024-02-29 00:00:00+00:00,1709164800000,414.7,419.7,391.1,399.4,1146024.362
2024-03-01 00:00:00+00:00,1709251200000,399.3,408.6,398.8,407.4,586580.611
2024-03-02 00:00:00+00:00,1709337600000,407.4,414.8,405.8,410.9,590018.543
2024-03-03 00:00:00+00:00,1709424000000,410.9,416.8,402.2,414.5,838274.346
2024-03-04 00:00:00+00:00,1709510400000,414.5,423.8,410.6,418.4,1045414.001
2024-03-05 00:00:00+00:00,1709596800000,418.5,427.2,356.1,394.1,2073303.79
2024-03-06 00:00:00+00:00,1709683200000,394.1,434.7,385.6,429.4,1804741.112
2024-03-07 00:00:00+00:00,1709769600000,429.4,476.8,423.2,474.6,1672134.41
2024-03-08 00:00:00+00:00,1709856000000,474.6,489.6,462.5,485.8,1660311.361
2024-03-09 00:00:00+00:00,1709942400000,485.8,493.8,480.7,488.3,852029.241
2024-03-10 00:00:00+00:00,1710028800000,488.3,537.5,484.8,528.9,1944137.084
2024-03-11 00:00:00+00:00,1710115200000,528.9,533.8,505.5,523.0,1608146.397
2024-03-12 00:00:00+00:00,1710201600000,523.0,548.5,519.0,537.5,1924767.687
2024-03-13 00:00:00+00:00,1710288000000,537.4,633.5,531.7,630.5,2526002.564
2024-03-14 00:00:00+00:00,1710374400000,630.5,631.5,565.5,603.2,2119540.3
2024-03-15 00:00:00+00:00,1710460800000,603.2,635.2,540.9,632.7,3066312.788
2024-03-16 00:00:00+00:00,1710547200000,632.7,645.2,567.2,576.4,1811838.042
2024-03-17 00:00:00+00:00,1710633600000,576.4,590.5,548.6,571.7,1712920.341
2024-03-18 00:00:00+00:00,1710720000000,571.7,587.7,540.1,555.4,2284301.814
2024-03-19 00:00:00+00:00,1710806400000,555.4,560.6,495.8,507.7,2551361.512
2024-03-20 00:00:00+00:00,1710892800000,507.7,559.0,500.0,556.8,1425296.579
2024-03-21 00:00:00+00:00,1710979200000,556.7,571.0,540.6,553.8,953921.372
2024-03-22 00:00:00+00:00,1711065600000,553.8,588.1,535.5,553.8,1181298.51
2024-03-23 00:00:00+00:00,1711152000000,553.8,567.7,543.4,551.9,608753.329
2024-03-24 00:00:00+00:00,1711238400000,551.9,573.0,548.7,567.7,442930.35
2024-03-25 00:00:00+00:00,1711324800000,567.8,598.0,564.4,587.0,802695.512
2024-03-26 00:00:00+00:00,1711411200000,587.1,597.0,571.9,580.4,569324.079
2024-03-27 00:00:00+00:00,1711497600000,580.4,585.6,560.3,574.3,531668.402
2024-03-28 00:00:00+00:00,1711584000000,574.2,591.7,574.1,583.4,503901.624
2024-03-29 00:00:00+00:00,1711670400000,583.4,620.0,582.1,612.5,1042401.169
2024-03-30 00:00:00+00:00,1711756800000,612.5,612.9,596.9,600.7,501020.148
2024-03-31 00:00:00+00:00,1711843200000,600.7,608.8,600.4,606.7,325136.967
2024-04-01 00:00:00+00:00,1711929600000,606.7,607.7,568.7,575.8,723114.09
2024-04-02 00:00:00+00:00,1712016000000,575.8,578.2,546.3,551.4,998260.814
2024-04-03 00:00:00+00:00,1712102400000,551.4,567.9,539.0,561.5,683925.233
2024-04-04 00:00:00+00:00,1712188800000,561.6,597.6,560.8,585.5,879640.68
2024-04-05 00:00:00+00:00,1712275200000,585.4,591.5,564.4,577.8,634206.619
2024-04-06 00:00:00+00:00,1712361600000,577.8,591.3,575.1,585.4,226975.996
2024-04-07 00:00:00+00:00,1712448000000,585.5,591.1,578.0,583.9,263849.216
2024-04-08 00:00:00+00:00,1712534400000,583.8,601.1,577.7,586.4,483568.312
2024-04-09 00:00:00+00:00,1712620800000,586.3,590.3,571.2,580.5,596275.792
2024-04-10 00:00:00+00:00,1712707200000,580.4,610.6,573.4,609.7,816050.7
2024-04-11 00:00:00+00:00,1712793600000,609.7,618.4,592.0,604.6,579678.194
2024-04-12 00:00:00+00:00,1712880000000,604.6,634.5,571.0,595.6,1517722.658
2024-04-13 00:00:00+00:00,1712966400000,595.6,600.2,508.0,553.1,1761628.473
2024-04-14 00:00:00+00:00,1713052800000,553.0,576.0,536.1,566.4,965488.003
2024-04-15 00:00:00+00:00,1713139200000,566.4,585.5,544.7,552.7,698443.303
2024-04-16 00:00:00+00:00,1713225600000,552.7,554.2,522.8,537.6,623668.813
2024-04-17 00:00:00+00:00,1713312000000,537.5,547.9,512.6,534.1,657909.358
2024-04-18 00:00:00+00:00,1713398400000,534.0,555.9,527.0,552.1,589697.296
2024-04-19 00:00:00+00:00,1713484800000,552.0,564.3,524.0,554.0,545504.183
2024-04-20 00:00:00+00:00,1713571200000,554.1,574.3,548.8,570.9,242132.859
2024-04-21 00:00:00+00:00,1713657600000,570.9,582.6,566.3,579.6,277755.724
2024-04-22 00:00:00+00:00,1713744000000,579.6,608.7,578.4,604.5,522892.157
2024-04-23 00:00:00+00:00,1713830400000,604.4,618.3,598.7,606.2,556883.344
2024-04-24 00:00:00+00:00,1713916800000,606.2,618.5,592.6,608.8,656953.677
2024-04-25 00:00:00+00:00,1714003200000,608.8,617.9,600.7,613.2,453745.517
2024-04-26 00:00:00+00:00,1714089600000,613.3,615.0,597.0,598.0,302119.884
2024-04-27 00:00:00+00:00,1714176000000,598.0,599.7,585.0,596.2,268783.912
2024-04-28 00:00:00+00:00,1714262400000,596.2,609.0,596.2,600.2,258059.431
2024-04-29 00:00:00+00:00,1714348800000,600.2,602.8,581.3,592.8,330474.005
2024-04-30 00:00:00+00:00,1714435200000,592.8,604.3,555.7,578.4,766513.446
2024-05-01 00:00:00+00:00,1714521600000,578.4,580.4,536.7,561.8,669027.318
2024-05-02 00:00:00+00:00,1714608000000,561.8,565.9,539.5,560.5,359794.315
2024-05-03 00:00:00+00:00,1714694400000,560.5,590.0,558.9,587.0,342906.433
2024-05-04 00:00:00+00:00,1714780800000,587.0,593.6,582.5,585.7,197129.251
2024-05-05 00:00:00+00:00,1714867200000,585.7,595.0,579.3,592.0,180458.236
2024-05-06 00:00:00+00:00,1714953600000,592.0,602.3,583.1,588.2,278669.005
2024-05-07 00:00:00+00:00,1715040000000,588.2,600.4,576.0,576.5,289488.709
2024-05-08 00:00:00+00:00,1715126400000,576.5,590.0,574.4,588.6,297016.617
2024-05-09 00:00:00+00:00,1715212800000,588.6,605.8,586.3,596.8,464857.601
2024-05-10 00:00:00+00:00,1715299200000,596.8,597.0,581.5,585.6,296215.516
2024-05-11 00:00:00+00:00,1715385600000,585.7,594.5,580.8,592.2,210698.305
2024-05-12 00:00:00+00:00,1715472000000,592.2,600.1,587.3,594.8,191190.562
2024-05-13 00:00:00+00:00,1715558400000,594.8,598.4,585.2,591.7,389810.286
2024-05-14 00:00:00+00:00,1715644800000,591.7,593.1,562.0,567.1,453308.316
2024-05-15 00:00:00+00:00,1715731200000,567.1,587.3,560.0,581.0,402812.993
2024-05-16 00:00:00+00:00,1715817600000,581.0,586.6,565.1,569.2,411937.056
2024-05-17 00:00:00+00:00,1715904000000,569.2,584.5,568.6,580.9,236919.616
2024-05-18 00:00:00+00:00,1715990400000,580.9,581.9,574.2,580.3,168074.711
2024-05-19 00:00:00+00:00,1716076800000,580.3,581.9,571.3,574.5,142157.485
2024-05-20 00:00:00+00:00,1716163200000,574.6,602.0,568.8,599.6,469252.806
2024-05-21 00:00:00+00:00,1716249600000,599.6,631.4,593.3,618.5,1023559.613
2024-05-22 00:00:00+00:00,1716336000000,618.5,626.3,610.1,614.8,404848.487
2024-05-23 00:00:00+00:00,1716422400000,614.8,617.5,580.0,599.3,607671.947
2024-05-24 00:00:00+00:00,1716508800000,599.4,605.5,588.3,600.3,251965.176
2024-05-25 00:00:00+00:00,1716595200000,600.3,606.7,599.5,602.4,121538.958
2024-05-26 00:00:00+00:00,1716681600000,602.3,605.4,598.0,600.2,122983.66
2024-05-27 00:00:00+00:00,1716768000000,600.3,614.4,599.6,603.9,229302.377
2024-05-28 00:00:00+00:00,1716854400000,603.9,606.0,593.8,601.7,284862.985
2024-05-29 00:00:00+00:00,1716940800000,601.7,603.6,593.1,595.7,212706.254
2024-05-30 00:00:00+00:00,1717027200000,595.7,602.2,586.5,595.1,225452.344
2024-05-31 00:00:00+00:00,1717113600000,595.1,599.0,590.0,593.7,168608.054
2024-06-01 00:00:00+00:00,1717200000000,593.8,608.4,593.1,601.9,156464.894
2024-06-02 00:00:00+00:00,1717286400000,601.9,606.0,596.0,602.9,198299.996
2024-06-03 00:00:00+00:00,1717372800000,602.8,638.8,601.2,626.4,654161.467
2024-06-04 00:00:00+00:00,1717459200000,626.4,688.2,624.8,685.7,736322.6803
2024-06-05 00:00:00+00:00,1717545600000,685.7,716.0,684.7,698.8,673820.5652
2024-06-06 00:00:00+00:00,1717632000000,698.8,721.8,692.0,711.2,544042.9592
2024-06-07 00:00:00+00:00,1717718400000,711.1,712.0,658.9,684.0,594753.99
2024-06-08 00:00:00+00:00,1717804800000,684.0,694.9,677.9,682.7,216849.473
2024-06-09 00:00:00+00:00,1717891200000,682.7,684.8,670.3,673.0,173565.78
2024-06-10 00:00:00+00:00,1717977600000,673.1,674.8,613.3,625.1,692122.616
2024-06-11 00:00:00+00:00,1718064000000,625.1,629.0,595.8,602.5,640655.92
2024-06-12 00:00:00+00:00,1718150400000,602.5,635.4,591.3,619.4,454148.661
2024-06-13 00:00:00+00:00,1718236800000,619.4,619.9,595.6,599.8,313465.472
2024-06-14 00:00:00+00:00,1718323200000,599.8,612.5,590.0,603.3,279802.085
2024-06-15 00:00:00+00:00,1718409600000,603.3,609.7,601.3,608.2,122650.197
2024-06-16 00:00:00+00:00,1718496000000,608.2,611.8,601.1,610.8,104827.154
2024-06-17 00:00:00+00:00,1718582400000,610.9,612.6,591.4,604.3,235509.028
2024-06-18 00:00:00+00:00,1718668800000,604.3,605.2,575.0,588.6,459142.573
2024-06-19 00:00:00+00:00,1718755200000,588.6,605.9,586.6,599.3,260529.062
2024-06-20 00:00:00+00:00,1718841600000,599.3,608.0,584.6,587.7,289498.772
2024-06-21 00:00:00+00:00,1718928000000,587.7,589.3,577.8,586.1,191182.614
2024-06-22 00:00:00+00:00,1719014400000,586.2,591.4,581.0,591.1,100439.584
2024-06-23 00:00:00+00:00,1719100800000,591.1,593.2,576.0,577.5,141025.834
2024-06-24 00:00:00+00:00,1719187200000,577.5,582.0,551.2,568.1,356915.248
2024-06-25 00:00:00+00:00,1719273600000,568.1,580.0,566.4,578.2,177300.699
2024-06-26 00:00:00+00:00,1719360000000,578.3,584.7,567.4,573.0,154770.344
2024-06-27 00:00:00+00:00,1719446400000,573.1,584.7,566.4,581.7,199582.231
2024-06-28 00:00:00+00:00,1719532800000,581.8,585.3,565.6,567.4,210308.565
2024-06-29 00:00:00+00:00,1719619200000,567.4,573.9,566.9,570.0,99951.169
2024-06-30 00:00:00+00:00,1719705600000,570.0,585.3,568.3,582.2,169894.148
2024-07-01 00:00:00+00:00,1719792000000,582.3,588.3,576.2,576.9,188481.951
2024-07-02 00:00:00+00:00,1719878400000,576.9,582.0,573.9,580.1,144561.934
2024-07-03 00:00:00+00:00,1719964800000,580.1,581.0,550.5,556.7,288318.808
2024-07-04 00:00:00+00:00,1720051200000,556.7,558.1,511.6,513.6,511359.494
2024-07-05 00:00:00+00:00,1720137600000,513.5,516.1,454.8,497.7,992708.164
2024-07-06 00:00:00+00:00,1720224000000,497.8,530.7,496.0,526.0,226597.141
2024-07-07 00:00:00+00:00,1720310400000,526.0,526.6,488.4,490.7,279027.459
2024-07-08 00:00:00+00:00,1720396800000,490.7,524.2,471.0,510.6,580970.096
2024-07-09 00:00:00+00:00,1720483200000,510.5,520.8,506.5,516.9,203358.601
2024-07-10 00:00:00+00:00,1720569600000,516.9,529.4,511.3,524.7,205460.208
2024-07-11 00:00:00+00:00,1720656000000,524.7,545.1,520.1,524.8,262788.577
2024-07-12 00:00:00+00:00,1720742400000,524.9,537.5,517.0,533.8,207870.778
2024-07-13 00:00:00+00:00,1720828800000,533.9,539.4,527.3,532.4,161128.431
2024-07-14 00:00:00+00:00,1720915200000,532.5,547.7,531.2,544.8,148566.273
2024-07-15 00:00:00+00:00,1721001600000,544.9,586.8,543.8,585.3,335372.772
2024-07-16 00:00:00+00:00,1721088000000,585.3,587.5,554.4,576.2,347825.03
2024-07-17 00:00:00+00:00,1721174400000,576.3,584.0,564.3,568.9,198271.205
2024-07-18 00:00:00+00:00,1721260800000,568.9,579.6,561.6,571.9,153121.784
2024-07-19 00:00:00+00:00,1721347200000,572.0,598.7,565.0,593.4,331877.529
2024-07-20 00:00:00+00:00,1721433600000,593.4,597.9,586.7,593.1,144679.404
2024-07-21 00:00:00+00:00,1721520000000,593.2,603.4,581.5,602.5,243931.763
2024-07-22 00:00:00+00:00,1721606400000,602.5,605.6,580.3,587.2,212452.69
2024-07-23 00:00:00+00:00,1721692800000,587.3,593.5,577.2,581.9,214355.311
2024-07-24 00:00:00+00:00,1721779200000,582.0,589.1,570.4,574.9,160535.208
2024-07-25 00:00:00+00:00,1721865600000,574.9,576.6,553.1,570.6,286997.522
2024-07-26 00:00:00+00:00,1721952000000,570.7,582.8,570.2,580.9,155492.92
2024-07-27 00:00:00+00:00,1722038400000,580.9,592.8,572.6,581.6,184468.855
2024-07-28 00:00:00+00:00,1722124800000,581.6,584.9,574.5,583.9,92606.642
2024-07-29 00:00:00+00:00,1722211200000,583.9,598.0,572.2,574.3,213824.089
2024-07-30 00:00:00+00:00,1722297600000,574.3,588.3,566.6,588.2,165024.413
2024-07-31 00:00:00+00:00,1722384000000,588.1,592.9,574.7,576.5,194701.723
2024-08-01 00:00:00+00:00,1722470400000,576.5,578.0,553.7,575.1,280418.865
2024-08-02 00:00:00+00:00,1722556800000,575.2,577.6,540.2,542.9,283605.001
2024-08-03 00:00:00+00:00,1722643200000,542.9,545.3,521.3,529.6,245777.525
2024-08-04 00:00:00+00:00,1722729600000,529.7,532.2,486.5,496.9,390238.285
2024-08-05 00:00:00+00:00,1722816000000,496.9,499.9,400.0,464.2,2114679.75
2024-08-06 00:00:00+00:00,1722902400000,464.3,494.4,463.5,484.8,458815.007
2024-08-07 00:00:00+00:00,1722988800000,484.9,497.7,468.1,475.0,322182.487
2024-08-08 00:00:00+00:00,1723075200000,475.0,521.7,467.5,517.1,286744.608
2024-08-09 00:00:00+00:00,1723161600000,517.2,518.4,498.7,508.7,195125.106
2024-08-10 00:00:00+00:00,1723248000000,508.7,525.4,507.2,523.1,126212.238
2024-08-11 00:00:00+00:00,1723334400000,523.2,535.8,502.3,503.4,206038.714
2024-08-12 00:00:00+00:00,1723420800000,503.5,524.0,499.2,518.2,285951.347
2024-08-13 00:00:00+00:00,1723507200000,518.3,527.0,513.1,524.2,255029.497
2024-08-14 00:00:00+00:00,1723593600000,524.2,531.9,515.4,523.4,220850.011
2024-08-15 00:00:00+00:00,1723680000000,523.4,533.9,510.0,519.2,229628.306
2024-08-16 00:00:00+00:00,1723766400000,519.2,524.5,509.9,519.7,174036.141
2024-08-17 00:00:00+00:00,1723852800000,519.7,547.7,518.3,541.6,196365.586
2024-08-18 00:00:00+00:00,1723939200000,541.7,542.6,530.8,531.2,148890.018
2024-08-19 00:00:00+00:00,1724025600000,531.3,560.7,529.1,558.4,233275.352
2024-08-20 00:00:00+00:00,1724112000000,558.5,574.9,558.2,569.4,422053.693
2024-08-21 00:00:00+00:00,1724198400000,569.4,575.1,546.1,570.1,345601.77
2024-08-22 00:00:00+00:00,1724284800000,570.2,590.0,559.7,582.9,365020.284
2024-08-23 00:00:00+00:00,1724371200000,583.0,600.6,574.3,591.7,387772.663
2024-08-24 00:00:00+00:00,1724457600000,591.7,592.4,574.6,580.5,325168.897
2024-08-25 00:00:00+00:00,1724544000000,580.5,583.9,569.0,573.9,195984.559
2024-08-26 00:00:00+00:00,1724630400000,573.9,575.6,546.7,548.2,280985.576
2024-08-27 00:00:00+00:00,1724716800000,548.3,558.3,520.5,533.3,298073.974
2024-08-28 00:00:00+00:00,1724803200000,533.3,546.8,522.4,537.0,269794.777
2024-08-29 00:00:00+00:00,1724889600000,537.0,545.5,530.9,536.4,166187.113
2024-08-30 00:00:00+00:00,1724976000000,536.4,543.4,522.0,535.2,197825.895
2024-08-31 00:00:00+00:00,1725062400000,535.2,541.5,531.1,532.9,95954.072
2024-09-01 00:00:00+00:00,1725148800000,532.9,533.2,507.7,512.4,203698.867
2024-09-02 00:00:00+00:00,1725235200000,512.3,530.2,501.5,526.3,262984.426
2024-09-03 00:00:00+00:00,1725321600000,526.4,538.4,517.9,518.7,224481.65
2024-09-04 00:00:00+00:00,1725408000000,518.8,523.7,495.8,507.6,435892.306
2024-09-05 00:00:00+00:00,1725494400000,507.6,512.9,496.7,502.4,177237.32
2024-09-06 00:00:00+00:00,1725580800000,502.4,509.9,471.3,487.2,357704.727
2024-09-07 00:00:00+00:00,1725667200000,487.3,499.5,482.9,493.5,140367.312
2024-09-08 00:00:00+00:00,1725753600000,493.6,506.9,490.7,503.1,135677.173
2024-09-09 00:00:00+00:00,1725840000000,503.2,525.7,501.7,518.7,207528.54
2024-09-10 00:00:00+00:00,1725926400000,518.7,524.3,509.2,517.0,161417.812
2024-09-11 00:00:00+00:00,1726012800000,517.0,535.4,506.5,530.1,204079.602
2024-09-12 00:00:00+00:00,1726099200000,530.2,548.7,530.0,544.5,273877.8
2024-09-13 00:00:00+00:00,1726185600000,544.6,559.7,538.7,556.4,276743.273
2024-09-14 00:00:00+00:00,1726272000000,556.4,559.2,547.5,553.3,138432.964
2024-09-15 00:00:00+00:00,1726358400000,553.4,561.9,546.0,553.4,205254.79
2024-09-16 00:00:00+00:00,1726444800000,553.4,555.2,527.0,533.7,267953.69
2024-09-17 00:00:00+00:00,1726531200000,533.7,552.7,529.0,546.2,195288.36
2024-09-18 00:00:00+00:00,1726617600000,546.2,559.7,536.8,559.5,201182.985
2024-09-19 00:00:00+00:00,1726704000000,559.5,572.2,553.0,567.0,308427.742
2024-09-20 00:00:00+00:00,1726790400000,566.9,577.1,555.0,569.0,257077.709
2024-09-21 00:00:00+00:00,1726876800000,569.1,590.0,566.4,588.6,208752.23
2024-09-22 00:00:00+00:00,1726963200000,588.7,594.6,576.4,588.7,202978.791
2024-09-23 00:00:00+00:00,1727049600000,588.7,616.0,583.4,604.5,376010.207
2024-09-24 00:00:00+00:00,1727136000000,604.5,613.4,598.5,605.9,261622.131
2024-09-25 00:00:00+00:00,1727222400000,605.8,608.3,584.2,587.4,220793.948
2024-09-26 00:00:00+00:00,1727308800000,587.5,609.0,580.8,596.3,334337.474
2024-09-27 00:00:00+00:00,1727395200000,596.3,614.7,596.0,606.8,356901.64
2024-09-28 00:00:00+00:00,1727481600000,606.9,618.6,594.5,601.1,262593.381
2024-09-29 00:00:00+00:00,1727568000000,601.1,602.8,592.4,595.6,160103.084
2024-09-30 00:00:00+00:00,1727654400000,595.6,595.8,563.5,567.4,324086.737
2024-10-01 00:00:00+00:00,1727740800000,567.4,583.1,536.8,547.3,476372.945
2024-10-02 00:00:00+00:00,1727827200000,547.2,558.3,535.4,542.5,282193.663
2024-10-03 00:00:00+00:00,1727913600000,542.5,550.8,534.3,544.8,220702.342
2024-10-04 00:00:00+00:00,1728000000000,544.8,557.8,541.8,555.3,186169.628
2024-10-05 00:00:00+00:00,1728086400000,555.3,565.2,551.6,563.0,124906.382
2024-10-06 00:00:00+00:00,1728172800000,563.0,571.9,561.1,570.3,106787.34
2024-10-07 00:00:00+00:00,1728259200000,570.4,581.8,563.5,564.3,213046.676
2024-10-08 00:00:00+00:00,1728345600000,564.4,586.8,559.5,580.8,286276.177
2024-10-09 00:00:00+00:00,1728432000000,580.8,586.0,566.2,570.7,324396.054
2024-10-10 00:00:00+00:00,1728518400000,570.8,572.9,551.5,563.9,178198.309
2024-10-11 00:00:00+00:00,1728604800000,563.8,577.5,560.1,573.6,185095.358
2024-10-12 00:00:00+00:00,1728691200000,573.7,579.2,573.6,576.6,135773.959
2024-10-13 00:00:00+00:00,1728777600000,576.6,578.5,564.9,572.2,118779.976
2024-10-14 00:00:00+00:00,1728864000000,572.3,592.3,558.9,589.1,252803.176
2024-10-15 00:00:00+00:00,1728950400000,589.0,599.9,577.7,594.5,324305.897
2024-10-16 00:00:00+00:00,1729036800000,594.6,605.5,589.7,600.9,259951.129
2024-10-17 00:00:00+00:00,1729123200000,601.0,606.3,585.1,592.9,194199.416
2024-10-18 00:00:00+00:00,1729209600000,592.9,602.4,591.8,599.2,136743.669
2024-10-19 00:00:00+00:00,1729296000000,599.3,601.4,595.4,597.7,78940.239
2024-10-20 00:00:00+00:00,1729382400000,597.8,607.3,593.1,605.9,123572.057
2024-10-21 00:00:00+00:00,1729468800000,605.9,611.8,591.5,598.8,275880.778
2024-10-22 00:00:00+00:00,1729555200000,598.8,609.0,587.0,593.8,203756.934
2024-10-23 00:00:00+00:00,1729641600000,593.8,595.0,573.0,584.9,225698.465
2024-10-24 00:00:00+00:00,1729728000000,584.9,598.0,583.3,594.5,145781.537
2024-10-25 00:00:00+00:00,1729814400000,594.5,597.6,565.8,575.3,254214.693
2024-10-26 00:00:00+00:00,1729900800000,575.3,587.1,571.6,583.4,119987.437
2024-10-27 00:00:00+00:00,1729987200000,583.4,591.0,581.7,589.2,94455.099
2024-10-28 00:00:00+00:00,1730073600000,589.3,604.6,585.5,601.1,189815.882
2024-10-29 00:00:00+00:00,1730160000000,601.1,612.2,599.9,606.3,301555.357
2024-10-30 00:00:00+00:00,1730246400000,606.3,606.7,594.1,595.6,186706.281
2024-10-31 00:00:00+00:00,1730332800000,595.5,596.5,571.1,576.6,279156.175
2024-11-01 00:00:00+00:00,1730419200000,576.5,585.5,567.7,573.1,242255.184
2024-11-02 00:00:00+00:00,1730505600000,573.1,577.2,562.4,568.6,143716.603
2024-11-03 00:00:00+00:00,1730592000000,568.6,569.3,547.0,557.7,217508.468
2024-11-04 00:00:00+00:00,1730678400000,557.7,564.8,543.6,552.5,264951.833
2024-11-05 00:00:00+00:00,1730764800000,552.51,572.8,551.22,563.21,211437.753
2024-11-06 00:00:00+00:00,1730851200000,563.21,595.0,563.0,592.22,535934.927
2024-11-07 00:00:00+00:00,1730937600000,592.22,611.2,587.01,598.26,377600.506
2024-11-08 00:00:00+00:00,1731024000000,598.27,605.9,588.1,597.82,318752.718
2024-11-09 00:00:00+00:00,1731110400000,597.82,638.0,597.51,624.66,772172.655
2024-11-10 00:00:00+00:00,1731196800000,624.67,644.2,611.62,627.33,812783.747
2024-11-11 00:00:00+00:00,1731283200000,627.34,665.54,613.0,659.63,1006384.738
2024-11-12 00:00:00+00:00,1731369600000,659.63,667.4,610.0,625.33,1166459.013
2024-11-13 00:00:00+00:00,1731456000000,625.42,638.06,598.6,620.68,1034672.114
2024-11-14 00:00:00+00:00,1731542400000,620.68,660.4,610.5,622.3,1060649.7
2024-11-15 00:00:00+00:00,1731628800000,622.3,628.3,603.4,619.37,654908.221
2024-11-16 00:00:00+00:00,1731715200000,619.37,633.7,617.5,622.69,447887.923
2024-11-17 00:00:00+00:00,1731801600000,622.69,647.6,605.2,618.9,595820.376
2024-11-18 00:00:00+00:00,1731888000000,618.93,630.91,612.1,618.93,483382.136
2024-11-19 00:00:00+00:00,1731974400000,618.93,621.41,605.21,615.5,420441.21
2024-11-20 00:00:00+00:00,1732060800000,615.49,620.78,600.0,605.39,411142.628
2024-11-21 00:00:00+00:00,1732147200000,605.39,629.37,593.05,621.86,647295.158
2024-11-22 00:00:00+00:00,1732233600000,621.86,639.64,615.05,633.0,582665.923
2024-11-23 00:00:00+00:00,1732320000000,633.0,680.0,631.1,650.42,1071184.972
2024-11-24 00:00:00+00:00,1732406400000,650.42,687.75,637.08,659.65,914571.368
2024-11-25 00:00:00+00:00,1732492800000,659.65,676.79,626.43,636.2,783511.29
2024-11-26 00:00:00+00:00,1732579200000,636.16,645.57,600.02,613.51,814621.938
2024-11-27 00:00:00+00:00,1732665600000,613.5,646.75,607.79,644.14,629623.885
2024-11-28 00:00:00+00:00,1732752000000,644.15,664.68,639.79,653.83,684789.628
2024-11-29 00:00:00+00:00,1732838400000,653.84,663.8,648.42,654.67,429893.73
2024-11-30 00:00:00+00:00,1732924800000,654.67,677.2,648.0,653.43,545812.569
2024-12-01 00:00:00+00:00,1733011200000,653.44,664.17,645.16,655.99,434417.253
2024-12-02 00:00:00+00:00,1733097600000,656.0,667.2,627.99,647.82,771630.192
2024-12-03 00:00:00+00:00,1733184000000,647.83,750.01,622.85,734.64,1575647.798
2024-12-04 00:00:00+00:00,1733270400000,734.64,793.86,720.0,739.53,2092976.428
2024-12-05 00:00:00+00:00,1733356800000,739.54,739.9,690.0,717.1,1159099.388
2024-12-06 00:00:00+00:00,1733443200000,717.1,745.93,705.06,730.22,747138.475
2024-12-07 00:00:00+00:00,1733529600000,730.22,761.0,729.69,749.72,445276.173
2024-12-08 00:00:00+00:00,1733616000000,749.71,757.26,727.47,742.0,343120.564
2024-12-09 00:00:00+00:00,1733702400000,742.0,742.5,642.0,689.19,1068109.724
2024-12-10 00:00:00+00:00,1733788800000,689.2,704.92,649.13,676.8,984801.75
2024-12-11 00:00:00+00:00,1733875200000,676.8,713.0,658.54,711.21,526819.302
2024-12-12 00:00:00+00:00,1733961600000,711.2,725.61,699.36,705.77,576876.965
2024-12-13 00:00:00+00:00,1734048000000,705.77,729.88,696.8,725.72,548598.294
2024-12-14 00:00:00+00:00,1734134400000,725.73,732.11,705.01,715.79,341929.145
2024-12-15 00:00:00+00:00,1734220800000,715.8,724.08,702.66,718.87,282457.795
2024-12-16 00:00:00+00:00,1734307200000,718.87,730.0,704.16,720.58,483844.553
2024-12-17 00:00:00+00:00,1734393600000,720.58,737.37,712.24,717.69,502868.872
2024-12-18 00:00:00+00:00,1734480000000,717.7,722.0,681.0,686.38,726576.022
2024-12-19 00:00:00+00:00,1734566400000,686.39,705.57,648.63,665.62,840266.48
2024-12-20 00:00:00+00:00,1734652800000,665.61,680.58,618.69,678.6,982349.406
2024-12-21 00:00:00+00:00,1734739200000,678.6,693.39,652.0,663.49,529437.789
2024-12-22 00:00:00+00:00,1734825600000,663.5,669.71,639.37,649.77,333704.376
2024-12-23 00:00:00+00:00,1734912000000,649.77,698.5,638.1,694.16,606364.091
2024-12-24 00:00:00+00:00,1734998400000,694.16,699.0,682.68,696.9,386936.217
2024-12-25 00:00:00+00:00,1735084800000,696.89,713.28,695.94,702.72,232510.25
2024-12-26 00:00:00+00:00,1735171200000,702.71,719.99,683.0,689.4,381100.002
2024-12-27 00:00:00+00:00,1735257600000,689.4,718.88,685.73,691.85,347156.043
2024-12-28 00:00:00+00:00,1735344000000,691.86,731.24,691.3,722.13,344251.861
2024-12-29 00:00:00+00:00,1735430400000,722.13,724.7,690.0,694.71,241528.144
2024-12-30 00:00:00+00:00,1735516800000,694.71,712.2,687.75,705.36,297267.103
2024-12-31 00:00:00+00:00,1735603200000,705.35,714.99,698.48,702.3,235464.832
2025-01-01 00:00:00+00:00,1735689600000,702.31,711.5,700.3,707.84,135703.339
2025-01-02 00:00:00+00:00,1735776000000,707.84,715.8,698.04,706.25,292533.811
2025-01-03 00:00:00+00:00,1735862400000,706.24,715.69,697.03,714.88,291701.675
2025-01-04 00:00:00+00:00,1735948800000,714.87,721.84,707.82,713.41,167274.262
2025-01-05 00:00:00+00:00,1736035200000,713.41,713.93,702.51,709.29,115144.345
2025-01-06 00:00:00+00:00,1736121600000,709.29,745.29,705.91,729.42,357347.859
2025-01-07 00:00:00+00:00,1736208000000,729.42,733.33,691.2,698.01,436096.682
2025-01-08 00:00:00+00:00,1736294400000,698.0,707.46,674.72,696.03,427277.957
2025-01-09 00:00:00+00:00,1736380800000,696.03,701.72,675.12,685.48,331906.578
2025-01-10 00:00:00+00:00,1736467200000,685.47,700.69,683.18,693.21,234590.487
2025-01-11 00:00:00+00:00,1736553600000,693.21,701.47,690.39,696.7,87734.79
2025-01-12 00:00:00+00:00,1736640000000,696.71,698.63,689.8,693.34,78211.295
2025-01-13 00:00:00+00:00,1736726400000,693.35,700.0,660.0,688.64,386629.943
2025-01-14 00:00:00+00:00,1736812800000,688.64,699.97,686.3,698.89,159723.609
2025-01-15 00:00:00+00:00,1736899200000,698.89,715.0,688.45,714.59,282718.752
2025-01-16 00:00:00+00:00,1736985600000,714.59,717.5,700.5,708.1,268104.726
2025-01-17 00:00:00+00:00,1737072000000,708.1,729.97,708.1,721.76,289751.278
2025-01-18 00:00:00+00:00,1737158400000,721.76,723.32,695.0,709.52,370480.456
2025-01-19 00:00:00+00:00,1737244800000,709.52,714.6,676.0,683.19,712985.298
2025-01-20 00:00:00+00:00,1737331200000,683.2,709.38,671.0,682.51,668236.487
2025-01-21 00:00:00+00:00,1737417600000,682.51,697.0,675.01,692.21,294203.471
2025-01-22 00:00:00+00:00,1737504000000,692.21,704.13,689.93,695.52,218410.233
2025-01-23 00:00:00+00:00,1737590400000,695.52,697.65,680.26,689.74,331191.456
2025-01-24 00:00:00+00:00,1737676800000,689.73,691.31,678.75,680.45,280584.305
2025-01-25 00:00:00+00:00,1737763200000,680.45,689.56,677.68,686.4,140203.276
2025-01-26 00:00:00+00:00,1737849600000,686.4,690.82,664.64,667.37,195887.168
2025-01-27 00:00:00+00:00,1737936000000,667.36,680.53,637.79,679.74,486667.795
2025-01-28 00:00:00+00:00,1738022400000,679.75,682.88,659.4,661.29,202591.474
2025-01-29 00:00:00+00:00,1738108800000,661.28,680.01,659.37,667.97,255536.138
2025-01-30 00:00:00+00:00,1738195200000,667.97,682.99,666.0,677.53,145419.421
2025-01-31 00:00:00+00:00,1738281600000,677.53,689.44,673.5,677.47,190707.861
2025-02-01 00:00:00+00:00,1738368000000,677.48,681.56,650.73,652.94,177371.372
2025-02-02 00:00:00+00:00,1738454400000,652.94,663.22,600.0,617.8,506728.603
2025-02-03 00:00:00+00:00,1738540800000,617.8,619.19,500.0,617.21,1340856.885
2025-02-04 00:00:00+00:00,1738627200000,617.21,619.24,557.88,572.69,549571.473
2025-02-05 00:00:00+00:00,1738713600000,572.69,580.0,561.22,569.55,227055.225
2025-02-06 00:00:00+00:00,1738800000000,569.55,589.99,568.87,571.72,334342.953
2025-02-07 00:00:00+00:00,1738886400000,571.71,589.9,570.58,577.71,222673.88
2025-02-08 00:00:00+00:00,1738972800000,577.7,633.73,573.62,612.39,490805.546
2025-02-09 00:00:00+00:00,1739059200000,612.39,648.13,602.4,615.81,774091.071
2025-02-10 00:00:00+00:00,1739145600000,615.81,622.42,596.24,618.65,360129.038
2025-02-11 00:00:00+00:00,1739232000000,618.65,646.94,615.08,642.11,488539.291
2025-02-12 00:00:00+00:00,1739318400000,642.12,705.48,626.88,696.93,822216.623
2025-02-13 00:00:00+00:00,1739404800000,696.92,732.0,658.28,664.72,1766921.695
2025-02-14 00:00:00+00:00,1739491200000,664.73,684.86,652.0,659.71,650460.875
2025-02-15 00:00:00+00:00,1739577600000,659.72,671.43,653.46,662.21,255950.897
2025-02-16 00:00:00+00:00,1739664000000,662.21,686.04,653.11,673.1,362205.963
2025-02-17 00:00:00+00:00,1739750400000,673.1,682.29,657.99,667.51,323350.276
2025-02-18 00:00:00+00:00,1739836800000,667.52,668.3,629.65,648.18,366356.988
2025-02-19 00:00:00+00:00,1739923200000,648.19,664.44,636.99,653.38,352798.243
2025-02-20 00:00:00+00:00,1740009600000,653.38,659.03,645.88,656.36,215894.368
2025-02-21 00:00:00+00:00,1740096000000,656.36,668.5,635.0,647.47,317327.155
2025-02-22 00:00:00+00:00,1740182400000,647.47,679.9,645.21,668.57,297923.184
2025-02-23 00:00:00+00:00,1740268800000,668.57,671.1,648.49,658.42,166658.013
2025-02-24 00:00:00+00:00,1740355200000,658.41,659.56,610.6,614.2,360147.153
2025-02-25 00:00:00+00:00,1740441600000,614.19,628.7,586.0,623.49,647434.612
2025-02-26 00:00:00+00:00,1740528000000,623.49,632.14,594.07,611.57,428035.431
2025-02-27 00:00:00+00:00,1740614400000,611.57,619.77,595.84,605.41,295518.116
2025-02-28 00:00:00+00:00,1740700800000,605.41,606.33,559.71,588.07,600999.319
2025-03-01 00:00:00+00:00,1740787200000,588.07,609.48,586.4,607.93,292254.356
2025-03-02 00:00:00+00:00,1740873600000,607.94,635.01,601.5,623.94,469069.23
2025-03-03 00:00:00+00:00,1740960000000,623.94,624.36,567.5,576.1,497949.879
2025-03-04 00:00:00+00:00,1741046400000,576.09,588.75,546.83,584.01,488869.851
2025-03-05 00:00:00+00:00,1741132800000,584.01,606.06,580.57,598.24,206205.988
2025-03-06 00:00:00+00:00,1741219200000,598.25,612.9,589.2,596.5,223701.39
2025-03-07 00:00:00+00:00,1741305600000,596.49,610.2,577.23,594.77,289363.933
2025-03-08 00:00:00+00:00,1741392000000,594.77,602.77,590.11,593.1,117220.631
2025-03-09 00:00:00+00:00,1741478400000,593.1,593.1,550.2,554.65,246382.904
2025-03-10 00:00:00+00:00,1741564800000,554.65,573.4,523.01,531.49,410154.62
2025-03-11 00:00:00+00:00,1741651200000,531.49,566.0,507.0,551.61,691870.521
2025-03-12 00:00:00+00:00,1741737600000,551.61,574.95,544.63,569.87,367224.211
2025-03-13 00:00:00+00:00,1741824000000,569.87,613.71,567.99,579.8,647497.028
2025-03-14 00:00:00+00:00,1741910400000,579.8,589.81,576.61,587.76,213012.082
2025-03-15 00:00:00+00:00,1741996800000,587.76,619.96,587.49,619.83,254324.009
2025-03-16 00:00:00+00:00,1742083200000,619.82,622.8,593.06,602.2,255774.316
2025-03-17 00:00:00+00:00,1742169600000,602.21,643.72,602.04,631.69,591668.184
2025-03-18 00:00:00+00:00,1742256000000,631.68,643.33,620.28,627.81,443437.833
2025-03-19 00:00:00+00:00,1742342400000,627.81,628.2,604.36,618.7,399993.645
2025-03-20 00:00:00+00:00,1742428800000,618.71,637.75,616.55,630.47,578472.125
2025-03-21 00:00:00+00:00,1742515200000,630.47,637.8,624.92,635.17,262205.569
2025-03-22 00:00:00+00:00,1742601600000,635.16,636.1,623.79,627.01,140206.083
2025-03-23 00:00:00+00:00,1742688000000,627.01,629.14,619.5,623.79,155602.578
2025-03-24 00:00:00+00:00,1742774400000,623.8,639.5,618.0,637.08,307575.991
2025-03-25 00:00:00+00:00,1742860800000,637.08,644.88,627.05,629.82,554571.557
2025-03-26 00:00:00+00:00,1742947200000,629.82,634.01,615.3,617.99,222093.835
2025-03-27 00:00:00+00:00,1743033600000,618.0,642.5,617.2,637.36,743401.847
2025-03-28 00:00:00+00:00,1743120000000,637.36,637.51,616.0,619.81,317817.16
2025-03-29 00:00:00+00:00,1743206400000,619.81,623.84,596.97,602.99,254422.261
2025-03-30 00:00:00+00:00,1743292800000,603.0,613.37,593.58,602.2,195649.405
2025-03-31 00:00:00+00:00,1743379200000,602.2,608.89,587.26,604.81,254764.269
2025-04-01 00:00:00+00:00,1743465600000,604.81,618.54,604.46,611.13,565603.069
2025-04-02 00:00:00+00:00,1743552000000,611.12,614.0,584.85,590.68,399507.957
2025-04-03 00:00:00+00:00,1743638400000,590.67,610.58,578.46,592.67,507928.514
2025-04-04 00:00:00+00:00,1743724800000,592.68,600.0,585.0,597.71,177145.405
2025-04-05 00:00:00+00:00,1743811200000,597.71,599.0,588.71,593.13,85938.079
2025-04-06 00:00:00+00:00,1743897600000,593.13,593.78,544.17,555.54,332256.265
2025-04-07 00:00:00+00:00,1743984000000,555.55,567.6,520.0,554.6,727293.86
2025-04-08 00:00:00+00:00,1744070400000,554.6,566.0,547.64,553.72,212191.86
2025-04-09 00:00:00+00:00,1744156800000,553.72,585.97,534.3,582.32,378370.127
2025-04-10 00:00:00+00:00,1744243200000,582.32,583.58,566.17,578.03,369219.863
2025-04-11 00:00:00+00:00,1744329600000,578.03,590.36,575.7,585.93,174700.72
2025-04-12 00:00:00+00:00,1744416000000,585.93,600.48,584.0,597.29,151268.708
2025-04-13 00:00:00+00:00,1744502400000,597.3,598.67,580.32,584.28,144896.285
2025-04-14 00:00:00+00:00,1744588800000,584.29,593.1,583.14,584.54,153827.795
2025-04-15 00:00:00+00:00,1744675200000,584.53,590.84,579.38,579.52,141640.579
2025-04-16 00:00:00+00:00,1744761600000,579.52,587.0,576.0,582.8,174537.948
2025-04-17 00:00:00+00:00,1744848000000,582.8,592.97,581.0,590.49,151848.259
2025-04-18 00:00:00+00:00,1744934400000,590.5,596.08,587.08,591.71,191575.748
2025-04-19 00:00:00+00:00,1745020800000,591.7,594.49,587.7,591.73,96609.003
2025-04-20 00:00:00+00:00,1745107200000,591.74,595.23,587.5,592.77,115343.598
2025-04-21 00:00:00+00:00,1745193600000,592.77,608.52,592.53,597.34,171926.422
2025-04-22 00:00:00+00:00,1745280000000,597.32,619.9,595.0,618.51,285468.164
2025-04-23 00:00:00+00:00,1745366400000,618.5,619.99,601.38,605.71,314125.448
2025-04-24 00:00:00+00:00,1745452800000,605.72,606.78,592.59,601.55,204214.28
2025-04-25 00:00:00+00:00,1745539200000,601.56,610.35,597.2,599.91,257426.554
2025-04-26 00:00:00+00:00,1745625600000,599.9,609.25,599.34,607.23,137533.142
2025-04-27 00:00:00+00:00,1745712000000,607.23,608.68,597.0,603.46,121784.476
2025-04-28 00:00:00+00:00,1745798400000,603.46,608.27,598.2,606.16,143778.008
2025-04-29 00:00:00+00:00,1745884800000,606.16,610.75,598.1,601.0,236809.997
2025-04-30 00:00:00+00:00,1745971200000,601.0,604.44,591.42,599.88,210580.664
2025-05-01 00:00:00+00:00,1746057600000,599.88,605.28,598.14,599.63,156229.229
2025-05-02 00:00:00+00:00,1746144000000,599.64,603.61,595.12,600.69,141344.865
2025-05-03 00:00:00+00:00,1746230400000,600.69,601.2,595.23,599.36,100770.294
2025-05-04 00:00:00+00:00,1746316800000,599.36,600.49,584.7,586.03,143960.835
2025-05-05 00:00:00+00:00,1746403200000,586.02,599.98,583.55,597.61,201100.589
2025-05-06 00:00:00+00:00,1746489600000,597.61,603.18,593.23,602.57,214613.107
2025-05-07 00:00:00+00:00,1746576000000,602.57,609.07,597.89,602.7,194088.591
2025-05-08 00:00:00+00:00,1746662400000,602.7,629.33,600.8,629.17,384267.525
2025-05-09 00:00:00+00:00,1746748800000,629.17,671.15,623.12,666.29,480734.869
2025-05-10 00:00:00+00:00,1746835200000,666.29,678.95,648.83,663.9,444595.43
2025-05-11 00:00:00+00:00,1746921600000,663.9,668.49,647.83,651.15,319998.959
2025-05-12 00:00:00+00:00,1747008000000,651.15,693.0,647.31,660.07,586386.945
2025-05-13 00:00:00+00:00,1747094400000,660.08,672.0,640.66,664.13,416309.75
2025-05-14 00:00:00+00:00,1747180800000,664.12,667.33,647.15,652.47,290029.994
2025-05-15 00:00:00+00:00,1747267200000,652.47,661.0,642.29,651.88,313560.813
2025-05-16 00:00:00+00:00,1747353600000,651.88,659.97,644.0,646.76,200793.607
2025-05-17 00:00:00+00:00,1747440000000,646.76,646.9,635.05,639.51,141777.711
2025-05-18 00:00:00+00:00,1747526400000,639.5,655.19,634.39,651.53,189475.296
2025-05-19 00:00:00+00:00,1747612800000,651.54,653.53,633.51,649.62,210901.52
2025-05-20 00:00:00+00:00,1747699200000,649.62,653.75,640.14,650.0,169584.291
2025-05-21 00:00:00+00:00,1747785600000,650.0,678.0,648.49,673.31,470531.895
2025-05-22 00:00:00+00:00,1747872000000,673.31,690.02,673.0,686.57,390007.996
2025-05-23 00:00:00+00:00,1747958400000,686.57,691.35,652.19,656.98,343668.707
2025-05-24 00:00:00+00:00,1748044800000,656.99,677.47,655.4,668.01,165142.039
2025-05-25 00:00:00+00:00,1748131200000,668.0,671.67,657.1,669.44,169208.322
2025-05-26 00:00:00+00:00,1748217600000,669.45,678.33,668.22,674.29,180148.252
2025-05-27 00:00:00+00:00,1748304000000,674.3,697.73,666.56,686.91,326163.491
2025-05-28 00:00:00+00:00,1748390400000,686.9,689.22,680.04,686.89,211875.743
2025-05-29 00:00:00+00:00,1748476800000,686.89,691.24,673.33,675.02,260985.136
2025-05-30 00:00:00+00:00,1748563200000,675.02,678.5,653.22,655.36,218723.509
2025-05-31 00:00:00+00:00,1748649600000,655.36,661.42,645.04,658.01,158379.39
2025-06-01 00:00:00+00:00,1748736000000,658.01,662.48,647.58,660.77,131807.448
2025-06-02 00:00:00+00:00,1748822400000,660.77,667.0,650.05,665.93,143785.605
2025-06-03 00:00:00+00:00,1748908800000,665.93,673.43,657.11,661.59,158377.459
2025-06-04 00:00:00+00:00,1748995200000,661.6,671.76,660.84,663.23,124473.802
2025-06-05 00:00:00+00:00,1749081600000,663.24,670.92,625.44,633.32,271543.149
2025-06-06 00:00:00+00:00,1749168000000,633.33,651.51,629.38,642.7,169535.957
2025-06-07 00:00:00+00:00,1749254400000,642.71,653.81,639.69,650.82,90666.37
2025-06-08 00:00:00+00:00,1749340800000,650.82,656.39,646.49,652.0,72300.314
2025-06-09 00:00:00+00:00,1749427200000,652.0,667.74,648.01,665.58,127272.158
2025-06-10 00:00:00+00:00,1749513600000,665.58,674.0,657.26,673.51,176645.056
2025-06-11 00:00:00+00:00,1749600000000,673.51,674.8,662.2,667.43,177934.085
2025-06-12 00:00:00+00:00,1749686400000,667.42,669.93,651.91,654.75,152793.975
2025-06-13 00:00:00+00:00,1749772800000,654.76,659.42,639.01,655.35,223303.917
2025-06-14 00:00:00+00:00,1749859200000,655.35,655.36,639.0,645.61,93690.143
2025-06-15 00:00:00+00:00,1749945600000,645.61,652.0,642.77,648.19,79324.646
2025-06-16 00:00:00+00:00,1750032000000,648.19,659.46,646.26,650.74,124203.787
2025-06-17 00:00:00+00:00,1750118400000,650.74,659.0,640.11,648.08,182982.263
2025-06-18 00:00:00+00:00,1750204800000,648.09,654.31,637.35,644.77,143725.674
2025-06-19 00:00:00+00:00,1750291200000,644.77,646.5,638.66,644.65,80404.985
2025-06-20 00:00:00+00:00,1750377600000,644.65,651.02,638.0,641.61,143279.622
2025-06-21 00:00:00+00:00,1750464000000,641.61,644.84,621.94,628.97,143508.116
2025-06-22 00:00:00+00:00,1750550400000,628.98,635.51,601.25,615.81,243515.033
2025-06-23 00:00:00+00:00,1750636800000,615.81,642.79,615.05,640.49,219674.329
2025-06-24 00:00:00+00:00,1750723200000,640.5,644.09,636.17,643.53,131607.231
2025-06-25 00:00:00+00:00,1750809600000,643.53,652.64,641.85,646.07,169433.154
2025-06-26 00:00:00+00:00,1750896000000,646.06,650.0,641.12,642.3,103057.286
2025-06-27 00:00:00+00:00,1750982400000,642.3,648.44,639.16,645.71,81302.955
2025-06-28 00:00:00+00:00,1751068800000,645.72,649.18,644.25,648.6,57714.965
2025-06-29 00:00:00+00:00,1751155200000,648.61,656.0,646.72,654.9,73235.796
2025-06-30 00:00:00+00:00,1751241600000,654.9,660.0,651.17,656.9,110702.196
2025-07-01 00:00:00+00:00,1751328000000,656.9,659.1,644.0,646.33,85803.055
2025-07-02 00:00:00+00:00,1751414400000,646.34,664.85,643.71,659.71,112807.955
2025-07-03 00:00:00+00:00,1751500800000,659.7,664.57,656.7,663.59,99001.436
2025-07-04 00:00:00+00:00,1751587200000,663.58,664.17,650.21,653.6,89027.412
2025-07-05 00:00:00+00:00,1751673600000,653.6,656.75,652.0,656.16,51648.289
2025-07-06 00:00:00+00:00,1751760000000,656.17,664.99,653.54,663.13,82399.119
2025-07-07 00:00:00+00:00,1751846400000,663.13,663.5,656.77,661.06,83232.984
2025-07-08 00:00:00+00:00,1751932800000,661.06,662.6,657.36,660.63,86374.042
2025-07-09 00:00:00+00:00,1752019200000,660.63,671.5,659.05,668.68,123551.595
2025-07-10 00:00:00+00:00,1752105600000,668.69,687.7,667.25,685.8,214967.536
2025-07-11 00:00:00+00:00,1752192000000,685.8,697.24,682.83,689.99,268353.904
2025-07-12 00:00:00+00:00,1752278400000,689.98,697.0,679.63,685.86,134785.185
2025-07-13 00:00:00+00:00,1752364800000,685.86,694.12,685.12,692.0,84925.723
2025-07-14 00:00:00+00:00,1752451200000,692.01,707.54,686.05,689.12,253634.996
2025-07-15 00:00:00+00:00,1752537600000,689.13,693.21,675.3,689.92,188962.491
2025-07-16 00:00:00+00:00,1752624000000,689.93,715.56,685.2,708.61,238334.938
2025-07-17 00:00:00+00:00,1752710400000,708.61,727.85,706.14,720.65,409572.675
2025-07-18 00:00:00+00:00,1752796800000,720.64,765.56,718.73,729.92,556430.085
2025-07-19 00:00:00+00:00,1752883200000,729.92,742.5,718.76,733.2,188095.81
2025-07-20 00:00:00+00:00,1752969600000,733.2,761.29,731.5,756.82,253255.203
2025-07-21 00:00:00+00:00,1753056000000,756.82,781.99,746.06,766.22,338419.952
2025-07-22 00:00:00+00:00,1753142400000,766.22,788.35,745.0,786.68,359074.056
2025-07-23 00:00:00+00:00,1753228800000,786.69,809.84,752.47,776.74,709087.1566
2025-07-24 00:00:00+00:00,1753315200000,776.74,786.16,742.62,770.74,363436.737
2025-07-25 00:00:00+00:00,1753401600000,770.74,786.0,752.22,785.45,284068.121
2025-07-26 00:00:00+00:00,1753488000000,785.44,798.0,778.28,793.29,128764.391
2025-07-27 00:00:00+00:00,1753574400000,793.3,847.12,791.04,844.0,397296.2555
2025-07-28 00:00:00+00:00,1753660800000,844.0,861.1,820.64,824.07,517734.6912
2025-07-29 00:00:00+00:00,1753747200000,824.07,835.06,800.12,805.1,427366.132
2025-07-30 00:00:00+00:00,1753833600000,805.11,811.64,766.21,793.51,369598.736
2025-07-31 00:00:00+00:00,1753920000000,793.51,814.8,781.38,783.14,335026.145
2025-08-01 00:00:00+00:00,1754006400000,783.13,795.4,744.69,757.08,393831.558
2025-08-02 00:00:00+00:00,1754092800000,757.08,770.11,732.36,736.42,209282.992
2025-08-03 00:00:00+00:00,1754179200000,736.43,755.53,730.01,751.21,142700.965
2025-08-04 00:00:00+00:00,1754265600000,751.21,770.0,750.47,768.63,171505.406
2025-08-05 00:00:00+00:00,1754352000000,768.62,769.79,745.11,755.13,179458.96
2025-08-06 00:00:00+00:00,1754438400000,755.13,774.84,746.26,769.55,163684.71
2025-08-07 00:00:00+00:00,1754524800000,769.55,788.68,764.17,788.67,188106.802
2025-08-08 00:00:00+00:00,1754611200000,788.67,798.5,780.74,793.5,195309.718
2025-08-09 00:00:00+00:00,1754697600000,793.5,819.44,792.81,798.83,202384.753
2025-08-10 00:00:00+00:00,1754784000000,798.83,815.5,793.68,807.22,162735.303
2025-08-11 00:00:00+00:00,1754870400000,807.22,827.59,792.0,805.09,316220.572
2025-08-12 00:00:00+00:00,1754956800000,805.09,839.9,797.73,832.47,268762.259
2025-08-13 00:00:00+00:00,1755043200000,832.48,858.89,828.23,848.01,395861.313
2025-08-14 00:00:00+00:00,1755129600000,848.02,869.4,820.6,840.42,592656.9793
2025-08-15 00:00:00+00:00,1755216000000,840.42,853.53,812.57,827.81,252091.108
2025-08-16 00:00:00+00:00,1755302400000,827.8,839.79,825.06,838.71,114512.1
2025-08-17 00:00:00+00:00,1755388800000,838.71,864.0,838.04,855.38,164953.856
2025-08-18 00:00:00+00:00,1755475200000,855.38,858.51,825.0,846.99,233741.603
2025-08-19 00:00:00+00:00,1755561600000,847.0,851.95,823.0,824.11,211802.026
2025-08-20 00:00:00+00:00,1755648000000,824.1,881.02,818.57,869.05,392159.8615
2025-08-21 00:00:00+00:00,1755734400000,869.05,883.86,833.46,839.49,277889.676
2025-08-22 00:00:00+00:00,1755820800000,839.49,900.71,839.23,900.21,430842.5317
2025-08-23 00:00:00+00:00,1755907200000,900.2,900.21,875.55,880.42,209279.872
2025-08-24 00:00:00+00:00,1755993600000,880.42,886.66,859.34,876.51,289492.317
2025-08-25 00:00:00+00:00,1756080000000,876.51,880.75,832.76,839.32,320570.155
2025-08-26 00:00:00+00:00,1756166400000,839.32,868.0,829.59,863.7,194882.089
2025-08-27 00:00:00+00:00,1756252800000,863.7,867.1,852.9,855.18,135243.457
2025-08-28 00:00:00+00:00,1756339200000,855.18,881.36,850.85,873.47,232414.922
2025-08-29 00:00:00+00:00,1756425600000,873.48,878.0,850.19,862.3,180524.219
2025-08-30 00:00:00+00:00,1756512000000,862.3,864.0,851.61,862.0,101039.981
2025-08-31 00:00:00+00:00,1756598400000,862.0,867.7,857.0,857.65,94241.193
2025-09-01 00:00:00+00:00,1756684800000,857.66,869.15,840.0,845.68,254185.715
2025-09-02 00:00:00+00:00,1756771200000,845.68,856.68,840.71,851.8,164333.169
2025-09-03 00:00:00+00:00,1756857600000,851.8,864.06,848.91,854.76,116453.022
2025-09-04 00:00:00+00:00,1756944000000,854.76,856.72,841.1,843.63,108195.902
2025-09-05 00:00:00+00:00,1757030400000,843.62,857.73,842.22,850.14,120856.951
2025-09-06 00:00:00+00:00,1757116800000,850.14,865.0,849.55,860.85,144234.054
2025-09-07 00:00:00+00:00,1757203200000,860.86,884.05,860.55,880.05,136538.058
2025-09-08 00:00:00+00:00,1757289600000,880.05,885.85,870.01,878.08,177574.781
2025-09-09 00:00:00+00:00,1757376000000,878.08,884.83,871.38,880.01,150610.03
2025-09-10 00:00:00+00:00,1757462400000,880.0,907.38,877.04,893.77,306830.178
2025-09-11 00:00:00+00:00,1757548800000,893.77,904.53,888.38,902.77,179913.182
2025-09-12 00:00:00+00:00,1757635200000,902.77,929.9,901.41,924.8,240267.9372
2025-09-13 00:00:00+00:00,1757721600000,924.81,943.86,922.11,933.68,251751.2324
2025-09-14 00:00:00+00:00,1757808000000,933.68,944.95,921.91,926.51,159814.975
2025-09-15 00:00:00+00:00,1757894400000,926.51,935.72,910.64,919.68,175249.087
2025-09-16 00:00:00+00:00,1757980800000,919.68,959.0,916.66,955.65,284918.8385
2025-09-17 00:00:00+00:00,1758067200000,955.65,995.44,946.1,989.98,362193.1958
2025-09-18 00:00:00+00:00,1758153600000,989.97,1006.88,979.48,981.04,402672.5617
2025-09-19 00:00:00+00:00,1758240000000,981.05,1002.99,973.9,984.1,333582.761
2025-09-20 00:00:00+00:00,1758326400000,984.1,1048.0,982.9,1043.77,380966.0766
2025-09-21 00:00:00+00:00,1758412800000,1043.77,1083.47,1039.2,1047.8,464411.2823
2025-09-22 00:00:00+00:00,1758499200000,1047.8,1050.55,976.89,992.9,588730.396
2025-09-23 00:00:00+00:00,1758585600000,992.9,1027.37,962.38,1015.98,420071.07
2025-09-24 00:00:00+00:00,1758672000000,1015.98,1034.5,991.46,1018.49,363049.882
2025-09-25 00:00:00+00:00,1758758400000,1018.49,1019.9,939.55,945.9,635121.254
2025-09-26 00:00:00+00:00,1758844800000,945.9,966.23,932.01,960.8,384757.514
2025-09-27 00:00:00+00:00,1758931200000,960.81,985.79,955.56,968.45,245246.415
2025-09-28 00:00:00+00:00,1759017600000,968.46,993.65,962.68,993.01,188486.48
2025-09-29 00:00:00+00:00,1759104000000,993.01,1036.0,991.12,1029.79,291982.5
2025-09-30 00:00:00+00:00,1759190400000,1029.79,1034.01,992.93,1008.51,258830.971
