datetime,timestamp,open,high,low,close,volume,A_timestamp,A_open,A_high,A_low,A_close,A_volume
2020-01-01 00:00:00+00:00,1577836800000.0,2.5837,2.6387,2.5763,2.6039,1836547.86,,,,,,
2020-01-02 00:00:00+00:00,1577923200000.0,2.6038,2.6098,2.4193,2.4593,4635138.96,,,,,,
2020-01-03 00:00:00+00:00,1578009600000.0,2.4594,2.6649,2.4303,2.6396,8349336.65,,,,,,
2020-01-04 00:00:00+00:00,1578096000000.0,2.6425,2.664,2.6168,2.6481,3575786.02,,,,,,
2020-01-05 00:00:00+00:00,1578182400000.0,2.648,2.7759,2.6461,2.6865,5235082.22,,,,,,
2020-01-06 00:00:00+00:00,1578268800000.0,2.6845,2.8602,2.6786,2.8506,7959989.44,,,,,,
2020-01-07 00:00:00+00:00,1578355200000.0,2.8506,2.889,2.7537,2.8459,8735473.69,,,,,,
2020-01-08 00:00:00+00:00,1578441600000.0,2.846,2.9692,2.7093,2.7751,12411099.37,,,,,,
2020-01-09 00:00:00+00:00,1578528000000.0,2.7759,2.7992,2.6925,2.7432,5052407.98,,,,,,
2020-01-10 00:00:00+00:00,1578614400000.0,2.7433,3.0054,2.65,2.9866,10802467.81,,,,,,
2020-01-11 00:00:00+00:00,1578700800000.0,2.9873,3.13,2.9351,2.9901,7763134.27,,,,,,
2020-01-12 00:00:00+00:00,1578787200000.0,2.9893,3.216,2.9335,3.2107,7411556.8,,,,,,
2020-01-13 00:00:00+00:00,1578873600000.0,3.2086,3.2106,3.0664,3.1049,5829335.13,,,,,,
2020-01-14 00:00:00+00:00,1578960000000.0,3.1048,4.08,3.1036,3.81,24830202.41,,,,,,
2020-01-15 00:00:00+00:00,1579046400000.0,3.81,3.9499,3.57,3.7675,18024689.4,,,,,,
2020-01-16 00:00:00+00:00,1579132800000.0,3.7695,3.9527,3.5243,3.8376,14724773.27,,,,,,
2020-01-17 00:00:00+00:00,1579219200000.0,3.8374,4.0786,3.7402,3.9038,19702658.83,,,,,,
2020-01-18 00:00:00+00:00,1579305600000.0,3.9042,4.0086,3.7037,3.8049,12576001.05,,,,,,
2020-01-19 00:00:00+00:00,1579392000000.0,3.8062,3.9414,3.4219,3.6115,12239661.44,,,,,,
2020-01-20 00:00:00+00:00,1579478400000.0,3.6133,3.7046,3.486,3.62,8084930.13,,,,,,
2020-01-21 00:00:00+00:00,1579564800000.0,3.6177,3.6916,3.5526,3.6527,6046161.61,,,,,,
2020-01-22 00:00:00+00:00,1579651200000.0,3.6544,3.7471,3.5861,3.654,5798540.24,,,,,,
2020-01-23 00:00:00+00:00,1579737600000.0,3.6533,3.6558,3.4936,3.5706,7019679.24,,,,,,
2020-01-24 00:00:00+00:00,1579824000000.0,3.5731,3.7039,3.3524,3.6345,8757294.59,,,,,,
2020-01-25 00:00:00+00:00,1579910400000.0,3.6344,3.637,3.4921,3.498,5119668.04,,,,,,
2020-01-26 00:00:00+00:00,1579996800000.0,3.4967,3.6666,3.4308,3.6486,6009232.41,,,,,,
2020-01-27 00:00:00+00:00,1580083200000.0,3.65,4.0596,3.6451,3.9647,11268425.52,,,,,,
2020-01-28 00:00:00+00:00,1580169600000.0,3.9618,4.1325,3.871,4.0412,12083323.83,,,,,,
2020-01-29 00:00:00+00:00,1580256000000.0,4.0408,4.1196,3.9556,3.9674,9832312.06,,,,,,
2020-01-30 00:00:00+00:00,1580342400000.0,3.9666,4.4,3.8907,4.3236,13114919.09,,,,,,
2020-01-31 00:00:00+00:00,1580428800000.0,4.3258,4.372,4.0222,4.1444,11211276.99,,,,,,
2020-02-01 00:00:00+00:00,1580515200000.0,4.1462,4.2649,4.0662,4.1531,7180598.14,,,,,,
2020-02-02 00:00:00+00:00,1580601600000.0,4.1546,4.3359,4.0435,4.2145,8252622.28,,,,,,
2020-02-03 00:00:00+00:00,1580688000000.0,4.2146,4.3756,4.1377,4.2027,8039733.68,,,,,,
2020-02-04 00:00:00+00:00,1580774400000.0,4.202,4.2708,4.0619,4.2306,6737639.29,,,,,,
2020-02-05 00:00:00+00:00,1580860800000.0,4.2307,4.5899,4.1758,4.5284,9824719.86,,,,,,
2020-02-06 00:00:00+00:00,1580947200000.0,4.5282,4.6755,4.4349,4.6038,9275897.45,,,,,,
2020-02-07 00:00:00+00:00,1581033600000.0,4.6001,4.7046,4.5148,4.5898,6853685.43,,,,,,
2020-02-08 00:00:00+00:00,1581120000000.0,4.5898,4.85,4.43,4.762,8079917.08,,,,,,
2020-02-09 00:00:00+00:00,1581206400000.0,4.7635,5.0463,4.7606,5.0111,8260536.45,,,,,,
2020-02-10 00:00:00+00:00,1581292800000.0,5.0068,5.045,4.7373,4.8986,9467467.46,,,,,,
2020-02-11 00:00:00+00:00,1581379200000.0,4.8959,5.3025,4.7925,5.2449,9187999.0,,,,,,
2020-02-12 00:00:00+00:00,1581465600000.0,5.2448,5.4622,5.24,5.3307,10153814.34,,,,,,
2020-02-13 00:00:00+00:00,1581552000000.0,5.334,5.4996,5.18,5.3607,11442756.38,,,,,,
2020-02-14 00:00:00+00:00,1581638400000.0,5.3634,5.4473,5.2339,5.3747,7266083.37,,,,,,
2020-02-15 00:00:00+00:00,1581724800000.0,5.376,5.3928,4.5066,4.7429,17939929.8,,,,,,
2020-02-16 00:00:00+00:00,1581811200000.0,4.7414,4.8611,4.0357,4.3812,22428937.94,,,,,,
2020-02-17 00:00:00+00:00,1581897600000.0,4.3781,4.4139,4.0285,4.3521,21497163.67,,,,,,
2020-02-18 00:00:00+00:00,1581984000000.0,4.3526,4.65,4.2504,4.5793,13137220.63,,,,,,
2020-02-19 00:00:00+00:00,1582070400000.0,4.5817,4.608,3.5991,3.9752,14361795.23,,,,,,
2020-02-20 00:00:00+00:00,1582156800000.0,3.9753,4.0624,3.7955,3.9963,18312077.01,,,,,,
2020-02-21 00:00:00+00:00,1582243200000.0,3.9953,4.1944,3.9483,4.0509,12343738.22,,,,,,
2020-02-22 00:00:00+00:00,1582329600000.0,4.0517,4.1589,3.9718,4.1004,7856751.88,,,,,,
2020-02-23 00:00:00+00:00,1582416000000.0,4.1002,4.4043,4.0845,4.3778,9517629.77,,,,,,
2020-02-24 00:00:00+00:00,1582502400000.0,4.3775,4.401,3.907,4.1221,15582623.29,,,,,,
2020-02-25 00:00:00+00:00,1582588800000.0,4.1221,4.2366,3.8996,4.0778,18727166.32,,,,,,
2020-02-26 00:00:00+00:00,1582675200000.0,4.0775,4.1104,3.2801,3.5344,29870705.38,,,,,,
2020-02-27 00:00:00+00:00,1582761600000.0,3.5365,3.7334,3.3867,3.6183,17337189.86,,,,,,
2020-02-28 00:00:00+00:00,1582848000000.0,3.617,3.6828,3.35,3.5136,14911636.49,,,,,,
2020-02-29 00:00:00+00:00,1582934400000.0,3.5132,3.6574,3.4961,3.5105,8261752.51,,,,,,
2020-03-01 00:00:00+00:00,1583020800000.0,3.5105,3.6528,3.4177,3.5075,9440171.53,,,,,,
2020-03-02 00:00:00+00:00,1583107200000.0,3.507,3.7596,3.4875,3.7133,9913563.68,,,,,,
2020-03-03 00:00:00+00:00,1583193600000.0,3.7134,3.7142,3.553,3.6233,8166660.46,,,,,,
2020-03-04 00:00:00+00:00,1583280000000.0,3.6237,3.6707,3.5187,3.5908,5970676.88,,,,,,
2020-03-05 00:00:00+00:00,1583366400000.0,3.5914,3.839,3.5906,3.7626,7663167.45,,,,,,
2020-03-06 00:00:00+00:00,1583452800000.0,3.7625,3.86,3.71,3.8345,5886072.58,,,,,,
2020-03-07 00:00:00+00:00,1583539200000.0,3.8343,3.8436,3.6154,3.6409,4905628.24,,,,,,
2020-03-08 00:00:00+00:00,1583625600000.0,3.6411,3.6411,2.9872,3.0435,17852278.09,,,,,,
2020-03-09 00:00:00+00:00,1583712000000.0,3.0443,3.1647,2.8482,3.0612,21487400.08,,,,,,
2020-03-10 00:00:00+00:00,1583798400000.0,3.06,3.1515,2.9935,3.0729,11642622.34,,,,,,
2020-03-11 00:00:00+00:00,1583884800000.0,3.0721,3.1168,2.8447,3.0661,11158701.97,,,,,,
2020-03-12 00:00:00+00:00,1583971200000.0,3.0663,3.0816,1.6998,1.7656,53123027.04,,,,,,
2020-03-13 00:00:00+00:00,1584057600000.0,1.7659,2.2328,1.3586,2.11,97392643.33,,,,,,
2020-03-14 00:00:00+00:00,1584144000000.0,2.11,2.1272,1.9292,1.958,23799686.69,,,,,,
2020-03-15 00:00:00+00:00,1584230400000.0,1.9576,2.1501,1.9384,2.0447,19776385.65,,,,,,
2020-03-16 00:00:00+00:00,1584316800000.0,2.0433,2.049,1.7174,1.8937,38934931.94,,,,,,
2020-03-17 00:00:00+00:00,1584403200000.0,1.8956,2.0307,1.8674,1.9684,20259585.49,,,,,,
2020-03-18 00:00:00+00:00,1584489600000.0,1.9671,2.0076,1.8709,1.9989,17198139.7,,,,,,
2020-03-19 00:00:00+00:00,1584576000000.0,1.9986,2.3975,1.9687,2.2767,20836190.12,,,,,,
2020-03-20 00:00:00+00:00,1584662400000.0,2.2753,2.5198,1.912,2.2029,35332072.26,,,,,,
2020-03-21 00:00:00+00:00,1584748800000.0,2.2033,2.3567,2.1065,2.2735,21086684.76,,,,,,
2020-03-22 00:00:00+00:00,1584835200000.0,2.2736,2.3907,2.1101,2.1344,19793538.85,,,,,,
2020-03-23 00:00:00+00:00,1584921600000.0,2.1343,2.338,2.063,2.2856,18154476.8,,,,,,
2020-03-24 00:00:00+00:00,1585008000000.0,2.2859,2.3758,2.2701,2.3439,13129386.45,,,,,,
2020-03-25 00:00:00+00:00,1585094400000.0,2.3442,2.37,2.23,2.2965,10901104.58,,,,,,
2020-03-26 00:00:00+00:00,1585180800000.0,2.2962,2.343,2.2608,2.3236,8826424.43,,,,,,
2020-03-27 00:00:00+00:00,1585267200000.0,2.3236,2.3683,2.156,2.1928,11898230.17,,,,,,
2020-03-28 00:00:00+00:00,1585353600000.0,2.1927,2.2383,2.0883,2.1996,12971266.8,,,,,,
2020-03-29 00:00:00+00:00,1585440000000.0,2.1995,2.2153,2.0995,2.1133,6945675.02,,,,,,
2020-03-30 00:00:00+00:00,1585526400000.0,2.1145,2.2776,2.1083,2.2269,9213390.27,,,,,,
2020-03-31 00:00:00+00:00,1585612800000.0,2.2269,2.2549,2.1842,2.2086,6840046.38,,,,,,
2020-04-01 00:00:00+00:00,1585699200000.0,2.209,2.2996,2.1324,2.2549,10421324.16,,,,,,
2020-04-02 00:00:00+00:00,1585785600000.0,2.255,2.4968,2.2475,2.2895,14720028.78,,,,,,
2020-04-03 00:00:00+00:00,1585872000000.0,2.29,2.3842,2.2672,2.3325,9487365.97,,,,,,
2020-04-04 00:00:00+00:00,1585958400000.0,2.3332,2.4034,2.2836,2.3559,8091416.27,,,,,,
2020-04-05 00:00:00+00:00,1586044800000.0,2.3567,2.3932,2.3154,2.3505,5086467.89,,,,,,
2020-04-06 00:00:00+00:00,1586131200000.0,2.3505,2.7698,2.35,2.7586,18776683.66,,,,,,
2020-04-07 00:00:00+00:00,1586217600000.0,2.7581,2.8253,2.5513,2.6332,15227854.46,,,,,,
2020-04-08 00:00:00+00:00,1586304000000.0,2.6333,2.7934,2.5847,2.7486,12807806.68,,,,,,
2020-04-09 00:00:00+00:00,1586390400000.0,2.7486,2.7597,2.68,2.7239,5851815.51,,,,,,
2020-04-10 00:00:00+00:00,1586476800000.0,2.7244,2.7463,2.4116,2.4916,13460224.33,,,,,,
2020-04-11 00:00:00+00:00,1586563200000.0,2.4919,2.5478,2.4213,2.5083,6404505.02,,,,,,
2020-04-12 00:00:00+00:00,1586649600000.0,2.508,2.5897,2.4546,2.498,6693663.05,,,,,,
2020-04-13 00:00:00+00:00,1586736000000.0,2.4972,2.4981,2.3412,2.4424,12268623.04,,,,,,
2020-04-14 00:00:00+00:00,1586822400000.0,2.4425,2.5025,2.4145,2.4655,5434530.58,,,,,,
2020-04-15 00:00:00+00:00,1586908800000.0,2.4652,2.5007,2.39,2.4015,6864780.21,,,,,,
2020-04-16 00:00:00+00:00,1586995200000.0,2.4015,2.7175,2.3318,2.6569,16562800.57,,,,,,
2020-04-17 00:00:00+00:00,1587081600000.0,2.6556,2.6723,2.5784,2.6129,7847106.34,,,,,,
2020-04-18 00:00:00+00:00,1587168000000.0,2.6125,2.7639,2.6112,2.7265,7749674.53,,,,,,
2020-04-19 00:00:00+00:00,1587254400000.0,2.7266,2.7347,2.5366,2.598,11326662.86,,,,,,
2020-04-20 00:00:00+00:00,1587340800000.0,2.5972,2.7061,2.4363,2.5077,16422468.97,,,,,,
2020-04-21 00:00:00+00:00,1587427200000.0,2.5065,2.5692,2.4778,2.5211,8396116.94,,,,,,
2020-04-22 00:00:00+00:00,1587513600000.0,2.5211,2.6521,2.5056,2.6224,6242501.85,,,,,,
2020-04-23 00:00:00+00:00,1587600000000.0,2.6235,2.762,2.5765,2.6811,9406687.72,,,,,,
2020-04-24 00:00:00+00:00,1587686400000.0,2.6809,2.7379,2.66,2.7068,8040719.79,,,,,,
2020-04-25 00:00:00+00:00,1587772800000.0,2.7068,2.8088,2.64,2.7024,8874935.88,,,,,,
2020-04-26 00:00:00+00:00,1587859200000.0,2.7012,2.7827,2.6728,2.7375,8182933.2,,,,,,
2020-04-27 00:00:00+00:00,1587945600000.0,2.7375,2.8172,2.6801,2.743,12013467.24,,,,,,
2020-04-28 00:00:00+00:00,1588032000000.0,2.743,2.7747,2.6874,2.7614,8622299.02,,,,,,
2020-04-29 00:00:00+00:00,1588118400000.0,2.7609,3.089,2.7551,3.0059,21932316.85,,,,,,
2020-04-30 00:00:00+00:00,1588204800000.0,3.0058,3.1187,2.7477,2.822,19748582.59,,,,,,
2020-05-01 00:00:00+00:00,1588291200000.0,2.8208,2.9296,2.8195,2.8731,8743612.12,,,,,,
2020-05-02 00:00:00+00:00,1588377600000.0,2.8733,2.9485,2.8518,2.9396,6565534.1,,,,,,
2020-05-03 00:00:00+00:00,1588464000000.0,2.9397,3.01,2.7666,2.8387,10310737.04,,,,,,
2020-05-04 00:00:00+00:00,1588550400000.0,2.8384,2.8456,2.6268,2.7687,11585090.53,,,,,,
2020-05-05 00:00:00+00:00,1588636800000.0,2.7692,2.8269,2.7129,2.7706,6468637.44,,,,,,
2020-05-06 00:00:00+00:00,1588723200000.0,2.7698,2.8191,2.6203,2.6522,8130545.08,,,,,,
2020-05-07 00:00:00+00:00,1588809600000.0,2.6522,2.7956,2.5911,2.7572,13462500.24,,,,,,
2020-05-08 00:00:00+00:00,1588896000000.0,2.7573,2.8245,2.6988,2.7518,9488473.4,,,,,,
2020-05-09 00:00:00+00:00,1588982400000.0,2.7521,2.8373,2.7306,2.7516,9218218.11,,,,,,
2020-05-10 00:00:00+00:00,1589068800000.0,2.7516,2.7554,2.2779,2.4434,20142604.27,,,,,,
2020-05-11 00:00:00+00:00,1589155200000.0,2.4435,2.4941,2.267,2.3978,12927072.96,,,,,,
2020-05-12 00:00:00+00:00,1589241600000.0,2.3969,2.4687,2.3938,2.441,7380068.29,,,,,,
2020-05-13 00:00:00+00:00,1589328000000.0,2.4409,2.5577,2.4226,2.5245,7231895.13,,,,,,
2020-05-14 00:00:00+00:00,1589414400000.0,2.5245,2.6515,2.4682,2.6228,11035900.08,,,,,,
2020-05-15 00:00:00+00:00,1589500800000.0,2.6228,2.6639,2.5342,2.5855,11749481.59,,,,,,
2020-05-16 00:00:00+00:00,1589587200000.0,2.5853,2.6837,2.57,2.6361,9973391.3,,,,,,
2020-05-17 00:00:00+00:00,1589673600000.0,2.6362,2.672,2.5931,2.6205,6915989.58,,,,,,
2020-05-18 00:00:00+00:00,1589760000000.0,2.62,2.7486,2.6073,2.6653,11147526.81,,,,,,
2020-05-19 00:00:00+00:00,1589846400000.0,2.6652,2.6683,2.5606,2.6543,7462912.25,,,,,,
2020-05-20 00:00:00+00:00,1589932800000.0,2.653,2.6772,2.5055,2.597,10300961.15,,,,,,
2020-05-21 00:00:00+00:00,1590019200000.0,2.5975,2.6166,2.4059,2.4621,8360653.16,,,,,,
2020-05-22 00:00:00+00:00,1590105600000.0,2.4622,2.6466,2.4408,2.5948,9743621.95,,,,,,
2020-05-23 00:00:00+00:00,1590192000000.0,2.5946,2.6222,2.5436,2.5631,6936985.45,,,,,,
2020-05-24 00:00:00+00:00,1590278400000.0,2.5626,2.6118,2.4855,2.4879,8109723.79,,,,,,
2020-05-25 00:00:00+00:00,1590364800000.0,2.4887,2.5479,2.4475,2.5296,5026473.13,,,,,,
2020-05-26 00:00:00+00:00,1590451200000.0,2.5304,2.5364,2.4568,2.5034,4352859.12,,,,,,
2020-05-27 00:00:00+00:00,1590537600000.0,2.5033,2.577,2.4995,2.5715,5427168.83,,,,,,
2020-05-28 00:00:00+00:00,1590624000000.0,2.5714,2.6194,2.5183,2.612,5577593.35,,,,,,
2020-05-29 00:00:00+00:00,1590710400000.0,2.6113,2.6692,2.5889,2.6144,5998494.71,,,,,,
2020-05-30 00:00:00+00:00,1590796800000.0,2.6147,2.7806,2.5969,2.7715,8054685.59,,,,,,
2020-05-31 00:00:00+00:00,1590883200000.0,2.7717,2.7742,2.6476,2.6731,8793367.4,,,,,,
2020-06-01 00:00:00+00:00,1590969600000.0,2.6722,2.83,2.6624,2.8214,9842934.56,,,,,,
2020-06-02 00:00:00+00:00,1591056000000.0,2.8214,2.8939,2.575,2.6756,13945544.07,,,,,,
2020-06-03 00:00:00+00:00,1591142400000.0,2.6748,2.7098,2.6328,2.6958,6620031.17,,,,,,
2020-06-04 00:00:00+00:00,1591228800000.0,2.6958,2.7483,2.6625,2.7203,6329555.25,,,,,,
2020-06-05 00:00:00+00:00,1591315200000.0,2.7201,2.8703,2.7068,2.8143,9928226.04,,,,,,
2020-06-06 00:00:00+00:00,1591401600000.0,2.8137,2.8461,2.7703,2.7982,6954722.69,,,,,,
2020-06-07 00:00:00+00:00,1591488000000.0,2.7986,2.8288,2.7313,2.8098,6966955.95,,,,,,
2020-06-08 00:00:00+00:00,1591574400000.0,2.8101,2.8174,2.7521,2.7878,5806942.68,,,,,,
2020-06-09 00:00:00+00:00,1591660800000.0,2.788,2.8006,2.685,2.7505,6652406.87,,,,,,
2020-06-10 00:00:00+00:00,1591747200000.0,2.7505,2.7899,2.7055,2.7568,5910175.94,,,,,,
2020-06-11 00:00:00+00:00,1591833600000.0,2.7562,2.7737,2.4251,2.5146,11340411.32,,,,,,
2020-06-12 00:00:00+00:00,1591920000000.0,2.5146,2.6239,2.4876,2.597,6357355.39,,,,,,
2020-06-13 00:00:00+00:00,1592006400000.0,2.597,2.62,2.5521,2.6042,3760241.26,,,,,,
2020-06-14 00:00:00+00:00,1592092800000.0,2.6055,2.6071,2.5237,2.5681,3725316.31,,,,,,
2020-06-15 00:00:00+00:00,1592179200000.0,2.568,2.5703,2.41,2.532,7697502.48,,,,,,
2020-06-16 00:00:00+00:00,1592265600000.0,2.5317,2.5647,2.5214,2.5539,4326837.91,,,,,,
2020-06-17 00:00:00+00:00,1592352000000.0,2.554,2.6067,2.5173,2.5678,6091826.14,,,,,,
2020-06-18 00:00:00+00:00,1592438400000.0,2.5685,2.5756,2.4956,2.5364,4359298.21,,,,,,
2020-06-19 00:00:00+00:00,1592524800000.0,2.536,2.5539,2.5015,2.5254,4672218.85,,,,,,
2020-06-20 00:00:00+00:00,1592611200000.0,2.5253,2.58,2.415,2.5362,5184300.27,,,,,,
2020-06-21 00:00:00+00:00,1592697600000.0,2.5362,2.5529,2.5066,2.514,3712205.79,,,,,,
2020-06-22 00:00:00+00:00,1592784000000.0,2.5137,2.605,2.5103,2.5862,6506047.56,,,,,,
2020-06-23 00:00:00+00:00,1592870400000.0,2.5853,2.5967,2.556,2.5714,4782427.35,,,,,,
2020-06-24 00:00:00+00:00,1592956800000.0,2.5713,2.5976,2.4564,2.502,7256521.58,,,,,,
2020-06-25 00:00:00+00:00,1593043200000.0,2.5016,2.5339,2.4325,2.4799,4596650.78,,,,,,
2020-06-26 00:00:00+00:00,1593129600000.0,2.4798,2.5156,2.3902,2.481,6754320.83,,,,,,
2020-06-27 00:00:00+00:00,1593216000000.0,2.481,2.4848,2.1945,2.3318,8648158.36,,,,,,
2020-06-28 00:00:00+00:00,1593302400000.0,2.3318,2.4019,2.3033,2.3668,4730178.81,,,,,,
2020-06-29 00:00:00+00:00,1593388800000.0,2.3665,2.4179,2.325,2.38,6438745.88,,,,,,
2020-06-30 00:00:00+00:00,1593475200000.0,2.38,2.389,2.342,2.368,3473008.49,,,,,,
2020-07-01 00:00:00+00:00,1593561600000.0,2.368,2.4026,2.355,2.3773,5457636.81,,,,,,
2020-07-02 00:00:00+00:00,1593648000000.0,2.378,2.387,2.303,2.3576,6918758.29,,,,,,
2020-07-03 00:00:00+00:00,1593734400000.0,2.358,2.4535,2.3495,2.4156,7833952.13,,,,,,
2020-07-04 00:00:00+00:00,1593820800000.0,2.4152,2.4975,2.4104,2.4599,6960525.36,,,,,,
2020-07-05 00:00:00+00:00,1593907200000.0,2.4595,2.471,2.3209,2.4072,7043578.91,,,,,,
2020-07-06 00:00:00+00:00,1593993600000.0,2.4073,2.6408,2.4002,2.6106,10564718.47,,,,,,
2020-07-07 00:00:00+00:00,1594080000000.0,2.6102,2.6274,2.5217,2.5589,7191106.16,,,,,,
2020-07-08 00:00:00+00:00,1594166400000.0,2.5592,2.7042,2.5398,2.6799,12305221.06,,,,,,
2020-07-09 00:00:00+00:00,1594252800000.0,2.6797,2.7269,2.5784,2.6504,11451467.32,,,,,,
2020-07-10 00:00:00+00:00,1594339200000.0,2.649,2.6498,2.5717,2.6221,6882737.22,,,,,,
2020-07-11 00:00:00+00:00,1594425600000.0,2.6219,2.641,2.5877,2.6194,5558764.17,,,,,,
2020-07-12 00:00:00+00:00,1594512000000.0,2.6195,2.6589,2.5602,2.6171,5957196.31,,,,,,
2020-07-13 00:00:00+00:00,1594598400000.0,2.6173,2.6464,2.4407,2.553,10436749.45,,,,,,
2020-07-14 00:00:00+00:00,1594684800000.0,2.5529,2.5761,2.5023,2.5592,5667056.79,,,,,,
2020-07-15 00:00:00+00:00,1594771200000.0,2.5589,2.5675,2.5056,2.5365,4751008.56,,,,,,
2020-07-16 00:00:00+00:00,1594857600000.0,2.5372,2.5595,2.4301,2.4999,6221059.99,,,,,,
2020-07-17 00:00:00+00:00,1594944000000.0,2.5007,2.5244,2.473,2.4949,3728663.25,,,,,,
2020-07-18 00:00:00+00:00,1595030400000.0,2.4953,2.5237,2.48,2.5026,3104973.62,,,,,,
2020-07-19 00:00:00+00:00,1595116800000.0,2.5023,2.6112,2.467,2.5845,6845332.38,,,,,,
2020-07-20 00:00:00+00:00,1595203200000.0,2.5848,2.6117,2.5323,2.5618,6607702.95,,,,,,
2020-07-21 00:00:00+00:00,1595289600000.0,2.562,2.6325,2.5549,2.6232,6314726.35,,,,,,
2020-07-22 00:00:00+00:00,1595376000000.0,2.6234,2.6662,2.5787,2.6574,6033633.94,,,,,,
2020-07-23 00:00:00+00:00,1595462400000.0,2.6575,2.6892,2.6242,2.6526,7589367.79,,,,,,
2020-07-24 00:00:00+00:00,1595548800000.0,2.6531,2.6531,2.565,2.5949,6517615.19,,,,,,
2020-07-25 00:00:00+00:00,1595635200000.0,2.595,2.745,2.592,2.7289,11334947.78,,,,,,
2020-07-26 00:00:00+00:00,1595721600000.0,2.7288,2.8016,2.6776,2.7121,13592403.88,,,,,,
2020-07-27 00:00:00+00:00,1595808000000.0,2.7117,2.9252,2.6075,2.8472,22237853.42,,,,,,
2020-07-28 00:00:00+00:00,1595894400000.0,2.8465,3.0799,2.7719,2.9941,20491937.77,,,,,,
2020-07-29 00:00:00+00:00,1595980800000.0,2.9943,3.147,2.949,3.0233,17078561.24,,,,,,
2020-07-30 00:00:00+00:00,1596067200000.0,3.0231,3.0997,2.9553,3.047,12145172.09,,,,,,
2020-07-31 00:00:00+00:00,1596153600000.0,3.047,3.1425,3.0101,3.0932,9313256.47,,,,,,
2020-08-01 00:00:00+00:00,1596240000000.0,3.0933,3.3236,3.0701,3.3038,17448951.59,,,,,,
2020-08-02 00:00:00+00:00,1596326400000.0,3.3048,3.4921,2.5435,2.9441,33567591.83,,,,,,
2020-08-03 00:00:00+00:00,1596412800000.0,2.9447,3.123,2.901,3.0449,16215568.45,,,,,,
2020-08-04 00:00:00+00:00,1596499200000.0,3.0452,3.1032,2.95,3.0363,13305738.88,,,,,,
2020-08-05 00:00:00+00:00,1596585600000.0,3.0371,3.1,3.0,3.0545,11354216.96,,,,,,
2020-08-06 00:00:00+00:00,1596672000000.0,3.0557,3.198,2.9985,3.089,15127582.9,,,,,,
2020-08-07 00:00:00+00:00,1596758400000.0,3.089,3.25,2.7612,3.0104,21168469.78,,,,,,
2020-08-08 00:00:00+00:00,1596844800000.0,3.0103,3.0906,2.9727,3.0649,8406246.72,,,,,,
2020-08-09 00:00:00+00:00,1596931200000.0,3.0652,3.084,2.9293,3.0272,8252484.74,,,,,,
2020-08-10 00:00:00+00:00,1597017600000.0,3.0277,3.2918,2.98,3.2365,20700739.14,,,,,,
2020-08-11 00:00:00+00:00,1597104000000.0,3.2366,3.2955,2.8718,3.0048,20554907.86,,,,,,
2020-08-12 00:00:00+00:00,1597190400000.0,3.0058,3.0497,2.8877,3.0253,11784141.04,,,,,,
2020-08-13 00:00:00+00:00,1597276800000.0,3.0254,3.1448,2.9177,3.1365,13740396.49,,,,,,
2020-08-14 00:00:00+00:00,1597363200000.0,3.1365,3.2932,3.0821,3.2606,17730971.05,,,,,,
2020-08-15 00:00:00+00:00,1597449600000.0,3.2614,3.8479,3.2613,3.7228,42375306.65,,,,,,
2020-08-16 00:00:00+00:00,1597536000000.0,3.7233,3.949,3.5,3.88,37618928.36,,,,,,
2020-08-17 00:00:00+00:00,1597622400000.0,3.88,3.9177,3.6629,3.7762,25998750.48,,,,,,
2020-08-18 00:00:00+00:00,1597708800000.0,3.7761,3.82,3.4812,3.5744,22424284.02,,,,,,
2020-08-19 00:00:00+00:00,1597795200000.0,3.5761,3.6302,3.2116,3.3487,27858538.12,,,,,,
2020-08-20 00:00:00+00:00,1597881600000.0,3.3481,3.459,3.3478,3.4429,12564967.5,,,,,,
2020-08-21 00:00:00+00:00,1597968000000.0,3.4426,3.627,3.2185,3.2528,28916287.49,,,,,,
2020-08-22 00:00:00+00:00,1598054400000.0,3.2524,3.3791,3.1652,3.362,14905840.04,,,,,,
2020-08-23 00:00:00+00:00,1598140800000.0,3.3612,3.3865,3.2278,3.3212,9517140.27,,,,,,
2020-08-24 00:00:00+00:00,1598227200000.0,3.322,3.4219,3.2844,3.3854,10293165.72,,,,,,
2020-08-25 00:00:00+00:00,1598313600000.0,3.3854,3.3935,2.9595,3.1206,20089467.75,,,,,,
2020-08-26 00:00:00+00:00,1598400000000.0,3.1203,3.1673,3.0604,3.1179,12435162.0,,,,,,
2020-08-27 00:00:00+00:00,1598486400000.0,3.1179,3.148,2.8555,2.979,18780765.3,,,,,,
2020-08-28 00:00:00+00:00,1598572800000.0,2.979,3.1732,2.9379,3.1159,13616152.81,,,,,,
2020-08-29 00:00:00+00:00,1598659200000.0,3.1159,3.2049,3.0834,3.126,8739078.98,,,,,,
2020-08-30 00:00:00+00:00,1598745600000.0,3.1263,3.2733,3.1254,3.2614,10985380.16,,,,,,
2020-08-31 00:00:00+00:00,1598832000000.0,3.2615,3.2948,3.1915,3.2081,9813255.36,,,,,,
2020-09-01 00:00:00+00:00,1598918400000.0,3.2081,3.5497,3.1517,3.4724,18258233.6,,,,,,
2020-09-02 00:00:00+00:00,1599004800000.0,3.4705,3.4982,2.8773,3.1016,30237981.7,,,,,,
2020-09-03 00:00:00+00:00,1599091200000.0,3.102,3.1584,2.4909,2.6133,37791737.28,,,,,,
2020-09-04 00:00:00+00:00,1599177600000.0,2.6138,3.2421,2.5788,2.9948,58003354.44,,,,,,
2020-09-05 00:00:00+00:00,1599264000000.0,2.9948,3.1506,2.7733,2.9387,57832664.28,,,,,,
2020-09-06 00:00:00+00:00,1599350400000.0,2.9391,3.0335,2.8101,2.9024,20449007.58,,,,,,
2020-09-07 00:00:00+00:00,1599436800000.0,2.9025,2.9393,2.6595,2.852,20516121.64,,,,,,
2020-09-08 00:00:00+00:00,1599523200000.0,2.8536,2.8594,2.6707,2.7622,17445846.31,,,,,,
2020-09-09 00:00:00+00:00,1599609600000.0,2.762,2.8134,2.6966,2.7514,10566139.48,,,,,,
2020-09-10 00:00:00+00:00,1599696000000.0,2.7514,2.8419,2.7377,2.7767,11796591.11,,,,,,
2020-09-11 00:00:00+00:00,1599782400000.0,2.7759,2.8214,2.7171,2.7846,10953743.36,,,,,,
2020-09-12 00:00:00+00:00,1599868800000.0,2.785,2.8288,2.741,2.8052,7893987.78,,,,,,
2020-09-13 00:00:00+00:00,1599955200000.0,2.8046,2.8269,2.6726,2.7249,10904326.97,,,,,,
2020-09-14 00:00:00+00:00,1600041600000.0,2.7249,2.764,2.6854,2.7317,8910182.7,,,,,,
2020-09-15 00:00:00+00:00,1600128000000.0,2.731,2.7814,2.6976,2.7034,10931677.27,,,,,,
2020-09-16 00:00:00+00:00,1600214400000.0,2.7036,2.7492,2.5771,2.713,13376622.27,,,,,,
2020-09-17 00:00:00+00:00,1600300800000.0,2.7124,2.7761,2.694,2.7375,10099272.94,,,,,,
2020-09-18 00:00:00+00:00,1600387200000.0,2.7375,2.75,2.6491,2.6905,9252473.72,,,,,,
2020-09-19 00:00:00+00:00,1600473600000.0,2.6905,2.7377,2.6789,2.7031,5617629.89,,,,,,
2020-09-20 00:00:00+00:00,1600560000000.0,2.7017,2.7017,2.6229,2.6715,5718243.29,,,,,,
2020-09-21 00:00:00+00:00,1600646400000.0,2.6727,2.6895,2.4897,2.5051,11704230.68,,,,,,
2020-09-22 00:00:00+00:00,1600732800000.0,2.5051,2.5849,2.4867,2.5718,6639827.21,,,,,,
2020-09-23 00:00:00+00:00,1600819200000.0,2.5719,2.5785,2.3907,2.4423,7620003.34,,,,,,
2020-09-24 00:00:00+00:00,1600905600000.0,2.4423,2.5612,2.4239,2.5337,8392178.92,,,,,,
2020-09-25 00:00:00+00:00,1600992000000.0,2.5344,2.5635,2.4629,2.5445,9169817.92,,,,,,
2020-09-26 00:00:00+00:00,1601078400000.0,2.544,2.6058,2.5051,2.5655,6104966.56,,,,,,
2020-09-27 00:00:00+00:00,1601164800000.0,2.5655,2.6011,2.5264,2.5897,6135356.97,,,,,,
2020-09-28 00:00:00+00:00,1601251200000.0,2.5897,2.6333,2.5503,2.5626,9444420.85,,,,,,
2020-09-29 00:00:00+00:00,1601337600000.0,2.5625,2.6029,2.5539,2.5995,6145092.38,,,,,,
2020-09-30 00:00:00+00:00,1601424000000.0,2.5994,2.6001,2.5556,2.5777,5077013.15,,,,,,
2020-10-01 00:00:00+00:00,1601510400000.0,2.5776,2.632,2.4861,2.5446,7519319.67,,,,,,
2020-10-02 00:00:00+00:00,1601596800000.0,2.544,2.5576,2.4132,2.4787,8132938.58,,,,,,
2020-10-03 00:00:00+00:00,1601683200000.0,2.4792,2.5017,2.4675,2.4786,3208406.62,,,,,,
2020-10-04 00:00:00+00:00,1601769600000.0,2.4777,2.5342,2.4645,2.5176,5213723.42,,,,,,
2020-10-05 00:00:00+00:00,1601856000000.0,2.5172,2.5378,2.4896,2.5257,4975314.38,,,,,,
2020-10-06 00:00:00+00:00,1601942400000.0,2.5262,2.9711,2.4858,2.6959,39521912.51,,,,,,
2020-10-07 00:00:00+00:00,1602028800000.0,2.6959,2.7167,2.5922,2.6436,19167906.5,,,,,,
2020-10-08 00:00:00+00:00,1602115200000.0,2.644,2.6539,2.4944,2.6066,14694845.07,,,,,,
2020-10-09 00:00:00+00:00,1602201600000.0,2.6065,2.6568,2.5805,2.6406,8543238.67,,,,,,
2020-10-10 00:00:00+00:00,1602288000000.0,2.6405,2.7188,2.633,2.6415,8199375.41,,,,,,
2020-10-11 00:00:00+00:00,1602374400000.0,2.6414,2.686,2.615,2.6576,6672391.34,,,,,,
2020-10-12 00:00:00+00:00,1602460800000.0,2.6574,2.6824,2.6075,2.6428,11318415.21,,,,,,
2020-10-13 00:00:00+00:00,1602547200000.0,2.6428,2.6655,2.6104,2.6383,7832610.7,,,,,,
2020-10-14 00:00:00+00:00,1602633600000.0,2.6383,2.6516,2.5804,2.6065,6416013.09,,,,,,
2020-10-15 00:00:00+00:00,1602720000000.0,2.6068,2.628,2.5824,2.5985,6105948.61,,,,,,
2020-10-16 00:00:00+00:00,1602806400000.0,2.5981,2.6108,2.4911,2.5362,9757793.36,,,,,,
2020-10-17 00:00:00+00:00,1602892800000.0,2.5378,2.5489,2.5036,2.5217,4641493.94,,,,,,
2020-10-18 00:00:00+00:00,1602979200000.0,2.5217,2.5569,2.5177,2.5459,3171318.89,,,,,,
2020-10-19 00:00:00+00:00,1603065600000.0,2.5455,2.611,2.5237,2.5819,6620719.33,,,,,,
2020-10-20 00:00:00+00:00,1603152000000.0,2.5814,2.5856,2.5007,2.5264,7665418.38,,,,,,
2020-10-21 00:00:00+00:00,1603238400000.0,2.5263,2.655,2.5215,2.6055,11791033.47,,,,,,
2020-10-22 00:00:00+00:00,1603324800000.0,2.6054,2.7045,2.6035,2.6693,9918977.68,,,,,,
2020-10-23 00:00:00+00:00,1603411200000.0,2.6694,2.6842,2.5992,2.6395,6959185.76,,,,,,
2020-10-24 00:00:00+00:00,1603497600000.0,2.6393,2.67,2.614,2.6597,3906214.81,,,,,,
2020-10-25 00:00:00+00:00,1603584000000.0,2.6594,2.738,2.6181,2.7074,6792693.84,,,,,,
2020-10-26 00:00:00+00:00,1603670400000.0,2.7072,2.7496,2.5918,2.6291,10409838.33,,,,,,
2020-10-27 00:00:00+00:00,1603756800000.0,2.6295,2.6965,2.6268,2.6739,5532451.77,,,,,,
2020-10-28 00:00:00+00:00,1603843200000.0,2.6735,2.7541,2.621,2.6524,11763103.37,,,,,,
2020-10-29 00:00:00+00:00,1603929600000.0,2.652,2.6798,2.6011,2.6387,6578696.29,,,,,,
2020-10-30 00:00:00+00:00,1604016000000.0,2.6386,2.6469,2.4035,2.5068,13459280.97,,,,,,
2020-10-31 00:00:00+00:00,1604102400000.0,2.5071,2.5665,2.4939,2.528,5946231.53,,,,,,
2020-11-01 00:00:00+00:00,1604188800000.0,2.5279,2.5406,2.4548,2.5185,4276592.54,,,,,,
2020-11-02 00:00:00+00:00,1604275200000.0,2.5186,2.5503,2.4091,2.433,8610468.71,,,,,,
2020-11-03 00:00:00+00:00,1604361600000.0,2.4332,2.4432,2.2259,2.3655,13815918.08,,,,,,
2020-11-04 00:00:00+00:00,1604448000000.0,2.3652,2.3752,2.29,2.3506,7808043.06,,,,,,
2020-11-05 00:00:00+00:00,1604534400000.0,2.3506,2.4891,2.3495,2.4464,12180086.72,,,,,,
2020-11-06 00:00:00+00:00,1604620800000.0,2.4467,2.545,2.4378,2.5349,12903400.78,,,,,,
2020-11-07 00:00:00+00:00,1604707200000.0,2.5348,2.6262,2.4463,2.4971,13337578.26,,,,,,
2020-11-08 00:00:00+00:00,1604793600000.0,2.4971,2.563,2.4827,2.5361,5149937.99,,,,,,
2020-11-09 00:00:00+00:00,1604880000000.0,2.5356,2.5588,2.4572,2.4975,6274076.91,,,,,,
2020-11-10 00:00:00+00:00,1604966400000.0,2.4975,2.5282,2.476,2.498,5413255.43,,,,,,
2020-11-11 00:00:00+00:00,1605052800000.0,2.498,2.5392,2.4919,2.4982,4874289.08,,,,,,
2020-11-12 00:00:00+00:00,1605139200000.0,2.4981,2.5041,2.432,2.4632,6988557.27,,,,,,
2020-11-13 00:00:00+00:00,1605225600000.0,2.4624,2.64,2.4553,2.5982,10104959.94,,,,,,
2020-11-14 00:00:00+00:00,1605312000000.0,2.5985,2.6108,2.4961,2.5359,6908392.65,,,,,,
2020-11-15 00:00:00+00:00,1605398400000.0,2.5359,2.5476,2.4691,2.4961,5833997.73,,,,,,
2020-11-16 00:00:00+00:00,1605484800000.0,2.4961,2.6056,2.4856,2.583,8258090.17,,,,,,
2020-11-17 00:00:00+00:00,1605571200000.0,2.5826,2.7559,2.5752,2.7162,17182505.3,,,,,,
2020-11-18 00:00:00+00:00,1605657600000.0,2.7157,2.7323,2.4476,2.6371,19787146.16,,,,,,
2020-11-19 00:00:00+00:00,1605744000000.0,2.6382,2.7,2.5594,2.6363,10989620.24,,,,,,
2020-11-20 00:00:00+00:00,1605830400000.0,2.6358,2.8286,2.6333,2.7798,18542539.88,,,,,,
2020-11-21 00:00:00+00:00,1605916800000.0,2.7802,3.2586,2.6881,3.2306,48331723.32,,,,,,
2020-11-22 00:00:00+00:00,1606003200000.0,3.2319,3.3051,2.8961,3.0633,40566393.08,,,,,,
2020-11-23 00:00:00+00:00,1606089600000.0,3.0637,3.4,2.9947,3.3789,42578449.47,,,,,,
2020-11-24 00:00:00+00:00,1606176000000.0,3.378,3.7761,3.3285,3.5987,49169188.39,,,,,,
2020-11-25 00:00:00+00:00,1606262400000.0,3.599,3.8802,3.3037,3.4247,42122344.92,,,,,,
2020-11-26 00:00:00+00:00,1606348800000.0,3.4248,3.532,2.7053,2.9522,58593382.07,,,,,,
2020-11-27 00:00:00+00:00,1606435200000.0,2.9524,3.03,2.7532,2.8734,24009942.96,,,,,,
2020-11-28 00:00:00+00:00,1606521600000.0,2.8734,3.0731,2.8202,2.9982,19030456.76,,,,,,
2020-11-29 00:00:00+00:00,1606608000000.0,2.9976,3.0986,2.9035,3.0311,16498728.74,,,,,,
2020-11-30 00:00:00+00:00,1606694400000.0,3.0321,3.282,2.9952,3.2615,25341850.19,,,,,,
2020-12-01 00:00:00+00:00,1606780800000.0,3.2599,3.34,2.9206,2.9942,27621880.93,,,,,,
2020-12-02 00:00:00+00:00,1606867200000.0,2.9942,3.0863,2.959,3.0565,11397214.15,,,,,,
2020-12-03 00:00:00+00:00,1606953600000.0,3.0563,3.1346,3.0093,3.0803,10269216.6,,,,,,
2020-12-04 00:00:00+00:00,1607040000000.0,3.0804,3.1482,2.7977,2.8456,16212208.28,,,,,,
2020-12-05 00:00:00+00:00,1607126400000.0,2.845,3.0126,2.8201,3.0079,8528184.62,,,,,,
2020-12-06 00:00:00+00:00,1607212800000.0,3.009,3.0361,2.9086,2.9969,6980771.83,,,,,,
2020-12-07 00:00:00+00:00,1607299200000.0,2.9975,3.009,2.9069,2.9491,7935160.02,,,,,,
2020-12-08 00:00:00+00:00,1607385600000.0,2.9492,2.9604,2.744,2.803,9609375.93,,,,,,
2020-12-09 00:00:00+00:00,1607472000000.0,2.8023,2.836,2.6627,2.8085,11243665.28,,,,,,
2020-12-10 00:00:00+00:00,1607558400000.0,2.8083,2.8147,2.6999,2.7401,6532215.72,,,,,,
2020-12-11 00:00:00+00:00,1607644800000.0,2.741,2.7494,2.6476,2.6938,10162517.13,,,,,,
2020-12-12 00:00:00+00:00,1607731200000.0,2.6945,2.7862,2.6782,2.7672,6975725.45,,,,,,
2020-12-13 00:00:00+00:00,1607817600000.0,2.7668,2.8999,2.7519,2.8507,10072162.97,,,,,,
2020-12-14 00:00:00+00:00,1607904000000.0,2.8505,2.8632,2.7985,2.847,6998578.65,,,,,,
2020-12-15 00:00:00+00:00,1607990400000.0,2.8471,2.9023,2.8063,2.8615,8046692.67,,,,,,
2020-12-16 00:00:00+00:00,1608076800000.0,2.8615,3.1146,2.8159,3.102,16341154.18,,,,,,
2020-12-17 00:00:00+00:00,1608163200000.0,3.1013,3.2573,2.9714,3.0416,31664479.85,,,,,,
2020-12-18 00:00:00+00:00,1608249600000.0,3.0415,3.1314,2.983,3.0594,15551156.84,,,,,,
2020-12-19 00:00:00+00:00,1608336000000.0,3.0597,3.12,3.03,3.0535,12646345.4,,,,,,
2020-12-20 00:00:00+00:00,1608422400000.0,3.0528,3.3323,3.0015,3.1361,28833397.52,,,,,,
2020-12-21 00:00:00+00:00,1608508800000.0,3.1346,3.2784,2.9021,2.9288,28585530.14,,,,,,
2020-12-22 00:00:00+00:00,1608595200000.0,2.9292,2.9539,2.771,2.898,23679544.35,,,,,,
2020-12-23 00:00:00+00:00,1608681600000.0,2.8969,2.9147,1.9964,2.3148,49781788.43,,,,,,
2020-12-24 00:00:00+00:00,1608768000000.0,2.3147,2.6922,2.2508,2.6682,42668258.77,,,,,,
2020-12-25 00:00:00+00:00,1608854400000.0,2.6673,2.7433,2.5422,2.6661,29259347.75,,,,,,
2020-12-26 00:00:00+00:00,1608940800000.0,2.6657,2.6959,2.5251,2.6128,21402740.25,,,,,,
2020-12-27 00:00:00+00:00,1609027200000.0,2.6132,2.8721,2.4773,2.7167,36340504.78,,,,,,
2020-12-28 00:00:00+00:00,1609113600000.0,2.7164,2.8941,2.685,2.7638,21818607.04,,,,,,
2020-12-29 00:00:00+00:00,1609200000000.0,2.7638,2.7937,2.5023,2.6391,22432367.24,,,,,,
2020-12-30 00:00:00+00:00,1609286400000.0,2.6406,2.6723,2.5348,2.6123,16477769.52,,,,,,
2020-12-31 00:00:00+00:00,1609372800000.0,2.6124,2.6567,2.5119,2.5911,13739882.68,,,,,,
2021-01-01 00:00:00+00:00,1609459200000.0,2.5906,2.7313,2.567,2.6378,13298192.52,,,,,,
2021-01-02 00:00:00+00:00,1609545600000.0,2.6381,2.7232,2.5627,2.6321,17549382.44,,,,,,
2021-01-03 00:00:00+00:00,1609632000000.0,2.6316,2.8444,2.5767,2.7985,34686424.89,,,,,,
2021-01-04 00:00:00+00:00,1609718400000.0,2.799,3.122,2.62,2.8191,52251721.55,,,,,,
2021-01-05 00:00:00+00:00,1609804800000.0,2.8199,2.9537,2.7104,2.8862,30181879.28,,,,,,
2021-01-06 00:00:00+00:00,1609891200000.0,2.8861,3.455,2.8474,3.3711,64001252.23,,,,,,
2021-01-07 00:00:00+00:00,1609977600000.0,3.3714,3.4488,3.05,3.1943,70175676.38,,,,,,
2021-01-08 00:00:00+00:00,1610064000000.0,3.1951,3.2531,2.9,3.1094,44115462.0,,,,,,
2021-01-09 00:00:00+00:00,1610150400000.0,3.1095,3.7391,3.0126,3.6145,67692589.97,,,,,,
2021-01-10 00:00:00+00:00,1610236800000.0,3.6141,3.922,2.85,3.0552,123377042.1,,,,,,
2021-01-11 00:00:00+00:00,1610323200000.0,3.0555,3.0696,2.3859,2.6663,110927782.55,,,,,,
2021-01-12 00:00:00+00:00,1610409600000.0,2.6692,2.7704,2.5305,2.5969,36062487.03,,,,,,
2021-01-13 00:00:00+00:00,1610496000000.0,2.5984,2.7933,2.5243,2.767,27740001.36,,,,,,
2021-01-14 00:00:00+00:00,1610582400000.0,2.7681,2.8589,2.6913,2.8089,32720798.98,,,,,,
2021-01-15 00:00:00+00:00,1610668800000.0,2.8094,2.9369,2.58,2.7566,41381415.15,,,,,,
2021-01-16 00:00:00+00:00,1610755200000.0,2.7567,2.8843,2.7056,2.777,34613368.34,,,,,,
2021-01-17 00:00:00+00:00,1610841600000.0,2.7771,2.8035,2.6804,2.764,21830570.16,,,,,,
2021-01-18 00:00:00+00:00,1610928000000.0,2.7639,2.8351,2.7021,2.8144,21835501.73,,,,,,
2021-01-19 00:00:00+00:00,1611014400000.0,2.8155,2.9272,2.782,2.7895,34691602.04,,,,,,
2021-01-20 00:00:00+00:00,1611100800000.0,2.7897,2.8234,2.656,2.7756,24136427.43,,,,,,
2021-01-21 00:00:00+00:00,1611187200000.0,2.7761,2.7832,2.4958,2.5451,27175796.05,,,,,,
2021-01-22 00:00:00+00:00,1611273600000.0,2.5442,2.6748,2.4309,2.6208,22876177.83,,,,,,
2021-01-23 00:00:00+00:00,1611360000000.0,2.6207,2.7828,2.5747,2.7028,22166538.13,,,,,,
2021-01-24 00:00:00+00:00,1611446400000.0,2.7028,2.7732,2.6461,2.7135,14726360.6,,,,,,
2021-01-25 00:00:00+00:00,1611532800000.0,2.7135,2.7671,2.6308,2.6481,14815480.94,,,,,,
2021-01-26 00:00:00+00:00,1611619200000.0,2.6483,2.6734,2.5537,2.6278,11431400.81,,,,,,
2021-01-27 00:00:00+00:00,1611705600000.0,2.6278,2.6281,2.4633,2.5001,13739860.94,,,,,,
2021-01-28 00:00:00+00:00,1611792000000.0,2.5013,2.7943,2.4736,2.709,28543070.19,,,,,,
2021-01-29 00:00:00+00:00,1611878400000.0,2.7077,2.9,2.6468,2.7232,42065679.73,,,,,,
2021-01-30 00:00:00+00:00,1611964800000.0,2.7255,3.0989,2.688,2.9319,46687724.55,,,,,,
2021-01-31 00:00:00+00:00,1612051200000.0,2.9314,3.0768,2.7947,2.9297,48808848.44,,,,,,
2021-02-01 00:00:00+00:00,1612137600000.0,2.9298,3.28,2.893,3.055,81454074.44,,,,,,
2021-02-02 00:00:00+00:00,1612224000000.0,3.0549,3.0762,2.953,2.9979,25606816.44,,,,,,
2021-02-03 00:00:00+00:00,1612310400000.0,2.9976,3.1385,2.9846,3.0665,21949660.93,,,,,,
2021-02-04 00:00:00+00:00,1612396800000.0,3.0665,3.1488,2.98,3.0226,24736829.9,,,,,,
2021-02-05 00:00:00+00:00,1612483200000.0,3.0226,3.38,3.0105,3.3128,34894929.5,,,,,,
2021-02-06 00:00:00+00:00,1612569600000.0,3.3148,3.3259,3.1333,3.2092,26168387.51,,,,,,
2021-02-07 00:00:00+00:00,1612656000000.0,3.2103,3.59,3.0251,3.44,71730948.25,,,,,,
2021-02-08 00:00:00+00:00,1612742400000.0,3.44,3.6,3.3503,3.5937,45616122.74,,,,,,
2021-02-09 00:00:00+00:00,1612828800000.0,3.5962,4.3102,3.4803,4.1631,74686340.05,,,,,,
2021-02-10 00:00:00+00:00,1612915200000.0,4.1644,4.5391,3.6333,4.126,92504279.48,,,,,,
2021-02-11 00:00:00+00:00,1613001600000.0,4.1262,4.6738,4.0,4.5833,57897957.72,,,,,,
2021-02-12 00:00:00+00:00,1613088000000.0,4.5799,4.84,4.225,4.7489,52730255.73,,,,,,
2021-02-13 00:00:00+00:00,1613174400000.0,4.7506,5.56,4.49,5.5562,77049397.8,,,,,,
2021-02-14 00:00:00+00:00,1613260800000.0,5.5502,5.6028,4.8614,5.0667,53628704.89,,,,,,
2021-02-15 00:00:00+00:00,1613347200000.0,5.0654,5.2443,4.1244,4.7148,64176584.35,,,,,,
2021-02-16 00:00:00+00:00,1613433600000.0,4.7143,4.972,4.414,4.6447,52643137.62,,,,,,
2021-02-17 00:00:00+00:00,1613520000000.0,4.6438,4.887,4.4211,4.8441,36369451.02,,,,,,
2021-02-18 00:00:00+00:00,1613606400000.0,4.8427,5.007,4.6584,4.8146,32897326.85,,,,,,
2021-02-19 00:00:00+00:00,1613692800000.0,4.815,5.3763,4.65,5.2267,51485574.3,,,,,,
2021-02-20 00:00:00+00:00,1613779200000.0,5.2265,5.4545,4.5186,4.839,51716507.01,,,,,,
2021-02-21 00:00:00+00:00,1613865600000.0,4.84,5.3655,4.7296,5.1008,40374613.6,,,,,,
2021-02-22 00:00:00+00:00,1613952000000.0,5.1008,5.3048,4.099,4.6877,78799750.21,,,,,,
2021-02-23 00:00:00+00:00,1614038400000.0,4.6883,4.7221,3.1862,3.8521,101007395.36,,,,,,
2021-02-24 00:00:00+00:00,1614124800000.0,3.8517,4.1393,3.6775,3.8892,45678448.75,,,,,,
2021-02-25 00:00:00+00:00,1614211200000.0,3.8901,4.0974,3.6238,3.6711,32728301.12,,,,,,
2021-02-26 00:00:00+00:00,1614297600000.0,3.6695,3.7699,3.4,3.5477,38391146.46,,,,,,
2021-02-27 00:00:00+00:00,1614384000000.0,3.5487,3.8398,3.5431,3.6715,24977922.66,,,,,,
2021-02-28 00:00:00+00:00,1614470400000.0,3.6724,3.6996,3.2421,3.4765,31361448.32,,,,,,
2021-03-01 00:00:00+00:00,1614556800000.0,3.4745,3.7587,3.4486,3.7049,22194068.43,,,,,,
2021-03-02 00:00:00+00:00,1614643200000.0,3.7074,3.85,3.563,3.671,25186129.94,,,,,,
2021-03-03 00:00:00+00:00,1614729600000.0,3.6703,4.0655,3.6422,3.8258,35571041.38,,,,,,
2021-03-04 00:00:00+00:00,1614816000000.0,3.8256,3.9249,3.638,3.7483,26425366.93,,,,,,
2021-03-05 00:00:00+00:00,1614902400000.0,3.749,3.7557,3.5563,3.6904,18490563.23,,,,,,
2021-03-06 00:00:00+00:00,1614988800000.0,3.6916,3.7712,3.5976,3.7207,13409844.36,,,,,,
2021-03-07 00:00:00+00:00,1615075200000.0,3.7214,3.8469,3.7154,3.831,16280416.71,,,,,,
2021-03-08 00:00:00+00:00,1615161600000.0,3.8305,3.93,3.7336,3.8981,23014527.54,,,,,,
2021-03-09 00:00:00+00:00,1615248000000.0,3.8991,4.1838,3.85,4.1673,28686527.23,,,,,,
2021-03-10 00:00:00+00:00,1615334400000.0,4.1653,4.188,3.8939,3.991,27216643.27,,,,,,
2021-03-11 00:00:00+00:00,1615420800000.0,3.9893,4.0502,3.7001,3.9532,24375977.23,,,,,,
2021-03-12 00:00:00+00:00,1615507200000.0,3.9536,3.9935,3.6734,3.7828,24719121.33,,,,,,
2021-03-13 00:00:00+00:00,1615593600000.0,3.7822,4.3863,3.6787,4.2816,28813745.27,,,,,,
2021-03-14 00:00:00+00:00,1615680000000.0,4.2827,4.3846,3.9255,3.9256,26674595.9,,,,,,
2021-03-15 00:00:00+00:00,1615766400000.0,3.9256,4.0337,3.715,3.8169,27198247.86,,,,,,
2021-03-16 00:00:00+00:00,1615852800000.0,3.8143,4.1343,3.6715,4.0661,31898121.62,,,,,,
2021-03-17 00:00:00+00:00,1615939200000.0,4.0668,4.0947,3.8542,4.0867,21834414.44,,,,,,
2021-03-18 00:00:00+00:00,1616025600000.0,4.0872,4.3269,4.0549,4.1434,29844241.14,,,,,,
2021-03-19 00:00:00+00:00,1616112000000.0,4.1443,4.267,4.026,4.1375,20296052.87,,,,,,
2021-03-20 00:00:00+00:00,1616198400000.0,4.1379,4.5,4.1239,4.3278,26162178.0,,,,,,
2021-03-21 00:00:00+00:00,1616284800000.0,4.3281,4.4179,4.1162,4.1536,26100800.89,,,,,,
2021-03-22 00:00:00+00:00,1616371200000.0,4.1538,4.3497,3.9985,4.0777,28219839.97,,,,,,
2021-03-23 00:00:00+00:00,1616457600000.0,4.0777,4.2666,4.0381,4.0899,22909573.87,,,,,,
2021-03-24 00:00:00+00:00,1616544000000.0,4.0878,4.3096,3.4544,3.6938,33240602.47,,,,,,
2021-03-25 00:00:00+00:00,1616630400000.0,3.6919,3.7817,3.5305,3.6745,28486210.88,,,,,,
2021-03-26 00:00:00+00:00,1616716800000.0,3.6723,4.1929,3.6698,4.1849,33419274.18,,,,,,
2021-03-27 00:00:00+00:00,1616803200000.0,4.1857,4.2,3.9765,4.0912,16487912.15,,,,,,
2021-03-28 00:00:00+00:00,1616889600000.0,4.0898,4.2154,4.0317,4.1106,15714660.79,,,,,,
2021-03-29 00:00:00+00:00,1616976000000.0,4.1105,4.3121,4.064,4.2785,19360839.99,,,,,,
2021-03-30 00:00:00+00:00,1617062400000.0,4.2786,4.4068,4.2073,4.3361,19014503.23,,,,,,
2021-03-31 00:00:00+00:00,1617148800000.0,4.3371,4.9085,4.0627,4.8021,50494289.94,,,,,,
2021-04-01 00:00:00+00:00,1617235200000.0,4.8018,5.9847,4.708,5.5947,91899102.98,,,,,,
2021-04-02 00:00:00+00:00,1617321600000.0,5.5966,6.3559,5.3641,6.2557,91016938.14,,,,,,
2021-04-03 00:00:00+00:00,1617408000000.0,6.2526,6.4867,5.2077,5.4107,80619950.47,,,,,,
2021-04-04 00:00:00+00:00,1617494400000.0,5.4107,6.3,5.33,6.28,57685148.82,,,,,,
2021-04-05 00:00:00+00:00,1617580800000.0,6.28,7.0817,5.8303,6.6959,82205391.71,,,,,,
2021-04-06 00:00:00+00:00,1617667200000.0,6.6983,7.1,6.1973,6.6436,67368981.92,,,,,,
2021-04-07 00:00:00+00:00,1617753600000.0,6.6436,7.0549,5.7221,5.8824,66141509.12,,,,,,
2021-04-08 00:00:00+00:00,1617840000000.0,5.8812,6.4736,5.8041,6.442,29919017.72,,,,,,
2021-04-09 00:00:00+00:00,1617926400000.0,6.4403,6.6011,6.07,6.2072,22024528.91,,,,,,
2021-04-10 00:00:00+00:00,1618012800000.0,6.2082,6.762,6.1489,6.6137,29718846.38,,,,,,
2021-04-11 00:00:00+00:00,1618099200000.0,6.6137,7.0684,6.5526,6.7266,41297143.35,,,,,,
2021-04-12 00:00:00+00:00,1618185600000.0,6.7266,6.865,6.2911,6.4775,24654068.11,,,,,,
2021-04-13 00:00:00+00:00,1618272000000.0,6.4759,7.549,6.4194,7.3816,48379475.85,,,,,,
2021-04-14 00:00:00+00:00,1618358400000.0,7.3797,8.0841,7.0382,7.6652,76637404.79,,,,,,
2021-04-15 00:00:00+00:00,1618444800000.0,7.6648,7.9253,7.2839,7.8873,34988131.53,,,,,,
2021-04-16 00:00:00+00:00,1618531200000.0,7.8841,8.7499,7.0714,8.4974,84992024.62,,,,,,
2021-04-17 00:00:00+00:00,1618617600000.0,8.4964,8.8465,7.5956,7.7859,59682689.57,,,,,,
2021-04-18 00:00:00+00:00,1618704000000.0,7.7786,7.954,5.8655,7.2854,84548001.96,,,,,,
2021-04-19 00:00:00+00:00,1618790400000.0,7.282,7.4987,6.4831,6.6005,54389682.92,,,,,,
2021-04-20 00:00:00+00:00,1618876800000.0,6.6014,6.8543,6.056,6.6944,43365500.85,,,,,,
2021-04-21 00:00:00+00:00,1618963200000.0,6.6933,6.8969,6.23,6.3226,38961209.02,,,,,,
2021-04-22 00:00:00+00:00,1619049600000.0,6.3192,6.8212,5.5883,5.855,57181817.74,,,,,,
2021-04-23 00:00:00+00:00,1619136000000.0,5.8563,5.9996,4.47,5.5746,80103913.55,,,,,,
2021-04-24 00:00:00+00:00,1619222400000.0,5.5734,5.6513,5.0233,5.085,37332457.07,,,,,,
2021-04-25 00:00:00+00:00,1619308800000.0,5.0867,5.464,4.6127,4.9992,32092162.14,,,,,,
2021-04-26 00:00:00+00:00,1619395200000.0,5.0008,5.9171,4.924,5.8627,52923986.71,,,,,,
2021-04-27 00:00:00+00:00,1619481600000.0,5.8636,6.1068,5.7472,6.0626,36978557.92,,,,,,
2021-04-28 00:00:00+00:00,1619568000000.0,6.0612,6.2259,5.68,5.953,31403825.02,,,,,,
2021-04-29 00:00:00+00:00,1619654400000.0,5.954,6.05,5.611,5.8949,27007732.35,,,,,,
2021-04-30 00:00:00+00:00,1619740800000.0,5.895,6.4575,5.782,6.4491,31935292.55,,,,,,
2021-05-01 00:00:00+00:00,1619827200000.0,6.4499,6.6589,6.2839,6.6129,21910430.74,,,,,,
2021-05-02 00:00:00+00:00,1619913600000.0,6.6136,6.6981,6.1775,6.5255,29104218.5,,,,,,
2021-05-03 00:00:00+00:00,1620000000000.0,6.5251,6.99,6.5178,6.8056,29174864.48,,,,,,
2021-05-04 00:00:00+00:00,1620086400000.0,6.808,7.0853,6.2,6.34,73050770.23,,,,,,
2021-05-05 00:00:00+00:00,1620172800000.0,6.3397,8.8392,6.2017,8.7205,106607763.26,,,,,,
2021-05-06 00:00:00+00:00,1620259200000.0,8.7198,12.85,8.41,11.4643,244242567.97,,,,,,
2021-05-07 00:00:00+00:00,1620345600000.0,11.4774,13.2525,9.5584,10.3757,168030917.38,,,,,,
2021-05-08 00:00:00+00:00,1620432000000.0,10.3671,11.2039,9.6023,10.3392,85375231.26,,,,,,
2021-05-09 00:00:00+00:00,1620518400000.0,10.3389,11.0958,9.11,10.5283,77000361.44,,,,,,
2021-05-10 00:00:00+00:00,1620604800000.0,10.5283,10.9928,8.23,9.2671,82033777.84,,,,,,
2021-05-11 00:00:00+00:00,1620691200000.0,9.2654,14.5287,8.774,14.5164,207134481.65,,,,,,
2021-05-12 00:00:00+00:00,1620777600000.0,14.5164,14.9,10.1263,10.3536,144381299.02,,,,,,
2021-05-13 00:00:00+00:00,1620864000000.0,10.3536,11.6384,9.4063,10.576,120271507.68,,,,,,
2021-05-14 00:00:00+00:00,1620950400000.0,10.5964,11.6669,10.5084,11.1496,64812582.29,,,,,,
2021-05-15 00:00:00+00:00,1621036800000.0,11.1494,11.953,10.11,10.2365,79576778.66,,,,,,
2021-05-16 00:00:00+00:00,1621123200000.0,10.2385,11.23,9.4224,10.1093,51128023.78,,,,,,
2021-05-17 00:00:00+00:00,1621209600000.0,10.1077,10.13,8.6,9.1406,67977146.16,,,,,,
2021-05-18 00:00:00+00:00,1621296000000.0,9.1425,10.0275,8.9474,9.3233,48469427.7,,,,,,
2021-05-19 00:00:00+00:00,1621382400000.0,9.3243,9.4794,4.2,5.6863,178488115.05,,,,,,
2021-05-20 00:00:00+00:00,1621468800000.0,5.69,7.0078,5.1,6.6506,109193444.48,,,,,,
2021-05-21 00:00:00+00:00,1621555200000.0,6.6419,6.9229,4.8378,5.5587,94702939.98,,,,,,
2021-05-22 00:00:00+00:00,1621641600000.0,5.5545,5.6677,4.8928,5.1018,57262026.25,,,,,,
2021-05-23 00:00:00+00:00,1621728000000.0,5.1011,5.3225,3.571,4.2923,77994441.11,,,,,,
2021-05-24 00:00:00+00:00,1621814400000.0,4.2898,5.646,4.1694,5.6421,75626040.36,,,,,,
2021-05-25 00:00:00+00:00,1621900800000.0,5.6453,6.0,5.05,5.6926,71062139.69,,,,,,
2021-05-26 00:00:00+00:00,1621987200000.0,5.6944,6.5225,5.5395,6.4315,58737933.55,,,,,,
2021-05-27 00:00:00+00:00,1622073600000.0,6.4333,7.6685,6.05,7.021,104749617.54,,,,,,
2021-05-28 00:00:00+00:00,1622160000000.0,7.0205,7.07,5.8261,6.113,99492222.07,,,,,,
2021-05-29 00:00:00+00:00,1622246400000.0,6.1109,6.8199,5.7449,6.0225,74939179.11,,,,,,
2021-05-30 00:00:00+00:00,1622332800000.0,6.0248,6.3789,5.5361,6.0358,48706229.91,,,,,,
2021-05-31 00:00:00+00:00,1622419200000.0,6.0359,6.6888,5.74,6.6297,44952581.91,,,,,,
2021-06-01 00:00:00+00:00,1622505600000.0,6.6322,6.7606,6.0687,6.3069,40141810.11,,,,,,
2021-06-02 00:00:00+00:00,1622592000000.0,6.3056,6.6,6.1238,6.3695,32498475.08,,,,,,
2021-06-03 00:00:00+00:00,1622678400000.0,6.3726,6.7,6.2254,6.5335,30348664.31,,,,,,
2021-06-04 00:00:00+00:00,1622764800000.0,6.5338,6.5424,5.7752,6.0142,30733500.44,,,,,,
2021-06-05 00:00:00+00:00,1622851200000.0,6.015,6.2206,5.6379,5.7776,23001120.91,,,,,,
2021-06-06 00:00:00+00:00,1622937600000.0,5.7758,5.9516,5.7061,5.8457,15060918.03,,,,,,
2021-06-07 00:00:00+00:00,1623024000000.0,5.8452,5.9699,5.0681,5.1894,22547226.45,,,,,,
2021-06-08 00:00:00+00:00,1623110400000.0,5.1882,5.2552,4.5046,5.0502,40563736.6,,,,,,
2021-06-09 00:00:00+00:00,1623196800000.0,5.0491,5.4,4.7708,5.3404,33763045.3,,,,,,
2021-06-10 00:00:00+00:00,1623283200000.0,5.339,5.4757,4.9259,5.0799,27109652.34,,,,,,
2021-06-11 00:00:00+00:00,1623369600000.0,5.0788,5.3941,4.8546,4.9157,29079424.27,,,,,,
2021-06-12 00:00:00+00:00,1623456000000.0,4.916,4.916,4.5842,4.8302,19411925.45,,,,,,
2021-06-13 00:00:00+00:00,1623542400000.0,4.8311,5.11,4.6557,5.0874,15078415.85,,,,,,
2021-06-14 00:00:00+00:00,1623628800000.0,5.0893,5.3241,4.9532,5.2992,18027075.11,,,,,,
2021-06-15 00:00:00+00:00,1623715200000.0,5.2984,5.3982,5.1058,5.1808,16182855.73,,,,,,
2021-06-16 00:00:00+00:00,1623801600000.0,5.1826,5.2337,4.8152,4.8657,16610868.82,,,,,,
2021-06-17 00:00:00+00:00,1623888000000.0,4.8647,5.0845,4.754,4.8725,13977776.94,,,,,,
2021-06-18 00:00:00+00:00,1623974400000.0,4.8727,4.8941,4.3904,4.564,16357445.09,,,,,,
2021-06-19 00:00:00+00:00,1624060800000.0,4.5627,4.7029,4.45,4.4597,11474644.75,,,,,,
2021-06-20 00:00:00+00:00,1624147200000.0,4.46,4.5333,4.1032,4.5069,17437328.04,,,,,,
2021-06-21 00:00:00+00:00,1624233600000.0,4.5066,4.5225,3.5026,3.5181,36492092.09,,,,,,
2021-06-22 00:00:00+00:00,1624320000000.0,3.519,3.7619,3.0392,3.3869,49227688.14,,,,,,
2021-06-23 00:00:00+00:00,1624406400000.0,3.3868,3.8076,3.2512,3.6732,27495124.03,,,,,,
2021-06-24 00:00:00+00:00,1624492800000.0,3.6726,3.9292,3.5184,3.924,22591189.67,,,,,,
2021-06-25 00:00:00+00:00,1624579200000.0,3.924,4.0251,3.5059,3.5333,24547992.59,,,,,,
2021-06-26 00:00:00+00:00,1624665600000.0,3.5332,3.6576,3.35,3.5712,17664309.55,,,,,,
2021-06-27 00:00:00+00:00,1624752000000.0,3.5706,3.7824,3.4874,3.7766,11994997.22,,,,,,
2021-06-28 00:00:00+00:00,1624838400000.0,3.7766,3.9455,3.6865,3.8507,13666088.31,,,,,,
2021-06-29 00:00:00+00:00,1624924800000.0,3.8526,4.2923,3.8382,4.1289,22443557.94,,,,,,
2021-06-30 00:00:00+00:00,1625011200000.0,4.1285,4.3,3.8336,4.1383,22277103.1,,,,,,
2021-07-01 00:00:00+00:00,1625097600000.0,4.1381,4.2095,3.8541,3.9227,17183604.41,,,,,,
2021-07-02 00:00:00+00:00,1625184000000.0,3.9226,4.005,3.745,3.9224,17292675.9,,,,,,
2021-07-03 00:00:00+00:00,1625270400000.0,3.9226,4.0651,3.851,4.0504,12196067.8,,,,,,
2021-07-04 00:00:00+00:00,1625356800000.0,4.0508,4.1866,3.9501,4.061,17331712.71,,,,,,
2021-07-05 00:00:00+00:00,1625443200000.0,4.0606,4.0609,3.7591,3.8101,14667457.05,,,,,,
2021-07-06 00:00:00+00:00,1625529600000.0,3.8101,4.0055,3.7826,3.8776,14528435.95,,,,,,
2021-07-07 00:00:00+00:00,1625616000000.0,3.8777,3.9796,3.8143,3.8249,10925537.03,,,,,,
2021-07-08 00:00:00+00:00,1625702400000.0,3.8245,3.84,3.5246,3.5959,16308329.05,,,,,,
2021-07-09 00:00:00+00:00,1625788800000.0,3.5959,4.3133,3.4555,4.2174,49803432.92,,,,,,
2021-07-10 00:00:00+00:00,1625875200000.0,4.2175,4.42,3.8723,3.9633,39271615.66,,,,,,
2021-07-11 00:00:00+00:00,1625961600000.0,3.9656,4.1777,3.8334,4.0766,22936376.52,,,,,,
2021-07-12 00:00:00+00:00,1626048000000.0,4.0775,4.3786,4.0413,4.1873,38217590.79,,,,,,
2021-07-13 00:00:00+00:00,1626134400000.0,4.187,4.2139,3.7866,3.8909,25083974.82,,,,,,
2021-07-14 00:00:00+00:00,1626220800000.0,3.8895,3.9283,3.5906,3.7983,20869223.41,,,,,,
2021-07-15 00:00:00+00:00,1626307200000.0,3.7974,3.9189,3.5555,3.6707,15566205.81,,,,,,
2021-07-16 00:00:00+00:00,1626393600000.0,3.6707,3.8385,3.5301,3.6529,19626663.37,,,,,,
2021-07-17 00:00:00+00:00,1626480000000.0,3.6536,3.7796,3.581,3.6562,18956126.91,,,,,,
2021-07-18 00:00:00+00:00,1626566400000.0,3.6574,3.7747,3.5555,3.6353,10740097.12,,,,,,
2021-07-19 00:00:00+00:00,1626652800000.0,3.6365,3.6841,3.4019,3.437,15850330.78,,,,,,
2021-07-20 00:00:00+00:00,1626739200000.0,3.4365,3.5454,3.1522,3.2596,20408294.9,,,,,,
2021-07-21 00:00:00+00:00,1626825600000.0,3.2597,3.571,3.208,3.5026,25471757.42,,,,,,
2021-07-22 00:00:00+00:00,1626912000000.0,3.5027,3.58,3.4221,3.5647,18133612.16,,,,,,
2021-07-23 00:00:00+00:00,1626998400000.0,3.5649,3.663,3.4548,3.6341,13940282.75,,,,,,
2021-07-24 00:00:00+00:00,1627084800000.0,3.6348,3.74,3.6138,3.6674,14909187.23,,,,,,
2021-07-25 00:00:00+00:00,1627171200000.0,3.6668,3.6962,3.5465,3.6587,13735733.16,,,,,,
2021-07-26 00:00:00+00:00,1627257600000.0,3.6584,3.9994,3.63,3.6795,32958487.05,,,,,,
2021-07-27 00:00:00+00:00,1627344000000.0,3.6797,3.7895,3.6004,3.7556,19660424.16,,,,,,
2021-07-28 00:00:00+00:00,1627430400000.0,3.7559,4.0179,3.6822,3.9195,29423914.89,,,,,,
2021-07-29 00:00:00+00:00,1627516800000.0,3.9197,3.9868,3.8026,3.9667,14221280.62,,,,,,
2021-07-30 00:00:00+00:00,1627603200000.0,3.9665,4.0765,3.7803,4.0684,17389367.22,,,,,,
2021-07-31 00:00:00+00:00,1627689600000.0,4.0663,4.21,4.0007,4.068,23193026.08,,,,,,
2021-08-01 00:00:00+00:00,1627776000000.0,4.0676,4.2334,3.8502,3.9414,24901887.74,,,,,,
2021-08-02 00:00:00+00:00,1627862400000.0,3.938,4.1586,3.8887,4.027,18508656.81,,,,,,
2021-08-03 00:00:00+00:00,1627948800000.0,4.0261,4.0961,3.8666,4.0245,15676816.82,,,,,,
2021-08-04 00:00:00+00:00,1628035200000.0,4.0244,4.1535,3.9254,4.1142,14852637.52,,,,,,
2021-08-05 00:00:00+00:00,1628121600000.0,4.1138,4.2149,3.9419,4.1876,21476970.7,,,,,,
2021-08-06 00:00:00+00:00,1628208000000.0,4.1879,4.3521,4.1018,4.3191,23041228.73,,,,,,
2021-08-07 00:00:00+00:00,1628294400000.0,4.3193,4.6477,4.2802,4.5919,28826892.38,,,,,,
2021-08-08 00:00:00+00:00,1628380800000.0,4.5919,4.6647,4.2278,4.2948,23641646.78,,,,,,
2021-08-09 00:00:00+00:00,1628467200000.0,4.2945,4.5657,4.1593,4.5323,21594914.53,,,,,,
2021-08-10 00:00:00+00:00,1628553600000.0,4.5323,4.72,4.401,4.5973,21691565.56,,,,,,
2021-08-11 00:00:00+00:00,1628640000000.0,4.5962,4.975,4.587,4.75,28345889.78,,,,,,
2021-08-12 00:00:00+00:00,1628726400000.0,4.7505,5.0898,4.5376,4.6588,32495735.94,,,,,,
2021-08-13 00:00:00+00:00,1628812800000.0,4.6602,5.1635,4.6065,5.1583,22510588.5,,,,,,
2021-08-14 00:00:00+00:00,1628899200000.0,5.1591,5.5515,5.04,5.4806,44497220.88,,,,,,
2021-08-15 00:00:00+00:00,1628985600000.0,5.4814,5.7042,5.1213,5.6931,32565166.88,,,,,,
2021-08-16 00:00:00+00:00,1629072000000.0,5.6931,5.94,5.4458,5.517,37569857.42,,,,,,
2021-08-17 00:00:00+00:00,1629158400000.0,5.5159,5.6875,5.0045,5.0604,38526139.31,,,,,,
2021-08-18 00:00:00+00:00,1629244800000.0,5.062,5.1772,4.7278,4.98,31200586.13,,,,,,
2021-08-19 00:00:00+00:00,1629331200000.0,4.9795,5.2578,4.8117,5.2541,25039173.98,,,,,,
2021-08-20 00:00:00+00:00,1629417600000.0,5.2554,5.4765,5.1859,5.456,22338375.62,,,,,,
2021-08-21 00:00:00+00:00,1629504000000.0,5.4565,5.6483,5.2748,5.3545,26318002.33,,,,,,
2021-08-22 00:00:00+00:00,1629590400000.0,5.3536,5.5446,5.2031,5.4142,21369984.16,,,,,,
2021-08-23 00:00:00+00:00,1629676800000.0,5.4139,5.704,5.3608,5.5928,28113002.24,,,,,,
2021-08-24 00:00:00+00:00,1629763200000.0,5.5928,5.692,4.8888,5.0583,36116074.22,,,,,,
2021-08-25 00:00:00+00:00,1629849600000.0,5.0578,5.25,4.9031,5.2094,26365184.13,,,,,,
2021-08-26 00:00:00+00:00,1629936000000.0,5.2076,5.2762,4.65,4.74,29201730.43,,,,,,
2021-08-27 00:00:00+00:00,1630022400000.0,4.74,5.0921,4.62,5.09,24504849.8,,,,,,
2021-08-28 00:00:00+00:00,1630108800000.0,5.09,5.104,4.875,5.008,15245359.41,,,,,,
2021-08-29 00:00:00+00:00,1630195200000.0,5.008,5.2439,4.97,5.059,21113765.88,,,,,,
2021-08-30 00:00:00+00:00,1630281600000.0,5.059,5.077,4.798,4.82,15171797.8,,,,,,
2021-08-31 00:00:00+00:00,1630368000000.0,4.819,5.099,4.754,5.037,22327854.9,,,,,,
2021-09-01 00:00:00+00:00,1630454400000.0,5.036,5.33,4.904,5.312,22888889.7,,,,,,
2021-09-02 00:00:00+00:00,1630540800000.0,5.31,5.39,5.17,5.256,22117590.56,,,,,,
2021-09-03 00:00:00+00:00,1630627200000.0,5.255,5.742,5.126,5.671,35918476.99,,,,,,
2021-09-04 00:00:00+00:00,1630713600000.0,5.672,5.889,5.542,5.692,36202187.64,,,,,,
2021-09-05 00:00:00+00:00,1630800000000.0,5.692,6.33,5.511,6.294,44796093.93,,,,,,
2021-09-06 00:00:00+00:00,1630886400000.0,6.294,6.424,5.869,6.216,41343997.86,,,,,,
2021-09-07 00:00:00+00:00,1630972800000.0,6.216,6.257,4.261,4.887,83993277.5,,,,,,
2021-09-08 00:00:00+00:00,1631059200000.0,4.889,4.965,4.421,4.745,44544821.9,,,,,,
2021-09-09 00:00:00+00:00,1631145600000.0,4.744,4.953,4.655,4.815,32137823.7,,,,,,
2021-09-10 00:00:00+00:00,1631232000000.0,4.815,5.054,4.454,4.567,29959604.5,,,,,,
2021-09-11 00:00:00+00:00,1631318400000.0,4.565,4.788,4.547,4.674,17358531.0,,,,,,
2021-09-12 00:00:00+00:00,1631404800000.0,4.674,5.08,4.574,4.878,25603107.9,,,,,,
2021-09-13 00:00:00+00:00,1631491200000.0,4.879,4.949,4.484,4.741,35828237.1,,,,,,
2021-09-14 00:00:00+00:00,1631577600000.0,4.739,4.879,4.703,4.864,21272840.3,,,,,,
2021-09-15 00:00:00+00:00,1631664000000.0,4.863,5.156,4.77,5.103,23099748.8,,,,,,
2021-09-16 00:00:00+00:00,1631750400000.0,5.104,5.187,4.876,5.016,23139019.9,,,,,,
2021-09-17 00:00:00+00:00,1631836800000.0,5.016,5.52,4.948,5.251,50141724.7,,,,,,
2021-09-18 00:00:00+00:00,1631923200000.0,5.251,5.51,5.101,5.466,32809284.8,,,,,,
2021-09-19 00:00:00+00:00,1632009600000.0,5.468,5.506,4.856,4.909,24530825.9,,,,,,
2021-09-20 00:00:00+00:00,1632096000000.0,4.908,4.932,4.076,4.202,52772594.27,,,,,,
2021-09-21 00:00:00+00:00,1632182400000.0,4.202,4.31,3.785,3.886,42840173.92,,,,,,
2021-09-22 00:00:00+00:00,1632268800000.0,3.887,4.331,3.806,4.3,25447899.7,,,,,,
2021-09-23 00:00:00+00:00,1632355200000.0,4.299,4.389,4.192,4.374,18849293.9,,,,,,
2021-09-24 00:00:00+00:00,1632441600000.0,4.373,4.388,3.785,4.028,33853500.0,,,,,,
2021-09-25 00:00:00+00:00,1632528000000.0,4.028,4.097,3.903,4.011,17591135.6,,,,,,
2021-09-26 00:00:00+00:00,1632614400000.0,4.009,4.155,3.673,3.971,31792881.19,,,,,,
2021-09-27 00:00:00+00:00,1632700800000.0,3.969,4.112,3.823,3.829,20144158.5,,,,,,
2021-09-28 00:00:00+00:00,1632787200000.0,3.827,3.901,3.654,3.683,19207471.38,,,,,,
2021-09-29 00:00:00+00:00,1632873600000.0,3.682,3.869,3.636,3.745,14602456.4,,,,,,
2021-09-30 00:00:00+00:00,1632960000000.0,3.745,3.949,3.721,3.938,14072530.4,,,,,,
2021-10-01 00:00:00+00:00,1633046400000.0,3.938,4.29,3.907,4.275,25546810.9,,,,,,
2021-10-02 00:00:00+00:00,1633132800000.0,4.274,4.462,4.191,4.322,16433586.9,,,,,,
2021-10-03 00:00:00+00:00,1633219200000.0,4.32,4.863,4.223,4.637,32308855.2,,,,,,
2021-10-04 00:00:00+00:00,1633305600000.0,4.637,4.741,4.336,4.594,29861281.9,,,,,,
2021-10-05 00:00:00+00:00,1633392000000.0,4.594,4.79,4.547,4.73,24827362.9,,,,,,
2021-10-06 00:00:00+00:00,1633478400000.0,4.731,4.923,4.372,4.748,35779423.7,,,,,,
2021-10-07 00:00:00+00:00,1633564800000.0,4.749,4.841,4.551,4.722,25271697.4,,,,,,
2021-10-08 00:00:00+00:00,1633651200000.0,4.722,4.83,4.575,4.647,20709977.3,,,,,,
2021-10-09 00:00:00+00:00,1633737600000.0,4.649,5.067,4.61,5.0,25713708.5,,,,,,
2021-10-10 00:00:00+00:00,1633824000000.0,5.0,5.005,4.557,4.577,21944306.1,,,,,,
2021-10-11 00:00:00+00:00,1633910400000.0,4.575,4.759,4.431,4.55,20889970.0,,,,,,
2021-10-12 00:00:00+00:00,1633996800000.0,4.55,4.552,4.264,4.495,26667232.6,,,,,,
2021-10-13 00:00:00+00:00,1634083200000.0,4.492,4.612,4.372,4.604,19455515.8,,,,,,
2021-10-14 00:00:00+00:00,1634169600000.0,4.605,4.736,4.553,4.623,17639292.3,,,,,,
2021-10-15 00:00:00+00:00,1634256000000.0,4.622,4.736,4.442,4.643,28078076.2,,,,,,
2021-10-16 00:00:00+00:00,1634342400000.0,4.642,4.715,4.53,4.57,14738669.2,,,,,,
2021-10-17 00:00:00+00:00,1634428800000.0,4.57,4.6,4.218,4.412,15230531.4,,,,,,
2021-10-18 00:00:00+00:00,1634515200000.0,4.412,4.566,4.357,4.421,16999418.3,,,,,,
2021-10-19 00:00:00+00:00,1634601600000.0,4.42,4.518,4.364,4.459,12650710.6,,,,,,
2021-10-20 00:00:00+00:00,1634688000000.0,4.458,4.889,4.444,4.825,20887352.8,,,,,,
2021-10-21 00:00:00+00:00,1634774400000.0,4.825,4.948,4.595,4.666,25051048.6,,,,,,
2021-10-22 00:00:00+00:00,1634860800000.0,4.665,4.789,4.552,4.614,13932361.0,,,,,,
2021-10-23 00:00:00+00:00,1634947200000.0,4.613,4.77,4.58,4.747,10514736.0,,,,,,
2021-10-24 00:00:00+00:00,1635033600000.0,4.746,5.086,4.656,4.744,30399276.0,,,,,,
2021-10-25 00:00:00+00:00,1635120000000.0,4.744,4.85,4.712,4.818,12763816.1,,,,,,
2021-10-26 00:00:00+00:00,1635206400000.0,4.819,4.934,4.656,4.716,15429483.4,,,,,,
2021-10-27 00:00:00+00:00,1635292800000.0,4.716,4.774,3.85,4.149,40607807.0,,,,,,
2021-10-28 00:00:00+00:00,1635379200000.0,4.151,4.495,4.133,4.401,24985864.1,,,,,,
2021-10-29 00:00:00+00:00,1635465600000.0,4.401,4.542,4.374,4.502,13111625.6,,,,,,
2021-10-30 00:00:00+00:00,1635552000000.0,4.502,4.524,4.348,4.48,12769295.9,,,,,,
2021-10-31 00:00:00+00:00,1635638400000.0,4.48,4.773,4.443,4.637,23251890.9,,,,,,
2021-11-01 00:00:00+00:00,1635724800000.0,4.637,4.72,4.457,4.639,20145941.4,,,,,,
2021-11-02 00:00:00+00:00,1635811200000.0,4.636,4.794,4.576,4.701,14808000.5,,,,,,
2021-11-03 00:00:00+00:00,1635897600000.0,4.701,4.871,4.516,4.707,28218731.1,,,,,,
2021-11-04 00:00:00+00:00,1635984000000.0,4.708,4.755,4.432,4.542,16252097.6,,,,,,
2021-11-05 00:00:00+00:00,1636070400000.0,4.541,4.597,4.458,4.502,14024528.8,,,,,,
2021-11-06 00:00:00+00:00,1636156800000.0,4.502,4.547,4.22,4.446,14213765.9,,,,,,
2021-11-07 00:00:00+00:00,1636243200000.0,4.447,4.6,4.417,4.599,9720905.5,,,,,,
2021-11-08 00:00:00+00:00,1636329600000.0,4.598,4.888,4.58,4.859,20652512.9,,,,,,
2021-11-09 00:00:00+00:00,1636416000000.0,4.859,5.38,4.835,5.209,59359542.4,,,,,,
2021-11-10 00:00:00+00:00,1636502400000.0,5.209,5.44,4.52,4.841,50489248.5,,,,,,
2021-11-11 00:00:00+00:00,1636588800000.0,4.842,5.026,4.795,4.922,19002289.0,,,,,,
2021-11-12 00:00:00+00:00,1636675200000.0,4.921,5.105,4.666,4.849,26107040.3,,,,,,
2021-11-13 00:00:00+00:00,1636761600000.0,4.849,5.069,4.796,5.009,14628256.7,,,,,,
2021-11-14 00:00:00+00:00,1636848000000.0,5.009,5.089,4.83,4.957,14510762.5,,,,,,
2021-11-15 00:00:00+00:00,1636934400000.0,4.956,5.098,4.764,4.807,16281171.6,,,,,,
2021-11-16 00:00:00+00:00,1637020800000.0,4.808,4.81,4.074,4.327,38791692.9,,,,,,
2021-11-17 00:00:00+00:00,1637107200000.0,4.327,4.411,4.172,4.368,20470792.8,,,,,,
2021-11-18 00:00:00+00:00,1637193600000.0,4.369,4.444,3.935,4.087,30364138.5,,,,,,
2021-11-19 00:00:00+00:00,1637280000000.0,4.087,4.317,4.047,4.288,17197998.6,,,,,,
2021-11-20 00:00:00+00:00,1637366400000.0,4.288,4.349,4.17,4.341,13125947.8,,,,,,
2021-11-21 00:00:00+00:00,1637452800000.0,4.34,4.381,4.23,4.243,13647114.5,,,,,,
2021-11-22 00:00:00+00:00,1637539200000.0,4.244,4.287,4.052,4.134,19316813.5,,,,,,
2021-11-23 00:00:00+00:00,1637625600000.0,4.135,4.25,4.054,4.232,19767828.6,,,,,,
2021-11-24 00:00:00+00:00,1637712000000.0,4.232,4.26,4.005,4.12,16577868.4,,,,,,
2021-11-25 00:00:00+00:00,1637798400000.0,4.12,4.314,4.094,4.251,15019079.5,,,,,,
2021-11-26 00:00:00+00:00,1637884800000.0,4.252,4.267,3.763,3.852,29782044.8,,,,,,
2021-11-27 00:00:00+00:00,1637971200000.0,3.851,3.977,3.831,3.898,14378274.6,,,,,,
2021-11-28 00:00:00+00:00,1638057600000.0,3.897,3.97,3.66,3.966,18037930.7,,,,,,
2021-11-29 00:00:00+00:00,1638144000000.0,3.966,4.045,3.901,4.002,13328084.1,,,,,,
2021-11-30 00:00:00+00:00,1638230400000.0,4.002,4.172,3.877,4.004,20989540.7,,,,,,
2021-12-01 00:00:00+00:00,1638316800000.0,4.004,4.117,3.934,3.991,12998367.0,,,,,,
2021-12-02 00:00:00+00:00,1638403200000.0,3.991,4.007,3.855,3.964,10970330.6,,,,,,
2021-12-03 00:00:00+00:00,1638489600000.0,3.964,4.169,3.665,3.791,21042000.5,,,,,,
2021-12-04 00:00:00+00:00,1638576000000.0,3.791,3.805,2.3911,3.144,71759201.73,,,,,,
2021-12-05 00:00:00+00:00,1638662400000.0,3.144,3.189,2.857,3.032,28738640.6,,,,,,
2021-12-06 00:00:00+00:00,1638748800000.0,3.033,3.295,2.808,3.273,52104470.4,,,,,,
2021-12-07 00:00:00+00:00,1638835200000.0,3.272,3.331,3.173,3.222,19073540.4,,,,,,
2021-12-08 00:00:00+00:00,1638921600000.0,3.221,3.901,3.117,3.648,84351484.5,,,,,,
2021-12-09 00:00:00+00:00,1639008000000.0,3.649,3.713,3.209,3.219,35973568.0,,,,,,
2021-12-10 00:00:00+00:00,1639094400000.0,3.218,3.346,3.024,3.04,25603807.4,,,,,,
2021-12-11 00:00:00+00:00,1639180800000.0,3.04,3.568,2.984,3.412,53569914.7,,,,,,
2021-12-12 00:00:00+00:00,1639267200000.0,3.413,3.513,3.237,3.333,22722438.3,,,,,,
2021-12-13 00:00:00+00:00,1639353600000.0,3.332,3.4,3.008,3.091,29572184.5,,,,,,
2021-12-14 00:00:00+00:00,1639440000000.0,3.093,3.429,3.045,3.353,47700931.7,,,,,,
2021-12-15 00:00:00+00:00,1639526400000.0,3.353,3.496,3.137,3.362,38319399.4,,,,,,
2021-12-16 00:00:00+00:00,1639612800000.0,3.364,3.399,3.192,3.21,20983556.9,,,,,,
2021-12-17 00:00:00+00:00,1639699200000.0,3.21,3.267,3.055,3.151,19163599.6,,,,,,
2021-12-18 00:00:00+00:00,1639785600000.0,3.152,3.31,3.108,3.242,11886054.7,,,,,,
2021-12-19 00:00:00+00:00,1639872000000.0,3.242,3.306,3.174,3.187,13270091.9,,,,,,
2021-12-20 00:00:00+00:00,1639958400000.0,3.186,3.339,3.089,3.188,25192235.4,,,,,,
2021-12-21 00:00:00+00:00,1640044800000.0,3.188,3.36,3.174,3.311,19249431.9,,,,,,
2021-12-22 00:00:00+00:00,1640131200000.0,3.311,3.429,3.285,3.35,15543446.6,,,,,,
2021-12-23 00:00:00+00:00,1640217600000.0,3.351,3.53,3.306,3.502,17717212.9,,,,,,
2021-12-24 00:00:00+00:00,1640304000000.0,3.503,3.52,3.351,3.377,13269129.2,,,,,,
2021-12-25 00:00:00+00:00,1640390400000.0,3.378,3.448,3.355,3.408,11032712.3,,,,,,
2021-12-26 00:00:00+00:00,1640476800000.0,3.407,3.417,3.314,3.395,10109852.1,,,,,,
2021-12-27 00:00:00+00:00,1640563200000.0,3.395,3.499,3.369,3.391,11903877.1,,,,,,
2021-12-28 00:00:00+00:00,1640649600000.0,3.391,3.392,3.105,3.129,17165116.5,,,,,,
2021-12-29 00:00:00+00:00,1640736000000.0,3.129,3.216,3.01,3.031,15274921.7,,,,,,
2021-12-30 00:00:00+00:00,1640822400000.0,3.031,3.117,2.96,3.077,12119740.0,,,,,,
2021-12-31 00:00:00+00:00,1640908800000.0,3.077,3.152,2.976,3.034,12256807.7,,,,,,
2022-01-01 00:00:00+00:00,1640995200000.0,3.033,3.16,3.033,3.157,6970063.3,,,,,,
2022-01-02 00:00:00+00:00,1641081600000.0,3.157,3.274,3.133,3.251,11726612.8,,,,,,
2022-01-03 00:00:00+00:00,1641168000000.0,3.251,3.252,3.134,3.195,10647472.5,,,,,,
2022-01-04 00:00:00+00:00,1641254400000.0,3.195,3.26,3.142,3.168,11042084.0,,,,,,
2022-01-05 00:00:00+00:00,1641340800000.0,3.168,3.233,2.777,2.896,21709759.6,,,,,,
2022-01-06 00:00:00+00:00,1641427200000.0,2.897,2.938,2.81,2.922,15402272.0,,,,,,
2022-01-07 00:00:00+00:00,1641513600000.0,2.922,2.93,2.703,2.839,26503195.7,,,,,,
2022-01-08 00:00:00+00:00,1641600000000.0,2.84,2.899,2.663,2.751,15320263.7,,,,,,
2022-01-09 00:00:00+00:00,1641686400000.0,2.752,2.842,2.738,2.793,9440151.9,,,,,,
2022-01-10 00:00:00+00:00,1641772800000.0,2.793,2.827,2.576,2.702,18301661.5,,,,,,
2022-01-11 00:00:00+00:00,1641859200000.0,2.701,2.802,2.689,2.769,10212226.8,,,,,,
2022-01-12 00:00:00+00:00,1641945600000.0,2.77,2.911,2.763,2.886,9900659.1,,,,,,
2022-01-13 00:00:00+00:00,1642032000000.0,2.885,2.904,2.783,2.789,7844957.5,,,,,,
2022-01-14 00:00:00+00:00,1642118400000.0,2.79,2.93,2.771,2.863,11326021.4,,,,,,
2022-01-15 00:00:00+00:00,1642204800000.0,2.862,2.955,2.846,2.909,8330676.5,,,,,,
2022-01-16 00:00:00+00:00,1642291200000.0,2.91,2.949,2.866,2.903,6193511.7,,,,,,
2022-01-17 00:00:00+00:00,1642377600000.0,2.904,2.908,2.78,2.833,9321498.8,,,,,,
2022-01-18 00:00:00+00:00,1642464000000.0,2.832,2.935,2.745,2.825,12226241.8,,,,,,
2022-01-19 00:00:00+00:00,1642550400000.0,2.824,2.874,2.704,2.739,10156560.8,,,,,,
2022-01-20 00:00:00+00:00,1642636800000.0,2.739,2.857,2.618,2.636,11037439.8,,,,,,
2022-01-21 00:00:00+00:00,1642723200000.0,2.634,2.667,2.301,2.37,31206286.8,,,,,,
2022-01-22 00:00:00+00:00,1642809600000.0,2.369,2.432,2.011,2.222,50668604.82,,,,,,
2022-01-23 00:00:00+00:00,1642896000000.0,2.222,2.291,2.16,2.273,20935295.9,,,,,,
2022-01-24 00:00:00+00:00,1642982400000.0,2.272,2.275,1.99,2.199,35756143.75,,,,,,
2022-01-25 00:00:00+00:00,1643068800000.0,2.199,2.236,2.158,2.223,15239076.5,,,,,,
2022-01-26 00:00:00+00:00,1643155200000.0,2.224,2.382,2.183,2.213,19849058.0,,,,,,
2022-01-27 00:00:00+00:00,1643241600000.0,2.213,2.247,2.126,2.224,13787137.5,,,,,,
2022-01-28 00:00:00+00:00,1643328000000.0,2.223,2.323,2.181,2.309,11507792.7,,,,,,
2022-01-29 00:00:00+00:00,1643414400000.0,2.309,2.379,2.289,2.336,8231433.9,,,,,,
2022-01-30 00:00:00+00:00,1643500800000.0,2.337,2.368,2.26,2.317,7808575.2,,,,,,
2022-01-31 00:00:00+00:00,1643587200000.0,2.316,2.35,2.206,2.337,9387635.1,,,,,,
2022-02-01 00:00:00+00:00,1643673600000.0,2.337,2.373,2.309,2.355,8702604.5,,,,,,
2022-02-02 00:00:00+00:00,1643760000000.0,2.355,2.46,2.261,2.276,12686464.8,,,,,,
2022-02-03 00:00:00+00:00,1643846400000.0,2.276,2.314,2.229,2.311,9848697.9,,,,,,
2022-02-04 00:00:00+00:00,1643932800000.0,2.311,2.487,2.29,2.48,16396539.5,,,,,,
2022-02-05 00:00:00+00:00,1644019200000.0,2.48,2.561,2.442,2.477,11823024.9,,,,,,
2022-02-06 00:00:00+00:00,1644105600000.0,2.477,2.55,2.432,2.538,8062982.9,,,,,,
2022-02-07 00:00:00+00:00,1644192000000.0,2.537,2.72,2.49,2.696,16566638.2,,,,,,
2022-02-08 00:00:00+00:00,1644278400000.0,2.696,2.768,2.54,2.631,20001791.3,,,,,,
2022-02-09 00:00:00+00:00,1644364800000.0,2.632,2.698,2.587,2.67,9825830.5,,,,,,
2022-02-10 00:00:00+00:00,1644451200000.0,2.669,2.767,2.546,2.548,17084011.9,,,,,,
2022-02-11 00:00:00+00:00,1644537600000.0,2.548,2.601,2.384,2.413,13008241.4,,,,,,
2022-02-12 00:00:00+00:00,1644624000000.0,2.412,2.436,2.333,2.395,7831693.8,,,,,,
2022-02-13 00:00:00+00:00,1644710400000.0,2.396,2.432,2.348,2.379,6117220.6,,,,,,
2022-02-14 00:00:00+00:00,1644796800000.0,2.38,2.396,2.31,2.37,6127058.5,,,,,,
2022-02-15 00:00:00+00:00,1644883200000.0,2.37,2.538,2.365,2.53,7038557.5,,,,,,
2022-02-16 00:00:00+00:00,1644969600000.0,2.53,2.58,2.461,2.549,11140585.1,,,,,,
2022-02-17 00:00:00+00:00,1645056000000.0,2.55,2.582,2.291,2.327,13175061.6,,,,,,
2022-02-18 00:00:00+00:00,1645142400000.0,2.327,2.381,2.273,2.295,12205237.4,,,,,,
2022-02-19 00:00:00+00:00,1645228800000.0,2.295,2.337,2.228,2.288,11509082.9,,,,,,
2022-02-20 00:00:00+00:00,1645315200000.0,2.288,2.298,2.168,2.199,12410676.9,,,,,,
2022-02-21 00:00:00+00:00,1645401600000.0,2.198,2.275,2.063,2.073,22739141.0,,,,,,
2022-02-22 00:00:00+00:00,1645488000000.0,2.072,2.179,2.03,2.167,16132425.1,,,,,,
2022-02-23 00:00:00+00:00,1645574400000.0,2.166,2.232,2.101,2.104,12395603.2,,,,,,
2022-02-24 00:00:00+00:00,1645660800000.0,2.104,2.124,1.86,2.07,41371203.61,,,,,,
2022-02-25 00:00:00+00:00,1645747200000.0,2.07,2.164,2.031,2.147,16347852.8,,,,,,
2022-02-26 00:00:00+00:00,1645833600000.0,2.148,2.3,2.134,2.163,11571747.2,,,,,,
2022-02-27 00:00:00+00:00,1645920000000.0,2.163,2.249,2.057,2.092,18943985.3,,,,,,
2022-02-28 00:00:00+00:00,1646006400000.0,2.091,2.283,2.06,2.282,22646018.2,,,,,,
2022-03-01 00:00:00+00:00,1646092800000.0,2.282,2.313,2.208,2.265,16154015.1,,,,,,
2022-03-02 00:00:00+00:00,1646179200000.0,2.266,2.285,2.179,2.213,15152883.5,,,,,,
2022-03-03 00:00:00+00:00,1646265600000.0,2.213,2.223,2.122,2.155,10018982.0,,,,,,
2022-03-04 00:00:00+00:00,1646352000000.0,2.156,2.166,1.973,2.003,15281199.3,,,,,,
2022-03-05 00:00:00+00:00,1646438400000.0,2.003,2.053,1.962,2.044,7267347.6,,,,,,
2022-03-06 00:00:00+00:00,1646524800000.0,2.043,2.058,1.946,1.962,7923436.0,,,,,,
2022-03-07 00:00:00+00:00,1646611200000.0,1.961,2.02,1.87,1.92,14393378.2,,,,,,
2022-03-08 00:00:00+00:00,1646697600000.0,1.92,1.994,1.911,1.971,12460243.8,,,,,,
2022-03-09 00:00:00+00:00,1646784000000.0,1.971,2.08,1.97,2.066,12617745.2,,,,,,
2022-03-10 00:00:00+00:00,1646870400000.0,2.066,2.101,1.933,1.983,14368876.1,,,,,,
2022-03-11 00:00:00+00:00,1646956800000.0,1.984,2.017,1.922,1.974,12299975.8,,,,,,
2022-03-12 00:00:00+00:00,1647043200000.0,1.974,2.009,1.965,1.968,6474608.9,,,,,,
2022-03-13 00:00:00+00:00,1647129600000.0,1.969,2.007,1.889,1.906,8741777.4,,,,,,
2022-03-14 00:00:00+00:00,1647216000000.0,1.906,1.976,1.883,1.968,11128207.7,,,,,,
2022-03-15 00:00:00+00:00,1647302400000.0,1.968,2.009,1.916,1.986,7717510.6,,,,,,
2022-03-16 00:00:00+00:00,1647388800000.0,1.986,2.094,1.975,2.084,13815204.1,,,,,,
2022-03-17 00:00:00+00:00,1647475200000.0,2.085,2.096,2.051,2.085,7535796.4,,,,,,
2022-03-18 00:00:00+00:00,1647561600000.0,2.086,2.145,2.051,2.128,7737421.4,,,,,,
2022-03-19 00:00:00+00:00,1647648000000.0,2.128,2.225,2.128,2.217,9950960.4,,,,,,
2022-03-20 00:00:00+00:00,1647734400000.0,2.217,2.277,2.152,2.214,13099063.2,,,,,,
2022-03-21 00:00:00+00:00,1647820800000.0,2.215,2.445,2.146,2.348,27916596.8,,,,,,
2022-03-22 00:00:00+00:00,1647907200000.0,2.348,2.575,2.347,2.55,42909399.9,,,,,,
2022-03-23 00:00:00+00:00,1647993600000.0,2.55,2.587,2.439,2.5,23245977.1,,,,,,
2022-03-24 00:00:00+00:00,1648080000000.0,2.5,2.629,2.436,2.541,16739063.3,,,,,,
2022-03-25 00:00:00+00:00,1648166400000.0,2.541,2.578,2.426,2.504,17140381.0,,,,,,
2022-03-26 00:00:00+00:00,1648252800000.0,2.504,2.517,2.461,2.513,7802399.4,,,,,,
2022-03-27 00:00:00+00:00,1648339200000.0,2.513,2.674,2.485,2.67,14519362.1,,,,,,
2022-03-28 00:00:00+00:00,1648425600000.0,2.669,3.22,2.644,2.86,74676902.5,,,,,,
2022-03-29 00:00:00+00:00,1648512000000.0,2.86,2.971,2.768,2.894,27252741.1,,,,,,
2022-03-30 00:00:00+00:00,1648598400000.0,2.894,3.063,2.803,2.938,22113534.6,,,,,,
2022-03-31 00:00:00+00:00,1648684800000.0,2.936,3.02,2.75,2.826,23573436.2,,,,,,
2022-04-01 00:00:00+00:00,1648771200000.0,2.826,2.868,2.658,2.838,21506158.9,,,,,,
2022-04-02 00:00:00+00:00,1648857600000.0,2.838,2.937,2.763,2.786,14640884.8,,,,,,
2022-04-03 00:00:00+00:00,1648944000000.0,2.786,2.865,2.723,2.84,11000654.6,,,,,,
2022-04-04 00:00:00+00:00,1649030400000.0,2.841,2.943,2.713,2.89,28508692.6,,,,,,
2022-04-05 00:00:00+00:00,1649116800000.0,2.891,2.912,2.736,2.753,14925402.8,,,,,,
2022-04-06 00:00:00+00:00,1649203200000.0,2.753,2.763,2.414,2.426,22885346.4,,,,,,
2022-04-07 00:00:00+00:00,1649289600000.0,2.426,2.695,2.391,2.503,15528638.3,,,,,,
2022-04-08 00:00:00+00:00,1649376000000.0,2.502,2.523,2.345,2.38,18132433.0,,,,,,
2022-04-09 00:00:00+00:00,1649462400000.0,2.38,2.444,2.36,2.417,9704040.4,,,,,,
2022-04-10 00:00:00+00:00,1649548800000.0,2.417,2.483,2.356,2.361,10022726.7,,,,,,
2022-04-11 00:00:00+00:00,1649635200000.0,2.362,2.381,2.118,2.163,17785672.6,,,,,,
2022-04-12 00:00:00+00:00,1649721600000.0,2.163,2.251,2.154,2.244,13046905.1,,,,,,
2022-04-13 00:00:00+00:00,1649808000000.0,2.244,2.362,2.208,2.359,12939443.1,,,,,,
2022-04-14 00:00:00+00:00,1649894400000.0,2.359,2.371,2.24,2.307,12333113.4,,,,,,
2022-04-15 00:00:00+00:00,1649980800000.0,2.308,2.443,2.291,2.419,15439108.2,,,,,,
2022-04-16 00:00:00+00:00,1650067200000.0,2.418,2.643,2.402,2.608,21040510.3,,,,,,
2022-04-17 00:00:00+00:00,1650153600000.0,2.609,2.686,2.388,2.418,28524743.6,,,,,,
2022-04-18 00:00:00+00:00,1650240000000.0,2.418,2.459,2.296,2.445,24346089.7,,,,,,
2022-04-19 00:00:00+00:00,1650326400000.0,2.445,2.698,2.418,2.646,25729835.5,,,,,,
2022-04-20 00:00:00+00:00,1650412800000.0,2.645,2.886,2.522,2.764,55248346.6,,,,,,
2022-04-21 00:00:00+00:00,1650499200000.0,2.764,2.858,2.452,2.505,37304369.7,,,,,,
2022-04-22 00:00:00+00:00,1650585600000.0,2.505,2.558,2.436,2.457,18577653.2,,,,,,
2022-04-23 00:00:00+00:00,1650672000000.0,2.458,2.489,2.38,2.404,11304929.4,,,,,,
2022-04-24 00:00:00+00:00,1650758400000.0,2.404,2.448,2.336,2.35,10520006.8,,,,,,
2022-04-25 00:00:00+00:00,1650844800000.0,2.349,2.395,2.208,2.378,18508382.0,,,,,,
2022-04-26 00:00:00+00:00,1650931200000.0,2.378,2.45,2.146,2.185,19041873.5,,,,,,
2022-04-27 00:00:00+00:00,1651017600000.0,2.185,2.283,2.159,2.253,12600607.5,,,,,,
2022-04-28 00:00:00+00:00,1651104000000.0,2.253,2.355,2.243,2.314,17309557.4,,,,,,
2022-04-29 00:00:00+00:00,1651190400000.0,2.315,2.379,2.222,2.274,22143241.5,,,,,,
2022-04-30 00:00:00+00:00,1651276800000.0,2.274,2.29,1.913,2.012,18631588.6,,,,,,
2022-05-01 00:00:00+00:00,1651363200000.0,2.013,2.112,1.998,2.11,14055668.3,,,,,,
2022-05-02 00:00:00+00:00,1651449600000.0,2.109,2.154,2.033,2.097,15248866.1,,,,,,
2022-05-03 00:00:00+00:00,1651536000000.0,2.097,2.124,2.019,2.053,10163861.5,,,,,,
2022-05-04 00:00:00+00:00,1651622400000.0,2.054,2.238,2.046,2.226,15455144.2,,,,,,
2022-05-05 00:00:00+00:00,1651708800000.0,2.226,2.251,1.96,2.013,22883640.3,,,,,,
2022-05-06 00:00:00+00:00,1651795200000.0,2.013,2.049,1.937,2.024,16799451.8,,,,,,
2022-05-07 00:00:00+00:00,1651881600000.0,2.024,2.049,1.93,1.977,12347563.4,,,,,,
2022-05-08 00:00:00+00:00,1651968000000.0,1.978,1.993,1.928,1.95,12982997.4,,,,,,
2022-05-09 00:00:00+00:00,1652054400000.0,1.951,1.977,1.516,1.59,40601956.34,,,,,,
2022-05-10 00:00:00+00:00,1652140800000.0,1.59,1.816,1.588,1.716,50653724.9,,,,,,
2022-05-11 00:00:00+00:00,1652227200000.0,1.716,1.737,1.341,1.409,56018097.47,,,,,,
2022-05-12 00:00:00+00:00,1652313600000.0,1.409,1.457,1.11,1.274,72943917.67,,,,,,
2022-05-13 00:00:00+00:00,1652400000000.0,1.274,1.461,1.26,1.34,31383930.7,,,,,,
2022-05-14 00:00:00+00:00,1652486400000.0,1.34,1.381,1.252,1.352,18478405.7,,,,,,
2022-05-15 00:00:00+00:00,1652572800000.0,1.353,1.409,1.31,1.406,14449033.2,,,,,,
2022-05-16 00:00:00+00:00,1652659200000.0,1.406,1.409,1.279,1.317,19172801.0,,,,,,
2022-05-17 00:00:00+00:00,1652745600000.0,1.318,1.395,1.312,1.377,15346808.0,,,,,,
2022-05-18 00:00:00+00:00,1652832000000.0,1.377,1.391,1.262,1.266,13702263.8,,,,,,
2022-05-19 00:00:00+00:00,1652918400000.0,1.267,1.336,1.224,1.321,16526865.9,,,,,,
2022-05-20 00:00:00+00:00,1653004800000.0,1.321,1.348,1.246,1.272,13205055.7,,,,,,
2022-05-21 00:00:00+00:00,1653091200000.0,1.273,1.326,1.245,1.306,10269043.9,,,,,,
2022-05-22 00:00:00+00:00,1653177600000.0,1.306,1.371,1.294,1.355,11962377.5,,,,,,
2022-05-23 00:00:00+00:00,1653264000000.0,1.354,1.438,1.292,1.308,18536264.1,,,,,,
2022-05-24 00:00:00+00:00,1653350400000.0,1.308,1.358,1.272,1.344,13400123.7,,,,,,
2022-05-25 00:00:00+00:00,1653436800000.0,1.344,1.373,1.306,1.325,12824621.8,,,,,,
2022-05-26 00:00:00+00:00,1653523200000.0,1.325,1.341,1.189,1.238,22110488.3,,,,,,
2022-05-27 00:00:00+00:00,1653609600000.0,1.237,1.261,1.187,1.215,19306394.1,,,,,,
2022-05-28 00:00:00+00:00,1653696000000.0,1.216,1.265,1.207,1.256,9086160.9,,,,,,
2022-05-29 00:00:00+00:00,1653782400000.0,1.256,1.296,1.231,1.294,7980319.1,,,,,,
2022-05-30 00:00:00+00:00,1653868800000.0,1.293,1.402,1.282,1.386,14137115.4,,,,,,
2022-05-31 00:00:00+00:00,1653955200000.0,1.387,1.399,1.33,1.38,16518183.1,,,,,,
2022-06-01 00:00:00+00:00,1654041600000.0,1.381,1.407,1.24,1.267,20081831.0,,,,,,
2022-06-02 00:00:00+00:00,1654128000000.0,1.266,1.299,1.245,1.293,11181886.2,,,,,,
2022-06-03 00:00:00+00:00,1654214400000.0,1.294,1.301,1.233,1.265,8326429.2,,,,,,
2022-06-04 00:00:00+00:00,1654300800000.0,1.264,1.295,1.24,1.285,6079076.6,,,,,,
2022-06-05 00:00:00+00:00,1654387200000.0,1.285,1.294,1.257,1.27,5438527.7,,,,,,
2022-06-06 00:00:00+00:00,1654473600000.0,1.269,1.334,1.262,1.303,9296973.7,,,,,,
2022-06-07 00:00:00+00:00,1654560000000.0,1.303,1.325,1.218,1.285,12212900.5,,,,,,
2022-06-08 00:00:00+00:00,1654646400000.0,1.285,1.307,1.242,1.254,10462096.0,,,,,,
2022-06-09 00:00:00+00:00,1654732800000.0,1.254,1.276,1.23,1.24,7859064.1,,,,,,
2022-06-10 00:00:00+00:00,1654819200000.0,1.239,1.252,1.163,1.184,11608346.9,,,,,,
2022-06-11 00:00:00+00:00,1654905600000.0,1.184,1.214,1.098,1.117,13272651.06,,,,,,
2022-06-12 00:00:00+00:00,1654992000000.0,1.119,1.127,1.029,1.03,18458374.75,,,,,,
2022-06-13 00:00:00+00:00,1655078400000.0,1.03,1.07,0.877,0.919,44526927.75,,,,,,
2022-06-14 00:00:00+00:00,1655164800000.0,0.919,0.962,0.852,0.941,27096917.0,,,,,,
2022-06-15 00:00:00+00:00,1655251200000.0,0.94,1.016,0.854,1.009,31045898.7,,,,,,
2022-06-16 00:00:00+00:00,1655337600000.0,1.009,1.024,0.901,0.911,18583046.8,,,,,,
2022-06-17 00:00:00+00:00,1655424000000.0,0.911,0.964,0.904,0.938,12207284.2,,,,,,
2022-06-18 00:00:00+00:00,1655510400000.0,0.938,0.95,0.815,0.887,22306420.5,,,,,,
2022-06-19 00:00:00+00:00,1655596800000.0,0.888,0.979,0.86,0.968,13527144.1,,,,,,
2022-06-20 00:00:00+00:00,1655683200000.0,0.968,0.987,0.923,0.961,10565193.3,,,,,,
2022-06-21 00:00:00+00:00,1655769600000.0,0.962,1.005,0.946,0.964,12512600.5,,,,,,
2022-06-22 00:00:00+00:00,1655856000000.0,0.964,0.964,0.918,0.925,11914358.0,,,,,,
2022-06-23 00:00:00+00:00,1655942400000.0,0.925,0.977,0.922,0.974,10146709.6,,,,,,
2022-06-24 00:00:00+00:00,1656028800000.0,0.974,1.021,0.974,1.004,12488313.3,,,,,,
2022-06-25 00:00:00+00:00,1656115200000.0,1.005,1.027,0.971,1.007,6542505.4,,,,,,
2022-06-26 00:00:00+00:00,1656201600000.0,1.008,1.04,0.987,0.99,9519528.7,,,,,,
2022-06-27 00:00:00+00:00,1656288000000.0,0.989,1.028,0.968,0.985,11104910.5,,,,,,
2022-06-28 00:00:00+00:00,1656374400000.0,0.985,1.005,0.941,0.944,9874526.8,,,,,,
2022-06-29 00:00:00+00:00,1656460800000.0,0.945,0.959,0.921,0.936,8072855.7,,,,,,
2022-06-30 00:00:00+00:00,1656547200000.0,0.937,0.939,0.869,0.926,9725580.5,,,,,,
2022-07-01 00:00:00+00:00,1656633600000.0,0.926,0.955,0.889,0.91,8869637.9,,,,,,
2022-07-02 00:00:00+00:00,1656720000000.0,0.91,0.946,0.9,0.937,5026217.6,,,,,,
2022-07-03 00:00:00+00:00,1656806400000.0,0.938,0.95,0.912,0.944,5126285.8,,,,,,
2022-07-04 00:00:00+00:00,1656892800000.0,0.945,0.989,0.92,0.986,6642131.3,,,,,,
2022-07-05 00:00:00+00:00,1656979200000.0,0.986,1.004,0.93,0.972,11500715.6,,,,,,
2022-07-06 00:00:00+00:00,1657065600000.0,0.972,1.01,0.96,1.0,7494015.9,,,,,,
2022-07-07 00:00:00+00:00,1657152000000.0,1.0,1.038,0.989,1.031,6270924.5,,,,,,
2022-07-08 00:00:00+00:00,1657238400000.0,1.031,1.071,1.004,1.012,9605938.7,,,,,,
2022-07-09 00:00:00+00:00,1657324800000.0,1.013,1.049,1.012,1.038,4121781.7,,,,,,
2022-07-10 00:00:00+00:00,1657411200000.0,1.038,1.039,0.997,1.003,4096373.4,,,,,,
2022-07-11 00:00:00+00:00,1657497600000.0,1.004,1.005,0.934,0.94,5414442.9,,,,,,
2022-07-12 00:00:00+00:00,1657584000000.0,0.94,0.95,0.915,0.917,5464154.5,,,,,,
2022-07-13 00:00:00+00:00,1657670400000.0,0.917,0.956,0.887,0.95,9790604.4,,,,,,
2022-07-14 00:00:00+00:00,1657756800000.0,0.95,0.979,0.915,0.971,10391470.2,,,,,,
2022-07-15 00:00:00+00:00,1657843200000.0,0.971,0.994,0.959,0.976,8335527.7,,,,,,
2022-07-16 00:00:00+00:00,1657929600000.0,0.975,1.015,0.951,1.008,9382656.7,,,,,,
2022-07-17 00:00:00+00:00,1658016000000.0,1.008,1.025,0.975,0.984,10077781.7,,,,,,
2022-07-18 00:00:00+00:00,1658102400000.0,0.985,1.07,0.983,1.056,15759464.1,,,,,,
2022-07-19 00:00:00+00:00,1658188800000.0,1.056,1.094,1.022,1.077,16098502.1,,,,,,
2022-07-20 00:00:00+00:00,1658275200000.0,1.077,1.103,1.028,1.04,18466586.0,,,,,,
2022-07-21 00:00:00+00:00,1658361600000.0,1.04,1.057,1.004,1.053,9947026.6,,,,,,
2022-07-22 00:00:00+00:00,1658448000000.0,1.053,1.216,1.039,1.175,33084766.9,,,,,,
2022-07-23 00:00:00+00:00,1658534400000.0,1.174,1.2,1.126,1.164,20152787.9,,,,,,
2022-07-24 00:00:00+00:00,1658620800000.0,1.163,1.266,1.162,1.203,25786419.8,,,,,,
2022-07-25 00:00:00+00:00,1658707200000.0,1.203,1.207,1.103,1.108,14405969.8,,,,,,
2022-07-26 00:00:00+00:00,1658793600000.0,1.108,1.113,1.066,1.111,12528622.2,,,,,,
2022-07-27 00:00:00+00:00,1658880000000.0,1.111,1.26,1.089,1.255,17156721.1,,,,,,
2022-07-28 00:00:00+00:00,1658966400000.0,1.255,1.356,1.231,1.314,25197994.0,,,,,,
2022-07-29 00:00:00+00:00,1659052800000.0,1.313,1.327,1.248,1.3,15718318.2,,,,,,
2022-07-30 00:00:00+00:00,1659139200000.0,1.3,1.385,1.266,1.308,13983715.0,,,,,,
2022-07-31 00:00:00+00:00,1659225600000.0,1.308,1.449,1.278,1.331,23204098.8,,,,,,
2022-08-01 00:00:00+00:00,1659312000000.0,1.332,1.37,1.23,1.256,16116681.7,,,,,,
2022-08-02 00:00:00+00:00,1659398400000.0,1.256,1.27,1.153,1.187,25246796.3,,,,,,
2022-08-03 00:00:00+00:00,1659484800000.0,1.187,1.233,1.148,1.174,13481091.9,,,,,,
2022-08-04 00:00:00+00:00,1659571200000.0,1.174,1.209,1.157,1.188,10739618.0,,,,,,
2022-08-05 00:00:00+00:00,1659657600000.0,1.188,1.27,1.186,1.258,11329404.7,,,,,,
2022-08-06 00:00:00+00:00,1659744000000.0,1.259,1.271,1.221,1.226,6803235.5,,,,,,
2022-08-07 00:00:00+00:00,1659830400000.0,1.226,1.252,1.201,1.229,6857126.2,,,,,,
2022-08-08 00:00:00+00:00,1659916800000.0,1.229,1.286,1.228,1.251,9828159.3,,,,,,
2022-08-09 00:00:00+00:00,1660003200000.0,1.252,1.258,1.157,1.178,12273420.6,,,,,,
2022-08-10 00:00:00+00:00,1660089600000.0,1.178,1.293,1.148,1.277,14341308.8,,,,,,
2022-08-11 00:00:00+00:00,1660176000000.0,1.277,1.336,1.275,1.312,13781724.1,,,,,,
2022-08-12 00:00:00+00:00,1660262400000.0,1.312,1.33,1.267,1.328,9236159.1,,,,,,
2022-08-13 00:00:00+00:00,1660348800000.0,1.328,1.411,1.321,1.35,9321681.4,,,,,,
2022-08-14 00:00:00+00:00,1660435200000.0,1.351,1.384,1.291,1.306,8510761.4,,,,,,
2022-08-15 00:00:00+00:00,1660521600000.0,1.305,1.354,1.248,1.273,10325842.6,,,,,,
2022-08-16 00:00:00+00:00,1660608000000.0,1.272,1.4,1.241,1.382,15064926.0,,,,,,
2022-08-17 00:00:00+00:00,1660694400000.0,1.381,1.837,1.372,1.48,92721573.8,,,,,,
2022-08-18 00:00:00+00:00,1660780800000.0,1.481,1.563,1.413,1.484,39894443.0,,,,,,
2022-08-19 00:00:00+00:00,1660867200000.0,1.484,1.493,1.249,1.273,42531034.1,,,,,,
2022-08-20 00:00:00+00:00,1660953600000.0,1.273,1.427,1.268,1.411,26313626.4,,,,,,
2022-08-21 00:00:00+00:00,1661040000000.0,1.411,1.588,1.375,1.57,41197227.1,,,,,,
2022-08-22 00:00:00+00:00,1661126400000.0,1.569,1.948,1.469,1.837,82513725.1,,,,,,
2022-08-23 00:00:00+00:00,1661212800000.0,1.837,1.898,1.708,1.805,61725604.6,,,,,,
2022-08-24 00:00:00+00:00,1661299200000.0,1.805,1.815,1.675,1.773,34679855.2,,,,,,
2022-08-25 00:00:00+00:00,1661385600000.0,1.773,1.79,1.659,1.732,29603149.3,,,,,,
2022-08-26 00:00:00+00:00,1661472000000.0,1.732,1.774,1.522,1.547,37326725.4,,,,,,
2022-08-27 00:00:00+00:00,1661558400000.0,1.547,1.561,1.47,1.539,21019671.0,,,,,,
2022-08-28 00:00:00+00:00,1661644800000.0,1.539,1.57,1.411,1.426,16105458.2,,,,,,
2022-08-29 00:00:00+00:00,1661731200000.0,1.426,1.504,1.402,1.494,12259052.9,,,,,,
2022-08-30 00:00:00+00:00,1661817600000.0,1.493,1.517,1.345,1.393,16189986.4,,,,,,
2022-08-31 00:00:00+00:00,1661904000000.0,1.394,1.446,1.363,1.373,12155814.9,,,,,,
2022-09-01 00:00:00+00:00,1661990400000.0,1.372,1.496,1.343,1.48,22395390.8,,,,,,
2022-09-02 00:00:00+00:00,1662076800000.0,1.481,1.59,1.478,1.547,29367755.0,,,,,,
2022-09-03 00:00:00+00:00,1662163200000.0,1.547,1.601,1.509,1.517,16407350.0,,,,,,
2022-09-04 00:00:00+00:00,1662249600000.0,1.517,1.546,1.467,1.492,7627744.3,,,,,,
2022-09-05 00:00:00+00:00,1662336000000.0,1.492,1.593,1.421,1.568,14397809.9,,,,,,
2022-09-06 00:00:00+00:00,1662422400000.0,1.568,1.588,1.376,1.395,19621382.2,,,,,,
2022-09-07 00:00:00+00:00,1662508800000.0,1.395,1.703,1.361,1.665,33782366.0,,,,,,
2022-09-08 00:00:00+00:00,1662595200000.0,1.665,1.734,1.586,1.602,29973556.7,,,,,,
2022-09-09 00:00:00+00:00,1662681600000.0,1.603,1.749,1.566,1.661,25073992.7,,,,,,
2022-09-10 00:00:00+00:00,1662768000000.0,1.662,1.868,1.635,1.747,38523655.9,,,,,,
2022-09-11 00:00:00+00:00,1662854400000.0,1.748,1.837,1.666,1.713,23923234.1,,,,,,
2022-09-12 00:00:00+00:00,1662940800000.0,1.712,1.776,1.633,1.66,18346967.9,,,,,,
2022-09-13 00:00:00+00:00,1663027200000.0,1.659,1.697,1.462,1.471,24465740.2,,,,,,
2022-09-14 00:00:00+00:00,1663113600000.0,1.47,1.506,1.413,1.475,22838109.8,,,,,,
2022-09-15 00:00:00+00:00,1663200000000.0,1.475,1.484,1.363,1.381,21481484.7,,,,,,
2022-09-16 00:00:00+00:00,1663286400000.0,1.381,1.456,1.379,1.424,18097772.3,,,,,,
2022-09-17 00:00:00+00:00,1663372800000.0,1.423,1.49,1.418,1.471,9424388.5,,,,,,
2022-09-18 00:00:00+00:00,1663459200000.0,1.471,1.473,1.239,1.274,20504351.3,,,,,,
2022-09-19 00:00:00+00:00,1663545600000.0,1.273,1.313,1.21,1.298,22787993.8,,,,,,
2022-09-20 00:00:00+00:00,1663632000000.0,1.299,1.384,1.242,1.339,24601629.4,,,,,,
2022-09-21 00:00:00+00:00,1663718400000.0,1.338,1.363,1.158,1.181,32033632.9,,,,,,
2022-09-22 00:00:00+00:00,1663804800000.0,1.181,1.251,1.166,1.238,16570823.7,,,,,,
2022-09-23 00:00:00+00:00,1663891200000.0,1.238,1.26,1.168,1.229,18427902.5,,,,,,
2022-09-24 00:00:00+00:00,1663977600000.0,1.228,1.249,1.188,1.199,16756527.0,,,,,,
2022-09-25 00:00:00+00:00,1664064000000.0,1.198,1.222,1.143,1.165,9748846.7,,,,,,
2022-09-26 00:00:00+00:00,1664150400000.0,1.165,1.192,1.135,1.182,13822304.2,,,,,,
2022-09-27 00:00:00+00:00,1664236800000.0,1.182,1.227,1.138,1.154,15110307.1,,,,,,
2022-09-28 00:00:00+00:00,1664323200000.0,1.154,1.167,1.102,1.148,9983539.1,,,,,,
2022-09-29 00:00:00+00:00,1664409600000.0,1.147,1.231,1.144,1.205,21785372.2,,,,,,
2022-09-30 00:00:00+00:00,1664496000000.0,1.205,1.227,1.167,1.183,16990331.8,,,,,,
2022-10-01 00:00:00+00:00,1664582400000.0,1.183,1.235,1.181,1.224,10094640.3,,,,,,
2022-10-02 00:00:00+00:00,1664668800000.0,1.224,1.226,1.153,1.16,8123481.3,,,,,,
2022-10-03 00:00:00+00:00,1664755200000.0,1.16,1.194,1.149,1.186,7426377.5,,,,,,
2022-10-04 00:00:00+00:00,1664841600000.0,1.186,1.211,1.174,1.2,7690162.8,,,,,,
2022-10-05 00:00:00+00:00,1664928000000.0,1.2,1.203,1.155,1.175,7588890.9,,,,,,
2022-10-06 00:00:00+00:00,1665014400000.0,1.176,1.191,1.152,1.155,7536087.2,,,,,,
2022-10-07 00:00:00+00:00,1665100800000.0,1.155,1.167,1.102,1.121,10471814.2,,,,,,
2022-10-08 00:00:00+00:00,1665187200000.0,1.121,1.133,1.089,1.112,4864915.2,,,,,,
2022-10-09 00:00:00+00:00,1665273600000.0,1.112,1.135,1.109,1.121,3743580.7,,,,,,
2022-10-10 00:00:00+00:00,1665360000000.0,1.121,1.132,1.01,1.034,17886217.7,,,,,,
2022-10-11 00:00:00+00:00,1665446400000.0,1.034,1.062,1.007,1.043,8349514.6,,,,,,
2022-10-12 00:00:00+00:00,1665532800000.0,1.043,1.055,1.025,1.039,4590358.1,,,,,,
2022-10-13 00:00:00+00:00,1665619200000.0,1.038,1.043,0.937,1.015,20321784.2,,,,,,
2022-10-14 00:00:00+00:00,1665705600000.0,1.015,1.047,0.991,1.008,8963845.3,,,,,,
2022-10-15 00:00:00+00:00,1665792000000.0,1.009,1.074,1.003,1.051,9982497.5,,,,,,
2022-10-16 00:00:00+00:00,1665878400000.0,1.051,1.075,1.036,1.05,5609657.8,,,,,,
2022-10-17 00:00:00+00:00,1665964800000.0,1.05,1.069,1.039,1.064,4030516.6,,,,,,
2022-10-18 00:00:00+00:00,1666051200000.0,1.065,1.08,1.022,1.05,6977206.4,,,,,,
2022-10-19 00:00:00+00:00,1666137600000.0,1.05,1.055,0.992,1.004,7649828.8,,,,,,
2022-10-20 00:00:00+00:00,1666224000000.0,1.004,1.092,0.998,1.043,15289953.8,,,,,,
2022-10-21 00:00:00+00:00,1666310400000.0,1.043,1.08,1.006,1.07,13765189.9,,,,,,
2022-10-22 00:00:00+00:00,1666396800000.0,1.07,1.08,1.046,1.067,6957526.8,,,,,,
2022-10-23 00:00:00+00:00,1666483200000.0,1.067,1.1,1.064,1.095,10405032.9,,,,,,
2022-10-24 00:00:00+00:00,1666569600000.0,1.095,1.098,1.058,1.067,7238509.9,,,,,,
2022-10-25 00:00:00+00:00,1666656000000.0,1.067,1.129,1.052,1.099,9762422.0,,,,,,
2022-10-26 00:00:00+00:00,1666742400000.0,1.101,1.136,1.099,1.128,12065403.0,,,,,,
2022-10-27 00:00:00+00:00,1666828800000.0,1.128,1.154,1.113,1.125,10719095.4,,,,,,
2022-10-28 00:00:00+00:00,1666915200000.0,1.125,1.164,1.121,1.137,18042138.0,,,,,,
2022-10-29 00:00:00+00:00,1667001600000.0,1.136,1.164,1.123,1.137,11964521.8,,,,,,
2022-10-30 00:00:00+00:00,1667088000000.0,1.137,1.155,1.08,1.109,9819278.2,,,,,,
2022-10-31 00:00:00+00:00,1667174400000.0,1.11,1.156,1.096,1.148,11911877.4,,,,,,
2022-11-01 00:00:00+00:00,1667260800000.0,1.149,1.182,1.138,1.142,9343342.1,,,,,,
2022-11-02 00:00:00+00:00,1667347200000.0,1.142,1.18,1.099,1.119,13312384.1,,,,,,
2022-11-03 00:00:00+00:00,1667433600000.0,1.118,1.166,1.115,1.149,10411917.7,,,,,,
2022-11-04 00:00:00+00:00,1667520000000.0,1.149,1.199,1.137,1.196,14070525.6,,,,,,
2022-11-05 00:00:00+00:00,1667606400000.0,1.197,1.219,1.144,1.168,14572373.7,,,,,,
2022-11-06 00:00:00+00:00,1667692800000.0,1.168,1.174,1.107,1.113,9333388.0,,,,,,
2022-11-07 00:00:00+00:00,1667779200000.0,1.112,1.143,1.102,1.134,8028906.1,,,,,,
2022-11-08 00:00:00+00:00,1667865600000.0,1.134,1.154,0.842,0.964,45552857.6,,,,,,
2022-11-09 00:00:00+00:00,1667952000000.0,0.964,0.97,0.788,0.824,30678080.32,,,,,,
2022-11-10 00:00:00+00:00,1668038400000.0,0.824,0.962,0.806,0.938,26847755.5,,,,,,
2022-11-11 00:00:00+00:00,1668124800000.0,0.938,0.949,0.873,0.935,12932903.8,,,,,,
2022-11-12 00:00:00+00:00,1668211200000.0,0.935,0.938,0.881,0.893,9263494.1,,,,,,
2022-11-13 00:00:00+00:00,1668297600000.0,0.893,0.916,0.864,0.883,9119168.1,,,,,,
2022-11-14 00:00:00+00:00,1668384000000.0,0.884,0.924,0.83,0.916,13794913.0,,,,,,
2022-11-15 00:00:00+00:00,1668470400000.0,0.916,0.951,0.906,0.926,10143002.1,,,,,,
2022-11-16 00:00:00+00:00,1668556800000.0,0.927,0.945,0.89,0.898,8388782.0,,,,,,
2022-11-17 00:00:00+00:00,1668643200000.0,0.897,0.908,0.882,0.9,4668131.4,,,,,,
2022-11-18 00:00:00+00:00,1668729600000.0,0.9,0.919,0.888,0.898,4179442.3,,,,,,
2022-11-19 00:00:00+00:00,1668816000000.0,0.898,0.908,0.875,0.903,4132168.6,,,,,,
2022-11-20 00:00:00+00:00,1668902400000.0,0.904,0.915,0.861,0.871,4782517.7,,,,,,
2022-11-21 00:00:00+00:00,1668988800000.0,0.872,0.88,0.827,0.848,7699245.0,,,,,,
2022-11-22 00:00:00+00:00,1669075200000.0,0.848,0.88,0.833,0.879,6828216.4,,,,,,
2022-11-23 00:00:00+00:00,1669161600000.0,0.879,0.922,0.871,0.912,8942143.2,,,,,,
2022-11-24 00:00:00+00:00,1669248000000.0,0.912,0.921,0.894,0.912,6498226.9,,,,,,
2022-11-25 00:00:00+00:00,1669334400000.0,0.911,1.02,0.891,0.933,20759143.0,,,,,,
2022-11-26 00:00:00+00:00,1669420800000.0,0.934,0.947,0.917,0.934,8272210.1,,,,,,
2022-11-27 00:00:00+00:00,1669507200000.0,0.933,0.962,0.923,0.929,9395226.4,,,,,,
2022-11-28 00:00:00+00:00,1669593600000.0,0.929,0.935,0.884,0.904,8507652.6,,,,,,
2022-11-29 00:00:00+00:00,1669680000000.0,0.903,0.923,0.898,0.918,4744939.7,,,,,,
2022-11-30 00:00:00+00:00,1669766400000.0,0.918,0.955,0.917,0.951,6618884.8,,,,,,
2022-12-01 00:00:00+00:00,1669852800000.0,0.95,0.952,0.922,0.931,6499294.9,,,,,,
2022-12-02 00:00:00+00:00,1669939200000.0,0.931,0.954,0.919,0.942,6348838.6,,,,,,
2022-12-03 00:00:00+00:00,1670025600000.0,0.942,0.947,0.916,0.922,4795298.2,,,,,,
2022-12-04 00:00:00+00:00,1670112000000.0,0.922,0.933,0.92,0.93,6436735.0,,,,,,
2022-12-05 00:00:00+00:00,1670198400000.0,0.931,0.955,0.918,0.931,8361666.8,,,,,,
2022-12-06 00:00:00+00:00,1670284800000.0,0.932,0.975,0.926,0.958,10587344.2,,,,,,
2022-12-07 00:00:00+00:00,1670371200000.0,0.959,1.019,0.918,0.989,22751193.1,,,,,,
2022-12-08 00:00:00+00:00,1670457600000.0,0.989,1.005,0.969,0.995,13882770.1,,,,,,
2022-12-09 00:00:00+00:00,1670544000000.0,0.994,1.067,0.993,1.032,20438778.9,,,,,,
2022-12-10 00:00:00+00:00,1670630400000.0,1.032,1.055,1.023,1.034,10403866.3,,,,,,
2022-12-11 00:00:00+00:00,1670716800000.0,1.033,1.053,0.984,1.004,10847472.3,,,,,,
2022-12-12 00:00:00+00:00,1670803200000.0,1.003,1.005,0.958,0.982,15288326.6,,,,,,
2022-12-13 00:00:00+00:00,1670889600000.0,0.981,1.018,0.948,1.001,12510228.9,,,,,,
2022-12-14 00:00:00+00:00,1670976000000.0,1.001,1.01,0.966,0.977,8452190.5,,,,,,
2022-12-15 00:00:00+00:00,1671062400000.0,0.978,0.982,0.946,0.956,6561826.1,,,,,,
2022-12-16 00:00:00+00:00,1671148800000.0,0.956,0.963,0.855,0.873,14222547.9,,,,,,
2022-12-17 00:00:00+00:00,1671235200000.0,0.872,0.893,0.858,0.891,6530316.9,,,,,,
2022-12-18 00:00:00+00:00,1671321600000.0,0.892,0.897,0.878,0.882,3090193.9,,,,,,
2022-12-19 00:00:00+00:00,1671408000000.0,0.883,0.896,0.83,0.848,23201727.2,,,,,,
2022-12-20 00:00:00+00:00,1671494400000.0,0.848,0.895,0.843,0.889,9336324.3,,,,,,
2022-12-21 00:00:00+00:00,1671580800000.0,0.89,0.9,0.872,0.889,6608772.2,,,,,,
2022-12-22 00:00:00+00:00,1671667200000.0,0.889,0.893,0.858,0.888,5879316.8,,,,,,
2022-12-23 00:00:00+00:00,1671753600000.0,0.888,0.894,0.88,0.885,3777931.5,,,,,,
2022-12-24 00:00:00+00:00,1671840000000.0,0.886,0.895,0.875,0.881,5906356.6,,,,,,
2022-12-25 00:00:00+00:00,1671926400000.0,0.88,0.882,0.857,0.878,5606202.4,,,,,,
2022-12-26 00:00:00+00:00,1672012800000.0,0.877,0.89,0.871,0.888,4564983.1,,,,,,
2022-12-27 00:00:00+00:00,1672099200000.0,0.888,0.906,0.88,0.896,5840587.0,,,,,,
2022-12-28 00:00:00+00:00,1672185600000.0,0.896,0.898,0.867,0.871,10398681.4,,,,,,
2022-12-29 00:00:00+00:00,1672272000000.0,0.87,0.877,0.849,0.865,5205921.5,,,,,,
2022-12-30 00:00:00+00:00,1672358400000.0,0.864,0.868,0.844,0.863,3276122.0,,,,,,
2022-12-31 00:00:00+00:00,1672444800000.0,0.864,0.872,0.858,0.862,1876405.1,,,,,,
2023-01-01 00:00:00+00:00,1672531200000.0,0.862,0.883,0.856,0.879,2689489.1,,,,,,
2023-01-02 00:00:00+00:00,1672617600000.0,0.88,0.899,0.866,0.882,4365921.2,,,,,,
2023-01-03 00:00:00+00:00,1672704000000.0,0.882,0.888,0.869,0.88,4502075.9,,,,,,
2023-01-04 00:00:00+00:00,1672790400000.0,0.88,0.915,0.877,0.907,5081035.8,,,,,,
2023-01-05 00:00:00+00:00,1672876800000.0,0.908,0.911,0.886,0.892,3672597.4,,,,,,
2023-01-06 00:00:00+00:00,1672963200000.0,0.892,0.899,0.87,0.895,4377819.2,,,,,,
2023-01-07 00:00:00+00:00,1673049600000.0,0.896,0.901,0.883,0.891,3869221.2,,,,,,
2023-01-08 00:00:00+00:00,1673136000000.0,0.89,0.913,0.881,0.911,4658737.6,,,,,,
2023-01-09 00:00:00+00:00,1673222400000.0,0.911,0.949,0.909,0.936,9160294.3,,,,,,
2023-01-10 00:00:00+00:00,1673308800000.0,0.935,0.955,0.924,0.947,5527093.5,,,,,,
2023-01-11 00:00:00+00:00,1673395200000.0,0.947,0.996,0.932,0.978,6479885.7,,,,,,
2023-01-12 00:00:00+00:00,1673481600000.0,0.978,1.001,0.933,0.99,13376055.8,,,,,,
2023-01-13 00:00:00+00:00,1673568000000.0,0.99,1.017,0.967,1.012,6849181.8,,,,,,
2023-01-14 00:00:00+00:00,1673654400000.0,1.011,1.084,1.005,1.052,18063439.7,,,,,,
2023-01-15 00:00:00+00:00,1673740800000.0,1.052,1.095,1.028,1.063,10782110.4,,,,,,
2023-01-16 00:00:00+00:00,1673827200000.0,1.063,1.079,1.005,1.037,9217639.7,,,,,,
2023-01-17 00:00:00+00:00,1673913600000.0,1.036,1.051,1.019,1.023,6875761.0,,,,,,
2023-01-18 00:00:00+00:00,1674000000000.0,1.022,1.043,0.934,0.958,14202328.3,,,,,,
2023-01-19 00:00:00+00:00,1674086400000.0,0.958,0.982,0.955,0.98,4529427.8,,,,,,
2023-01-20 00:00:00+00:00,1674172800000.0,0.981,1.05,0.966,1.046,5981681.1,,,,,,
2023-01-21 00:00:00+00:00,1674259200000.0,1.046,1.063,1.02,1.029,8433295.6,,,,,,
2023-01-22 00:00:00+00:00,1674345600000.0,1.029,1.131,1.022,1.082,14456322.3,,,,,,
2023-01-23 00:00:00+00:00,1674432000000.0,1.082,1.118,1.059,1.095,9312635.6,,,,,,
2023-01-24 00:00:00+00:00,1674518400000.0,1.095,1.113,1.026,1.037,7621104.5,,,,,,
2023-01-25 00:00:00+00:00,1674604800000.0,1.038,1.123,1.01,1.09,17251354.3,,,,,,
2023-01-26 00:00:00+00:00,1674691200000.0,1.091,1.109,1.062,1.088,9091321.3,,,,,,
2023-01-27 00:00:00+00:00,1674777600000.0,1.089,1.128,1.073,1.112,10352005.7,,,,,,
2023-01-28 00:00:00+00:00,1674864000000.0,1.112,1.123,1.071,1.093,6234525.5,,,,,,
2023-01-29 00:00:00+00:00,1674950400000.0,1.093,1.119,1.084,1.114,6548855.7,,,,,,
2023-01-30 00:00:00+00:00,1675036800000.0,1.115,1.144,1.023,1.049,12964584.2,,,,,,
2023-01-31 00:00:00+00:00,1675123200000.0,1.048,1.085,1.042,1.063,7568382.5,,,,,,
2023-02-01 00:00:00+00:00,1675209600000.0,1.063,1.085,1.011,1.077,15482023.4,,,,,,
2023-02-02 00:00:00+00:00,1675296000000.0,1.078,1.119,1.061,1.07,13947159.7,,,,,,
2023-02-03 00:00:00+00:00,1675382400000.0,1.071,1.104,1.061,1.096,10326751.5,,,,,,
2023-02-04 00:00:00+00:00,1675468800000.0,1.096,1.135,1.083,1.107,8126674.6,,,,,,
2023-02-05 00:00:00+00:00,1675555200000.0,1.108,1.127,1.063,1.082,13220091.0,,,,,,
2023-02-06 00:00:00+00:00,1675641600000.0,1.083,1.094,1.051,1.059,8404440.5,,,,,,
2023-02-07 00:00:00+00:00,1675728000000.0,1.059,1.118,1.056,1.112,10926260.3,,,,,,
2023-02-08 00:00:00+00:00,1675814400000.0,1.111,1.123,1.069,1.084,9382488.4,,,,,,
2023-02-09 00:00:00+00:00,1675900800000.0,1.084,1.157,1.024,1.044,28083493.4,,,,,,
2023-02-10 00:00:00+00:00,1675987200000.0,1.045,1.08,1.029,1.052,14136699.4,,,,,,
2023-02-11 00:00:00+00:00,1676073600000.0,1.051,1.059,1.041,1.057,5175334.0,,,,,,
2023-02-12 00:00:00+00:00,1676160000000.0,1.058,1.069,1.025,1.042,5151757.7,,,,,,
2023-02-13 00:00:00+00:00,1676246400000.0,1.041,1.046,0.998,1.03,10658293.5,,,,,,
2023-02-14 00:00:00+00:00,1676332800000.0,1.029,1.052,1.01,1.048,7853527.3,,,,,,
2023-02-15 00:00:00+00:00,1676419200000.0,1.048,1.101,1.037,1.099,9741413.9,,,,,,
2023-02-16 00:00:00+00:00,1676505600000.0,1.1,1.126,1.042,1.045,17358560.6,,,,,,
2023-02-17 00:00:00+00:00,1676592000000.0,1.045,1.229,1.038,1.192,41821198.3,,,,,,
2023-02-18 00:00:00+00:00,1676678400000.0,1.192,1.282,1.188,1.236,42301057.7,,,,,,
2023-02-19 00:00:00+00:00,1676764800000.0,1.236,1.312,1.212,1.229,33100308.6,,,,,,
2023-02-20 00:00:00+00:00,1676851200000.0,1.229,1.278,1.197,1.273,18217318.8,,,,,,
2023-02-21 00:00:00+00:00,1676937600000.0,1.273,1.298,1.196,1.221,16990303.3,,,,,,
2023-02-22 00:00:00+00:00,1677024000000.0,1.222,1.225,1.173,1.208,13841202.1,,,,,,
2023-02-23 00:00:00+00:00,1677110400000.0,1.209,1.227,1.164,1.18,10858075.7,,,,,,
2023-02-24 00:00:00+00:00,1677196800000.0,1.18,1.194,1.097,1.118,14372591.1,,,,,,
2023-02-25 00:00:00+00:00,1677283200000.0,1.118,1.123,1.072,1.108,9345687.7,,,,,,
2023-02-26 00:00:00+00:00,1677369600000.0,1.108,1.131,1.102,1.126,5968673.1,,,,,,
2023-02-27 00:00:00+00:00,1677456000000.0,1.125,1.153,1.104,1.126,7234082.7,,,,,,
2023-02-28 00:00:00+00:00,1677542400000.0,1.125,1.207,1.123,1.146,19471842.2,,,,,,
2023-03-01 00:00:00+00:00,1677628800000.0,1.145,1.213,1.132,1.208,12920799.1,,,,,,
2023-03-02 00:00:00+00:00,1677715200000.0,1.207,1.248,1.169,1.242,22193078.6,,,,,,
2023-03-03 00:00:00+00:00,1677801600000.0,1.241,1.341,1.132,1.323,50431452.5,,,,,,
2023-03-04 00:00:00+00:00,1677888000000.0,1.323,1.332,1.198,1.225,34651197.4,,,,,,
2023-03-05 00:00:00+00:00,1677974400000.0,1.225,1.253,1.197,1.225,19880220.8,,,,,,
2023-03-06 00:00:00+00:00,1678060800000.0,1.224,1.241,1.198,1.212,16830491.6,,,,,,
2023-03-07 00:00:00+00:00,1678147200000.0,1.212,1.221,1.152,1.181,13846953.8,,,,,,
2023-03-08 00:00:00+00:00,1678233600000.0,1.182,1.185,1.103,1.119,12872968.4,,,,,,
2023-03-09 00:00:00+00:00,1678320000000.0,1.119,1.182,1.031,1.056,22140637.9,,,,,,
2023-03-10 00:00:00+00:00,1678406400000.0,1.057,1.057,0.998,1.043,22041104.5,,,,,,
2023-03-11 00:00:00+00:00,1678492800000.0,1.043,1.075,0.956,0.994,19359398.2,,,,,,
2023-03-12 00:00:00+00:00,1678579200000.0,0.994,1.052,0.955,1.049,17187053.6,,,,,,
2023-03-13 00:00:00+00:00,1678665600000.0,1.049,1.094,1.003,1.078,23670218.9,,,,,,
2023-03-14 00:00:00+00:00,1678752000000.0,1.078,1.145,1.047,1.107,22237033.6,,,,,,
2023-03-15 00:00:00+00:00,1678838400000.0,1.107,1.146,1.017,1.039,22210823.3,,,,,,
2023-03-16 00:00:00+00:00,1678924800000.0,1.04,1.085,1.029,1.079,16041349.1,,,,,,
2023-03-17 00:00:00+00:00,1679011200000.0,1.079,1.151,1.067,1.147,19250239.6,,,,,,
2023-03-18 00:00:00+00:00,1679097600000.0,1.147,1.165,1.091,1.097,19205883.3,,,,,,
2023-03-19 00:00:00+00:00,1679184000000.0,1.098,1.18,1.098,1.154,22349354.9,,,,,,
2023-03-20 00:00:00+00:00,1679270400000.0,1.155,1.231,1.122,1.154,39143621.8,,,,,,
2023-03-21 00:00:00+00:00,1679356800000.0,1.154,1.196,1.125,1.185,22770879.1,,,,,,
2023-03-22 00:00:00+00:00,1679443200000.0,1.186,1.189,1.064,1.094,22050583.3,,,,,,
2023-03-23 00:00:00+00:00,1679529600000.0,1.093,1.167,1.087,1.16,13169678.6,,,,,,
2023-03-24 00:00:00+00:00,1679616000000.0,1.161,1.2,1.133,1.165,18171348.3,,,,,,
2023-03-25 00:00:00+00:00,1679702400000.0,1.165,1.18,1.094,1.116,13498637.6,,,,,,
2023-03-26 00:00:00+00:00,1679788800000.0,1.115,1.153,1.108,1.14,7920800.9,,,,,,
2023-03-27 00:00:00+00:00,1679875200000.0,1.14,1.157,1.065,1.085,17445020.1,,,,,,
2023-03-28 00:00:00+00:00,1679961600000.0,1.085,1.121,1.07,1.113,15843442.8,,,,,,
2023-03-29 00:00:00+00:00,1680048000000.0,1.114,1.154,1.107,1.149,12566204.4,,,,,,
2023-03-30 00:00:00+00:00,1680134400000.0,1.15,1.219,1.138,1.19,24401800.3,,,,,,
2023-03-31 00:00:00+00:00,1680220800000.0,1.19,1.215,1.159,1.196,11296039.5,,,,,,
2023-04-01 00:00:00+00:00,1680307200000.0,1.196,1.205,1.173,1.193,8740726.9,,,,,,
2023-04-02 00:00:00+00:00,1680393600000.0,1.193,1.239,1.186,1.229,12864132.1,,,,,,
2023-04-03 00:00:00+00:00,1680480000000.0,1.229,1.244,1.142,1.175,18066450.8,,,,,,
2023-04-04 00:00:00+00:00,1680566400000.0,1.175,1.203,1.164,1.193,10118464.9,,,,,,
2023-04-05 00:00:00+00:00,1680652800000.0,1.193,1.217,1.166,1.189,9105917.2,,,,,,
2023-04-06 00:00:00+00:00,1680739200000.0,1.189,1.251,1.172,1.218,18131133.6,,,,,,
2023-04-07 00:00:00+00:00,1680825600000.0,1.217,1.222,1.19,1.215,8982648.2,,,,,,
2023-04-08 00:00:00+00:00,1680912000000.0,1.215,1.236,1.187,1.19,8585702.6,,,,,,
2023-04-09 00:00:00+00:00,1680998400000.0,1.189,1.217,1.174,1.209,6995300.0,,,,,,
2023-04-10 00:00:00+00:00,1681084800000.0,1.209,1.247,1.191,1.238,8660629.6,,,,,,
2023-04-11 00:00:00+00:00,1681171200000.0,1.239,1.253,1.228,1.232,10062909.7,,,,,,
2023-04-12 00:00:00+00:00,1681257600000.0,1.232,1.238,1.192,1.207,11721155.5,,,,,,
2023-04-13 00:00:00+00:00,1681344000000.0,1.207,1.274,1.199,1.258,17736606.7,,,,,,
2023-04-14 00:00:00+00:00,1681430400000.0,1.258,1.297,1.211,1.249,25660594.3,,,,,,
2023-04-15 00:00:00+00:00,1681516800000.0,1.25,1.252,1.23,1.242,8242665.3,,,,,,
2023-04-16 00:00:00+00:00,1681603200000.0,1.242,1.253,1.223,1.238,7503759.8,,,,,,
2023-04-17 00:00:00+00:00,1681689600000.0,1.238,1.24,1.198,1.206,9009140.5,,,,,,
2023-04-18 00:00:00+00:00,1681776000000.0,1.206,1.23,1.191,1.219,7948674.9,,,,,,
2023-04-19 00:00:00+00:00,1681862400000.0,1.219,1.22,1.08,1.1,19089296.6,,,,,,
2023-04-20 00:00:00+00:00,1681948800000.0,1.1,1.115,1.051,1.078,15025224.6,,,,,,
2023-04-21 00:00:00+00:00,1682035200000.0,1.078,1.092,1.021,1.043,13607513.4,,,,,,
2023-04-22 00:00:00+00:00,1682121600000.0,1.043,1.077,1.038,1.073,6571783.2,,,,,,
2023-04-23 00:00:00+00:00,1682208000000.0,1.073,1.073,1.03,1.056,8065881.6,,,,,,
2023-04-24 00:00:00+00:00,1682294400000.0,1.055,1.074,1.018,1.049,9971121.9,,,,,,
2023-04-25 00:00:00+00:00,1682380800000.0,1.049,1.062,1.022,1.06,9391665.1,,,,,,
2023-04-26 00:00:00+00:00,1682467200000.0,1.061,1.088,0.974,1.027,16174654.0,,,,,,
2023-04-27 00:00:00+00:00,1682553600000.0,1.027,1.05,1.009,1.031,14334241.4,,,,,,
2023-04-28 00:00:00+00:00,1682640000000.0,1.031,1.051,1.014,1.04,5537585.9,,,,,,
2023-04-29 00:00:00+00:00,1682726400000.0,1.04,1.05,1.028,1.043,4500383.1,,,,,,
2023-04-30 00:00:00+00:00,1682812800000.0,1.043,1.05,1.011,1.022,4735623.7,,,,,,
2023-05-01 00:00:00+00:00,1682899200000.0,1.022,1.028,0.993,1.008,5846173.7,,,,,,
2023-05-02 00:00:00+00:00,1682985600000.0,1.008,1.031,1.006,1.022,4691534.4,,,,,,
2023-05-03 00:00:00+00:00,1683072000000.0,1.022,1.038,0.998,1.032,6508637.1,,,,,,
2023-05-04 00:00:00+00:00,1683158400000.0,1.032,1.034,0.999,1.005,6149878.9,,,,,,
2023-05-05 00:00:00+00:00,1683244800000.0,1.005,1.02,0.96,1.017,8670552.5,,,,,,
2023-05-06 00:00:00+00:00,1683331200000.0,1.016,1.039,0.97,0.983,14586453.9,,,,,,
2023-05-07 00:00:00+00:00,1683417600000.0,0.984,0.993,0.958,0.969,5739848.8,,,,,,
2023-05-08 00:00:00+00:00,1683504000000.0,0.969,0.974,0.869,0.906,17258340.7,,,,,,
2023-05-09 00:00:00+00:00,1683590400000.0,0.906,0.93,0.903,0.919,11848585.4,,,,,,
2023-05-10 00:00:00+00:00,1683676800000.0,0.919,0.935,0.872,0.913,16030269.0,,,,,,
2023-05-11 00:00:00+00:00,1683763200000.0,0.913,0.913,0.857,0.883,10520669.5,,,,,,
2023-05-12 00:00:00+00:00,1683849600000.0,0.882,0.888,0.829,0.875,14764217.7,,,,,,
2023-05-13 00:00:00+00:00,1683936000000.0,0.874,0.878,0.863,0.872,5421776.8,,,,,,
2023-05-14 00:00:00+00:00,1684022400000.0,0.871,0.888,0.868,0.876,6360911.0,,,,,,
2023-05-15 00:00:00+00:00,1684108800000.0,0.876,0.894,0.864,0.879,8530211.4,,,,,,
2023-05-16 00:00:00+00:00,1684195200000.0,0.878,0.895,0.872,0.893,7690777.7,,,,,,
2023-05-17 00:00:00+00:00,1684281600000.0,0.893,0.912,0.883,0.905,7661774.6,,,,,,
2023-05-18 00:00:00+00:00,1684368000000.0,0.906,0.909,0.871,0.883,6546535.7,,,,,,
2023-05-19 00:00:00+00:00,1684454400000.0,0.884,0.892,0.876,0.882,7784129.4,,,,,,
2023-05-20 00:00:00+00:00,1684540800000.0,0.881,0.885,0.875,0.879,4417923.1,,,,,,
2023-05-21 00:00:00+00:00,1684627200000.0,0.878,0.881,0.846,0.852,7705769.0,,,,,,
2023-05-22 00:00:00+00:00,1684713600000.0,0.852,0.862,0.84,0.851,9310870.5,,,,,,
2023-05-23 00:00:00+00:00,1684800000000.0,0.851,0.875,0.848,0.861,11136490.8,,,,,,
2023-05-24 00:00:00+00:00,1684886400000.0,0.861,0.862,0.816,0.837,10094309.4,,,,,,
2023-05-25 00:00:00+00:00,1684972800000.0,0.836,0.848,0.818,0.843,7295796.9,,,,,,
2023-05-26 00:00:00+00:00,1685059200000.0,0.843,0.892,0.839,0.877,11894774.7,,,,,,
2023-05-27 00:00:00+00:00,1685145600000.0,0.877,0.885,0.871,0.883,5123456.9,,,,,,
2023-05-28 00:00:00+00:00,1685232000000.0,0.882,0.93,0.88,0.91,13100569.1,,,,,,
2023-05-29 00:00:00+00:00,1685318400000.0,0.911,0.914,0.89,0.896,8763697.7,,,,,,
2023-05-30 00:00:00+00:00,1685404800000.0,0.897,0.925,0.89,0.912,12061357.2,,,,,,
2023-05-31 00:00:00+00:00,1685491200000.0,0.913,0.913,0.876,0.892,8559177.8,,,,,,
2023-06-01 00:00:00+00:00,1685577600000.0,0.891,0.902,0.875,0.883,6403549.2,,,,,,
2023-06-02 00:00:00+00:00,1685664000000.0,0.883,0.91,0.875,0.908,8090067.5,,,,,,
2023-06-03 00:00:00+00:00,1685750400000.0,0.908,0.919,0.901,0.911,5074097.0,,,,,,
2023-06-04 00:00:00+00:00,1685836800000.0,0.911,0.927,0.905,0.911,6299664.5,,,,,,
2023-06-05 00:00:00+00:00,1685923200000.0,0.912,0.926,0.827,0.839,18341442.3,,,,,,
2023-06-06 00:00:00+00:00,1686009600000.0,0.839,0.899,0.829,0.89,11547070.6,,,,,,
2023-06-07 00:00:00+00:00,1686096000000.0,0.891,0.893,0.846,0.863,12786876.4,,,,,,
2023-06-08 00:00:00+00:00,1686182400000.0,0.863,0.899,0.859,0.891,11366660.7,,,,,,
2023-06-09 00:00:00+00:00,1686268800000.0,0.891,0.904,0.884,0.896,7572360.2,,,,,,
2023-06-10 00:00:00+00:00,1686355200000.0,0.896,0.896,0.602,0.697,98063613.7,,,,,,
2023-06-11 00:00:00+00:00,1686441600000.0,0.696,0.698,0.673,0.684,19660493.5,,,,,,
2023-06-12 00:00:00+00:00,1686528000000.0,0.684,0.685,0.653,0.675,13714848.6,,,,,,
2023-06-13 00:00:00+00:00,1686614400000.0,0.676,0.694,0.666,0.675,13180158.9,,,,,,
2023-06-14 00:00:00+00:00,1686700800000.0,0.676,0.683,0.62,0.637,15322923.1,,,,,,
2023-06-15 00:00:00+00:00,1686787200000.0,0.637,0.646,0.621,0.64,12277518.3,,,,,,
2023-06-16 00:00:00+00:00,1686873600000.0,0.64,0.64,0.6,0.63,16309724.1,,,,,,
2023-06-17 00:00:00+00:00,1686960000000.0,0.63,0.645,0.625,0.635,8726458.6,,,,,,
2023-06-18 00:00:00+00:00,1687046400000.0,0.635,0.64,0.621,0.626,9003163.0,,,,,,
2023-06-19 00:00:00+00:00,1687132800000.0,0.626,0.632,0.616,0.629,14908844.9,,,,,,
2023-06-20 00:00:00+00:00,1687219200000.0,0.63,0.644,0.602,0.639,22546168.7,,,,,,
2023-06-21 00:00:00+00:00,1687305600000.0,0.639,0.687,0.636,0.681,34435327.2,,,,,,
2023-06-22 00:00:00+00:00,1687392000000.0,0.681,0.728,0.659,0.679,31495417.1,,,,,,
2023-06-23 00:00:00+00:00,1687478400000.0,0.678,0.755,0.678,0.739,33855979.6,,,,,,
2023-06-24 00:00:00+00:00,1687564800000.0,0.739,0.761,0.692,0.725,25583409.3,,,,,,
2023-06-25 00:00:00+00:00,1687651200000.0,0.725,0.751,0.711,0.722,17075153.3,,,,,,
2023-06-26 00:00:00+00:00,1687737600000.0,0.723,0.772,0.699,0.717,22513953.5,,,,,,
2023-06-27 00:00:00+00:00,1687824000000.0,0.718,0.735,0.707,0.721,9254206.1,,,,,,
2023-06-28 00:00:00+00:00,1687910400000.0,0.722,0.722,0.638,0.666,17092037.1,,,,,,
2023-06-29 00:00:00+00:00,1687996800000.0,0.666,0.69,0.664,0.677,11458010.2,,,,,,
2023-06-30 00:00:00+00:00,1688083200000.0,0.678,0.778,0.67,0.752,56576392.8,,,,,,
2023-07-01 00:00:00+00:00,1688169600000.0,0.752,0.808,0.735,0.782,42352588.4,,,,,,
2023-07-02 00:00:00+00:00,1688256000000.0,0.781,0.789,0.734,0.764,16258142.3,,,,,,
2023-07-03 00:00:00+00:00,1688342400000.0,0.763,0.774,0.751,0.769,14457352.8,,,,,,
2023-07-04 00:00:00+00:00,1688428800000.0,0.768,0.776,0.731,0.743,15436112.0,,,,,,
2023-07-05 00:00:00+00:00,1688515200000.0,0.742,0.767,0.708,0.723,20378597.8,,,,,,
2023-07-06 00:00:00+00:00,1688601600000.0,0.723,0.755,0.697,0.702,20611782.7,,,,,,
2023-07-07 00:00:00+00:00,1688688000000.0,0.702,0.739,0.693,0.732,15391467.4,,,,,,
2023-07-08 00:00:00+00:00,1688774400000.0,0.731,0.733,0.706,0.725,9821715.3,,,,,,
2023-07-09 00:00:00+00:00,1688860800000.0,0.724,0.75,0.721,0.725,13745489.9,,,,,,
2023-07-10 00:00:00+00:00,1688947200000.0,0.726,0.748,0.7,0.726,19782861.9,,,,,,
2023-07-11 00:00:00+00:00,1689033600000.0,0.726,0.741,0.716,0.731,11005662.4,,,,,,
2023-07-12 00:00:00+00:00,1689120000000.0,0.731,0.745,0.711,0.719,14524268.0,,,,,,
2023-07-13 00:00:00+00:00,1689206400000.0,0.72,0.808,0.713,0.802,35205351.1,,,,,,
2023-07-14 00:00:00+00:00,1689292800000.0,0.803,0.835,0.743,0.772,26888814.4,,,,,,
2023-07-15 00:00:00+00:00,1689379200000.0,0.772,0.803,0.756,0.772,14738477.7,,,,,,
2023-07-16 00:00:00+00:00,1689465600000.0,0.773,0.795,0.747,0.756,14565565.2,,,,,,
2023-07-17 00:00:00+00:00,1689552000000.0,0.756,0.791,0.736,0.774,20627896.0,,,,,,
2023-07-18 00:00:00+00:00,1689638400000.0,0.775,0.781,0.738,0.756,13553555.2,,,,,,
2023-07-19 00:00:00+00:00,1689724800000.0,0.757,0.779,0.748,0.758,10960583.9,,,,,,
2023-07-20 00:00:00+00:00,1689811200000.0,0.758,0.793,0.75,0.765,14697142.6,,,,,,
2023-07-21 00:00:00+00:00,1689897600000.0,0.766,0.794,0.76,0.784,13990339.3,,,,,,
2023-07-22 00:00:00+00:00,1689984000000.0,0.785,0.795,0.763,0.775,11640648.6,,,,,,
2023-07-23 00:00:00+00:00,1690070400000.0,0.774,0.792,0.768,0.78,7206903.9,,,,,,
2023-07-24 00:00:00+00:00,1690156800000.0,0.781,0.784,0.727,0.745,12933230.1,,,,,,
2023-07-25 00:00:00+00:00,1690243200000.0,0.745,0.75,0.733,0.742,7360267.3,,,,,,
2023-07-26 00:00:00+00:00,1690329600000.0,0.741,0.752,0.728,0.743,8491008.8,,,,,,
2023-07-27 00:00:00+00:00,1690416000000.0,0.743,0.748,0.733,0.743,5907420.6,,,,,,
2023-07-28 00:00:00+00:00,1690502400000.0,0.743,0.755,0.738,0.749,6075104.3,,,,,,
2023-07-29 00:00:00+00:00,1690588800000.0,0.749,0.759,0.745,0.756,3775361.8,,,,,,
2023-07-30 00:00:00+00:00,1690675200000.0,0.756,0.778,0.735,0.753,11756441.3,,,,,,
2023-07-31 00:00:00+00:00,1690761600000.0,0.753,0.761,0.738,0.745,4665617.3,,,,,,
2023-08-01 00:00:00+00:00,1690848000000.0,0.746,0.752,0.715,0.749,9669889.5,,,,,,
2023-08-02 00:00:00+00:00,1690934400000.0,0.75,0.756,0.719,0.73,8425287.1,,,,,,
2023-08-03 00:00:00+00:00,1691020800000.0,0.73,0.735,0.716,0.717,6276243.3,,,,,,
2023-08-04 00:00:00+00:00,1691107200000.0,0.716,0.73,0.711,0.719,5514419.0,,,,,,
2023-08-05 00:00:00+00:00,1691193600000.0,0.719,0.731,0.71,0.728,3992244.7,,,,,,
2023-08-06 00:00:00+00:00,1691280000000.0,0.728,0.733,0.721,0.73,4614522.6,,,,,,
2023-08-07 00:00:00+00:00,1691366400000.0,0.73,0.741,0.702,0.721,8107204.3,,,,,,
2023-08-08 00:00:00+00:00,1691452800000.0,0.72,0.731,0.713,0.725,8099836.6,,,,,,
2023-08-09 00:00:00+00:00,1691539200000.0,0.724,0.73,0.713,0.722,5471543.1,,,,,,
2023-08-10 00:00:00+00:00,1691625600000.0,0.721,0.725,0.715,0.717,4815509.8,,,,,,
2023-08-11 00:00:00+00:00,1691712000000.0,0.717,0.72,0.71,0.715,3080508.7,,,,,,
2023-08-12 00:00:00+00:00,1691798400000.0,0.716,0.728,0.714,0.728,4050057.0,,,,,,
2023-08-13 00:00:00+00:00,1691884800000.0,0.728,0.731,0.716,0.72,3409450.1,,,,,,
2023-08-14 00:00:00+00:00,1691971200000.0,0.72,0.725,0.714,0.719,4724007.0,,,,,,
2023-08-15 00:00:00+00:00,1692057600000.0,0.719,0.72,0.654,0.679,13333996.5,,,,,,
2023-08-16 00:00:00+00:00,1692144000000.0,0.679,0.683,0.612,0.632,17092902.8,,,,,,
2023-08-17 00:00:00+00:00,1692230400000.0,0.631,0.644,0.517,0.57,30234173.7,,,,,,
2023-08-18 00:00:00+00:00,1692316800000.0,0.569,0.586,0.562,0.574,15327374.1,,,,,,
2023-08-19 00:00:00+00:00,1692403200000.0,0.574,0.586,0.569,0.583,8157569.5,,,,,,
2023-08-20 00:00:00+00:00,1692489600000.0,0.583,0.594,0.575,0.585,5138822.3,,,,,,
2023-08-21 00:00:00+00:00,1692576000000.0,0.585,0.587,0.562,0.581,9566862.1,,,,,,
2023-08-22 00:00:00+00:00,1692662400000.0,0.581,0.583,0.552,0.576,10712322.9,,,,,,
2023-08-23 00:00:00+00:00,1692748800000.0,0.577,0.602,0.575,0.593,10646277.0,,,,,,
2023-08-24 00:00:00+00:00,1692835200000.0,0.594,0.595,0.575,0.586,8429553.6,,,,,,
2023-08-25 00:00:00+00:00,1692921600000.0,0.585,0.589,0.571,0.588,8716727.3,,,,,,
2023-08-26 00:00:00+00:00,1693008000000.0,0.588,0.59,0.58,0.584,4499595.4,,,,,,
2023-08-27 00:00:00+00:00,1693094400000.0,0.583,0.599,0.58,0.593,8127662.5,,,,,,
2023-08-28 00:00:00+00:00,1693180800000.0,0.593,0.596,0.574,0.591,9952438.5,,,,,,
2023-08-29 00:00:00+00:00,1693267200000.0,0.591,0.631,0.578,0.621,16326866.6,,,,,,
2023-08-30 00:00:00+00:00,1693353600000.0,0.621,0.644,0.613,0.628,21577390.0,,,,,,
2023-08-31 00:00:00+00:00,1693440000000.0,0.628,0.637,0.573,0.587,16108035.8,,,,,,
2023-09-01 00:00:00+00:00,1693526400000.0,0.587,0.594,0.572,0.581,8434053.5,,,,,,
2023-09-02 00:00:00+00:00,1693612800000.0,0.581,0.585,0.567,0.577,8070294.6,,,,,,
2023-09-03 00:00:00+00:00,1693699200000.0,0.577,0.594,0.574,0.58,9084278.8,,,,,,
2023-09-04 00:00:00+00:00,1693785600000.0,0.581,0.594,0.572,0.583,9229230.3,,,,,,
2023-09-05 00:00:00+00:00,1693872000000.0,0.583,0.592,0.574,0.591,8058108.9,,,,,,
2023-09-06 00:00:00+00:00,1693958400000.0,0.591,0.594,0.566,0.581,16590680.4,,,,,,
2023-09-07 00:00:00+00:00,1694044800000.0,0.58,0.59,0.573,0.587,6245590.2,,,,,,
2023-09-08 00:00:00+00:00,1694131200000.0,0.587,0.594,0.571,0.585,5584140.5,,,,,,
2023-09-09 00:00:00+00:00,1694217600000.0,0.584,0.586,0.578,0.584,3127096.6,,,,,,
2023-09-10 00:00:00+00:00,1694304000000.0,0.583,0.584,0.528,0.564,12283774.0,,,,,,
2023-09-11 00:00:00+00:00,1694390400000.0,0.564,0.565,0.526,0.541,12609494.4,,,,,,
2023-09-12 00:00:00+00:00,1694476800000.0,0.54,0.57,0.54,0.547,11898330.2,,,,,,
2023-09-13 00:00:00+00:00,1694563200000.0,0.547,0.569,0.542,0.555,10887490.5,,,,,,
2023-09-14 00:00:00+00:00,1694649600000.0,0.554,0.571,0.552,0.567,7519056.4,,,,,,
2023-09-15 00:00:00+00:00,1694736000000.0,0.567,0.578,0.559,0.574,7358067.0,,,,,,
2023-09-16 00:00:00+00:00,1694822400000.0,0.574,0.582,0.571,0.577,5102668.0,,,,,,
2023-09-17 00:00:00+00:00,1694908800000.0,0.577,0.577,0.553,0.558,6652424.1,,,,,,
2023-09-18 00:00:00+00:00,1694995200000.0,0.557,0.582,0.55,0.573,9499789.9,,,,,,
2023-09-19 00:00:00+00:00,1695081600000.0,0.573,0.586,0.57,0.584,7194443.5,,,,,,
2023-09-20 00:00:00+00:00,1695168000000.0,0.584,0.585,0.567,0.579,7602377.5,,,,,,
2023-09-21 00:00:00+00:00,1695254400000.0,0.578,0.589,0.562,0.576,8360890.7,,,,,,
2023-09-22 00:00:00+00:00,1695340800000.0,0.576,0.581,0.57,0.576,6147584.2,,,,,,
2023-09-23 00:00:00+00:00,1695427200000.0,0.576,0.583,0.571,0.582,4334167.7,,,,,,
2023-09-24 00:00:00+00:00,1695513600000.0,0.582,0.587,0.568,0.571,5613425.7,,,,,,
2023-09-25 00:00:00+00:00,1695600000000.0,0.57,0.577,0.562,0.569,5743010.9,,,,,,
2023-09-26 00:00:00+00:00,1695686400000.0,0.569,0.573,0.552,0.562,5961698.1,,,,,,
2023-09-27 00:00:00+00:00,1695772800000.0,0.562,0.573,0.554,0.561,7828678.3,,,,,,
2023-09-28 00:00:00+00:00,1695859200000.0,0.561,0.576,0.558,0.571,6363764.0,,,,,,
2023-09-29 00:00:00+00:00,1695945600000.0,0.572,0.581,0.568,0.578,4693692.3,,,,,,
2023-09-30 00:00:00+00:00,1696032000000.0,0.579,0.585,0.576,0.582,3991784.8,,,,,,
2023-10-01 00:00:00+00:00,1696118400000.0,0.582,0.608,0.581,0.604,7462680.5,,,,,,
2023-10-02 00:00:00+00:00,1696204800000.0,0.603,0.606,0.574,0.587,7818641.4,,,,,,
2023-10-03 00:00:00+00:00,1696291200000.0,0.586,0.622,0.583,0.585,16825647.3,,,,,,
2023-10-04 00:00:00+00:00,1696377600000.0,0.585,0.585,0.56,0.577,9898773.4,,,,,,
2023-10-05 00:00:00+00:00,1696464000000.0,0.576,0.583,0.56,0.564,14391064.2,,,,,,
2023-10-06 00:00:00+00:00,1696550400000.0,0.565,0.576,0.557,0.57,5357901.0,,,,,,
2023-10-07 00:00:00+00:00,1696636800000.0,0.57,0.579,0.565,0.569,25750682.5,,,,,,
2023-10-08 00:00:00+00:00,1696723200000.0,0.569,0.572,0.559,0.566,4066479.7,,,,,,
2023-10-09 00:00:00+00:00,1696809600000.0,0.567,0.568,0.528,0.541,9138073.3,,,,,,
2023-10-10 00:00:00+00:00,1696896000000.0,0.541,0.546,0.534,0.542,4997312.9,,,,,,
2023-10-11 00:00:00+00:00,1696982400000.0,0.543,0.545,0.529,0.539,4979532.0,,,,,,
2023-10-12 00:00:00+00:00,1697068800000.0,0.539,0.54,0.526,0.537,6900788.3,,,,,,
2023-10-13 00:00:00+00:00,1697155200000.0,0.536,0.55,0.535,0.544,3292459.5,,,,,,
2023-10-14 00:00:00+00:00,1697241600000.0,0.544,0.548,0.541,0.542,3392415.6,,,,,,
2023-10-15 00:00:00+00:00,1697328000000.0,0.542,0.553,0.539,0.548,5053329.5,,,,,,
2023-10-16 00:00:00+00:00,1697414400000.0,0.547,0.574,0.546,0.558,13286933.2,,,,,,
2023-10-17 00:00:00+00:00,1697500800000.0,0.558,0.559,0.533,0.542,7278189.3,,,,,,
2023-10-18 00:00:00+00:00,1697587200000.0,0.542,0.55,0.529,0.535,6223974.5,,,,,,
2023-10-19 00:00:00+00:00,1697673600000.0,0.534,0.537,0.523,0.535,5395484.0,,,,,,
2023-10-20 00:00:00+00:00,1697760000000.0,0.536,0.558,0.532,0.547,7324153.1,,,,,,
2023-10-21 00:00:00+00:00,1697846400000.0,0.546,0.565,0.545,0.56,8115232.8,,,,,,
2023-10-22 00:00:00+00:00,1697932800000.0,0.56,0.564,0.546,0.562,9187725.2,,,,,,
2023-10-23 00:00:00+00:00,1698019200000.0,0.561,0.598,0.557,0.592,19256917.2,,,,,,
2023-10-24 00:00:00+00:00,1698105600000.0,0.592,0.608,0.571,0.593,23500643.5,,,,,,
2023-10-25 00:00:00+00:00,1698192000000.0,0.592,0.608,0.576,0.595,17905001.0,,,,,,
2023-10-26 00:00:00+00:00,1698278400000.0,0.595,0.62,0.573,0.598,25426418.4,,,,,,
2023-10-27 00:00:00+00:00,1698364800000.0,0.597,0.617,0.585,0.602,18868822.6,,,,,,
2023-10-28 00:00:00+00:00,1698451200000.0,0.602,0.643,0.6,0.629,17456350.3,,,,,,
2023-10-29 00:00:00+00:00,1698537600000.0,0.629,0.653,0.612,0.628,16179578.2,,,,,,
2023-10-30 00:00:00+00:00,1698624000000.0,0.628,0.633,0.609,0.627,19165160.1,,,,,,
2023-10-31 00:00:00+00:00,1698710400000.0,0.628,0.65,0.604,0.638,26364020.7,,,,,,
2023-11-01 00:00:00+00:00,1698796800000.0,0.637,0.66,0.611,0.656,23554456.8,,,,,,
2023-11-02 00:00:00+00:00,1698883200000.0,0.655,0.664,0.625,0.649,17736470.0,,,,,,
2023-11-03 00:00:00+00:00,1698969600000.0,0.648,0.661,0.622,0.648,11798678.8,,,,,,
2023-11-04 00:00:00+00:00,1699056000000.0,0.649,0.664,0.647,0.659,6516111.5,,,,,,
2023-11-05 00:00:00+00:00,1699142400000.0,0.66,0.691,0.656,0.677,15145233.7,,,,,,
2023-11-06 00:00:00+00:00,1699228800000.0,0.676,0.703,0.666,0.699,11759070.2,,,,,,
2023-11-07 00:00:00+00:00,1699315200000.0,0.699,0.709,0.661,0.688,16520588.0,,,,,,
2023-11-08 00:00:00+00:00,1699401600000.0,0.688,0.709,0.681,0.702,11069943.1,,,,,,
2023-11-09 00:00:00+00:00,1699488000000.0,0.702,0.722,0.629,0.681,32182068.2,,,,,,
2023-11-10 00:00:00+00:00,1699574400000.0,0.682,0.715,0.668,0.709,22139204.6,,,,,,
2023-11-11 00:00:00+00:00,1699660800000.0,0.709,0.742,0.696,0.726,21062668.9,,,,,,
2023-11-12 00:00:00+00:00,1699747200000.0,0.725,0.744,0.698,0.733,12124071.8,,,,,,
2023-11-13 00:00:00+00:00,1699833600000.0,0.733,0.757,0.711,0.72,21260837.6,,,,,,
2023-11-14 00:00:00+00:00,1699920000000.0,0.72,0.731,0.659,0.695,17658773.9,,,,,,
2023-11-15 00:00:00+00:00,1700006400000.0,0.695,0.734,0.689,0.731,12726875.7,,,,,,
2023-11-16 00:00:00+00:00,1700092800000.0,0.73,0.753,0.686,0.705,27264036.8,,,,,,
2023-11-17 00:00:00+00:00,1700179200000.0,0.705,0.726,0.68,0.713,15141781.0,,,,,,
2023-11-18 00:00:00+00:00,1700265600000.0,0.712,0.717,0.673,0.71,10362894.1,,,,,,
2023-11-19 00:00:00+00:00,1700352000000.0,0.71,0.725,0.695,0.721,9635846.2,,,,,,
2023-11-20 00:00:00+00:00,1700438400000.0,0.721,0.731,0.699,0.706,15449609.6,,,,,,
2023-11-21 00:00:00+00:00,1700524800000.0,0.706,0.718,0.639,0.647,24572957.7,,,,,,
2023-11-22 00:00:00+00:00,1700611200000.0,0.647,0.684,0.645,0.677,12487467.0,,,,,,
2023-11-23 00:00:00+00:00,1700697600000.0,0.678,0.683,0.66,0.675,10852870.5,,,,,,
2023-11-24 00:00:00+00:00,1700784000000.0,0.674,0.69,0.673,0.684,8757098.1,,,,,,
2023-11-25 00:00:00+00:00,1700870400000.0,0.684,0.702,0.68,0.701,7507356.0,,,,,,
2023-11-26 00:00:00+00:00,1700956800000.0,0.701,0.706,0.678,0.699,10603434.2,,,,,,
2023-11-27 00:00:00+00:00,1701043200000.0,0.699,0.708,0.662,0.675,12408953.9,,,,,,
2023-11-28 00:00:00+00:00,1701129600000.0,0.675,0.685,0.657,0.678,12470549.4,,,,,,
2023-11-29 00:00:00+00:00,1701216000000.0,0.678,0.688,0.671,0.679,8866313.9,,,,,,
2023-11-30 00:00:00+00:00,1701302400000.0,0.68,0.684,0.671,0.679,7525811.5,,,,,,
2023-12-01 00:00:00+00:00,1701388800000.0,0.679,0.693,0.673,0.689,6751602.0,,,,,,
2023-12-02 00:00:00+00:00,1701475200000.0,0.689,0.706,0.687,0.701,5763455.2,,,,,,
2023-12-03 00:00:00+00:00,1701561600000.0,0.702,0.706,0.69,0.7,8701567.7,,,,,,
2023-12-04 00:00:00+00:00,1701648000000.0,0.701,0.73,0.694,0.718,20143294.9,,,,,,
2023-12-05 00:00:00+00:00,1701734400000.0,0.718,0.748,0.712,0.742,16008654.3,,,,,,
2023-12-06 00:00:00+00:00,1701820800000.0,0.742,0.752,0.719,0.74,13266467.8,,,,,,
2023-12-07 00:00:00+00:00,1701907200000.0,0.74,0.793,0.737,0.769,32259669.6,,,,,,
2023-12-08 00:00:00+00:00,1701993600000.0,0.77,0.8,0.759,0.799,13383707.2,,,,,,
2023-12-09 00:00:00+00:00,1702080000000.0,0.799,0.873,0.798,0.853,36465735.0,,,,,,
2023-12-10 00:00:00+00:00,1702166400000.0,0.853,0.881,0.814,0.838,22331353.4,,,,,,
2023-12-11 00:00:00+00:00,1702252800000.0,0.838,0.841,0.735,0.77,27174462.8,,,,,,
2023-12-12 00:00:00+00:00,1702339200000.0,0.77,0.793,0.756,0.782,16357147.2,,,,,,
2023-12-13 00:00:00+00:00,1702425600000.0,0.782,0.791,0.741,0.785,13090531.6,,,,,,
2023-12-14 00:00:00+00:00,1702512000000.0,0.785,0.802,0.756,0.792,14238103.2,,,,,,
2023-12-15 00:00:00+00:00,1702598400000.0,0.792,0.799,0.749,0.756,15548197.3,,,,,,
2023-12-16 00:00:00+00:00,1702684800000.0,0.755,0.81,0.744,0.806,31423413.7,,,,,,
2023-12-17 00:00:00+00:00,1702771200000.0,0.806,0.831,0.792,0.799,28096695.4,,,,,,
2023-12-18 00:00:00+00:00,1702857600000.0,0.8,0.805,0.732,0.777,21345988.2,,,,,,
2023-12-19 00:00:00+00:00,1702944000000.0,0.778,0.791,0.755,0.762,13883518.0,,,,,,
2023-12-20 00:00:00+00:00,1703030400000.0,0.763,0.804,0.755,0.788,14745441.3,,,,,,
2023-12-21 00:00:00+00:00,1703116800000.0,0.789,0.848,0.784,0.844,15420103.5,,,,,,
2023-12-22 00:00:00+00:00,1703203200000.0,0.844,0.894,0.832,0.845,27575016.0,,,,,,
2023-12-23 00:00:00+00:00,1703289600000.0,0.846,0.847,0.814,0.84,9383443.2,,,,,,
2023-12-24 00:00:00+00:00,1703376000000.0,0.839,0.848,0.8,0.817,15628286.5,,,,,,
2023-12-25 00:00:00+00:00,1703462400000.0,0.817,0.887,0.809,0.88,20606524.2,,,,,,
2023-12-26 00:00:00+00:00,1703548800000.0,0.88,0.887,0.81,0.871,26616656.9,,,,,,
2023-12-27 00:00:00+00:00,1703635200000.0,0.872,0.907,0.834,0.905,19540737.1,,,,,,
2023-12-28 00:00:00+00:00,1703721600000.0,0.904,0.914,0.857,0.87,19053315.9,,,,,,
2023-12-29 00:00:00+00:00,1703808000000.0,0.87,0.882,0.827,0.847,12679213.5,,,,,,
2023-12-30 00:00:00+00:00,1703894400000.0,0.847,0.876,0.84,0.853,8866002.0,,,,,,
2023-12-31 00:00:00+00:00,1703980800000.0,0.853,0.867,0.822,0.845,7910306.2,,,,,,
2024-01-01 00:00:00+00:00,1704067200000.0,0.845,0.887,0.837,0.887,8155075.3,,,,,,
2024-01-02 00:00:00+00:00,1704153600000.0,0.887,0.895,0.856,0.865,7758409.4,,,,,,
2024-01-03 00:00:00+00:00,1704240000000.0,0.865,0.877,0.708,0.768,23742829.6,,,,,,
2024-01-04 00:00:00+00:00,1704326400000.0,0.769,0.783,0.754,0.772,11311431.9,,,,,,
2024-01-05 00:00:00+00:00,1704412800000.0,0.773,0.776,0.721,0.748,12526485.3,,,,,,
2024-01-06 00:00:00+00:00,1704499200000.0,0.748,0.749,0.703,0.739,10336669.8,,,,,,
2024-01-07 00:00:00+00:00,1704585600000.0,0.739,0.748,0.693,0.702,8662150.9,,,,,,
2024-01-08 00:00:00+00:00,1704672000000.0,0.702,0.742,0.667,0.739,16317574.2,,,,,,
2024-01-09 00:00:00+00:00,1704758400000.0,0.739,0.741,0.68,0.709,15798411.6,,,,,,
2024-01-10 00:00:00+00:00,1704844800000.0,0.709,0.77,0.69,0.754,14304549.1,,,,,,
2024-01-11 00:00:00+00:00,1704931200000.0,0.754,0.808,0.743,0.784,19599409.5,,,,,,
2024-01-12 00:00:00+00:00,1705017600000.0,0.784,0.811,0.735,0.77,17567437.9,,,,,,
2024-01-13 00:00:00+00:00,1705104000000.0,0.77,0.773,0.742,0.764,7929302.8,,,,,,
2024-01-14 00:00:00+00:00,1705190400000.0,0.765,0.771,0.743,0.745,6432195.0,,,,,,
2024-01-15 00:00:00+00:00,1705276800000.0,0.746,0.795,0.745,0.778,9706325.3,,,,,,
2024-01-16 00:00:00+00:00,1705363200000.0,0.779,0.788,0.753,0.775,6881866.8,,,,,,
2024-01-17 00:00:00+00:00,1705449600000.0,0.775,0.778,0.748,0.762,6923156.9,,,,,,
2024-01-18 00:00:00+00:00,1705536000000.0,0.761,0.762,0.706,0.717,9901034.6,,,,,,
2024-01-19 00:00:00+00:00,1705622400000.0,0.717,0.725,0.68,0.723,8965156.2,,,,,,
2024-01-20 00:00:00+00:00,1705708800000.0,0.722,0.727,0.71,0.727,7718444.7,,,,,,
2024-01-21 00:00:00+00:00,1705795200000.0,0.726,0.733,0.719,0.72,4998853.4,,,,,,
2024-01-22 00:00:00+00:00,1705881600000.0,0.721,0.725,0.676,0.691,8182099.8,,,,,,
2024-01-23 00:00:00+00:00,1705968000000.0,0.69,0.704,0.643,0.677,11282107.1,,,,,,
2024-01-24 00:00:00+00:00,1706054400000.0,0.678,0.69,0.669,0.689,5681139.2,,,,,,
2024-01-25 00:00:00+00:00,1706140800000.0,0.688,0.693,0.673,0.689,4620498.4,,,,,,
2024-01-26 00:00:00+00:00,1706227200000.0,0.689,0.708,0.683,0.704,5512300.4,,,,,,
2024-01-27 00:00:00+00:00,1706313600000.0,0.705,0.713,0.695,0.709,4008541.7,,,,,,
2024-01-28 00:00:00+00:00,1706400000000.0,0.709,0.735,0.701,0.71,10250245.3,,,,,,
2024-01-29 00:00:00+00:00,1706486400000.0,0.71,0.721,0.695,0.717,6626488.6,,,,,,
2024-01-30 00:00:00+00:00,1706572800000.0,0.717,0.726,0.7,0.703,6902477.5,,,,,,
2024-01-31 00:00:00+00:00,1706659200000.0,0.702,0.705,0.679,0.69,6684808.3,,,,,,
2024-02-01 00:00:00+00:00,1706745600000.0,0.69,0.704,0.676,0.704,6303622.5,,,,,,
2024-02-02 00:00:00+00:00,1706832000000.0,0.703,0.716,0.696,0.715,4196104.0,,,,,,
2024-02-03 00:00:00+00:00,1706918400000.0,0.715,0.732,0.709,0.723,4179654.3,,,,,,
2024-02-04 00:00:00+00:00,1707004800000.0,0.724,0.724,0.693,0.696,4509518.3,,,,,,
2024-02-05 00:00:00+00:00,1707091200000.0,0.696,0.711,0.686,0.71,5083295.0,,,,,,
2024-02-06 00:00:00+00:00,1707177600000.0,0.709,0.724,0.709,0.714,6312835.4,,,,,,
2024-02-07 00:00:00+00:00,1707264000000.0,0.713,0.724,0.703,0.719,4349330.5,,,,,,
2024-02-08 00:00:00+00:00,1707350400000.0,0.719,0.727,0.712,0.72,5956694.8,,,,,,
2024-02-09 00:00:00+00:00,1707436800000.0,0.721,0.753,0.72,0.742,12066206.7,,,,,,
2024-02-10 00:00:00+00:00,1707523200000.0,0.743,0.744,0.725,0.736,7498074.4,,,,,,
2024-02-11 00:00:00+00:00,1707609600000.0,0.736,0.749,0.73,0.734,6696095.2,,,,,,
2024-02-12 00:00:00+00:00,1707696000000.0,0.733,0.759,0.718,0.753,10337167.9,,,,,,
2024-02-13 00:00:00+00:00,1707782400000.0,0.754,0.758,0.724,0.737,8106918.1,,,,,,
2024-02-14 00:00:00+00:00,1707868800000.0,0.737,0.761,0.73,0.756,7874142.0,,,,,,
2024-02-15 00:00:00+00:00,1707955200000.0,0.757,0.782,0.755,0.772,16598372.2,,,,,,
2024-02-16 00:00:00+00:00,1708041600000.0,0.772,0.783,0.748,0.766,9674307.6,,,,,,
2024-02-17 00:00:00+00:00,1708128000000.0,0.766,0.773,0.743,0.768,7407485.5,,,,,,
2024-02-18 00:00:00+00:00,1708214400000.0,0.768,0.785,0.762,0.777,8363101.7,,,,,,
2024-02-19 00:00:00+00:00,1708300800000.0,0.777,0.794,0.772,0.791,11205102.3,,,,,,
2024-02-20 00:00:00+00:00,1708387200000.0,0.791,0.808,0.753,0.798,20010548.2,,,,,,
2024-02-21 00:00:00+00:00,1708473600000.0,0.799,0.8,0.736,0.765,11444819.6,,,,,,
2024-02-22 00:00:00+00:00,1708560000000.0,0.764,0.784,0.75,0.775,9891996.5,,,,,,
2024-02-23 00:00:00+00:00,1708646400000.0,0.775,0.883,0.76,0.8,34793147.0,,,,,,
2024-02-24 00:00:00+00:00,1708732800000.0,0.8,0.826,0.783,0.804,13545076.8,,,,,,
2024-02-25 00:00:00+00:00,1708819200000.0,0.804,0.804,0.785,0.799,8608766.8,,,,,,
2024-02-26 00:00:00+00:00,1708905600000.0,0.8,0.815,0.775,0.814,18556284.9,,,,,,
2024-02-27 00:00:00+00:00,1708992000000.0,0.8137,0.8381,0.806,0.8339,20413156.8,,,,,,
2024-02-28 00:00:00+00:00,1709078400000.0,0.8338,0.8731,0.778,0.8299,33544719.0,,,,,,
2024-02-29 00:00:00+00:00,1709164800000.0,0.8298,0.8952,0.8276,0.8618,36572502.6,,,,,,
2024-03-01 00:00:00+00:00,1709251200000.0,0.8619,0.9141,0.858,0.9136,20324424.7,,,,,,
2024-03-02 00:00:00+00:00,1709337600000.0,0.9137,1.1312,0.9085,1.1146,56205535.4,,,,,,
2024-03-03 00:00:00+00:00,1709424000000.0,1.1134,1.1166,0.9668,1.0677,32149831.5,,,,,,
2024-03-04 00:00:00+00:00,1709510400000.0,1.0677,1.149,1.0499,1.1053,39345044.8,,,,,,
2024-03-05 00:00:00+00:00,1709596800000.0,1.1051,1.1731,0.91,1.0242,52054678.0,,,,,,
2024-03-06 00:00:00+00:00,1709683200000.0,1.0242,1.0708,0.9722,1.0685,25311609.8,,,,,,
2024-03-07 00:00:00+00:00,1709769600000.0,1.0686,1.3612,1.0622,1.2528,97615571.5,,,,,,
2024-03-08 00:00:00+00:00,1709856000000.0,1.2529,1.3386,1.13,1.1956,53437141.0,,,,,,
2024-03-09 00:00:00+00:00,1709942400000.0,1.1957,1.2289,1.1783,1.2004,20322862.7,,,,,,
2024-03-10 00:00:00+00:00,1710028800000.0,1.2005,1.2191,1.116,1.1445,20849848.7,,,,,,
2024-03-11 00:00:00+00:00,1710115200000.0,1.1445,1.27,1.096,1.2339,33242477.7,,,,,,
2024-03-12 00:00:00+00:00,1710201600000.0,1.2343,1.2393,1.1033,1.1863,25084022.0,,,,,,
2024-03-13 00:00:00+00:00,1710288000000.0,1.1862,1.2164,1.1536,1.1824,15367838.7,,,,,,
2024-03-14 00:00:00+00:00,1710374400000.0,1.1824,1.211,1.0758,1.1382,26045942.4,,,,,,
2024-03-15 00:00:00+00:00,1710460800000.0,1.1385,1.1554,0.9973,1.0655,29918810.8,,,,,,
2024-03-16 00:00:00+00:00,1710547200000.0,1.0655,1.0867,0.9606,0.9864,21253473.2,,,,,,
2024-03-17 00:00:00+00:00,1710633600000.0,0.9865,1.0249,0.935,1.0164,17495648.5,,,,,,
2024-03-18 00:00:00+00:00,1710720000000.0,1.0157,1.0441,0.9508,0.9842,16583729.7,,,,,,
2024-03-19 00:00:00+00:00,1710806400000.0,0.9842,0.9916,0.8794,0.9086,30239959.9,,,,,,
2024-03-20 00:00:00+00:00,1710892800000.0,0.9088,1.01,0.8812,1.0004,24245068.6,,,,,,
2024-03-21 00:00:00+00:00,1710979200000.0,1.0004,1.0298,0.98,1.0122,13490588.9,,,,,,
2024-03-22 00:00:00+00:00,1711065600000.0,1.012,1.0149,0.9499,0.9786,11717514.4,,,,,,
2024-03-23 00:00:00+00:00,1711152000000.0,0.9787,1.0625,0.9694,1.0374,15021972.6,,,,,,
2024-03-24 00:00:00+00:00,1711238400000.0,1.0375,1.0549,1.0179,1.051,12871630.8,,,,,,
2024-03-25 00:00:00+00:00,1711324800000.0,1.0509,1.0858,1.0395,1.0687,13026476.5,,,,,,
2024-03-26 00:00:00+00:00,1711411200000.0,1.0685,1.1,1.0579,1.0884,13242372.5,,,,,,
2024-03-27 00:00:00+00:00,1711497600000.0,1.089,1.1047,1.0317,1.0606,14992402.6,,,,,,
2024-03-28 00:00:00+00:00,1711584000000.0,1.0609,1.1219,1.0344,1.0981,13709633.5,,,,,,
2024-03-29 00:00:00+00:00,1711670400000.0,1.0981,1.1369,1.0791,1.1055,23999942.8,,,,,,
2024-03-30 00:00:00+00:00,1711756800000.0,1.1061,1.1068,1.0671,1.0743,12136717.9,,,,,,
2024-03-31 00:00:00+00:00,1711843200000.0,1.0746,1.1075,1.0702,1.1008,6753525.0,,,,,,
2024-04-01 00:00:00+00:00,1711929600000.0,1.1007,1.114,1.0163,1.0389,17723322.7,,,,,,
2024-04-02 00:00:00+00:00,1712016000000.0,1.039,1.039,0.9531,0.969,21032021.4,,,,,,
2024-04-03 00:00:00+00:00,1712102400000.0,0.9689,0.9892,0.9346,0.9542,11729010.6,,,,,,
2024-04-04 00:00:00+00:00,1712188800000.0,0.9544,1.0061,0.9385,0.994,8046107.9,,,,,,
2024-04-05 00:00:00+00:00,1712275200000.0,0.994,1.0042,0.9488,0.9902,8451360.8,,,,,,
2024-04-06 00:00:00+00:00,1712361600000.0,0.9904,1.0258,0.9862,1.0196,5972661.0,,,,,,
2024-04-07 00:00:00+00:00,1712448000000.0,1.02,1.0416,1.0169,1.0298,7876057.0,,,,,,
2024-04-08 00:00:00+00:00,1712534400000.0,1.0303,1.1436,1.007,1.0989,18617541.0,,,,,,
2024-04-09 00:00:00+00:00,1712620800000.0,1.0992,1.137,1.0609,1.068,25981974.2,,,,,,
2024-04-10 00:00:00+00:00,1712707200000.0,1.0677,1.0807,1.0012,1.0603,16888577.8,,,,,,
2024-04-11 00:00:00+00:00,1712793600000.0,1.0604,1.1325,1.0501,1.1183,22148839.9,,,,,,
2024-04-12 00:00:00+00:00,1712880000000.0,1.1184,1.1519,0.8237,0.9361,49281543.5,,,,,,
2024-04-13 00:00:00+00:00,1712966400000.0,0.9361,0.9361,0.64,0.7316,69302035.5,,,,,,
2024-04-14 00:00:00+00:00,1713052800000.0,0.7316,0.7822,0.7014,0.7736,45263752.8,,,,,,
2024-04-15 00:00:00+00:00,1713139200000.0,0.7734,0.8175,0.716,0.7544,29901063.0,,,,,,
2024-04-16 00:00:00+00:00,1713225600000.0,0.7544,0.761,0.7177,0.749,17553878.2,,,,,,
2024-04-17 00:00:00+00:00,1713312000000.0,0.749,0.7578,0.7055,0.7313,15690525.3,,,,,,
2024-04-18 00:00:00+00:00,1713398400000.0,0.7318,0.7672,0.7149,0.7599,12729848.5,,,,,,
2024-04-19 00:00:00+00:00,1713484800000.0,0.7602,0.7929,0.7065,0.776,21850641.4,,,,,,
2024-04-20 00:00:00+00:00,1713571200000.0,0.7768,0.8328,0.7714,0.8241,13702502.3,,,,,,
2024-04-21 00:00:00+00:00,1713657600000.0,0.8236,0.8323,0.7989,0.8119,10135858.8,,,,,,
2024-04-22 00:00:00+00:00,1713744000000.0,0.812,0.8654,0.8088,0.8482,13848352.9,,,,,,
2024-04-23 00:00:00+00:00,1713830400000.0,0.8482,0.8572,0.8311,0.8367,10985816.3,,,,,,
2024-04-24 00:00:00+00:00,1713916800000.0,0.8368,0.8794,0.8114,0.8242,15239045.7,,,,,,
2024-04-25 00:00:00+00:00,1714003200000.0,0.824,0.9653,0.8196,0.8425,86448061.4,,,,,,
2024-04-26 00:00:00+00:00,1714089600000.0,0.8424,0.8497,0.7974,0.8318,25825669.3,,,,,,
2024-04-27 00:00:00+00:00,1714176000000.0,0.8318,0.8389,0.7983,0.8057,21902530.5,,,,,,
2024-04-28 00:00:00+00:00,1714262400000.0,0.8056,0.8295,0.785,0.7891,13183229.7,,,,,,
2024-04-29 00:00:00+00:00,1714348800000.0,0.7887,0.8078,0.7729,0.805,15038747.4,,,,,,
2024-04-30 00:00:00+00:00,1714435200000.0,0.8055,0.8272,0.74,0.7593,23680475.3,,,,,,
2024-05-01 00:00:00+00:00,1714521600000.0,0.7602,0.7861,0.711,0.7816,23286350.1,,,,,,
2024-05-02 00:00:00+00:00,1714608000000.0,0.7816,0.8321,0.7603,0.8161,16061986.8,,,,,,
2024-05-03 00:00:00+00:00,1714694400000.0,0.8161,0.8398,0.8015,0.8275,12364944.7,,,,,,
2024-05-04 00:00:00+00:00,1714780800000.0,0.8277,0.8347,0.8136,0.8167,9358086.0,,,,,,
2024-05-05 00:00:00+00:00,1714867200000.0,0.8168,0.831,0.8062,0.8225,6629563.8,,,,,,
2024-05-06 00:00:00+00:00,1714953600000.0,0.8225,0.8489,0.815,0.8169,14068496.2,,,,,,
2024-05-07 00:00:00+00:00,1715040000000.0,0.8168,0.8244,0.788,0.7937,11391527.8,,,,,,
2024-05-08 00:00:00+00:00,1715126400000.0,0.7933,0.8144,0.7784,0.7965,13879968.6,,,,,,
2024-05-09 00:00:00+00:00,1715212800000.0,0.7964,0.8239,0.788,0.8176,10862107.4,,,,,,
2024-05-10 00:00:00+00:00,1715299200000.0,0.8174,0.835,0.781,0.7904,16928041.6,,,,,,
2024-05-11 00:00:00+00:00,1715385600000.0,0.7904,0.799,0.7768,0.7816,7995062.9,,,,,,
2024-05-12 00:00:00+00:00,1715472000000.0,0.7817,0.7909,0.7678,0.7767,5595962.5,,,,,,
2024-05-13 00:00:00+00:00,1715558400000.0,0.7766,0.7917,0.7502,0.7871,15275167.6,,,,,,
2024-05-14 00:00:00+00:00,1715644800000.0,0.787,0.7954,0.7544,0.7573,11577337.2,,,,,,
2024-05-15 00:00:00+00:00,1715731200000.0,0.7575,0.8026,0.7484,0.8009,17521820.1,,,,,,
2024-05-16 00:00:00+00:00,1715817600000.0,0.801,0.8081,0.7898,0.805,10589340.6,,,,,,
2024-05-17 00:00:00+00:00,1715904000000.0,0.805,0.8303,0.797,0.8211,8259546.3,,,,,,
2024-05-18 00:00:00+00:00,1715990400000.0,0.8213,0.825,0.8078,0.8137,5720840.7,,,,,,
2024-05-19 00:00:00+00:00,1716076800000.0,0.8137,0.8173,0.7787,0.7837,6413733.9,,,,,,
2024-05-20 00:00:00+00:00,1716163200000.0,0.7837,0.856,0.7784,0.8519,14013655.0,,,,,,
2024-05-21 00:00:00+00:00,1716249600000.0,0.8523,0.8887,0.8382,0.8694,20538886.8,,,,,,
2024-05-22 00:00:00+00:00,1716336000000.0,0.8694,0.8706,0.8343,0.8443,10886909.5,,,,,,
2024-05-23 00:00:00+00:00,1716422400000.0,0.8443,0.8577,0.7779,0.8228,15779587.6,,,,,,
2024-05-24 00:00:00+00:00,1716508800000.0,0.8225,0.8456,0.8089,0.8426,9221037.7,,,,,,
2024-05-25 00:00:00+00:00,1716595200000.0,0.8426,0.8636,0.8372,0.8499,8054926.8,,,,,,
2024-05-26 00:00:00+00:00,1716681600000.0,0.8498,0.8519,0.8218,0.831,6660225.9,,,,,,
2024-05-27 00:00:00+00:00,1716768000000.0,0.8309,0.8513,0.8233,0.8408,10841068.7,,,,,,
2024-05-28 00:00:00+00:00,1716854400000.0,0.8409,0.8416,0.7983,0.8081,23155530.0,,,,,,
2024-05-29 00:00:00+00:00,1716940800000.0,0.8082,0.8233,0.8027,0.8064,13938859.3,,,,,,
2024-05-30 00:00:00+00:00,1717027200000.0,0.8062,0.8238,0.7842,0.8092,14607588.0,,,,,,
2024-05-31 00:00:00+00:00,1717113600000.0,0.8092,0.8277,0.795,0.8139,16497664.3,,,,,,
2024-06-01 00:00:00+00:00,1717200000000.0,0.8133,0.816,0.804,0.8092,10251940.5,,,,,,
2024-06-02 00:00:00+00:00,1717286400000.0,0.809,0.8176,0.7925,0.7995,11097756.6,,,,,,
2024-06-03 00:00:00+00:00,1717372800000.0,0.7995,0.8256,0.7909,0.8012,13205938.4,,,,,,
2024-06-04 00:00:00+00:00,1717459200000.0,0.801,0.8134,0.7864,0.8128,12431617.2,,,,,,
2024-06-05 00:00:00+00:00,1717545600000.0,0.8128,0.8162,0.7994,0.8073,17367122.2,,,,,,
2024-06-06 00:00:00+00:00,1717632000000.0,0.8075,0.8077,0.7745,0.7851,15962157.4,,,,,,
2024-06-07 00:00:00+00:00,1717718400000.0,0.785,0.8012,0.6611,0.7284,27779443.7,,,,,,
2024-06-08 00:00:00+00:00,1717804800000.0,0.7284,0.7335,0.692,0.7012,21499476.2,,,,,,
2024-06-09 00:00:00+00:00,1717891200000.0,0.701,0.7143,0.699,0.7108,7880200.4,,,,,,
2024-06-10 00:00:00+00:00,1717977600000.0,0.7108,0.7171,0.6959,0.7062,9243094.3,,,,,,
2024-06-11 00:00:00+00:00,1718064000000.0,0.7062,0.7076,0.6629,0.6834,21967289.1,,,,,,
2024-06-12 00:00:00+00:00,1718150400000.0,0.6833,0.7154,0.6712,0.7025,19242126.3,,,,,,
2024-06-13 00:00:00+00:00,1718236800000.0,0.7026,0.7044,0.6705,0.6748,14689037.2,,,,,,
2024-06-14 00:00:00+00:00,1718323200000.0,0.6751,0.6847,0.6346,0.6482,22557897.1,,,,,,
2024-06-15 00:00:00+00:00,1718409600000.0,0.6483,0.663,0.647,0.6618,8627009.5,,,,,,
2024-06-16 00:00:00+00:00,1718496000000.0,0.6621,0.6652,0.6503,0.6542,9713872.2,,,,,,
2024-06-17 00:00:00+00:00,1718582400000.0,0.6542,0.6581,0.6,0.6156,28679943.1,,,,,,
2024-06-18 00:00:00+00:00,1718668800000.0,0.6155,0.6179,0.5294,0.5559,70893629.5,,,,,,
2024-06-19 00:00:00+00:00,1718755200000.0,0.5557,0.5809,0.5513,0.5696,28962675.5,,,,,,
2024-06-20 00:00:00+00:00,1718841600000.0,0.5696,0.5945,0.5622,0.5725,24483144.5,,,,,,
2024-06-21 00:00:00+00:00,1718928000000.0,0.5725,0.5817,0.5608,0.5668,16673716.6,,,,,,
2024-06-22 00:00:00+00:00,1719014400000.0,0.5669,0.579,0.5591,0.5737,7323943.8,,,,,,
2024-06-23 00:00:00+00:00,1719100800000.0,0.5737,0.5798,0.5556,0.5598,10191689.3,,,,,,
2024-06-24 00:00:00+00:00,1719187200000.0,0.56,0.5711,0.53,0.5698,23222438.9,,,,,,
2024-06-25 00:00:00+00:00,1719273600000.0,0.5697,0.585,0.5662,0.5766,10471700.9,,,,,,
2024-06-26 00:00:00+00:00,1719360000000.0,0.5766,0.5809,0.5632,0.575,11931312.6,,,,,,
2024-06-27 00:00:00+00:00,1719446400000.0,0.575,0.591,0.5657,0.5894,15976998.5,,,,,,
2024-06-28 00:00:00+00:00,1719532800000.0,0.5892,0.5992,0.582,0.5875,12909823.1,,,,,,
2024-06-29 00:00:00+00:00,1719619200000.0,0.5875,0.5934,0.5636,0.5658,10506305.3,,,,,,
2024-06-30 00:00:00+00:00,1719705600000.0,0.5659,0.5813,0.5584,0.5779,11380710.5,,,,,,
2024-07-01 00:00:00+00:00,1719792000000.0,0.5781,0.5883,0.5736,0.5774,10715378.7,,,,,,
2024-07-02 00:00:00+00:00,1719878400000.0,0.5775,0.5877,0.5746,0.5834,9582369.9,,,,,,
2024-07-03 00:00:00+00:00,1719964800000.0,0.5837,0.586,0.5524,0.5604,11259110.3,,,,,,
2024-07-04 00:00:00+00:00,1720051200000.0,0.5606,0.5645,0.4953,0.5017,28644989.8,,,,,,
2024-07-05 00:00:00+00:00,1720137600000.0,0.5017,0.5017,0.4405,0.4795,58868468.1,,,,,,
2024-07-06 00:00:00+00:00,1720224000000.0,0.4794,0.527,0.4771,0.5211,21359765.6,,,,,,
2024-07-07 00:00:00+00:00,1720310400000.0,0.521,0.5235,0.4883,0.4911,20639099.0,,,,,,
2024-07-08 00:00:00+00:00,1720396800000.0,0.4912,0.52,0.47,0.5121,26085055.5,,,,,,
2024-07-09 00:00:00+00:00,1720483200000.0,0.512,0.5362,0.5086,0.5218,16911142.4,,,,,,
2024-07-10 00:00:00+00:00,1720569600000.0,0.5218,0.5303,0.5152,0.5236,12016816.7,,,,,,
2024-07-11 00:00:00+00:00,1720656000000.0,0.5236,0.5431,0.5181,0.5202,12179091.2,,,,,,
2024-07-12 00:00:00+00:00,1720742400000.0,0.5204,0.5269,0.5132,0.5252,8777434.2,,,,,,
2024-07-13 00:00:00+00:00,1720828800000.0,0.5254,0.5516,0.5233,0.5481,8271725.2,,,,,,
2024-07-14 00:00:00+00:00,1720915200000.0,0.5479,0.5888,0.5442,0.5766,14076973.3,,,,,,
2024-07-15 00:00:00+00:00,1721001600000.0,0.5766,0.5949,0.5724,0.5917,14782885.4,,,,,,
2024-07-16 00:00:00+00:00,1721088000000.0,0.5917,0.6098,0.5753,0.5984,18093866.5,,,,,,
2024-07-17 00:00:00+00:00,1721174400000.0,0.5983,0.6236,0.5977,0.6008,14821242.6,,,,,,
2024-07-18 00:00:00+00:00,1721260800000.0,0.6009,0.6114,0.5726,0.5872,12126266.9,,,,,,
2024-07-19 00:00:00+00:00,1721347200000.0,0.5874,0.6133,0.5748,0.6077,10917069.6,,,,,,
2024-07-20 00:00:00+00:00,1721433600000.0,0.6077,0.6157,0.6001,0.609,7359875.9,,,,,,
2024-07-21 00:00:00+00:00,1721520000000.0,0.609,0.6201,0.5828,0.6082,11705163.0,,,,,,
2024-07-22 00:00:00+00:00,1721606400000.0,0.6084,0.6126,0.578,0.5824,9960718.4,,,,,,
2024-07-23 00:00:00+00:00,1721692800000.0,0.5826,0.5956,0.5647,0.5799,14899538.9,,,,,,
2024-07-24 00:00:00+00:00,1721779200000.0,0.5799,0.608,0.5713,0.5895,17566218.5,,,,,,
2024-07-25 00:00:00+00:00,1721865600000.0,0.5894,0.595,0.5358,0.5571,17511274.3,,,,,,
2024-07-26 00:00:00+00:00,1721952000000.0,0.557,0.5798,0.5553,0.5786,11335508.3,,,,,,
2024-07-27 00:00:00+00:00,1722038400000.0,0.5788,0.5872,0.5683,0.5801,7241973.3,,,,,,
2024-07-28 00:00:00+00:00,1722124800000.0,0.5799,0.5836,0.5625,0.5663,6941858.0,,,,,,
2024-07-29 00:00:00+00:00,1722211200000.0,0.5663,0.6014,0.5653,0.5747,19961030.4,,,,,,
2024-07-30 00:00:00+00:00,1722297600000.0,0.5745,0.5908,0.5583,0.5712,19754442.6,,,,,,
2024-07-31 00:00:00+00:00,1722384000000.0,0.5711,0.6056,0.5672,0.5841,21042281.6,,,,,,
2024-08-01 00:00:00+00:00,1722470400000.0,0.5841,0.5877,0.5082,0.5475,34656135.5,,,,,,
2024-08-02 00:00:00+00:00,1722556800000.0,0.5477,0.5562,0.5035,0.5216,30547458.2,,,,,,
2024-08-03 00:00:00+00:00,1722643200000.0,0.5216,0.5267,0.482,0.4957,24171535.3,,,,,,
2024-08-04 00:00:00+00:00,1722729600000.0,0.4957,0.5474,0.4587,0.4711,18488776.9,,,,,,
2024-08-05 00:00:00+00:00,1722816000000.0,0.4713,0.4763,0.4,0.445,46178775.8,,,,,,
2024-08-06 00:00:00+00:00,1722902400000.0,0.4451,0.4701,0.4448,0.46,18871113.9,,,,,,
2024-08-07 00:00:00+00:00,1722988800000.0,0.4599,0.4724,0.4367,0.448,21432481.3,,,,,,
2024-08-08 00:00:00+00:00,1723075200000.0,0.448,0.4924,0.4401,0.4887,16158298.8,,,,,,
2024-08-09 00:00:00+00:00,1723161600000.0,0.4888,0.4888,0.4663,0.4769,16433288.2,,,,,,
2024-08-10 00:00:00+00:00,1723248000000.0,0.4769,0.4918,0.4727,0.4882,9033939.5,,,,,,
2024-08-11 00:00:00+00:00,1723334400000.0,0.4882,0.4959,0.461,0.4677,13084397.1,,,,,,
2024-08-12 00:00:00+00:00,1723420800000.0,0.4675,0.5049,0.4666,0.5001,16871609.7,,,,,,
2024-08-13 00:00:00+00:00,1723507200000.0,0.5001,0.5234,0.4911,0.5066,20363181.9,,,,,,
2024-08-14 00:00:00+00:00,1723593600000.0,0.5066,0.5094,0.4917,0.5071,16610284.8,,,,,,
2024-08-15 00:00:00+00:00,1723680000000.0,0.5072,0.5145,0.4861,0.4892,25361068.7,,,,,,
2024-08-16 00:00:00+00:00,1723766400000.0,0.4884,0.4994,0.4748,0.4941,17302281.3,,,,,,
2024-08-17 00:00:00+00:00,1723852800000.0,0.4939,0.5075,0.4908,0.5007,10377470.2,,,,,,
2024-08-18 00:00:00+00:00,1723939200000.0,0.5009,0.5025,0.4847,0.4922,12690184.3,,,,,,
2024-08-19 00:00:00+00:00,1724025600000.0,0.492,0.4975,0.4781,0.49,20657094.6,,,,,,
2024-08-20 00:00:00+00:00,1724112000000.0,0.49,0.5013,0.4826,0.4918,11062567.7,,,,,,
2024-08-21 00:00:00+00:00,1724198400000.0,0.4918,0.5204,0.4898,0.5156,16129547.9,,,,,,
2024-08-22 00:00:00+00:00,1724284800000.0,0.5157,0.5302,0.5073,0.5283,16132266.7,,,,,,
2024-08-23 00:00:00+00:00,1724371200000.0,0.5283,0.5662,0.5253,0.5563,29710621.9,,,,,,
2024-08-24 00:00:00+00:00,1724457600000.0,0.5564,0.5623,0.5462,0.5549,11999501.3,,,,,,
2024-08-25 00:00:00+00:00,1724544000000.0,0.5549,0.556,0.5306,0.5354,16132615.5,,,,,,
2024-08-26 00:00:00+00:00,1724630400000.0,0.5355,0.5396,0.5139,0.5193,15187894.2,,,,,,
2024-08-27 00:00:00+00:00,1724716800000.0,0.5193,0.5257,0.4805,0.4921,13892512.7,,,,,,
2024-08-28 00:00:00+00:00,1724803200000.0,0.4921,0.5008,0.4743,0.4951,21867282.7,,,,,,
2024-08-29 00:00:00+00:00,1724889600000.0,0.4951,0.5043,0.4802,0.4854,16479583.3,,,,,,
2024-08-30 00:00:00+00:00,1724976000000.0,0.4851,0.4965,0.4717,0.486,15606193.9,,,,,,
2024-08-31 00:00:00+00:00,1725062400000.0,0.486,0.4896,0.4785,0.481,6931295.8,,,,,,
2024-09-01 00:00:00+00:00,1725148800000.0,0.4808,0.4816,0.4502,0.4556,15047511.8,,,,,,
2024-09-02 00:00:00+00:00,1725235200000.0,0.4553,0.4791,0.4539,0.4758,12952002.9,,,,,,
2024-09-03 00:00:00+00:00,1725321600000.0,0.4756,0.487,0.4528,0.4539,15799557.9,,,,,,
2024-09-04 00:00:00+00:00,1725408000000.0,0.4536,0.4683,0.4318,0.4644,15616783.6,,,,,,
2024-09-05 00:00:00+00:00,1725494400000.0,0.4641,0.4715,0.4558,0.4624,13281184.2,,,,,,
2024-09-06 00:00:00+00:00,1725580800000.0,0.4624,0.4747,0.438,0.4549,19421682.7,,,,,,
2024-09-07 00:00:00+00:00,1725667200000.0,0.4551,0.4678,0.4509,0.4623,10264072.0,,,,,,
2024-09-08 00:00:00+00:00,1725753600000.0,0.4624,0.4825,0.4585,0.4807,13343401.5,,,,,,
2024-09-09 00:00:00+00:00,1725840000000.0,0.4806,0.499,0.4769,0.494,18623642.7,,,,,,
2024-09-10 00:00:00+00:00,1725926400000.0,0.494,0.4978,0.4852,0.49,12095399.2,,,,,,
2024-09-11 00:00:00+00:00,1726012800000.0,0.49,0.4965,0.4752,0.4914,14603697.6,,,,,,
2024-09-12 00:00:00+00:00,1726099200000.0,0.4913,0.5034,0.4911,0.5031,8587962.4,,,,,,
2024-09-13 00:00:00+00:00,1726185600000.0,0.5028,0.5096,0.4947,0.5057,6910181.6,,,,,,
2024-09-14 00:00:00+00:00,1726272000000.0,0.5057,0.5062,0.495,0.4983,8127547.9,,,,,,
2024-09-15 00:00:00+00:00,1726358400000.0,0.4985,0.5014,0.4785,0.4822,7527738.8,,,,,,
2024-09-16 00:00:00+00:00,1726444800000.0,0.4822,0.4835,0.4664,0.4723,8283869.7,,,,,,
2024-09-17 00:00:00+00:00,1726531200000.0,0.4723,0.4848,0.4691,0.4814,7724070.9,,,,,,
2024-09-18 00:00:00+00:00,1726617600000.0,0.4814,0.4905,0.4663,0.4903,8618679.1,,,,,,
2024-09-19 00:00:00+00:00,1726704000000.0,0.4904,0.5149,0.4902,0.5085,9693641.7,,,,,,
2024-09-20 00:00:00+00:00,1726790400000.0,0.5086,0.5194,0.5038,0.5174,8021673.0,,,,,,
2024-09-21 00:00:00+00:00,1726876800000.0,0.5173,0.5282,0.5135,0.5278,6712879.0,,,,,,
2024-09-22 00:00:00+00:00,1726963200000.0,0.5278,0.5282,0.5048,0.5176,5691154.7,,,,,,
2024-09-23 00:00:00+00:00,1727049600000.0,0.5176,0.5282,0.5092,0.5229,16738115.0,,,,,,
2024-09-24 00:00:00+00:00,1727136000000.0,0.5228,0.5297,0.5137,0.5262,17895375.6,,,,,,
2024-09-25 00:00:00+00:00,1727222400000.0,0.5263,0.5413,0.5222,0.5253,22029940.3,,,,,,
2024-09-26 00:00:00+00:00,1727308800000.0,0.5254,0.5447,0.5184,0.5388,10862276.0,,,,,,
2024-09-27 00:00:00+00:00,1727395200000.0,0.5389,0.5482,0.5368,0.5435,7728149.6,,,,,,
2024-09-28 00:00:00+00:00,1727481600000.0,0.5437,0.5506,0.5283,0.5352,5200291.0,,,,,,
2024-09-29 00:00:00+00:00,1727568000000.0,0.5352,0.5432,0.5269,0.5402,6022948.7,,,,,,
2024-09-30 00:00:00+00:00,1727654400000.0,0.5403,0.5469,0.5109,0.5151,22475211.9,,,,,,
2024-10-01 00:00:00+00:00,1727740800000.0,0.5151,0.5243,0.4639,0.4748,13431258.8,,,,,,
2024-10-02 00:00:00+00:00,1727827200000.0,0.4745,0.4879,0.4581,0.4665,22417940.6,,,,,,
2024-10-03 00:00:00+00:00,1727913600000.0,0.4665,0.4742,0.4532,0.466,7901803.5,,,,,,
2024-10-04 00:00:00+00:00,1728000000000.0,0.4661,0.4799,0.464,0.4765,6347918.2,,,,,,
2024-10-05 00:00:00+00:00,1728086400000.0,0.4764,0.4796,0.4663,0.4723,4802359.6,,,,,,
2024-10-06 00:00:00+00:00,1728172800000.0,0.4721,0.481,0.4672,0.4762,5896281.3,,,,,,
2024-10-07 00:00:00+00:00,1728259200000.0,0.4763,0.485,0.4695,0.4715,8578600.1,,,,,,
2024-10-08 00:00:00+00:00,1728345600000.0,0.4716,0.4779,0.4622,0.4683,8012535.4,,,,,,
2024-10-09 00:00:00+00:00,1728432000000.0,0.4683,0.4736,0.45,0.4567,6056862.4,,,,,,
2024-10-10 00:00:00+00:00,1728518400000.0,0.4566,0.4632,0.4509,0.463,5412527.1,,,,,,
2024-10-11 00:00:00+00:00,1728604800000.0,0.4631,0.4779,0.462,0.4766,5514471.3,,,,,,
2024-10-12 00:00:00+00:00,1728691200000.0,0.4767,0.4843,0.4733,0.4758,10385937.7,,,,,,
2024-10-13 00:00:00+00:00,1728777600000.0,0.4758,0.4775,0.4634,0.4719,6568987.5,,,,,,
2024-10-14 00:00:00+00:00,1728864000000.0,0.472,0.4953,0.466,0.4935,9319814.6,,,,,,
2024-10-15 00:00:00+00:00,1728950400000.0,0.4938,0.4976,0.4726,0.4885,17048567.1,,,,,,
2024-10-16 00:00:00+00:00,1729036800000.0,0.4883,0.4947,0.482,0.4867,13223341.2,,,,,,
2024-10-17 00:00:00+00:00,1729123200000.0,0.487,0.4918,0.4716,0.4787,15891914.5,,,,,,
2024-10-18 00:00:00+00:00,1729209600000.0,0.4786,0.4843,0.4762,0.4837,4874177.8,,,,,,
2024-10-19 00:00:00+00:00,1729296000000.0,0.4837,0.4919,0.4829,0.4904,11294771.9,,,,,,
2024-10-20 00:00:00+00:00,1729382400000.0,0.4905,0.5048,0.4836,0.5035,11343691.6,,,,,,
2024-10-21 00:00:00+00:00,1729468800000.0,0.5036,0.5059,0.4865,0.4902,12026198.0,,,,,,
2024-10-22 00:00:00+00:00,1729555200000.0,0.4901,0.4941,0.4793,0.4841,8387631.3,,,,,,
2024-10-23 00:00:00+00:00,1729641600000.0,0.4841,0.485,0.4602,0.4688,14560974.0,,,,,,
2024-10-24 00:00:00+00:00,1729728000000.0,0.4687,0.4774,0.461,0.4749,8550794.4,,,,,,
2024-10-25 00:00:00+00:00,1729814400000.0,0.475,0.4761,0.4223,0.4423,20532880.9,,,,,,
2024-10-26 00:00:00+00:00,1729900800000.0,0.4424,0.448,0.4357,0.4446,8680229.7,,,,,,
2024-10-27 00:00:00+00:00,1729987200000.0,0.4446,0.4554,0.4427,0.4521,6550115.9,,,,,,
2024-10-28 00:00:00+00:00,1730073600000.0,0.4522,0.4589,0.443,0.4569,7559572.0,,,,,,
2024-10-29 00:00:00+00:00,1730160000000.0,0.4568,0.4698,0.4562,0.4686,17661887.7,,,,,,
2024-10-30 00:00:00+00:00,1730246400000.0,0.4686,0.4695,0.4584,0.4616,14041310.0,,,,,,
2024-10-31 00:00:00+00:00,1730332800000.0,0.4616,0.4626,0.437,0.4413,9541005.0,,,,,,
2024-11-01 00:00:00+00:00,1730419200000.0,0.4413,0.4445,0.4276,0.4347,14636352.8,,,,,,
2024-11-02 00:00:00+00:00,1730505600000.0,0.4346,0.4391,0.4244,0.4285,7814850.7,,,,,,
2024-11-03 00:00:00+00:00,1730592000000.0,0.4285,0.4293,0.4072,0.4157,13641893.4,,,,,,
2024-11-04 00:00:00+00:00,1730678400000.0,0.4159,0.4204,0.4006,0.4093,11897782.0,,,,,,
2024-11-05 00:00:00+00:00,1730764800000.0,0.4092,0.4275,0.4082,0.4242,13570094.1,,,,,,
2024-11-06 00:00:00+00:00,1730851200000.0,0.4241,0.4579,0.4241,0.4552,22005424.5,,,,,,
2024-11-07 00:00:00+00:00,1730937600000.0,0.4553,0.4699,0.4533,0.4664,17200319.5,,,,,,
2024-11-08 00:00:00+00:00,1731024000000.0,0.4667,0.4751,0.4607,0.4746,14363340.5,,,,,,
2024-11-09 00:00:00+00:00,1731110400000.0,0.4746,0.4887,0.465,0.4875,12933951.7,,,,,,
2024-11-10 00:00:00+00:00,1731196800000.0,0.4877,0.6181,0.4842,0.5791,85739473.7,,,,,,
2024-11-11 00:00:00+00:00,1731283200000.0,0.5793,0.5883,0.5444,0.5822,41390453.0,,,,,,
2024-11-12 00:00:00+00:00,1731369600000.0,0.5823,0.6001,0.5312,0.5751,52698790.9,,,,,,
2024-11-13 00:00:00+00:00,1731456000000.0,0.5753,0.5814,0.5273,0.548,37422416.8,,,,,,
2024-11-14 00:00:00+00:00,1731542400000.0,0.5483,0.5696,0.5244,0.5486,27999368.7,,,,,,
2024-11-15 00:00:00+00:00,1731628800000.0,0.5484,0.6,0.5444,0.5856,48948161.0,,,,,,
2024-11-16 00:00:00+00:00,1731715200000.0,0.5857,0.7092,0.5809,0.6734,85343479.9,,,,,,
2024-11-17 00:00:00+00:00,1731801600000.0,0.6734,0.6834,0.6045,0.6166,34174692.6,,,,,,
2024-11-18 00:00:00+00:00,1731888000000.0,0.6166,0.6924,0.6148,0.6791,31432427.3,,,,,,
2024-11-19 00:00:00+00:00,1731974400000.0,0.679,0.6833,0.6336,0.6517,17805607.7,,,,,,
2024-11-20 00:00:00+00:00,1732060800000.0,0.6517,0.6651,0.6095,0.6236,19879422.8,,,,,,
2024-11-21 00:00:00+00:00,1732147200000.0,0.6241,0.6695,0.6071,0.6678,26311575.3,,,,,,
2024-11-22 00:00:00+00:00,1732233600000.0,0.6681,0.7538,0.6571,0.744,65072794.9,,,,,,
2024-11-23 00:00:00+00:00,1732320000000.0,0.7442,0.8193,0.7435,0.7639,67720879.3,,,,,,
2024-11-24 00:00:00+00:00,1732406400000.0,0.7641,0.921,0.7583,0.8505,84676698.0,,,,,,
2024-11-25 00:00:00+00:00,1732492800000.0,0.8506,0.8576,0.782,0.8012,36655293.4,,,,,,
2024-11-26 00:00:00+00:00,1732579200000.0,0.8013,0.8461,0.7594,0.7961,38424054.4,,,,,,
2024-11-27 00:00:00+00:00,1732665600000.0,0.7961,0.8362,0.7708,0.8298,24664277.3,,,,,,
2024-11-28 00:00:00+00:00,1732752000000.0,0.8296,0.8301,0.7852,0.8145,16712798.8,,,,,,
2024-11-29 00:00:00+00:00,1732838400000.0,0.8148,0.981,0.7899,0.9546,57523682.8,,,,,,
2024-11-30 00:00:00+00:00,1732924800000.0,0.9547,0.9988,0.9212,0.9395,67954832.8,,,,,,
2024-12-01 00:00:00+00:00,1733011200000.0,0.9393,1.1278,0.9114,1.1031,76189509.1,,,,,,
2024-12-02 00:00:00+00:00,1733097600000.0,1.1038,1.1988,1.0625,1.1135,131611477.7,,,,,,
2024-12-03 00:00:00+00:00,1733184000000.0,1.1135,1.3024,1.014,1.2953,144601376.7,,,,,,
2024-12-04 00:00:00+00:00,1733270400000.0,1.296,1.5406,1.2881,1.3284,183737569.6,,,,,,
2024-12-05 00:00:00+00:00,1733356800000.0,1.3282,1.5181,1.267,1.3537,96011160.8,,,,,,
2024-12-06 00:00:00+00:00,1733443200000.0,1.3537,1.3949,1.2847,1.3676,48090908.9,,,,,,
2024-12-07 00:00:00+00:00,1733529600000.0,1.3675,1.3844,1.2966,1.3444,30471259.5,,,,,,
2024-12-08 00:00:00+00:00,1733616000000.0,1.3449,1.3701,1.2779,1.3193,25706283.4,,,,,,
2024-12-09 00:00:00+00:00,1733702400000.0,1.3193,1.3194,0.918,1.0554,83212898.2,,,,,,
2024-12-10 00:00:00+00:00,1733788800000.0,1.0554,1.0806,0.9172,1.0424,69637437.8,,,,,,
2024-12-11 00:00:00+00:00,1733875200000.0,1.0424,1.1121,0.9887,1.0906,42647701.4,,,,,,
2024-12-12 00:00:00+00:00,1733961600000.0,1.0907,1.1574,1.078,1.0991,38456683.9,,,,,,
2024-12-13 00:00:00+00:00,1734048000000.0,1.0993,1.1191,1.0514,1.1086,23662783.0,,,,,,
2024-12-14 00:00:00+00:00,1734134400000.0,1.1086,1.1123,1.0153,1.0415,17743013.4,,,,,,
2024-12-15 00:00:00+00:00,1734220800000.0,1.0419,1.1008,1.0127,1.0819,19465273.5,,,,,,
2024-12-16 00:00:00+00:00,1734307200000.0,1.082,1.1064,1.0155,1.0359,25006111.1,,,,,,
2024-12-17 00:00:00+00:00,1734393600000.0,1.036,1.0914,1.0154,1.0306,30867024.2,,,,,,
2024-12-18 00:00:00+00:00,1734480000000.0,1.0306,1.042,0.8856,0.9008,44072026.2,,,,,,
2024-12-19 00:00:00+00:00,1734566400000.0,0.9007,0.9269,0.8024,0.8182,49876676.2,,,,,,
2024-12-20 00:00:00+00:00,1734652800000.0,0.8184,0.8597,0.703,0.8408,56645601.4,,,,,,
2024-12-21 00:00:00+00:00,1734739200000.0,0.841,0.8886,0.7784,0.7904,30222535.7,,,,,,
2024-12-22 00:00:00+00:00,1734825600000.0,0.7913,0.815,0.7618,0.785,21882011.0,,,,,,
2024-12-23 00:00:00+00:00,1734912000000.0,0.7851,0.8567,0.7619,0.8454,23238956.9,,,,,,
2024-12-24 00:00:00+00:00,1734998400000.0,0.8453,0.8903,0.8228,0.8701,16083835.4,,,,,,
2024-12-25 00:00:00+00:00,1735084800000.0,0.8702,0.8779,0.8308,0.8443,11417302.8,,,,,,
2024-12-26 00:00:00+00:00,1735171200000.0,0.8439,0.8526,0.7723,0.7824,15660391.4,,,,,,
2024-12-27 00:00:00+00:00,1735257600000.0,0.7826,0.8249,0.7752,0.7848,12419608.7,,,,,,
2024-12-28 00:00:00+00:00,1735344000000.0,0.785,0.8133,0.7757,0.8085,8950223.1,,,,,,
2024-12-29 00:00:00+00:00,1735430400000.0,0.8085,0.8176,0.7672,0.7765,10468429.4,,,,,,
2024-12-30 00:00:00+00:00,1735516800000.0,0.7765,0.8056,0.7475,0.7736,14552454.4,,,,,,
2024-12-31 00:00:00+00:00,1735603200000.0,0.7741,0.8054,0.7505,0.7748,14708790.0,,,,,,
2025-01-01 00:00:00+00:00,1735689600000.0,0.7748,0.8218,0.7585,0.8123,11909900.7,,,,,,
2025-01-02 00:00:00+00:00,1735776000000.0,0.8123,0.8361,0.8102,0.8209,12844150.3,,,,,,
2025-01-03 00:00:00+00:00,1735862400000.0,0.821,0.96,0.8134,0.9259,43602960.0,,,,,,
2025-01-04 00:00:00+00:00,1735948800000.0,0.9259,0.954,0.8884,0.9009,20810520.9,,,,,,
2025-01-05 00:00:00+00:00,1736035200000.0,0.9009,0.9077,0.8805,0.9017,11110921.2,,,,,,
2025-01-06 00:00:00+00:00,1736121600000.0,0.9018,0.9415,0.8886,0.9175,14721221.4,,,,,,
2025-01-07 00:00:00+00:00,1736208000000.0,0.9174,0.9316,0.8156,0.8206,25481784.8,,,,,,
2025-01-08 00:00:00+00:00,1736294400000.0,0.8207,0.8338,0.7501,0.7945,21287571.1,,,,,,
2025-01-09 00:00:00+00:00,1736380800000.0,0.7943,0.8061,0.7591,0.7821,19043036.2,,,,,,
2025-01-10 00:00:00+00:00,1736467200000.0,0.7822,0.8172,0.7768,0.7977,17607383.4,,,,,,
2025-01-11 00:00:00+00:00,1736553600000.0,0.7978,0.8209,0.782,0.8051,8311068.5,,,,,,
2025-01-12 00:00:00+00:00,1736640000000.0,0.8052,0.8114,0.7785,0.7873,8047215.2,,,,,,
2025-01-13 00:00:00+00:00,1736726400000.0,0.7881,0.8088,0.7088,0.7638,24115426.9,,,,,,
2025-01-14 00:00:00+00:00,1736812800000.0,0.7639,0.8002,0.7596,0.7945,9906162.9,,,,,,
2025-01-15 00:00:00+00:00,1736899200000.0,0.7944,0.8765,0.7913,0.8696,25420033.7,,,,,,
2025-01-16 00:00:00+00:00,1736985600000.0,0.8703,0.9745,0.8415,0.9258,43787696.6,,,,,,
2025-01-17 00:00:00+00:00,1737072000000.0,0.926,1.0343,0.9258,0.9862,55906162.8,,,,,,
2025-01-18 00:00:00+00:00,1737158400000.0,0.9865,0.9918,0.8942,0.9254,31839506.6,,,,,,
2025-01-19 00:00:00+00:00,1737244800000.0,0.9254,0.9499,0.7947,0.8144,39270419.8,,,,,,
2025-01-20 00:00:00+00:00,1737331200000.0,0.8144,0.8923,0.787,0.8232,42934230.1,,,,,,
2025-01-21 00:00:00+00:00,1737417600000.0,0.8232,0.8647,0.7911,0.8474,19264279.0,,,,,,
2025-01-22 00:00:00+00:00,1737504000000.0,0.8472,0.8513,0.8031,0.8082,8650365.4,,,,,,
2025-01-23 00:00:00+00:00,1737590400000.0,0.8082,0.8115,0.7668,0.7989,21648210.8,,,,,,
2025-01-24 00:00:00+00:00,1737676800000.0,0.7992,0.8332,0.7724,0.7965,10746730.1,,,,,,
2025-01-25 00:00:00+00:00,1737763200000.0,0.7964,0.8163,0.7852,0.8046,7912871.3,,,,,,
2025-01-26 00:00:00+00:00,1737849600000.0,0.8047,0.82,0.7742,0.7751,7493385.6,,,,,,
2025-01-27 00:00:00+00:00,1737936000000.0,0.7751,0.7809,0.699,0.762,26406866.5,,,,,,
2025-01-28 00:00:00+00:00,1738022400000.0,0.762,0.7801,0.7178,0.7239,13806379.8,,,,,,
2025-01-29 00:00:00+00:00,1738108800000.0,0.7233,0.7613,0.7114,0.7354,13074446.2,,,,,,
2025-01-30 00:00:00+00:00,1738195200000.0,0.7354,0.7841,0.7287,0.7666,10001847.5,,,,,,
2025-01-31 00:00:00+00:00,1738281600000.0,0.7667,0.8203,0.7517,0.7868,15851858.7,,,,,,
2025-02-01 00:00:00+00:00,1738368000000.0,0.7868,0.8212,0.7331,0.7377,23512797.3,,,,,,
2025-02-02 00:00:00+00:00,1738454400000.0,0.7376,0.7583,0.6,0.6402,34442430.9,,,,,,
2025-02-03 00:00:00+00:00,1738540800000.0,0.6407,0.6551,0.4936,0.6455,76177130.7,,,,,,
2025-02-04 00:00:00+00:00,1738627200000.0,0.6454,0.6565,0.5744,0.6134,45342967.8,,,,,,
2025-02-05 00:00:00+00:00,1738713600000.0,0.6133,0.6299,0.5886,0.5998,21229200.3,,,,,,
2025-02-06 00:00:00+00:00,1738800000000.0,0.5999,0.6163,0.5681,0.5769,26422834.5,,,,,,
2025-02-07 00:00:00+00:00,1738886400000.0,0.5769,0.6164,0.5656,0.5839,19798097.5,,,,,,
2025-02-08 00:00:00+00:00,1738972800000.0,0.584,0.6082,0.5761,0.606,13764344.4,,,,,,
2025-02-09 00:00:00+00:00,1739059200000.0,0.6059,0.6209,0.5764,0.602,12107285.6,,,,,,
2025-02-10 00:00:00+00:00,1739145600000.0,0.602,0.6506,0.5852,0.6392,14073946.9,,,,,,
2025-02-11 00:00:00+00:00,1739232000000.0,0.6392,0.6676,0.6085,0.624,14091714.4,,,,,,
2025-02-12 00:00:00+00:00,1739318400000.0,0.6241,0.6698,0.6128,0.6603,20529180.1,,,,,,
2025-02-13 00:00:00+00:00,1739404800000.0,0.6602,0.6626,0.6329,0.6446,12842362.4,,,,,,
2025-02-14 00:00:00+00:00,1739491200000.0,0.6446,0.6843,0.6372,0.6659,12780787.2,,,,,,
2025-02-15 00:00:00+00:00,1739577600000.0,0.6661,0.6752,0.6408,0.6455,8663227.3,,,,,,
2025-02-16 00:00:00+00:00,1739664000000.0,0.6456,0.6506,0.6244,0.6305,7634397.8,,,,,,
2025-02-17 00:00:00+00:00,1739750400000.0,0.6306,0.6533,0.62,0.6368,10893601.6,,,,,,
2025-02-18 00:00:00+00:00,1739836800000.0,0.6368,0.6399,0.5921,0.6147,14328261.6,,,,,,
2025-02-19 00:00:00+00:00,1739923200000.0,0.6148,0.6337,0.6018,0.6336,11396266.5,,,,,,
2025-02-20 00:00:00+00:00,1740009600000.0,0.6336,0.6592,0.6295,0.6432,13034114.0,,,,,,
2025-02-21 00:00:00+00:00,1740096000000.0,0.6431,0.6659,0.6068,0.6216,15564605.2,,,,,,
2025-02-22 00:00:00+00:00,1740182400000.0,0.6216,0.6501,0.6185,0.6438,9220135.5,,,,,,
2025-02-23 00:00:00+00:00,1740268800000.0,0.6439,0.6601,0.6348,0.6423,7708623.8,,,,,,
2025-02-24 00:00:00+00:00,1740355200000.0,0.6424,0.6449,0.5554,0.5656,20255026.2,,,,,,
2025-02-25 00:00:00+00:00,1740441600000.0,0.5657,0.5729,0.5236,0.5636,37463339.7,,,,,,
2025-02-26 00:00:00+00:00,1740528000000.0,0.5637,0.5715,0.5371,0.556,24892432.3,,,,,,
2025-02-27 00:00:00+00:00,1740614400000.0,0.5561,0.5747,0.5463,0.5618,16465775.0,,,,,,
2025-02-28 00:00:00+00:00,1740700800000.0,0.5618,0.5677,0.5108,0.5614,29689951.6,,,,,,
2025-03-01 00:00:00+00:00,1740787200000.0,0.5613,0.5685,0.5407,0.5625,10693704.6,,,,,,
2025-03-02 00:00:00+00:00,1740873600000.0,0.5624,0.6424,0.5562,0.6411,29557157.8,,,,,,
2025-03-03 00:00:00+00:00,1740960000000.0,0.6412,0.6467,0.5429,0.5522,29660777.0,,,,,,
2025-03-04 00:00:00+00:00,1741046400000.0,0.5523,0.556,0.5011,0.5341,26677145.1,,,,,,
2025-03-05 00:00:00+00:00,1741132800000.0,0.5341,0.5623,0.5282,0.5541,18026602.2,,,,,,
2025-03-06 00:00:00+00:00,1741219200000.0,0.554,0.5703,0.5341,0.543,14448678.5,,,,,,
2025-03-07 00:00:00+00:00,1741305600000.0,0.543,0.5697,0.512,0.5458,20376204.7,,,,,,
2025-03-08 00:00:00+00:00,1741392000000.0,0.5459,0.5488,0.5318,0.5346,8879258.2,,,,,,
2025-03-09 00:00:00+00:00,1741478400000.0,0.5345,0.538,0.475,0.4816,24161705.6,,,,,,
2025-03-10 00:00:00+00:00,1741564800000.0,0.4817,0.5143,0.4511,0.4595,31474954.2,,,,,,
2025-03-11 00:00:00+00:00,1741651200000.0,0.4596,0.5001,0.4336,0.4866,32620036.0,,,,,,
2025-03-12 00:00:00+00:00,1741737600000.0,0.4866,0.5071,0.4726,0.497,20815351.4,,,,,,
2025-03-13 00:00:00+00:00,1741824000000.0,0.497,0.509,0.4827,0.4966,17626998.8,,,,,,
2025-03-14 00:00:00+00:00,1741910400000.0,0.4967,0.5122,0.4946,0.5026,9755126.8,,,,,,
2025-03-15 00:00:00+00:00,1741996800000.0,0.5026,0.5075,0.4964,0.5038,5799967.0,,,,,,
2025-03-16 00:00:00+00:00,1742083200000.0,0.5039,0.5099,0.4713,0.4762,12357400.1,,,,,,
2025-03-17 00:00:00+00:00,1742169600000.0,0.4761,0.5051,0.476,0.4996,12249486.2,,,,,,
2025-03-18 00:00:00+00:00,1742256000000.0,0.4997,0.587,0.4865,0.5739,49259455.8,,,,,,
2025-03-19 00:00:00+00:00,1742342400000.0,0.574,0.671,0.5591,0.5816,132984502.5,,,,,,
2025-03-20 00:00:00+00:00,1742428800000.0,0.5816,0.5976,0.5492,0.5551,50251264.8,,,,,,
2025-03-21 00:00:00+00:00,1742515200000.0,0.5552,0.5707,0.532,0.5496,32393351.4,,,,,,
2025-03-22 00:00:00+00:00,1742601600000.0,0.5497,0.5623,0.5412,0.5498,18965231.9,,,,,,
2025-03-23 00:00:00+00:00,1742688000000.0,0.5498,0.5753,0.5433,0.561,24028571.8,,,,,,
2025-03-24 00:00:00+00:00,1742774400000.0,0.5611,0.583,0.5489,0.5728,30155531.4,,,,,,
2025-03-25 00:00:00+00:00,1742860800000.0,0.5729,0.5843,0.5639,0.5714,20173135.0,,,,,,
2025-03-26 00:00:00+00:00,1742947200000.0,0.5714,0.5944,0.5678,0.5802,17683628.2,,,,,,
2025-03-27 00:00:00+00:00,1743033600000.0,0.5802,0.5915,0.5643,0.5824,17060971.6,,,,,,
2025-03-28 00:00:00+00:00,1743120000000.0,0.5825,0.6037,0.568,0.5718,49631170.3,,,,,,
2025-03-29 00:00:00+00:00,1743206400000.0,0.5719,0.5866,0.5428,0.546,29728174.7,,,,,,
2025-03-30 00:00:00+00:00,1743292800000.0,0.5462,0.64,0.5412,0.597,58603344.3,,,,,,
2025-03-31 00:00:00+00:00,1743379200000.0,0.5969,0.6512,0.5739,0.6172,63617464.5,,,,,,
2025-04-01 00:00:00+00:00,1743465600000.0,0.6174,0.7129,0.6015,0.6881,99412548.0,,,,,,
2025-04-02 00:00:00+00:00,1743552000000.0,0.6882,0.8743,0.6737,0.804,157613887.4,,,,,,
2025-04-03 00:00:00+00:00,1743638400000.0,0.8034,0.8846,0.778,0.8581,125223877.6,,,,,,
2025-04-04 00:00:00+00:00,1743724800000.0,0.858,0.8681,0.7762,0.7824,82192825.5,,,,,,
2025-04-05 00:00:00+00:00,1743811200000.0,0.7823,0.8184,0.747,0.7509,55957224.3,,,,,,
2025-04-06 00:00:00+00:00,1743897600000.0,0.751,0.7951,0.7131,0.7168,73126952.0,,,,,,
2025-04-07 00:00:00+00:00,1743984000000.0,0.717,0.7849,0.6766,0.7688,100421118.3,,,,,,
2025-04-08 00:00:00+00:00,1744070400000.0,0.7686,0.8016,0.66,0.6702,63233303.9,,,,,,
2025-04-09 00:00:00+00:00,1744156800000.0,0.6702,0.7194,0.6361,0.7042,79192770.7,,,,,,
2025-04-10 00:00:00+00:00,1744243200000.0,0.7043,0.7165,0.6068,0.6192,63487471.2,,,,,,
2025-04-11 00:00:00+00:00,1744329600000.0,0.6191,0.6645,0.6128,0.6192,64192497.0,,,,,,
2025-04-12 00:00:00+00:00,1744416000000.0,0.6191,0.7129,0.5888,0.7038,121919086.9,,,,,,
2025-04-13 00:00:00+00:00,1744502400000.0,0.7039,0.706,0.6018,0.6094,88005355.9,,,,,,
2025-04-14 00:00:00+00:00,1744588800000.0,0.6094,0.634,0.6025,0.6121,50270140.6,,,,,,
2025-04-15 00:00:00+00:00,1744675200000.0,0.6119,0.6264,0.5839,0.5895,57614512.4,,,,,,
2025-04-16 00:00:00+00:00,1744761600000.0,0.5895,0.6439,0.5866,0.6,72498466.6,,,,,,
2025-04-17 00:00:00+00:00,1744848000000.0,0.6,0.6427,0.5969,0.6261,52854700.8,,,,,,
2025-04-18 00:00:00+00:00,1744934400000.0,0.6261,0.6347,0.6125,0.6219,40446857.6,,,,,,
2025-04-19 00:00:00+00:00,1745020800000.0,0.6219,0.6419,0.6159,0.6375,27906824.9,,,,,,
2025-04-20 00:00:00+00:00,1745107200000.0,0.6375,0.6695,0.6205,0.6558,35430121.4,,,,,,
2025-04-21 00:00:00+00:00,1745193600000.0,0.6558,0.6658,0.6255,0.6304,35278992.3,,,,,,
2025-04-22 00:00:00+00:00,1745280000000.0,0.6304,0.6742,0.6219,0.6659,32814589.5,,,,,,
2025-04-23 00:00:00+00:00,1745366400000.0,0.6659,0.6866,0.6517,0.682,39860521.3,,,,,,
2025-04-24 00:00:00+00:00,1745452800000.0,0.682,0.6868,0.6338,0.6811,46739631.8,,,,,,
2025-04-25 00:00:00+00:00,1745539200000.0,0.6811,0.6937,0.6641,0.6836,35997492.3,,,,,,
2025-04-26 00:00:00+00:00,1745625600000.0,0.6836,0.7159,0.6693,0.6814,40984600.2,,,,,,
2025-04-27 00:00:00+00:00,1745712000000.0,0.6814,0.6893,0.6556,0.6687,26874056.4,,,,,,
2025-04-28 00:00:00+00:00,1745798400000.0,0.6688,0.7018,0.6593,0.6902,36946807.0,,,,,,
2025-04-29 00:00:00+00:00,1745884800000.0,0.6903,0.7065,0.6742,0.6822,27360342.1,,,,,,
2025-04-30 00:00:00+00:00,1745971200000.0,0.6822,0.6926,0.6535,0.6724,27292977.3,,,,,,
2025-05-01 00:00:00+00:00,1746057600000.0,0.6725,0.7085,0.6697,0.7034,26114093.2,,,,,,
2025-05-02 00:00:00+00:00,1746144000000.0,0.7033,0.7631,0.6941,0.7209,60249686.2,,,,,,
2025-05-03 00:00:00+00:00,1746230400000.0,0.7209,0.746,0.7124,0.7251,24876915.2,,,,,,
2025-05-04 00:00:00+00:00,1746316800000.0,0.7251,0.7334,0.6821,0.6943,32300685.7,,,,,,
2025-05-05 00:00:00+00:00,1746403200000.0,0.6943,0.7235,0.6894,0.7037,31917366.8,,,,,,
2025-05-06 00:00:00+00:00,1746489600000.0,0.7037,0.7096,0.6638,0.6905,31153121.6,,,,,,
2025-05-07 00:00:00+00:00,1746576000000.0,0.6905,0.8407,0.6879,0.8194,77822793.2,,,,,,
2025-05-08 00:00:00+00:00,1746662400000.0,0.8194,0.8663,0.8039,0.8559,80205551.6,,,,,,
2025-05-09 00:00:00+00:00,1746748800000.0,0.8559,0.8883,0.8383,0.8549,48424769.7,,,,,,
2025-05-10 00:00:00+00:00,1746835200000.0,0.8548,0.9984,0.8488,0.9394,73818869.3,,,,,,
2025-05-11 00:00:00+00:00,1746921600000.0,0.9393,0.9466,0.8687,0.9265,33049608.9,,,,,,
2025-05-12 00:00:00+00:00,1747008000000.0,0.9264,0.9789,0.8525,0.8813,41868771.3,,,,,,
2025-05-13 00:00:00+00:00,1747094400000.0,0.8812,0.8992,0.8376,0.886,24472032.3,,,,,,
2025-05-14 00:00:00+00:00,1747180800000.0,0.886,0.9164,0.79,0.7955,51551244.9,,,,,,
2025-05-15 00:00:00+00:00,1747267200000.0,0.7955,0.805,0.7597,0.7842,34927057.4,,,,,,
2025-05-16 00:00:00+00:00,1747353600000.0,0.7842,0.8692,0.781,0.8415,49604755.3,,,,,,
2025-05-17 00:00:00+00:00,1747440000000.0,0.8415,0.8472,0.7792,0.8092,21136840.6,,,,,,
2025-05-18 00:00:00+00:00,1747526400000.0,0.8092,0.8471,0.7721,0.8164,21780550.5,,,,,,
2025-05-19 00:00:00+00:00,1747612800000.0,0.8163,0.8174,0.7514,0.7764,13004390.2,,,,,,
2025-05-20 00:00:00+00:00,1747699200000.0,0.7765,0.7913,0.7568,0.7861,16071483.7,,,,,,
2025-05-21 00:00:00+00:00,1747785600000.0,0.7862,0.7943,0.72,0.7558,20373241.5,,,,,,
2025-05-22 00:00:00+00:00,1747872000000.0,0.757,0.775,0.7488,0.7645,12541941.3,,,,,,
2025-05-23 00:00:00+00:00,1747958400000.0,0.7645,0.8243,0.7292,0.7295,13111657.4,,,,,,
2025-05-24 00:00:00+00:00,1748044800000.0,0.7296,0.7537,0.7222,0.732,4412046.8,,,,,,
2025-05-25 00:00:00+00:00,1748131200000.0,0.7319,0.8155,0.7126,0.766,13554118.0,,,,,,
2025-05-26 00:00:00+00:00,1748217600000.0,0.766,0.7996,0.753,0.7799,2070665.9,,,,,,
2025-05-27 00:00:00+00:00,1748217600000.0,0.766,0.7996,0.753,0.7799,2070665.9,,,,,,
2025-05-28 00:00:00+00:00,1748217600000.0,0.766,0.7996,0.753,0.7799,2070665.9,1748390400000.0,0.7799,0.7938,0.6666,0.7592,24862688.5
2025-05-29 00:00:00+00:00,1748217600000.0,0.766,0.7996,0.753,0.7799,2070665.9,1748476800000.0,0.7592,0.785,0.6784,0.6896,22162017.4
2025-05-30 00:00:00+00:00,1748217600000.0,0.766,0.7996,0.753,0.7799,2070665.9,1748563200000.0,0.6897,0.7513,0.5737,0.6129,34680567.8
2025-05-31 00:00:00+00:00,1748217600000.0,0.766,0.7996,0.753,0.7799,2070665.9,1748649600000.0,0.6129,0.6446,0.5782,0.6099,32434685.1
2025-06-01 00:00:00+00:00,1748217600000.0,0.766,0.7996,0.753,0.7799,2070665.9,1748736000000.0,0.6099,0.6766,0.5981,0.6456,35963758.7
2025-06-02 00:00:00+00:00,1748217600000.0,0.766,0.7996,0.753,0.7799,2070665.9,1748822400000.0,0.6457,0.6559,0.6189,0.6511,79036160.5
2025-06-03 00:00:00+00:00,1748217600000.0,0.766,0.7996,0.753,0.7799,2070665.9,1748908800000.0,0.6511,0.6612,0.6347,0.6394,60725319.1
2025-06-04 00:00:00+00:00,1748217600000.0,0.766,0.7996,0.753,0.7799,2070665.9,1748995200000.0,0.6394,0.6625,0.6081,0.6223,13447160.5
2025-06-05 00:00:00+00:00,1748217600000.0,0.766,0.7996,0.753,0.7799,2070665.9,1749081600000.0,0.6222,0.6371,0.5572,0.5792,20722701.1
2025-06-06 00:00:00+00:00,1748217600000.0,0.766,0.7996,0.753,0.7799,2070665.9,1749168000000.0,0.5793,0.5963,0.572,0.5866,9912219.6
2025-06-07 00:00:00+00:00,1748217600000.0,0.766,0.7996,0.753,0.7799,2070665.9,1749254400000.0,0.5865,0.6,0.5845,0.5901,7619554.7
2025-06-08 00:00:00+00:00,1748217600000.0,0.766,0.7996,0.753,0.7799,2070665.9,1749340800000.0,0.5901,0.595,0.5674,0.582,10141322.8
2025-06-09 00:00:00+00:00,1748217600000.0,0.766,0.7996,0.753,0.7799,2070665.9,1749427200000.0,0.5819,0.6014,0.56,0.5966,14713395.3
2025-06-10 00:00:00+00:00,1748217600000.0,0.766,0.7996,0.753,0.7799,2070665.9,1749513600000.0,0.5968,0.6054,0.5761,0.6017,16625053.3
2025-06-11 00:00:00+00:00,1748217600000.0,0.766,0.7996,0.753,0.7799,2070665.9,1749600000000.0,0.6019,0.705,0.5903,0.6327,59662992.3
2025-06-12 00:00:00+00:00,1748217600000.0,0.766,0.7996,0.753,0.7799,2070665.9,1749686400000.0,0.6327,0.6353,0.55,0.5659,28787898.9
2025-06-13 00:00:00+00:00,1748217600000.0,0.766,0.7996,0.753,0.7799,2070665.9,1749772800000.0,0.5658,0.5661,0.5114,0.5389,30685266.6
2025-06-14 00:00:00+00:00,1748217600000.0,0.766,0.7996,0.753,0.7799,2070665.9,1749859200000.0,0.5388,0.5388,0.5169,0.5312,6810013.3
2025-06-15 00:00:00+00:00,1748217600000.0,0.766,0.7996,0.753,0.7799,2070665.9,1749945600000.0,0.5313,0.5357,0.5153,0.5291,5516151.9
2025-06-16 00:00:00+00:00,1748217600000.0,0.766,0.7996,0.753,0.7799,2070665.9,1750032000000.0,0.5292,0.548,0.5218,0.5237,9810129.3
2025-06-17 00:00:00+00:00,1748217600000.0,0.766,0.7996,0.753,0.7799,2070665.9,1750118400000.0,0.5239,0.5351,0.4888,0.5035,13530526.1
2025-06-18 00:00:00+00:00,1748217600000.0,0.766,0.7996,0.753,0.7799,2070665.9,1750204800000.0,0.5037,0.5133,0.4882,0.5113,9415428.1
2025-06-19 00:00:00+00:00,1748217600000.0,0.766,0.7996,0.753,0.7799,2070665.9,1750291200000.0,0.5113,0.514,0.5013,0.5094,4376815.6
2025-06-20 00:00:00+00:00,1748217600000.0,0.766,0.7996,0.753,0.7799,2070665.9,1750377600000.0,0.5095,0.5236,0.4892,0.4992,7993120.8
2025-06-21 00:00:00+00:00,1748217600000.0,0.766,0.7996,0.753,0.7799,2070665.9,1750464000000.0,0.4992,0.5084,0.4546,0.4735,9196028.0
2025-06-22 00:00:00+00:00,1748217600000.0,0.766,0.7996,0.753,0.7799,2070665.9,1750550400000.0,0.4736,0.481,0.4524,0.476,16161996.6
2025-06-23 00:00:00+00:00,1748217600000.0,0.766,0.7996,0.753,0.7799,2070665.9,1750636800000.0,0.476,0.5143,0.47,0.5124,9412247.8
2025-06-24 00:00:00+00:00,1748217600000.0,0.766,0.7996,0.753,0.7799,2070665.9,1750723200000.0,0.5125,0.5271,0.4993,0.5099,13840809.8
2025-06-25 00:00:00+00:00,1748217600000.0,0.766,0.7996,0.753,0.7799,2070665.9,1750809600000.0,0.5099,0.5274,0.501,0.5071,12590927.0
2025-06-26 00:00:00+00:00,1748217600000.0,0.766,0.7996,0.753,0.7799,2070665.9,1750896000000.0,0.507,0.5149,0.489,0.4935,7743486.8
2025-06-27 00:00:00+00:00,1748217600000.0,0.766,0.7996,0.753,0.7799,2070665.9,1750982400000.0,0.4935,0.5027,0.4828,0.494,6906366.6
2025-06-28 00:00:00+00:00,1748217600000.0,0.766,0.7996,0.753,0.7799,2070665.9,1751068800000.0,0.4941,0.5028,0.488,0.5001,4314013.8
2025-06-29 00:00:00+00:00,1748217600000.0,0.766,0.7996,0.753,0.7799,2070665.9,1751155200000.0,0.5002,0.5141,0.4913,0.5114,4716434.4
2025-06-30 00:00:00+00:00,1748217600000.0,0.766,0.7996,0.753,0.7799,2070665.9,1751241600000.0,0.5114,0.5134,0.4883,0.4938,5879314.9
2025-07-01 00:00:00+00:00,1748217600000.0,0.766,0.7996,0.753,0.7799,2070665.9,1751328000000.0,0.4938,0.4945,0.4727,0.4759,7117233.9
2025-07-02 00:00:00+00:00,1748217600000.0,0.766,0.7996,0.753,0.7799,2070665.9,1751414400000.0,0.4759,0.5034,0.4718,0.4959,8182723.6
2025-07-03 00:00:00+00:00,1748217600000.0,0.766,0.7996,0.753,0.7799,2070665.9,1751500800000.0,0.496,0.5075,0.4934,0.4981,6070530.4
2025-07-04 00:00:00+00:00,1748217600000.0,0.766,0.7996,0.753,0.7799,2070665.9,1751587200000.0,0.498,0.4997,0.4738,0.4795,6411550.1
2025-07-05 00:00:00+00:00,1748217600000.0,0.766,0.7996,0.753,0.7799,2070665.9,1751673600000.0,0.4795,0.4832,0.4731,0.4804,3880394.0
2025-07-06 00:00:00+00:00,1748217600000.0,0.766,0.7996,0.753,0.7799,2070665.9,1751760000000.0,0.4805,0.4891,0.4746,0.4823,4160713.5
2025-07-07 00:00:00+00:00,1748217600000.0,0.766,0.7996,0.753,0.7799,2070665.9,1751846400000.0,0.4824,0.57,0.476,0.4873,23385336.1
2025-07-08 00:00:00+00:00,1748217600000.0,0.766,0.7996,0.753,0.7799,2070665.9,1751932800000.0,0.4873,0.5178,0.4818,0.5051,39143115.0
2025-07-09 00:00:00+00:00,1748217600000.0,0.766,0.7996,0.753,0.7799,2070665.9,1752019200000.0,0.505,0.5284,0.4971,0.5236,19949556.0
2025-07-10 00:00:00+00:00,1748217600000.0,0.766,0.7996,0.753,0.7799,2070665.9,1752105600000.0,0.5237,0.5467,0.5166,0.5449,16641208.5
2025-07-11 00:00:00+00:00,1748217600000.0,0.766,0.7996,0.753,0.7799,2070665.9,1752192000000.0,0.545,0.56,0.5273,0.5391,24713658.3
2025-07-12 00:00:00+00:00,1748217600000.0,0.766,0.7996,0.753,0.7799,2070665.9,1752278400000.0,0.5392,0.5476,0.5141,0.5297,15700094.2
2025-07-13 00:00:00+00:00,1748217600000.0,0.766,0.7996,0.753,0.7799,2070665.9,1752364800000.0,0.5296,0.5611,0.5264,0.5452,13527329.7
2025-07-14 00:00:00+00:00,1748217600000.0,0.766,0.7996,0.753,0.7799,2070665.9,1752451200000.0,0.5452,0.5722,0.5349,0.5486,20334360.0
2025-07-15 00:00:00+00:00,1748217600000.0,0.766,0.7996,0.753,0.7799,2070665.9,1752537600000.0,0.5485,0.5568,0.5306,0.5557,15891271.3
2025-07-16 00:00:00+00:00,1748217600000.0,0.766,0.7996,0.753,0.7799,2070665.9,1752624000000.0,0.5557,0.5703,0.5475,0.5594,9512111.9
2025-07-17 00:00:00+00:00,1748217600000.0,0.766,0.7996,0.753,0.7799,2070665.9,1752710400000.0,0.5594,0.5755,0.544,0.5704,12397463.9
2025-07-18 00:00:00+00:00,1748217600000.0,0.766,0.7996,0.753,0.7799,2070665.9,1752796800000.0,0.5704,0.6159,0.558,0.5944,26546395.5
2025-07-19 00:00:00+00:00,1748217600000.0,0.766,0.7996,0.753,0.7799,2070665.9,1752883200000.0,0.5944,0.6217,0.5715,0.6066,17863165.1
2025-07-20 00:00:00+00:00,1748217600000.0,0.766,0.7996,0.753,0.7799,2070665.9,1752969600000.0,0.6066,0.6379,0.5975,0.6238,15526286.0
2025-07-21 00:00:00+00:00,1748217600000.0,0.766,0.7996,0.753,0.7799,2070665.9,1753056000000.0,0.6238,0.641,0.5886,0.6049,16576169.6
2025-07-22 00:00:00+00:00,1748217600000.0,0.766,0.7996,0.753,0.7799,2070665.9,1753142400000.0,0.605,0.6072,0.5788,0.6019,12299341.1
2025-07-23 00:00:00+00:00,1748217600000.0,0.766,0.7996,0.753,0.7799,2070665.9,1753228800000.0,0.6019,0.6481,0.5737,0.6079,42896284.4
2025-07-24 00:00:00+00:00,1748217600000.0,0.766,0.7996,0.753,0.7799,2070665.9,1753315200000.0,0.6079,0.6114,0.55,0.5755,16975426.0
2025-07-25 00:00:00+00:00,1748217600000.0,0.766,0.7996,0.753,0.7799,2070665.9,1753401600000.0,0.5756,0.578,0.5512,0.576,13051744.0
2025-07-26 00:00:00+00:00,1748217600000.0,0.766,0.7996,0.753,0.7799,2070665.9,1753488000000.0,0.5759,0.5781,0.569,0.5702,4588973.2
2025-07-27 00:00:00+00:00,1748217600000.0,0.766,0.7996,0.753,0.7799,2070665.9,1753574400000.0,0.5702,0.5849,0.5688,0.5819,5687539.2
2025-07-28 00:00:00+00:00,1748217600000.0,0.766,0.7996,0.753,0.7799,2070665.9,1753660800000.0,0.582,0.5917,0.5291,0.5459,8848888.3
2025-07-29 00:00:00+00:00,1748217600000.0,0.766,0.7996,0.753,0.7799,2070665.9,1753747200000.0,0.546,0.5581,0.5337,0.5445,6822211.2
2025-07-30 00:00:00+00:00,1748217600000.0,0.766,0.7996,0.753,0.7799,2070665.9,1753833600000.0,0.5445,0.5457,0.5092,0.5346,9337725.0
2025-07-31 00:00:00+00:00,1748217600000.0,0.766,0.7996,0.753,0.7799,2070665.9,1753920000000.0,0.5347,0.542,0.5101,0.5109,6112907.6
2025-08-01 00:00:00+00:00,1748217600000.0,0.766,0.7996,0.753,0.7799,2070665.9,1754006400000.0,0.5109,0.5131,0.4858,0.5,12534789.3
2025-08-02 00:00:00+00:00,1748217600000.0,0.766,0.7996,0.753,0.7799,2070665.9,1754092800000.0,0.4999,0.5045,0.4769,0.4874,8671427.1
2025-08-03 00:00:00+00:00,1748217600000.0,0.766,0.7996,0.753,0.7799,2070665.9,1754179200000.0,0.4875,0.4991,0.4806,0.4964,5045202.0
2025-08-04 00:00:00+00:00,1748217600000.0,0.766,0.7996,0.753,0.7799,2070665.9,1754265600000.0,0.4963,0.5125,0.496,0.5119,4798455.8
2025-08-05 00:00:00+00:00,1748217600000.0,0.766,0.7996,0.753,0.7799,2070665.9,1754352000000.0,0.5118,0.5216,0.4943,0.5045,10488847.4
2025-08-06 00:00:00+00:00,1748217600000.0,0.766,0.7996,0.753,0.7799,2070665.9,1754438400000.0,0.5046,0.5112,0.4925,0.5071,5611410.9
2025-08-07 00:00:00+00:00,1748217600000.0,0.766,0.7996,0.753,0.7799,2070665.9,1754524800000.0,0.5071,0.5315,0.5055,0.5306,7145366.0
2025-08-08 00:00:00+00:00,1748217600000.0,0.766,0.7996,0.753,0.7799,2070665.9,1754611200000.0,0.5305,0.536,0.5194,0.5295,8772575.0
2025-08-09 00:00:00+00:00,1748217600000.0,0.766,0.7996,0.753,0.7799,2070665.9,1754697600000.0,0.5296,0.549,0.5274,0.5409,6682591.4
2025-08-10 00:00:00+00:00,1748217600000.0,0.766,0.7996,0.753,0.7799,2070665.9,1754784000000.0,0.541,0.5518,0.5277,0.5356,7779223.3
2025-08-11 00:00:00+00:00,1748217600000.0,0.766,0.7996,0.753,0.7799,2070665.9,1754870400000.0,0.5357,0.5688,0.5193,0.5249,15212782.6
2025-08-12 00:00:00+00:00,1748217600000.0,0.766,0.7996,0.753,0.7799,2070665.9,1754956800000.0,0.5249,0.5526,0.522,0.5508,12810307.1
2025-08-13 00:00:00+00:00,1748217600000.0,0.766,0.7996,0.753,0.7799,2070665.9,1755043200000.0,0.5508,0.6085,0.5451,0.5701,21829089.5
2025-08-14 00:00:00+00:00,1748217600000.0,0.766,0.7996,0.753,0.7799,2070665.9,1755129600000.0,0.5702,0.5785,0.503,0.5148,22293155.3
2025-08-15 00:00:00+00:00,1748217600000.0,0.766,0.7996,0.753,0.7799,2070665.9,1755216000000.0,0.5147,0.5236,0.4894,0.5049,12746775.9
2025-08-16 00:00:00+00:00,1748217600000.0,0.766,0.7996,0.753,0.7799,2070665.9,1755302400000.0,0.5048,0.5149,0.503,0.5108,4868762.1
2025-08-17 00:00:00+00:00,1748217600000.0,0.766,0.7996,0.753,0.7799,2070665.9,1755388800000.0,0.5108,0.522,0.5072,0.5111,4827755.3
2025-08-18 00:00:00+00:00,1748217600000.0,0.766,0.7996,0.753,0.7799,2070665.9,1755475200000.0,0.5112,0.5119,0.4883,0.4974,8188134.8
2025-08-19 00:00:00+00:00,1748217600000.0,0.766,0.7996,0.753,0.7799,2070665.9,1755561600000.0,0.4975,0.5026,0.4826,0.4839,7548902.7
2025-08-20 00:00:00+00:00,1748217600000.0,0.766,0.7996,0.753,0.7799,2070665.9,1755648000000.0,0.484,0.5028,0.479,0.5012,6961762.6
2025-08-21 00:00:00+00:00,1748217600000.0,0.766,0.7996,0.753,0.7799,2070665.9,1755734400000.0,0.5011,0.5118,0.487,0.4891,6507788.9
2025-08-22 00:00:00+00:00,1748217600000.0,0.766,0.7996,0.753,0.7799,2070665.9,1755820800000.0,0.4891,0.5219,0.4762,0.519,10379218.4
2025-08-23 00:00:00+00:00,1748217600000.0,0.766,0.7996,0.753,0.7799,2070665.9,1755907200000.0,0.519,0.53,0.512,0.5147,6133393.9
2025-08-24 00:00:00+00:00,1748217600000.0,0.766,0.7996,0.753,0.7799,2070665.9,1755993600000.0,0.5148,0.5276,0.498,0.5093,9573625.9
2025-08-25 00:00:00+00:00,1748217600000.0,0.766,0.7996,0.753,0.7799,2070665.9,1756080000000.0,0.5094,0.5221,0.4695,0.48,13296784.0
2025-08-26 00:00:00+00:00,1748217600000.0,0.766,0.7996,0.753,0.7799,2070665.9,1756166400000.0,0.48,0.4962,0.4726,0.4925,7946968.8
2025-08-27 00:00:00+00:00,1748217600000.0,0.766,0.7996,0.753,0.7799,2070665.9,1756252800000.0,0.4925,0.5353,0.4893,0.4996,11006350.7
2025-08-28 00:00:00+00:00,1748217600000.0,0.766,0.7996,0.753,0.7799,2070665.9,1756339200000.0,0.4997,0.516,0.4961,0.5107,9012513.2
2025-08-29 00:00:00+00:00,1748217600000.0,0.766,0.7996,0.753,0.7799,2070665.9,1756425600000.0,0.5107,0.511,0.4818,0.4903,8362154.8
2025-08-30 00:00:00+00:00,1748217600000.0,0.766,0.7996,0.753,0.7799,2070665.9,1756512000000.0,0.4904,0.499,0.4858,0.4949,4148150.3
2025-08-31 00:00:00+00:00,1748217600000.0,0.766,0.7996,0.753,0.7799,2070665.9,1756598400000.0,0.4949,0.5016,0.4828,0.4869,5083910.0
2025-09-01 00:00:00+00:00,1748217600000.0,0.766,0.7996,0.753,0.7799,2070665.9,1756684800000.0,0.4867,0.5001,0.4694,0.4802,11015077.2
2025-09-02 00:00:00+00:00,1748217600000.0,0.766,0.7996,0.753,0.7799,2070665.9,1756771200000.0,0.4802,0.49,0.4755,0.487,6594868.1
2025-09-03 00:00:00+00:00,1748217600000.0,0.766,0.7996,0.753,0.7799,2070665.9,1756857600000.0,0.4869,0.4889,0.4817,0.4859,7366981.8
2025-09-04 00:00:00+00:00,1748217600000.0,0.766,0.7996,0.753,0.7799,2070665.9,1756944000000.0,0.4859,0.4877,0.43,0.4531,21599517.5
2025-09-05 00:00:00+00:00,1748217600000.0,0.766,0.7996,0.753,0.7799,2070665.9,1757030400000.0,0.4531,0.4718,0.447,0.4693,18373090.9
2025-09-06 00:00:00+00:00,1748217600000.0,0.766,0.7996,0.753,0.7799,2070665.9,1757116800000.0,0.4694,0.472,0.4601,0.4638,4406512.2
2025-09-07 00:00:00+00:00,1748217600000.0,0.766,0.7996,0.753,0.7799,2070665.9,1757203200000.0,0.4639,0.4711,0.4639,0.4689,3561985.4
2025-09-08 00:00:00+00:00,1748217600000.0,0.766,0.7996,0.753,0.7799,2070665.9,1757289600000.0,0.469,0.4754,0.4663,0.4727,7717167.4
2025-09-09 00:00:00+00:00,1748217600000.0,0.766,0.7996,0.753,0.7799,2070665.9,1757376000000.0,0.4727,0.4777,0.4587,0.465,11132665.2
2025-09-10 00:00:00+00:00,1748217600000.0,0.766,0.7996,0.753,0.7799,2070665.9,1757462400000.0,0.4649,0.4731,0.4619,0.4681,8329880.8
2025-09-11 00:00:00+00:00,1748217600000.0,0.766,0.7996,0.753,0.7799,2070665.9,1757548800000.0,0.4681,0.4713,0.4596,0.4705,5267000.4
2025-09-12 00:00:00+00:00,1748217600000.0,0.766,0.7996,0.753,0.7799,2070665.9,1757635200000.0,0.4705,0.5007,0.4705,0.4899,13358880.3
2025-09-13 00:00:00+00:00,1748217600000.0,0.766,0.7996,0.753,0.7799,2070665.9,1757721600000.0,0.49,0.4992,0.4857,0.4941,6965471.9
2025-09-14 00:00:00+00:00,1748217600000.0,0.766,0.7996,0.753,0.7799,2070665.9,1757808000000.0,0.494,0.5104,0.4784,0.4832,10151584.2
2025-09-15 00:00:00+00:00,1748217600000.0,0.766,0.7996,0.753,0.7799,2070665.9,1757894400000.0,0.4832,0.489,0.4647,0.472,8808313.8
2025-09-16 00:00:00+00:00,1748217600000.0,0.766,0.7996,0.753,0.7799,2070665.9,1757980800000.0,0.4719,0.4778,0.4624,0.4757,6534463.9
2025-09-17 00:00:00+00:00,1748217600000.0,0.766,0.7996,0.753,0.7799,2070665.9,1758067200000.0,0.4758,0.4843,0.4652,0.4814,8272447.0
2025-09-18 00:00:00+00:00,1748217600000.0,0.766,0.7996,0.753,0.7799,2070665.9,1758153600000.0,0.4815,0.4892,0.4788,0.4857,8548574.5
2025-09-19 00:00:00+00:00,1748217600000.0,0.766,0.7996,0.753,0.7799,2070665.9,1758240000000.0,0.4857,0.4884,0.4666,0.4692,8100222.4
2025-09-20 00:00:00+00:00,1748217600000.0,0.766,0.7996,0.753,0.7799,2070665.9,1758326400000.0,0.4691,0.4749,0.466,0.4703,3207895.8
2025-09-21 00:00:00+00:00,1748217600000.0,0.766,0.7996,0.753,0.7799,2070665.9,1758412800000.0,0.4702,0.472,0.4613,0.4628,4334589.4
2025-09-22 00:00:00+00:00,1748217600000.0,0.766,0.7996,0.753,0.7799,2070665.9,1758499200000.0,0.4628,0.4643,0.4031,0.4265,17469522.1
2025-09-23 00:00:00+00:00,1748217600000.0,0.766,0.7996,0.753,0.7799,2070665.9,1758585600000.0,0.4265,0.4307,0.4175,0.4212,6492372.6
2025-09-24 00:00:00+00:00,1748217600000.0,0.766,0.7996,0.753,0.7799,2070665.9,1758672000000.0,0.4213,0.43,0.4129,0.4207,7520326.1
2025-09-25 00:00:00+00:00,1748217600000.0,0.766,0.7996,0.753,0.7799,2070665.9,1758758400000.0,0.4207,0.4208,0.3922,0.3983,14657402.2
2025-09-26 00:00:00+00:00,1748217600000.0,0.766,0.7996,0.753,0.7799,2070665.9,1758844800000.0,0.3984,0.4099,0.3959,0.4096,9557921.6
2025-09-27 00:00:00+00:00,1748217600000.0,0.766,0.7996,0.753,0.7799,2070665.9,1758931200000.0,0.4096,0.4103,0.4012,0.404,4197073.2
2025-09-28 00:00:00+00:00,1748217600000.0,0.766,0.7996,0.753,0.7799,2070665.9,1759017600000.0,0.4039,0.414,0.3986,0.4128,5553165.1
2025-09-29 00:00:00+00:00,1748217600000.0,0.766,0.7996,0.753,0.7799,2070665.9,1759104000000.0,0.4128,0.4132,0.3982,0.4027,8478924.7
2025-09-30 00:00:00+00:00,1748217600000.0,0.766,0.7996,0.753,0.7799,2070665.9,1759190400000.0,0.4027,0.4028,0.3795,0.3935,10331317.0
