datetime,timestamp,open,high,low,close,volume
2020-01-01 00:00:00+00:00,1577836800000,0.04495,0.04552,0.04482,0.04529,8262760.7
2020-01-02 00:00:00+00:00,1577923200000,0.04527,0.04544,0.04348,0.04361,17557760.0
2020-01-03 00:00:00+00:00,1578009600000,0.04358,0.04568,0.04324,0.04566,22163529.8
2020-01-04 00:00:00+00:00,1578096000000,0.04564,0.04585,0.04513,0.04565,17395833.2
2020-01-05 00:00:00+00:00,1578182400000,0.04566,0.04625,0.04519,0.04544,28897563.5
2020-01-06 00:00:00+00:00,1578268800000,0.04544,0.05049,0.04534,0.05046,81613453.0
2020-01-07 00:00:00+00:00,1578355200000,0.0505,0.05103,0.04739,0.04839,98972377.9
2020-01-08 00:00:00+00:00,1578441600000,0.04839,0.0494,0.04672,0.04768,72238834.3
2020-01-09 00:00:00+00:00,1578528000000,0.04768,0.04818,0.0469,0.04718,39959442.9
2020-01-10 00:00:00+00:00,1578614400000,0.04715,0.04818,0.04553,0.04802,97552455.6
2020-01-11 00:00:00+00:00,1578700800000,0.04805,0.04956,0.04736,0.04825,59275273.3
2020-01-12 00:00:00+00:00,1578787200000,0.04825,0.04932,0.048,0.04905,38323399.4
2020-01-13 00:00:00+00:00,1578873600000,0.04904,0.04906,0.0476,0.04813,29523962.9
2020-01-14 00:00:00+00:00,1578960000000,0.04812,0.05532,0.0481,0.0528,180352283.5
2020-01-15 00:00:00+00:00,1579046400000,0.0528,0.05674,0.05155,0.0548,174397966.4
2020-01-16 00:00:00+00:00,1579132800000,0.05477,0.05511,0.05206,0.05367,101786007.7
2020-01-17 00:00:00+00:00,1579219200000,0.05371,0.06457,0.05306,0.06072,271547690.6
2020-01-18 00:00:00+00:00,1579305600000,0.06078,0.06626,0.05746,0.06149,362498402.2
2020-01-19 00:00:00+00:00,1579392000000,0.06148,0.0664,0.05839,0.06004,304826836.7
2020-01-20 00:00:00+00:00,1579478400000,0.06003,0.06516,0.0592,0.06274,322412843.5
2020-01-21 00:00:00+00:00,1579564800000,0.06274,0.06478,0.06148,0.06279,148201811.6
2020-01-22 00:00:00+00:00,1579651200000,0.06282,0.06395,0.06084,0.06136,101641735.1
2020-01-23 00:00:00+00:00,1579737600000,0.06137,0.06143,0.05688,0.05833,142997027.9
2020-01-24 00:00:00+00:00,1579824000000,0.05834,0.05842,0.05489,0.05714,139940948.0
2020-01-25 00:00:00+00:00,1579910400000,0.05717,0.05729,0.05559,0.05604,65949474.0
2020-01-26 00:00:00+00:00,1579996800000,0.05602,0.05863,0.05576,0.05841,79799362.8
2020-01-27 00:00:00+00:00,1580083200000,0.05841,0.06097,0.05763,0.05971,117719995.0
2020-01-28 00:00:00+00:00,1580169600000,0.0597,0.06224,0.05906,0.06072,165415527.5
2020-01-29 00:00:00+00:00,1580256000000,0.06073,0.06304,0.06022,0.06083,145960270.6
2020-01-30 00:00:00+00:00,1580342400000,0.06084,0.06319,0.05977,0.0628,143808482.3
2020-01-31 00:00:00+00:00,1580428800000,0.06282,0.06298,0.05984,0.0606,115914369.7
2020-02-01 00:00:00+00:00,1580515200000,0.0606,0.06253,0.06042,0.06224,110536762.7
2020-02-02 00:00:00+00:00,1580601600000,0.06224,0.06617,0.06099,0.06345,178921671.8
2020-02-03 00:00:00+00:00,1580688000000,0.06345,0.066,0.06258,0.0643,130324781.4
2020-02-04 00:00:00+00:00,1580774400000,0.06429,0.06758,0.06168,0.06634,185032338.3
2020-02-05 00:00:00+00:00,1580860800000,0.06633,0.06964,0.06592,0.06908,227679997.4
2020-02-06 00:00:00+00:00,1580947200000,0.06907,0.07185,0.06743,0.07113,220654384.7
2020-02-07 00:00:00+00:00,1581033600000,0.07115,0.07366,0.07068,0.07188,189377548.1
2020-02-08 00:00:00+00:00,1581120000000,0.07189,0.0722,0.06758,0.0709,151925910.6
2020-02-09 00:00:00+00:00,1581206400000,0.07088,0.07396,0.07077,0.07327,144881970.7
2020-02-10 00:00:00+00:00,1581292800000,0.07328,0.07375,0.06853,0.07051,168143252.0
2020-02-11 00:00:00+00:00,1581379200000,0.07054,0.07467,0.06875,0.07404,192293852.4
2020-02-12 00:00:00+00:00,1581465600000,0.0741,0.0825,0.07395,0.08004,306051885.6
2020-02-13 00:00:00+00:00,1581552000000,0.08004,0.08769,0.07868,0.08325,366271500.5
2020-02-14 00:00:00+00:00,1581638400000,0.08324,0.08725,0.07989,0.08671,195386247.4
2020-02-15 00:00:00+00:00,1581724800000,0.0867,0.08886,0.0761,0.07892,206669309.4
2020-02-16 00:00:00+00:00,1581811200000,0.07902,0.08145,0.06623,0.07437,289313014.2
2020-02-17 00:00:00+00:00,1581897600000,0.07433,0.07517,0.06702,0.07272,265463048.2
2020-02-18 00:00:00+00:00,1581984000000,0.07277,0.07685,0.07,0.07603,166780787.4
2020-02-19 00:00:00+00:00,1582070400000,0.07601,0.07949,0.06847,0.07013,119161234.6
2020-02-20 00:00:00+00:00,1582156800000,0.0701,0.07166,0.0672,0.0704,158351734.8
2020-02-21 00:00:00+00:00,1582243200000,0.07037,0.07286,0.0695,0.07099,95895557.2
2020-02-22 00:00:00+00:00,1582329600000,0.07107,0.07163,0.06923,0.0703,57068576.0
2020-02-23 00:00:00+00:00,1582416000000,0.07029,0.0733,0.06983,0.07299,64504043.7
2020-02-24 00:00:00+00:00,1582502400000,0.07299,0.07355,0.06722,0.06911,97977179.8
2020-02-25 00:00:00+00:00,1582588800000,0.06908,0.0693,0.0634,0.06402,125577163.6
2020-02-26 00:00:00+00:00,1582675200000,0.06404,0.0647,0.05492,0.05873,260944991.2
2020-02-27 00:00:00+00:00,1582761600000,0.05875,0.06285,0.05586,0.06045,227381313.8
2020-02-28 00:00:00+00:00,1582848000000,0.06042,0.06152,0.05638,0.05841,184225212.9
2020-02-29 00:00:00+00:00,1582934400000,0.05841,0.05993,0.05678,0.05694,73978199.5
2020-03-01 00:00:00+00:00,1583020800000,0.05688,0.0587,0.05482,0.05582,86751917.7
2020-03-02 00:00:00+00:00,1583107200000,0.05579,0.06016,0.0556,0.05968,77305219.1
2020-03-03 00:00:00+00:00,1583193600000,0.05968,0.06032,0.05753,0.05816,79344061.5
2020-03-04 00:00:00+00:00,1583280000000,0.05818,0.05916,0.05751,0.05857,60923027.2
2020-03-05 00:00:00+00:00,1583366400000,0.05857,0.06096,0.05857,0.05966,87234602.9
2020-03-06 00:00:00+00:00,1583452800000,0.05962,0.06138,0.05914,0.06137,71418252.3
2020-03-07 00:00:00+00:00,1583539200000,0.06138,0.0615,0.05781,0.05828,64956600.5
2020-03-08 00:00:00+00:00,1583625600000,0.05827,0.05827,0.04912,0.04969,150211488.0
2020-03-09 00:00:00+00:00,1583712000000,0.04972,0.05241,0.0475,0.05235,199152947.9
2020-03-10 00:00:00+00:00,1583798400000,0.05236,0.05324,0.05062,0.05198,126701536.9
2020-03-11 00:00:00+00:00,1583884800000,0.05198,0.05263,0.04726,0.05042,124897353.1
2020-03-12 00:00:00+00:00,1583971200000,0.05045,0.05066,0.03011,0.03174,348706053.4
2020-03-13 00:00:00+00:00,1584057600000,0.03192,0.04155,0.026,0.03962,355187675.7
2020-03-14 00:00:00+00:00,1584144000000,0.0396,0.04041,0.0362,0.03677,91646310.6
2020-03-15 00:00:00+00:00,1584230400000,0.03671,0.04046,0.03615,0.03786,90989220.9
2020-03-16 00:00:00+00:00,1584316800000,0.03788,0.03812,0.03156,0.03534,174043199.0
2020-03-17 00:00:00+00:00,1584403200000,0.03528,0.03824,0.03487,0.03718,94019038.6
2020-03-18 00:00:00+00:00,1584489600000,0.03725,0.03793,0.03434,0.0369,103048582.6
2020-03-19 00:00:00+00:00,1584576000000,0.0369,0.04275,0.03659,0.04134,154921409.3
2020-03-20 00:00:00+00:00,1584662400000,0.04131,0.04446,0.0356,0.03995,193720160.8
2020-03-21 00:00:00+00:00,1584748800000,0.03995,0.04105,0.03798,0.03956,118439437.0
2020-03-22 00:00:00+00:00,1584835200000,0.03952,0.04058,0.03638,0.03679,112900648.5
2020-03-23 00:00:00+00:00,1584921600000,0.03677,0.04,0.03605,0.03938,110076061.5
2020-03-24 00:00:00+00:00,1585008000000,0.03938,0.04066,0.03893,0.04031,96549031.5
2020-03-25 00:00:00+00:00,1585094400000,0.04031,0.04098,0.03889,0.04052,83757304.6
2020-03-26 00:00:00+00:00,1585180800000,0.04056,0.04297,0.0398,0.04284,66676605.5
2020-03-27 00:00:00+00:00,1585267200000,0.04284,0.0434,0.04018,0.0404,68079790.7
2020-03-28 00:00:00+00:00,1585353600000,0.04039,0.04079,0.03876,0.03995,88797488.2
2020-03-29 00:00:00+00:00,1585440000000,0.03994,0.04014,0.03773,0.03773,56041363.4
2020-03-30 00:00:00+00:00,1585526400000,0.03773,0.04111,0.03766,0.04004,80258827.9
2020-03-31 00:00:00+00:00,1585612800000,0.04004,0.04104,0.03996,0.04071,54149689.7
2020-04-01 00:00:00+00:00,1585699200000,0.04071,0.04095,0.039,0.04079,58800610.9
2020-04-02 00:00:00+00:00,1585785600000,0.04079,0.04321,0.04042,0.04123,94937368.3
2020-04-03 00:00:00+00:00,1585872000000,0.04123,0.04217,0.04054,0.0414,84310971.6
2020-04-04 00:00:00+00:00,1585958400000,0.04138,0.04245,0.04084,0.04184,69804057.7
2020-04-05 00:00:00+00:00,1586044800000,0.04182,0.04355,0.04143,0.0435,68533462.9
2020-04-06 00:00:00+00:00,1586131200000,0.04353,0.05005,0.04347,0.04985,250602126.3
2020-04-07 00:00:00+00:00,1586217600000,0.04986,0.05172,0.04737,0.04845,171256162.0
2020-04-08 00:00:00+00:00,1586304000000,0.04843,0.05142,0.04812,0.05125,100400458.7
2020-04-09 00:00:00+00:00,1586390400000,0.05129,0.05252,0.04856,0.05198,136020371.0
2020-04-10 00:00:00+00:00,1586476800000,0.05198,0.05229,0.0454,0.0477,185411073.1
2020-04-11 00:00:00+00:00,1586563200000,0.0477,0.05,0.04732,0.04975,136020702.7
2020-04-12 00:00:00+00:00,1586649600000,0.04972,0.05141,0.04836,0.04895,140484076.1
2020-04-13 00:00:00+00:00,1586736000000,0.04892,0.04894,0.04592,0.04816,152600840.6
2020-04-14 00:00:00+00:00,1586822400000,0.04816,0.049,0.04748,0.04805,87932645.3
2020-04-15 00:00:00+00:00,1586908800000,0.04805,0.04869,0.04597,0.04607,70110445.3
2020-04-16 00:00:00+00:00,1586995200000,0.04605,0.04985,0.04469,0.04913,219917752.9
2020-04-17 00:00:00+00:00,1587081600000,0.04917,0.04954,0.04818,0.04856,70356857.6
2020-04-18 00:00:00+00:00,1587168000000,0.04856,0.05104,0.04851,0.05056,84350024.4
2020-04-19 00:00:00+00:00,1587254400000,0.05058,0.05069,0.04823,0.0488,65142172.0
2020-04-20 00:00:00+00:00,1587340800000,0.04881,0.05337,0.04854,0.04947,277637096.9
2020-04-21 00:00:00+00:00,1587427200000,0.04944,0.05181,0.0492,0.05085,94460972.9
2020-04-22 00:00:00+00:00,1587513600000,0.05085,0.05499,0.05068,0.05498,124980977.4
2020-04-23 00:00:00+00:00,1587600000000,0.05496,0.06629,0.05496,0.06208,411260032.8
2020-04-24 00:00:00+00:00,1587686400000,0.06208,0.0662,0.06006,0.06116,197325670.9
2020-04-25 00:00:00+00:00,1587772800000,0.0612,0.06335,0.06066,0.06177,84813313.8
2020-04-26 00:00:00+00:00,1587859200000,0.06178,0.06295,0.06076,0.06188,88180834.2
2020-04-27 00:00:00+00:00,1587945600000,0.06194,0.06874,0.06123,0.06719,178927775.2
2020-04-28 00:00:00+00:00,1588032000000,0.06718,0.07148,0.06636,0.06855,316634590.7
2020-04-29 00:00:00+00:00,1588118400000,0.06853,0.07295,0.06806,0.07216,359436702.1
2020-04-30 00:00:00+00:00,1588204800000,0.07218,0.0745,0.06546,0.06756,345549033.7
2020-05-01 00:00:00+00:00,1588291200000,0.06749,0.07365,0.06745,0.0729,180074362.4
2020-05-02 00:00:00+00:00,1588377600000,0.07288,0.07634,0.07143,0.07552,177129118.7
2020-05-03 00:00:00+00:00,1588464000000,0.07549,0.07713,0.07148,0.073,177722234.6
2020-05-04 00:00:00+00:00,1588550400000,0.07294,0.07438,0.06723,0.07332,196292692.5
2020-05-05 00:00:00+00:00,1588636800000,0.07337,0.07443,0.07022,0.07208,119135115.2
2020-05-06 00:00:00+00:00,1588723200000,0.07208,0.0732,0.06943,0.06962,143758055.9
2020-05-07 00:00:00+00:00,1588809600000,0.06962,0.07358,0.06857,0.07207,161343123.0
2020-05-08 00:00:00+00:00,1588896000000,0.07207,0.0745,0.07036,0.07252,136690460.7
2020-05-09 00:00:00+00:00,1588982400000,0.07255,0.07365,0.07132,0.07141,94171007.1
2020-05-10 00:00:00+00:00,1589068800000,0.07141,0.07148,0.05873,0.06405,356967838.6
2020-05-11 00:00:00+00:00,1589155200000,0.06403,0.06523,0.06023,0.06234,175272528.3
2020-05-12 00:00:00+00:00,1589241600000,0.06239,0.07046,0.06208,0.07017,212799812.0
2020-05-13 00:00:00+00:00,1589328000000,0.07013,0.0709,0.06801,0.06977,140208968.9
2020-05-14 00:00:00+00:00,1589414400000,0.06978,0.07073,0.06795,0.06926,139057607.3
2020-05-15 00:00:00+00:00,1589500800000,0.06926,0.06989,0.06678,0.06728,118493067.7
2020-05-16 00:00:00+00:00,1589587200000,0.06731,0.06859,0.0666,0.06806,99535688.8
2020-05-17 00:00:00+00:00,1589673600000,0.06806,0.07167,0.06781,0.06873,107788729.4
2020-05-18 00:00:00+00:00,1589760000000,0.06874,0.07135,0.0686,0.07027,127333963.3
2020-05-19 00:00:00+00:00,1589846400000,0.07027,0.07029,0.0685,0.06979,93320005.9
2020-05-20 00:00:00+00:00,1589932800000,0.06976,0.07214,0.06725,0.07093,153374439.4
2020-05-21 00:00:00+00:00,1590019200000,0.07095,0.0718,0.06415,0.06644,150426160.8
2020-05-22 00:00:00+00:00,1590105600000,0.06648,0.06939,0.0655,0.06811,99520897.5
2020-05-23 00:00:00+00:00,1590192000000,0.06812,0.06923,0.06658,0.06713,58115151.7
2020-05-24 00:00:00+00:00,1590278400000,0.06711,0.06825,0.06381,0.0639,64032828.8
2020-05-25 00:00:00+00:00,1590364800000,0.06391,0.06625,0.0634,0.06624,71117504.6
2020-05-26 00:00:00+00:00,1590451200000,0.06623,0.0664,0.06359,0.06506,65773451.1
2020-05-27 00:00:00+00:00,1590537600000,0.06506,0.06766,0.06449,0.06597,92401122.4
2020-05-28 00:00:00+00:00,1590624000000,0.06603,0.06991,0.0657,0.0691,91511023.6
2020-05-29 00:00:00+00:00,1590710400000,0.06906,0.06989,0.06697,0.06777,72948276.9
2020-05-30 00:00:00+00:00,1590796800000,0.06776,0.07311,0.06706,0.07252,151639387.6
2020-05-31 00:00:00+00:00,1590883200000,0.07253,0.07648,0.06884,0.0705,304333492.5
2020-06-01 00:00:00+00:00,1590969600000,0.0705,0.07637,0.06993,0.07573,206252877.0
2020-06-02 00:00:00+00:00,1591056000000,0.07574,0.08444,0.07298,0.07951,408765952.8
2020-06-03 00:00:00+00:00,1591142400000,0.07949,0.08334,0.07671,0.08278,208986626.7
2020-06-04 00:00:00+00:00,1591228800000,0.08278,0.08631,0.07902,0.08204,299104063.9
2020-06-05 00:00:00+00:00,1591315200000,0.08203,0.08299,0.07881,0.07888,197081263.5
2020-06-06 00:00:00+00:00,1591401600000,0.07887,0.08114,0.07821,0.0797,119352548.0
2020-06-07 00:00:00+00:00,1591488000000,0.07968,0.08074,0.07545,0.0788,118708016.3
2020-06-08 00:00:00+00:00,1591574400000,0.07881,0.08037,0.07799,0.08006,78942219.0
2020-06-09 00:00:00+00:00,1591660800000,0.08007,0.08032,0.07712,0.07817,102616782.1
2020-06-10 00:00:00+00:00,1591747200000,0.07814,0.07923,0.07766,0.07885,82146262.2
2020-06-11 00:00:00+00:00,1591833600000,0.07886,0.07928,0.06846,0.07107,184525146.4
2020-06-12 00:00:00+00:00,1591920000000,0.07109,0.07482,0.07051,0.07282,78290517.3
2020-06-13 00:00:00+00:00,1592006400000,0.07282,0.07433,0.07163,0.07409,49481480.1
2020-06-14 00:00:00+00:00,1592092800000,0.07408,0.07412,0.07024,0.07077,51258476.4
2020-06-15 00:00:00+00:00,1592179200000,0.0707,0.07173,0.06562,0.07098,134169312.2
2020-06-16 00:00:00+00:00,1592265600000,0.071,0.07205,0.06963,0.07136,60851353.7
2020-06-17 00:00:00+00:00,1592352000000,0.07137,0.0742,0.06941,0.07187,102062520.9
2020-06-18 00:00:00+00:00,1592438400000,0.07181,0.07219,0.06928,0.07058,55822289.3
2020-06-19 00:00:00+00:00,1592524800000,0.07058,0.07095,0.06844,0.06959,63066022.6
2020-06-20 00:00:00+00:00,1592611200000,0.06954,0.07039,0.06822,0.06979,41737634.6
2020-06-21 00:00:00+00:00,1592697600000,0.06976,0.07023,0.06832,0.0685,31934203.4
2020-06-22 00:00:00+00:00,1592784000000,0.0685,0.07202,0.06838,0.07188,66957032.7
2020-06-23 00:00:00+00:00,1592870400000,0.07189,0.07231,0.07,0.07103,81400861.8
2020-06-24 00:00:00+00:00,1592956800000,0.07104,0.07256,0.06784,0.06894,102595134.6
2020-06-25 00:00:00+00:00,1593043200000,0.06894,0.06897,0.06554,0.06755,89128517.0
2020-06-26 00:00:00+00:00,1593129600000,0.06756,0.0686,0.06596,0.06695,81857862.0
2020-06-27 00:00:00+00:00,1593216000000,0.06696,0.06715,0.0585,0.06279,105940037.0
2020-06-28 00:00:00+00:00,1593302400000,0.0628,0.06506,0.06171,0.06424,70190963.5
2020-06-29 00:00:00+00:00,1593388800000,0.06424,0.0654,0.06292,0.06503,84761294.8
2020-06-30 00:00:00+00:00,1593475200000,0.06506,0.06741,0.06397,0.06692,76137474.6
2020-07-01 00:00:00+00:00,1593561600000,0.06688,0.06943,0.066,0.06837,101607673.5
2020-07-02 00:00:00+00:00,1593648000000,0.0684,0.07097,0.06615,0.06761,172605783.8
2020-07-03 00:00:00+00:00,1593734400000,0.06762,0.06873,0.06622,0.06698,110541346.1
2020-07-04 00:00:00+00:00,1593820800000,0.06696,0.0686,0.06643,0.06798,90930771.5
2020-07-05 00:00:00+00:00,1593907200000,0.06795,0.06808,0.06488,0.06717,102791005.9
2020-07-06 00:00:00+00:00,1593993600000,0.06716,0.07219,0.0665,0.07174,177445139.0
2020-07-07 00:00:00+00:00,1594080000000,0.0717,0.07435,0.07021,0.07348,184228680.2
2020-07-08 00:00:00+00:00,1594166400000,0.07342,0.08559,0.07245,0.08538,397561820.4
2020-07-09 00:00:00+00:00,1594252800000,0.0854,0.09835,0.08328,0.09048,990074888.1
2020-07-10 00:00:00+00:00,1594339200000,0.09049,0.09112,0.08231,0.089,554399959.0
2020-07-11 00:00:00+00:00,1594425600000,0.08895,0.10144,0.08846,0.09411,694899201.0
2020-07-12 00:00:00+00:00,1594512000000,0.09411,0.09785,0.08951,0.09532,325722476.6
2020-07-13 00:00:00+00:00,1594598400000,0.09532,0.09827,0.08658,0.09009,399766776.9
2020-07-14 00:00:00+00:00,1594684800000,0.09004,0.09278,0.0854,0.09208,265807118.5
2020-07-15 00:00:00+00:00,1594771200000,0.09209,0.09651,0.08736,0.09436,394895737.7
2020-07-16 00:00:00+00:00,1594857600000,0.09432,0.10404,0.08804,0.10207,587578955.0
2020-07-17 00:00:00+00:00,1594944000000,0.10208,0.10774,0.09855,0.10397,619518764.9
2020-07-18 00:00:00+00:00,1595030400000,0.10396,0.10452,0.09863,0.10077,271276047.4
2020-07-19 00:00:00+00:00,1595116800000,0.1008,0.10247,0.0964,0.1001,190660995.0
2020-07-20 00:00:00+00:00,1595203200000,0.10013,0.10187,0.09339,0.09428,236605194.0
2020-07-21 00:00:00+00:00,1595289600000,0.0942,0.09838,0.09385,0.09653,181606712.1
2020-07-22 00:00:00+00:00,1595376000000,0.09654,0.09803,0.09394,0.09738,150187324.2
2020-07-23 00:00:00+00:00,1595462400000,0.09746,0.10143,0.09677,0.09815,182898916.6
2020-07-24 00:00:00+00:00,1595548800000,0.0982,0.09824,0.0943,0.09576,114463763.4
2020-07-25 00:00:00+00:00,1595635200000,0.09571,0.10148,0.09511,0.10085,199172397.6
2020-07-26 00:00:00+00:00,1595721600000,0.10085,0.10588,0.0973,0.09902,247838432.3
2020-07-27 00:00:00+00:00,1595808000000,0.09902,0.1,0.08799,0.09464,299068697.2
2020-07-28 00:00:00+00:00,1595894400000,0.0947,0.09847,0.09331,0.09709,239891159.5
2020-07-29 00:00:00+00:00,1595980800000,0.09709,0.0997,0.09441,0.09498,185688993.5
2020-07-30 00:00:00+00:00,1596067200000,0.09498,0.0976,0.09417,0.09628,146003070.8
2020-07-31 00:00:00+00:00,1596153600000,0.09622,0.09708,0.09492,0.0969,115395754.6
2020-08-01 00:00:00+00:00,1596240000000,0.0969,0.10891,0.0967,0.10758,418318623.3
2020-08-02 00:00:00+00:00,1596326400000,0.10756,0.11629,0.08443,0.10251,521096056.6
2020-08-03 00:00:00+00:00,1596412800000,0.10262,0.10927,0.10117,0.10516,246810185.2
2020-08-04 00:00:00+00:00,1596499200000,0.10514,0.11165,0.10507,0.11015,282701115.0
2020-08-05 00:00:00+00:00,1596585600000,0.11015,0.11151,0.10612,0.10749,146224179.4
2020-08-06 00:00:00+00:00,1596672000000,0.10743,0.10817,0.104,0.10624,181915830.9
2020-08-07 00:00:00+00:00,1596758400000,0.10624,0.10787,0.088,0.10306,179260064.7
2020-08-08 00:00:00+00:00,1596844800000,0.10306,0.10433,0.10127,0.10325,85249840.6
2020-08-09 00:00:00+00:00,1596931200000,0.10329,0.10718,0.10232,0.10505,145247858.8
2020-08-10 00:00:00+00:00,1597017600000,0.10509,0.10689,0.10257,0.10625,120780844.8
2020-08-11 00:00:00+00:00,1597104000000,0.1063,0.10846,0.09606,0.10015,179046153.7
2020-08-12 00:00:00+00:00,1597190400000,0.10012,0.10237,0.09526,0.10147,117268286.1
2020-08-13 00:00:00+00:00,1597276800000,0.1014,0.10255,0.09639,0.10111,150346007.9
2020-08-14 00:00:00+00:00,1597363200000,0.10111,0.10716,0.10002,0.10479,222187060.7
2020-08-15 00:00:00+00:00,1597449600000,0.10471,0.10928,0.10301,0.10707,173375172.0
2020-08-16 00:00:00+00:00,1597536000000,0.10708,0.11587,0.10371,0.11517,237152944.8
2020-08-17 00:00:00+00:00,1597622400000,0.11517,0.11948,0.10977,0.11383,399753379.9
2020-08-18 00:00:00+00:00,1597708800000,0.11379,0.11682,0.10588,0.10807,191875448.0
2020-08-19 00:00:00+00:00,1597795200000,0.10807,0.10941,0.09838,0.10222,216222477.9
2020-08-20 00:00:00+00:00,1597881600000,0.10218,0.10733,0.10039,0.10728,144170410.0
2020-08-21 00:00:00+00:00,1597968000000,0.10728,0.10936,0.09882,0.09949,200010310.7
2020-08-22 00:00:00+00:00,1598054400000,0.09952,0.10264,0.09701,0.10223,127812873.3
2020-08-23 00:00:00+00:00,1598140800000,0.10221,0.10311,0.09836,0.10293,98489121.0
2020-08-24 00:00:00+00:00,1598227200000,0.10292,0.10651,0.10043,0.10294,124149477.2
2020-08-25 00:00:00+00:00,1598313600000,0.10289,0.10313,0.0951,0.09714,140767172.1
2020-08-26 00:00:00+00:00,1598400000000,0.09721,0.10045,0.09599,0.09804,131962917.4
2020-08-27 00:00:00+00:00,1598486400000,0.09806,0.09877,0.09021,0.09376,172358825.1
2020-08-28 00:00:00+00:00,1598572800000,0.09383,0.09673,0.09253,0.09569,83840863.4
2020-08-29 00:00:00+00:00,1598659200000,0.09565,0.09746,0.09442,0.09615,97506681.8
2020-08-30 00:00:00+00:00,1598745600000,0.09615,0.0985,0.09608,0.09821,97525844.1
2020-08-31 00:00:00+00:00,1598832000000,0.0982,0.09899,0.09495,0.09678,96842125.0
2020-09-01 00:00:00+00:00,1598918400000,0.09679,0.10096,0.09534,0.09881,168451910.7
2020-09-02 00:00:00+00:00,1599004800000,0.09877,0.09986,0.088,0.09228,181556395.9
2020-09-03 00:00:00+00:00,1599091200000,0.09229,0.09292,0.07501,0.07781,223413332.1
2020-09-04 00:00:00+00:00,1599177600000,0.07775,0.08276,0.0748,0.08074,232003166.5
2020-09-05 00:00:00+00:00,1599264000000,0.08071,0.08292,0.07286,0.07541,214819562.4
2020-09-06 00:00:00+00:00,1599350400000,0.0754,0.07895,0.07189,0.07742,127838190.8
2020-09-07 00:00:00+00:00,1599436800000,0.07741,0.07921,0.07381,0.07867,130665745.9
2020-09-08 00:00:00+00:00,1599523200000,0.07868,0.0795,0.07498,0.07745,140072273.1
2020-09-09 00:00:00+00:00,1599609600000,0.07743,0.07975,0.07555,0.07832,81030702.6
2020-09-10 00:00:00+00:00,1599696000000,0.07826,0.08318,0.07819,0.08117,121145058.4
2020-09-11 00:00:00+00:00,1599782400000,0.08114,0.08425,0.07907,0.08374,81437641.2
2020-09-12 00:00:00+00:00,1599868800000,0.08369,0.0847,0.08227,0.08382,71354066.4
2020-09-13 00:00:00+00:00,1599955200000,0.08385,0.08466,0.07911,0.08001,101453294.3
2020-09-14 00:00:00+00:00,1600041600000,0.08001,0.08201,0.07876,0.08021,103302018.8
2020-09-15 00:00:00+00:00,1600128000000,0.08014,0.08152,0.07744,0.07778,116809453.7
2020-09-16 00:00:00+00:00,1600214400000,0.07775,0.08143,0.07502,0.07999,148810911.3
2020-09-17 00:00:00+00:00,1600300800000,0.08,0.08228,0.07797,0.08043,103697577.9
2020-09-18 00:00:00+00:00,1600387200000,0.08044,0.08074,0.07716,0.07825,76038257.9
2020-09-19 00:00:00+00:00,1600473600000,0.07824,0.07941,0.07707,0.07857,73576059.4
2020-09-20 00:00:00+00:00,1600560000000,0.07849,0.07864,0.07523,0.07693,80272318.7
2020-09-21 00:00:00+00:00,1600646400000,0.07689,0.07743,0.06893,0.06996,123444048.9
2020-09-22 00:00:00+00:00,1600732800000,0.06998,0.07229,0.06942,0.07167,89881737.3
2020-09-23 00:00:00+00:00,1600819200000,0.07167,0.0723,0.06701,0.0674,104101886.3
2020-09-24 00:00:00+00:00,1600905600000,0.0674,0.07087,0.06671,0.07043,147671979.5
2020-09-25 00:00:00+00:00,1600992000000,0.07041,0.07561,0.06906,0.07467,176066613.0
2020-09-26 00:00:00+00:00,1601078400000,0.07467,0.07645,0.07248,0.07385,79626370.3
2020-09-27 00:00:00+00:00,1601164800000,0.0738,0.07447,0.07122,0.07335,71111591.2
2020-09-28 00:00:00+00:00,1601251200000,0.07335,0.07606,0.0725,0.07323,114180696.6
2020-09-29 00:00:00+00:00,1601337600000,0.07318,0.07503,0.07199,0.07407,81120013.7
2020-09-30 00:00:00+00:00,1601424000000,0.07406,0.0751,0.07205,0.07484,82496014.7
2020-10-01 00:00:00+00:00,1601510400000,0.07492,0.0763,0.07132,0.07314,118369484.0
2020-10-02 00:00:00+00:00,1601596800000,0.07314,0.07392,0.06861,0.07096,117228467.0
2020-10-03 00:00:00+00:00,1601683200000,0.07097,0.0721,0.07061,0.071,45557361.7
2020-10-04 00:00:00+00:00,1601769600000,0.07099,0.07343,0.07033,0.0729,50278131.1
2020-10-05 00:00:00+00:00,1601856000000,0.07291,0.07408,0.07224,0.07331,62279869.1
2020-10-06 00:00:00+00:00,1601942400000,0.07332,0.0755,0.07156,0.07237,122403203.8
2020-10-07 00:00:00+00:00,1602028800000,0.07237,0.0733,0.07057,0.07233,83762976.1
2020-10-08 00:00:00+00:00,1602115200000,0.07231,0.0735,0.0701,0.07311,91630381.1
2020-10-09 00:00:00+00:00,1602201600000,0.07317,0.07583,0.07235,0.07502,114006657.6
2020-10-10 00:00:00+00:00,1602288000000,0.07502,0.07846,0.07499,0.0773,105583212.7
2020-10-11 00:00:00+00:00,1602374400000,0.07731,0.07881,0.07675,0.07713,74728102.7
2020-10-12 00:00:00+00:00,1602460800000,0.07713,0.07917,0.07593,0.07761,95118142.6
2020-10-13 00:00:00+00:00,1602547200000,0.07757,0.07761,0.0754,0.07635,76725508.1
2020-10-14 00:00:00+00:00,1602633600000,0.07635,0.0768,0.07355,0.07398,84607215.1
2020-10-15 00:00:00+00:00,1602720000000,0.07398,0.07441,0.07182,0.07408,76857630.5
2020-10-16 00:00:00+00:00,1602806400000,0.07408,0.07919,0.07191,0.07909,135816358.5
2020-10-17 00:00:00+00:00,1602892800000,0.07909,0.084,0.0775,0.08152,241972319.6
2020-10-18 00:00:00+00:00,1602979200000,0.08152,0.08212,0.07914,0.07942,69601715.8
2020-10-19 00:00:00+00:00,1603065600000,0.0794,0.08734,0.07938,0.0852,234410704.0
2020-10-20 00:00:00+00:00,1603152000000,0.0852,0.08683,0.08041,0.08075,154320044.4
2020-10-21 00:00:00+00:00,1603238400000,0.08071,0.08641,0.08035,0.08358,183571524.6
2020-10-22 00:00:00+00:00,1603324800000,0.08364,0.0879,0.08357,0.08552,132795047.2
2020-10-23 00:00:00+00:00,1603411200000,0.08546,0.08642,0.08263,0.08368,78801385.0
2020-10-24 00:00:00+00:00,1603497600000,0.08365,0.08619,0.08333,0.08561,68912617.7
2020-10-25 00:00:00+00:00,1603584000000,0.08558,0.08574,0.08213,0.08304,63947193.9
2020-10-26 00:00:00+00:00,1603670400000,0.08301,0.08451,0.07977,0.08104,93346446.2
2020-10-27 00:00:00+00:00,1603756800000,0.08102,0.08318,0.08092,0.08183,93002787.5
2020-10-28 00:00:00+00:00,1603843200000,0.08187,0.08222,0.07742,0.07832,115640078.2
2020-10-29 00:00:00+00:00,1603929600000,0.07827,0.07892,0.07541,0.0775,89317833.7
2020-10-30 00:00:00+00:00,1604016000000,0.0775,0.07857,0.07424,0.07669,90162001.2
2020-10-31 00:00:00+00:00,1604102400000,0.0767,0.07979,0.07653,0.07775,79568762.3
2020-11-01 00:00:00+00:00,1604188800000,0.0777,0.07869,0.07639,0.07861,43553104.3
2020-11-02 00:00:00+00:00,1604275200000,0.0786,0.0795,0.07534,0.07557,73197360.7
2020-11-03 00:00:00+00:00,1604361600000,0.07556,0.07626,0.07306,0.07542,63148846.7
2020-11-04 00:00:00+00:00,1604448000000,0.07542,0.0757,0.07258,0.07456,52790834.5
2020-11-05 00:00:00+00:00,1604534400000,0.0746,0.08253,0.07333,0.08039,121345908.2
2020-11-06 00:00:00+00:00,1604620800000,0.08039,0.0854,0.08021,0.08388,123861686.6
2020-11-07 00:00:00+00:00,1604707200000,0.08387,0.08625,0.07792,0.07952,157018368.1
2020-11-08 00:00:00+00:00,1604793600000,0.07956,0.08288,0.07863,0.0815,58894630.2
2020-11-09 00:00:00+00:00,1604880000000,0.08151,0.08215,0.07799,0.0797,88475734.2
2020-11-10 00:00:00+00:00,1604966400000,0.07973,0.08251,0.07916,0.07967,101245761.5
2020-11-11 00:00:00+00:00,1605052800000,0.07966,0.08221,0.07947,0.08039,70101553.9
2020-11-12 00:00:00+00:00,1605139200000,0.08041,0.08106,0.07894,0.08069,60752151.1
2020-11-13 00:00:00+00:00,1605225600000,0.08063,0.08266,0.07989,0.08249,68534117.0
2020-11-14 00:00:00+00:00,1605312000000,0.08249,0.08441,0.08051,0.08094,81737145.7
2020-11-15 00:00:00+00:00,1605398400000,0.08101,0.08217,0.07851,0.08009,60437778.7
2020-11-16 00:00:00+00:00,1605484800000,0.0801,0.08275,0.07923,0.0825,80129988.0
2020-11-17 00:00:00+00:00,1605571200000,0.08251,0.08858,0.08233,0.0865,171378322.6
2020-11-18 00:00:00+00:00,1605657600000,0.08647,0.08701,0.08167,0.08365,132766680.4
2020-11-19 00:00:00+00:00,1605744000000,0.08369,0.08638,0.08144,0.08401,98312309.7
2020-11-20 00:00:00+00:00,1605830400000,0.08403,0.08868,0.08372,0.08853,116724255.6
2020-11-21 00:00:00+00:00,1605916800000,0.08859,0.11016,0.08849,0.109,585471557.3
2020-11-22 00:00:00+00:00,1606003200000,0.10899,0.11488,0.09619,0.10426,643370460.2
2020-11-23 00:00:00+00:00,1606089600000,0.10428,0.1327,0.1013,0.13231,715721251.9
2020-11-24 00:00:00+00:00,1606176000000,0.13228,0.199,0.13036,0.19571,2236398952.0
2020-11-25 00:00:00+00:00,1606262400000,0.19569,0.23179,0.18155,0.19295,1956022527.4
2020-11-26 00:00:00+00:00,1606348800000,0.19272,0.20497,0.145,0.16835,1759847344.5
2020-11-27 00:00:00+00:00,1606435200000,0.16829,0.2073,0.16263,0.20699,1235747469.3
2020-11-28 00:00:00+00:00,1606521600000,0.20698,0.22061,0.19511,0.20021,1088414795.6
2020-11-29 00:00:00+00:00,1606608000000,0.20009,0.20311,0.18794,0.19423,484997452.5
2020-11-30 00:00:00+00:00,1606694400000,0.19434,0.20664,0.18846,0.20295,554404358.6
2020-12-01 00:00:00+00:00,1606780800000,0.20283,0.20455,0.173,0.18382,512387400.0
2020-12-02 00:00:00+00:00,1606867200000,0.18361,0.18834,0.17721,0.18514,319272954.6
2020-12-03 00:00:00+00:00,1606953600000,0.18518,0.1898,0.17959,0.18436,220981352.5
2020-12-04 00:00:00+00:00,1607040000000,0.18421,0.1887,0.1593,0.16154,288862137.4
2020-12-05 00:00:00+00:00,1607126400000,0.16152,0.17636,0.15914,0.1717,197166466.0
2020-12-06 00:00:00+00:00,1607212800000,0.17162,0.1802,0.16704,0.17593,183432558.2
2020-12-07 00:00:00+00:00,1607299200000,0.17599,0.17649,0.16437,0.16804,148268193.8
2020-12-08 00:00:00+00:00,1607385600000,0.16814,0.16862,0.14899,0.15263,223878904.6
2020-12-09 00:00:00+00:00,1607472000000,0.15259,0.1752,0.13921,0.17206,550735915.0
2020-12-10 00:00:00+00:00,1607558400000,0.17201,0.1778,0.16015,0.16073,454403050.1
2020-12-11 00:00:00+00:00,1607644800000,0.1608,0.1645,0.15,0.15077,367010398.2
2020-12-12 00:00:00+00:00,1607731200000,0.15084,0.165,0.14954,0.15888,265788705.9
2020-12-13 00:00:00+00:00,1607817600000,0.15878,0.18,0.15549,0.1761,395883889.7
2020-12-14 00:00:00+00:00,1607904000000,0.17615,0.17863,0.16667,0.1702,285784967.1
2020-12-15 00:00:00+00:00,1607990400000,0.1702,0.17681,0.16443,0.1661,207684188.4
2020-12-16 00:00:00+00:00,1608076800000,0.16614,0.195,0.15928,0.19321,521143332.4
2020-12-17 00:00:00+00:00,1608163200000,0.19321,0.20878,0.1792,0.18612,801478603.0
2020-12-18 00:00:00+00:00,1608249600000,0.1861,0.1899,0.17681,0.18525,358406658.0
2020-12-19 00:00:00+00:00,1608336000000,0.18528,0.18797,0.17926,0.18139,205652100.1
2020-12-20 00:00:00+00:00,1608422400000,0.18152,0.18271,0.17366,0.17666,158184778.9
2020-12-21 00:00:00+00:00,1608508800000,0.17658,0.18032,0.1598,0.16519,185129011.0
2020-12-22 00:00:00+00:00,1608595200000,0.16522,0.1698,0.15302,0.16212,282150275.9
2020-12-23 00:00:00+00:00,1608681600000,0.16201,0.16201,0.11056,0.12661,925492965.8
2020-12-24 00:00:00+00:00,1608768000000,0.12679,0.16681,0.1228,0.15818,995304326.5
2020-12-25 00:00:00+00:00,1608854400000,0.15819,0.16701,0.14804,0.15238,432924506.7
2020-12-26 00:00:00+00:00,1608940800000,0.1524,0.15571,0.14388,0.14673,240169863.9
2020-12-27 00:00:00+00:00,1609027200000,0.14678,0.15592,0.13425,0.14527,443554533.5
2020-12-28 00:00:00+00:00,1609113600000,0.14538,0.15501,0.14146,0.14448,285941388.6
2020-12-29 00:00:00+00:00,1609200000000,0.14432,0.14911,0.12801,0.13831,390541189.8
2020-12-30 00:00:00+00:00,1609286400000,0.13826,0.13945,0.12842,0.13175,274679216.0
2020-12-31 00:00:00+00:00,1609372800000,0.13178,0.13276,0.12256,0.12762,217877056.9
2021-01-01 00:00:00+00:00,1609459200000,0.12759,0.13992,0.12644,0.13207,241901706.1
2021-01-02 00:00:00+00:00,1609545600000,0.13223,0.13515,0.12665,0.12751,222846091.6
2021-01-03 00:00:00+00:00,1609632000000,0.12752,0.13927,0.124,0.13653,397760722.3
2021-01-04 00:00:00+00:00,1609718400000,0.13656,0.1675,0.1278,0.16404,966556893.5
2021-01-05 00:00:00+00:00,1609804800000,0.1641,0.21,0.15,0.19291,1166645286.0
2021-01-06 00:00:00+00:00,1609891200000,0.19303,0.39,0.19166,0.33938,3305718352.5
2021-01-07 00:00:00+00:00,1609977600000,0.33976,0.41194,0.28888,0.31124,1712004424.81
2021-01-08 00:00:00+00:00,1610064000000,0.31141,0.3312,0.26014,0.297,984017607.4
2021-01-09 00:00:00+00:00,1610150400000,0.29706,0.329,0.28132,0.31054,630029959.7
2021-01-10 00:00:00+00:00,1610236800000,0.3107,0.325,0.26,0.2845,568733844.5
2021-01-11 00:00:00+00:00,1610323200000,0.28449,0.28506,0.21065,0.27119,854923569.8
2021-01-12 00:00:00+00:00,1610409600000,0.27116,0.311,0.253,0.27993,924532021.2
2021-01-13 00:00:00+00:00,1610496000000,0.27991,0.31,0.272,0.30356,508938545.3
2021-01-14 00:00:00+00:00,1610582400000,0.30382,0.3244,0.28758,0.3035,509036633.7
2021-01-15 00:00:00+00:00,1610668800000,0.3035,0.31376,0.2589,0.28374,473470475.2
2021-01-16 00:00:00+00:00,1610755200000,0.28389,0.3119,0.2768,0.29075,465267798.2
2021-01-17 00:00:00+00:00,1610841600000,0.29075,0.3194,0.286,0.3038,543229586.6
2021-01-18 00:00:00+00:00,1610928000000,0.30368,0.30929,0.29303,0.30544,276589020.7
2021-01-19 00:00:00+00:00,1611014400000,0.3053,0.31995,0.29,0.29748,492748733.2
2021-01-20 00:00:00+00:00,1611100800000,0.29775,0.30193,0.27346,0.29358,312544139.1
2021-01-21 00:00:00+00:00,1611187200000,0.29364,0.29492,0.24288,0.2514,307539163.5
2021-01-22 00:00:00+00:00,1611273600000,0.25125,0.282,0.227,0.26941,417369524.6
2021-01-23 00:00:00+00:00,1611360000000,0.26928,0.27957,0.26302,0.26977,206829031.3
2021-01-24 00:00:00+00:00,1611446400000,0.26976,0.2831,0.2622,0.27138,219146598.3
2021-01-25 00:00:00+00:00,1611532800000,0.27139,0.27714,0.25974,0.26102,187688410.0
2021-01-26 00:00:00+00:00,1611619200000,0.26094,0.26518,0.24836,0.26144,152994432.0
2021-01-27 00:00:00+00:00,1611705600000,0.26156,0.26228,0.2301,0.23779,164626281.3
2021-01-28 00:00:00+00:00,1611792000000,0.23767,0.30377,0.23203,0.29306,462056226.7
2021-01-29 00:00:00+00:00,1611878400000,0.29329,0.38367,0.2856,0.29322,1835251498.9
2021-01-30 00:00:00+00:00,1611964800000,0.29327,0.365,0.27944,0.32791,1176619630.2
2021-01-31 00:00:00+00:00,1612051200000,0.32847,0.33949,0.29323,0.30704,658606929.2
2021-02-01 00:00:00+00:00,1612137600000,0.30704,0.36961,0.29236,0.32323,1090168896.0
2021-02-02 00:00:00+00:00,1612224000000,0.32354,0.34999,0.31735,0.33932,484489799.8
2021-02-03 00:00:00+00:00,1612310400000,0.33932,0.34872,0.3292,0.3467,294482311.6
2021-02-04 00:00:00+00:00,1612396800000,0.34672,0.34999,0.31244,0.32569,326942654.9
2021-02-05 00:00:00+00:00,1612483200000,0.32597,0.36284,0.325,0.35155,512517525.3
2021-02-06 00:00:00+00:00,1612569600000,0.35164,0.398,0.33586,0.37739,616921269.0
2021-02-07 00:00:00+00:00,1612656000000,0.37766,0.4225,0.36265,0.3854,1182745261.43
2021-02-08 00:00:00+00:00,1612742400000,0.38535,0.4035,0.37319,0.3966,515153861.5
2021-02-09 00:00:00+00:00,1612828800000,0.3966,0.40567,0.3824,0.40022,343877325.8
2021-02-10 00:00:00+00:00,1612915200000,0.40018,0.44696,0.372,0.41495,672940856.83
2021-02-11 00:00:00+00:00,1613001600000,0.41495,0.47,0.41043,0.45604,550048930.0
2021-02-12 00:00:00+00:00,1613088000000,0.45608,0.53635,0.43639,0.52853,608050495.29
2021-02-13 00:00:00+00:00,1613174400000,0.52851,0.60692,0.50753,0.56456,884628802.95
2021-02-14 00:00:00+00:00,1613260800000,0.56454,0.57784,0.49296,0.51591,416999858.1
2021-02-15 00:00:00+00:00,1613347200000,0.51555,0.53999,0.42,0.49474,569631456.7
2021-02-16 00:00:00+00:00,1613433600000,0.49449,0.518,0.46757,0.48534,292280117.7
2021-02-17 00:00:00+00:00,1613520000000,0.48526,0.50971,0.45579,0.49737,236397721.7
2021-02-18 00:00:00+00:00,1613606400000,0.49748,0.51632,0.48312,0.49656,223141451.8
2021-02-19 00:00:00+00:00,1613692800000,0.49654,0.522,0.48249,0.51278,255881661.4
2021-02-20 00:00:00+00:00,1613779200000,0.51278,0.53269,0.4556,0.48613,370786177.6
2021-02-21 00:00:00+00:00,1613865600000,0.48588,0.50862,0.47371,0.49601,204202452.3
2021-02-22 00:00:00+00:00,1613952000000,0.49601,0.527,0.38685,0.46363,514911532.7
2021-02-23 00:00:00+00:00,1614038400000,0.46302,0.46503,0.31155,0.38652,623044562.2
2021-02-24 00:00:00+00:00,1614124800000,0.38647,0.43386,0.36763,0.40538,291623219.7
2021-02-25 00:00:00+00:00,1614211200000,0.40492,0.42545,0.37638,0.38022,203875233.6
2021-02-26 00:00:00+00:00,1614297600000,0.3808,0.40147,0.35457,0.4003,242047636.1
2021-02-27 00:00:00+00:00,1614384000000,0.40066,0.47171,0.3986,0.43792,527720260.4
2021-02-28 00:00:00+00:00,1614470400000,0.43845,0.45025,0.38,0.40587,319632425.0
2021-03-01 00:00:00+00:00,1614556800000,0.40541,0.45,0.40001,0.43069,253988523.4
2021-03-02 00:00:00+00:00,1614643200000,0.43101,0.43632,0.39655,0.41856,243838707.7
2021-03-03 00:00:00+00:00,1614729600000,0.41857,0.4386,0.41188,0.42052,226457001.6
2021-03-04 00:00:00+00:00,1614816000000,0.42081,0.4285,0.40119,0.41182,252643849.5
2021-03-05 00:00:00+00:00,1614902400000,0.41196,0.41282,0.38555,0.40483,176504438.4
2021-03-06 00:00:00+00:00,1614988800000,0.40489,0.40849,0.39204,0.40142,111400049.1
2021-03-07 00:00:00+00:00,1615075200000,0.40159,0.42238,0.40141,0.41265,161937065.9
2021-03-08 00:00:00+00:00,1615161600000,0.41265,0.421,0.40257,0.41821,168682729.1
2021-03-09 00:00:00+00:00,1615248000000,0.41838,0.4348,0.41274,0.43186,234072475.5
2021-03-10 00:00:00+00:00,1615334400000,0.43192,0.43326,0.40583,0.40889,192310325.2
2021-03-11 00:00:00+00:00,1615420800000,0.40913,0.4129,0.39558,0.40564,176882401.1
2021-03-12 00:00:00+00:00,1615507200000,0.40562,0.40707,0.37739,0.38657,184560074.9
2021-03-13 00:00:00+00:00,1615593600000,0.38668,0.412,0.3754,0.40661,193537671.9
2021-03-14 00:00:00+00:00,1615680000000,0.40658,0.40887,0.38762,0.38831,138069745.7
2021-03-15 00:00:00+00:00,1615766400000,0.38833,0.39923,0.36721,0.38429,188924935.0
2021-03-16 00:00:00+00:00,1615852800000,0.38428,0.41331,0.37297,0.39563,288485490.2
2021-03-17 00:00:00+00:00,1615939200000,0.39563,0.40495,0.38634,0.40268,168153959.2
2021-03-18 00:00:00+00:00,1616025600000,0.40278,0.40861,0.39329,0.39439,150306925.9
2021-03-19 00:00:00+00:00,1616112000000,0.39458,0.40221,0.38755,0.39486,126225533.1
2021-03-20 00:00:00+00:00,1616198400000,0.39485,0.43801,0.39205,0.41577,326157323.3
2021-03-21 00:00:00+00:00,1616284800000,0.41597,0.42372,0.39183,0.40347,257265778.0
2021-03-22 00:00:00+00:00,1616371200000,0.40348,0.42525,0.39,0.39238,283685967.9
2021-03-23 00:00:00+00:00,1616457600000,0.39228,0.4087,0.38737,0.39518,197716138.5
2021-03-24 00:00:00+00:00,1616544000000,0.39488,0.40311,0.34776,0.36153,170494233.5
2021-03-25 00:00:00+00:00,1616630400000,0.36186,0.3705,0.34102,0.36112,213538495.2
2021-03-26 00:00:00+00:00,1616716800000,0.36135,0.38729,0.36034,0.3846,139086326.5
2021-03-27 00:00:00+00:00,1616803200000,0.38448,0.38996,0.37082,0.38185,113503078.7
2021-03-28 00:00:00+00:00,1616889600000,0.38195,0.41327,0.37797,0.39755,326410489.0
2021-03-29 00:00:00+00:00,1616976000000,0.39754,0.41327,0.39106,0.40446,186088553.4
2021-03-30 00:00:00+00:00,1617062400000,0.40445,0.41338,0.39782,0.40076,172128546.6
2021-03-31 00:00:00+00:00,1617148800000,0.40077,0.40701,0.37611,0.4056,211491017.1
2021-04-01 00:00:00+00:00,1617235200000,0.40578,0.42987,0.40034,0.4243,291671172.2
2021-04-02 00:00:00+00:00,1617321600000,0.4243,0.46853,0.4242,0.43897,489374356.2
2021-04-03 00:00:00+00:00,1617408000000,0.43912,0.45839,0.40587,0.40809,335192184.8
2021-04-04 00:00:00+00:00,1617494400000,0.40809,0.43464,0.40065,0.42851,220000117.4
2021-04-05 00:00:00+00:00,1617580800000,0.42859,0.54949,0.42202,0.53706,879513379.4
2021-04-06 00:00:00+00:00,1617667200000,0.53704,0.578,0.48034,0.54206,883367345.9
2021-04-07 00:00:00+00:00,1617753600000,0.54206,0.5469,0.45195,0.47257,557970971.5
2021-04-08 00:00:00+00:00,1617840000000,0.47233,0.50522,0.46664,0.505,294430470.5
2021-04-09 00:00:00+00:00,1617926400000,0.50488,0.50856,0.47696,0.48607,223808564.0
2021-04-10 00:00:00+00:00,1618012800000,0.48577,0.594,0.48176,0.56192,807705249.0
2021-04-11 00:00:00+00:00,1618099200000,0.56193,0.6562,0.55521,0.5844,1387374053.6
2021-04-12 00:00:00+00:00,1618185600000,0.58445,0.608,0.56614,0.59051,481035300.1
2021-04-13 00:00:00+00:00,1618272000000,0.59051,0.684,0.57629,0.65701,863195026.4
2021-04-14 00:00:00+00:00,1618358400000,0.65701,0.691,0.58555,0.63505,619287714.6
2021-04-15 00:00:00+00:00,1618444800000,0.63509,0.6498,0.61387,0.63966,316537391.5
2021-04-16 00:00:00+00:00,1618531200000,0.63966,0.65371,0.56516,0.61005,376225078.7
2021-04-17 00:00:00+00:00,1618617600000,0.6099,0.644,0.58802,0.59137,263520955.4
2021-04-18 00:00:00+00:00,1618704000000,0.5913,0.60041,0.4375,0.54459,455418601.4
2021-04-19 00:00:00+00:00,1618790400000,0.54483,0.56601,0.48858,0.49982,312750231.6
2021-04-20 00:00:00+00:00,1618876800000,0.49947,0.5313,0.468,0.52877,278004526.2
2021-04-21 00:00:00+00:00,1618963200000,0.52895,0.53756,0.48404,0.48894,257880130.7
2021-04-22 00:00:00+00:00,1619049600000,0.48891,0.515,0.444,0.44951,308597892.4
2021-04-23 00:00:00+00:00,1619136000000,0.4498,0.45723,0.35823,0.45069,492741000.7
2021-04-24 00:00:00+00:00,1619222400000,0.45065,0.46126,0.41202,0.42507,282667066.5
2021-04-25 00:00:00+00:00,1619308800000,0.42498,0.44483,0.40031,0.4162,193136275.2
2021-04-26 00:00:00+00:00,1619395200000,0.41632,0.48655,0.41392,0.486,275058388.1
2021-04-27 00:00:00+00:00,1619481600000,0.48596,0.52246,0.47626,0.50963,235691948.5
2021-04-28 00:00:00+00:00,1619568000000,0.50964,0.52183,0.4743,0.49687,204446170.8
2021-04-29 00:00:00+00:00,1619654400000,0.49723,0.50863,0.47602,0.49162,167114135.7
2021-04-30 00:00:00+00:00,1619740800000,0.49151,0.54083,0.48477,0.52966,295427059.1
2021-05-01 00:00:00+00:00,1619827200000,0.52966,0.54,0.5103,0.54,171586918.1
2021-05-02 00:00:00+00:00,1619913600000,0.53999,0.5599,0.50613,0.55601,256628501.5
2021-05-03 00:00:00+00:00,1620000000000,0.55577,0.57322,0.5394,0.55044,241217287.8
2021-05-04 00:00:00+00:00,1620086400000,0.55081,0.55091,0.49365,0.50152,297465548.8
2021-05-05 00:00:00+00:00,1620172800000,0.50156,0.606,0.49562,0.60473,506467046.1
2021-05-06 00:00:00+00:00,1620259200000,0.60502,0.69,0.59428,0.65085,929598629.7
2021-05-07 00:00:00+00:00,1620345600000,0.65085,0.689,0.60427,0.63063,443642907.6
2021-05-08 00:00:00+00:00,1620432000000,0.63086,0.64082,0.60377,0.6138,198172070.8
2021-05-09 00:00:00+00:00,1620518400000,0.61451,0.63324,0.57476,0.62804,293580379.8
2021-05-10 00:00:00+00:00,1620604800000,0.62783,0.78,0.60802,0.65643,1299537754.0
2021-05-11 00:00:00+00:00,1620691200000,0.65683,0.74321,0.61981,0.73465,753173523.0
2021-05-12 00:00:00+00:00,1620777600000,0.73486,0.745,0.57892,0.59554,485806355.3
2021-05-13 00:00:00+00:00,1620864000000,0.59104,0.662,0.53871,0.65366,645717296.0
2021-05-14 00:00:00+00:00,1620950400000,0.65363,0.70817,0.63263,0.66885,473112329.9
2021-05-15 00:00:00+00:00,1621036800000,0.66942,0.74359,0.64936,0.68081,691112260.5
2021-05-16 00:00:00+00:00,1621123200000,0.68077,0.7985,0.66,0.71027,843950524.9
2021-05-17 00:00:00+00:00,1621209600000,0.71051,0.71321,0.61899,0.64323,574620997.2
2021-05-18 00:00:00+00:00,1621296000000,0.64306,0.7,0.62999,0.6454,432553040.0
2021-05-19 00:00:00+00:00,1621382400000,0.64551,0.65576,0.285,0.44315,1018636062.6
2021-05-20 00:00:00+00:00,1621468800000,0.44302,0.53386,0.39578,0.49469,522575719.6
2021-05-21 00:00:00+00:00,1621555200000,0.4947,0.51315,0.37014,0.41884,402186161.2
2021-05-22 00:00:00+00:00,1621641600000,0.41884,0.42209,0.36417,0.38917,329935744.9
2021-05-23 00:00:00+00:00,1621728000000,0.38917,0.40135,0.27335,0.362,535763670.6
2021-05-24 00:00:00+00:00,1621814400000,0.36201,0.45,0.35874,0.43964,577274117.7
2021-05-25 00:00:00+00:00,1621900800000,0.43928,0.46,0.40622,0.42922,396258266.0
2021-05-26 00:00:00+00:00,1621987200000,0.42911,0.47,0.42031,0.44368,334701996.9
2021-05-27 00:00:00+00:00,1622073600000,0.44367,0.447,0.40888,0.42058,223059472.8
2021-05-28 00:00:00+00:00,1622160000000,0.42061,0.426,0.36408,0.39933,314680966.4
2021-05-29 00:00:00+00:00,1622246400000,0.39919,0.40997,0.34349,0.36728,254464417.9
2021-05-30 00:00:00+00:00,1622332800000,0.36727,0.39888,0.34503,0.37466,207728302.7
2021-05-31 00:00:00+00:00,1622419200000,0.37441,0.40971,0.3651,0.40243,258272168.3
2021-06-01 00:00:00+00:00,1622505600000,0.40267,0.44994,0.38368,0.41864,417356905.3
2021-06-02 00:00:00+00:00,1622592000000,0.41873,0.43548,0.40538,0.4188,229354582.1
2021-06-03 00:00:00+00:00,1622678400000,0.41875,0.43414,0.41241,0.4253,194089946.6
2021-06-04 00:00:00+00:00,1622764800000,0.42548,0.42548,0.36916,0.3845,223812601.5
2021-06-05 00:00:00+00:00,1622851200000,0.3845,0.40575,0.36299,0.37488,180484545.4
2021-06-06 00:00:00+00:00,1622937600000,0.3748,0.3885,0.37137,0.38053,101616596.9
2021-06-07 00:00:00+00:00,1623024000000,0.38046,0.39166,0.3423,0.3463,147880251.8
2021-06-08 00:00:00+00:00,1623110400000,0.34654,0.35676,0.30952,0.34928,227386875.6
2021-06-09 00:00:00+00:00,1623196800000,0.34923,0.36543,0.32438,0.36501,196490428.2
2021-06-10 00:00:00+00:00,1623283200000,0.36513,0.36717,0.33102,0.33887,150510872.2
2021-06-11 00:00:00+00:00,1623369600000,0.33883,0.34282,0.31394,0.31816,141793334.0
2021-06-12 00:00:00+00:00,1623456000000,0.31811,0.344,0.29933,0.32784,190275454.1
2021-06-13 00:00:00+00:00,1623542400000,0.32792,0.34854,0.31091,0.34486,141947456.3
2021-06-14 00:00:00+00:00,1623628800000,0.34486,0.3499,0.327,0.343,152209858.1
2021-06-15 00:00:00+00:00,1623715200000,0.343,0.35199,0.32967,0.33352,138913498.4
2021-06-16 00:00:00+00:00,1623801600000,0.33353,0.342,0.31474,0.31766,142476461.1
2021-06-17 00:00:00+00:00,1623888000000,0.31767,0.3303,0.31,0.31751,101043771.6
2021-06-18 00:00:00+00:00,1623974400000,0.31756,0.31868,0.28454,0.29725,150968056.9
2021-06-19 00:00:00+00:00,1624060800000,0.29726,0.3066,0.28853,0.28853,83955933.6
2021-06-20 00:00:00+00:00,1624147200000,0.28861,0.29925,0.26929,0.29739,126135963.5
2021-06-21 00:00:00+00:00,1624233600000,0.29737,0.3025,0.2351,0.23581,247331873.4
2021-06-22 00:00:00+00:00,1624320000000,0.236,0.25913,0.19877,0.23503,361659240.5
2021-06-23 00:00:00+00:00,1624406400000,0.23531,0.27,0.22433,0.25546,203372677.3
2021-06-24 00:00:00+00:00,1624492800000,0.25565,0.27331,0.24302,0.2688,143398015.9
2021-06-25 00:00:00+00:00,1624579200000,0.26878,0.27442,0.24034,0.24091,162018488.3
2021-06-26 00:00:00+00:00,1624665600000,0.24089,0.24966,0.22815,0.2494,120400311.4
2021-06-27 00:00:00+00:00,1624752000000,0.24947,0.25987,0.23914,0.25979,135039946.2
2021-06-28 00:00:00+00:00,1624838400000,0.25969,0.26948,0.25575,0.26349,118145051.4
2021-06-29 00:00:00+00:00,1624924800000,0.26349,0.29374,0.26237,0.2832,160513261.7
2021-06-30 00:00:00+00:00,1625011200000,0.28302,0.28615,0.26601,0.28389,126449804.6
2021-07-01 00:00:00+00:00,1625097600000,0.28393,0.28428,0.25962,0.2689,106958778.5
2021-07-02 00:00:00+00:00,1625184000000,0.2687,0.2734,0.25223,0.26287,85674710.1
2021-07-03 00:00:00+00:00,1625270400000,0.26295,0.26999,0.25892,0.26394,89230788.4
2021-07-04 00:00:00+00:00,1625356800000,0.26382,0.27235,0.25856,0.26814,84602586.1
2021-07-05 00:00:00+00:00,1625443200000,0.26794,0.26794,0.25043,0.25326,104916705.5
2021-07-06 00:00:00+00:00,1625529600000,0.25349,0.26784,0.25225,0.26043,100162470.3
2021-07-07 00:00:00+00:00,1625616000000,0.26037,0.26571,0.25557,0.25641,98688669.5
2021-07-08 00:00:00+00:00,1625702400000,0.25655,0.25776,0.23888,0.24286,112961219.4
2021-07-09 00:00:00+00:00,1625788800000,0.24291,0.24937,0.23242,0.24566,105063944.1
2021-07-10 00:00:00+00:00,1625875200000,0.24559,0.25295,0.23821,0.24478,67326821.3
2021-07-11 00:00:00+00:00,1625961600000,0.24489,0.24808,0.24011,0.24595,56935693.5
2021-07-12 00:00:00+00:00,1626048000000,0.246,0.25219,0.23554,0.23834,81989539.3
2021-07-13 00:00:00+00:00,1626134400000,0.23834,0.24232,0.22703,0.23222,88258546.5
2021-07-14 00:00:00+00:00,1626220800000,0.23224,0.24491,0.21898,0.23994,121116707.0
2021-07-15 00:00:00+00:00,1626307200000,0.24,0.24343,0.22602,0.24081,112583379.4
2021-07-16 00:00:00+00:00,1626393600000,0.2409,0.258,0.233,0.23513,248451258.4
2021-07-17 00:00:00+00:00,1626480000000,0.23529,0.23854,0.22743,0.2326,106689058.3
2021-07-18 00:00:00+00:00,1626566400000,0.23256,0.24052,0.22612,0.22977,82673817.0
2021-07-19 00:00:00+00:00,1626652800000,0.2298,0.23116,0.2107,0.21148,88892811.3
2021-07-20 00:00:00+00:00,1626739200000,0.21149,0.21545,0.19853,0.21192,145135518.7
2021-07-21 00:00:00+00:00,1626825600000,0.21202,0.22995,0.20682,0.22825,130062872.1
2021-07-22 00:00:00+00:00,1626912000000,0.2283,0.26795,0.22368,0.26356,340795940.8
2021-07-23 00:00:00+00:00,1626998400000,0.26358,0.278,0.24868,0.26925,262199843.9
2021-07-24 00:00:00+00:00,1627084800000,0.26919,0.27242,0.26074,0.26706,108134457.0
2021-07-25 00:00:00+00:00,1627171200000,0.26705,0.26743,0.25335,0.26172,73856592.4
2021-07-26 00:00:00+00:00,1627257600000,0.26152,0.28444,0.25661,0.26019,192051102.4
2021-07-27 00:00:00+00:00,1627344000000,0.26027,0.27011,0.25107,0.2629,112986769.5
2021-07-28 00:00:00+00:00,1627430400000,0.26309,0.28223,0.25778,0.27016,170603185.6
2021-07-29 00:00:00+00:00,1627516800000,0.27011,0.27505,0.26183,0.27244,86013641.8
2021-07-30 00:00:00+00:00,1627603200000,0.27249,0.28525,0.26213,0.27926,130345495.8
2021-07-31 00:00:00+00:00,1627689600000,0.27928,0.28975,0.2731,0.28422,124149775.2
2021-08-01 00:00:00+00:00,1627776000000,0.28461,0.30094,0.2721,0.27504,160709772.7
2021-08-02 00:00:00+00:00,1627862400000,0.27513,0.28652,0.26831,0.27437,136347246.9
2021-08-03 00:00:00+00:00,1627948800000,0.27431,0.27897,0.26407,0.27433,88452222.8
2021-08-04 00:00:00+00:00,1628035200000,0.27411,0.284,0.265,0.28056,91425680.8
2021-08-05 00:00:00+00:00,1628121600000,0.28056,0.28253,0.26515,0.28022,111613516.5
2021-08-06 00:00:00+00:00,1628208000000,0.28022,0.2862,0.2743,0.28532,103157891.6
2021-08-07 00:00:00+00:00,1628294400000,0.28531,0.3118,0.28169,0.30745,225435640.7
2021-08-08 00:00:00+00:00,1628380800000,0.3074,0.31365,0.28552,0.28716,125887024.0
2021-08-09 00:00:00+00:00,1628467200000,0.28697,0.30569,0.27953,0.2986,136544260.8
2021-08-10 00:00:00+00:00,1628553600000,0.29851,0.315,0.29514,0.31019,146497673.7
2021-08-11 00:00:00+00:00,1628640000000,0.31013,0.3525,0.30945,0.33718,268944325.0
2021-08-12 00:00:00+00:00,1628726400000,0.33742,0.35307,0.31477,0.32876,223828838.6
2021-08-13 00:00:00+00:00,1628812800000,0.32848,0.36516,0.32382,0.35999,189239430.5
2021-08-14 00:00:00+00:00,1628899200000,0.35999,0.39989,0.35044,0.39474,303193415.2
2021-08-15 00:00:00+00:00,1628985600000,0.39467,0.40337,0.37,0.39079,240785288.8
2021-08-16 00:00:00+00:00,1629072000000,0.39079,0.41,0.36828,0.37128,218172813.2
2021-08-17 00:00:00+00:00,1629158400000,0.37173,0.384,0.33908,0.3412,196493345.4
2021-08-18 00:00:00+00:00,1629244800000,0.34098,0.3595,0.32364,0.34151,174032864.4
2021-08-19 00:00:00+00:00,1629331200000,0.34159,0.36863,0.33124,0.36732,171627051.3
2021-08-20 00:00:00+00:00,1629417600000,0.36718,0.38795,0.36,0.38489,171065480.5
2021-08-21 00:00:00+00:00,1629504000000,0.38489,0.38494,0.36696,0.37167,109922274.9
2021-08-22 00:00:00+00:00,1629590400000,0.37141,0.38964,0.36103,0.37232,140204870.9
2021-08-23 00:00:00+00:00,1629676800000,0.37233,0.38785,0.37008,0.37873,176882710.4
2021-08-24 00:00:00+00:00,1629763200000,0.37872,0.38053,0.34985,0.35037,132457431.0
2021-08-25 00:00:00+00:00,1629849600000,0.35027,0.35978,0.34145,0.35894,125495100.8
2021-08-26 00:00:00+00:00,1629936000000,0.35892,0.36351,0.3306,0.3348,97620419.4
2021-08-27 00:00:00+00:00,1630022400000,0.3349,0.35758,0.3282,0.3571,111082499.9
2021-08-28 00:00:00+00:00,1630108800000,0.3571,0.36,0.3418,0.3476,80449932.2
2021-08-29 00:00:00+00:00,1630195200000,0.3476,0.3536,0.3406,0.3431,82851103.0
2021-08-30 00:00:00+00:00,1630281600000,0.3433,0.346,0.3284,0.3296,102328555.0
2021-08-31 00:00:00+00:00,1630368000000,0.3298,0.3567,0.3269,0.3393,151756135.2
2021-09-01 00:00:00+00:00,1630454400000,0.3393,0.3562,0.3356,0.3534,138344506.0
2021-09-02 00:00:00+00:00,1630540800000,0.3534,0.3676,0.3516,0.359,167410344.3
2021-09-03 00:00:00+00:00,1630627200000,0.3591,0.3779,0.3515,0.3688,151477134.8
2021-09-04 00:00:00+00:00,1630713600000,0.3688,0.3846,0.3647,0.3699,131993321.7
2021-09-05 00:00:00+00:00,1630800000000,0.3699,0.39806,0.368,0.3976,147935913.3
2021-09-06 00:00:00+00:00,1630886400000,0.3978,0.432,0.3893,0.4239,345465723.4
2021-09-07 00:00:00+00:00,1630972800000,0.4238,0.4244,0.271,0.3358,560497149.7
2021-09-08 00:00:00+00:00,1631059200000,0.336,0.343,0.3009,0.3298,267444676.0
2021-09-09 00:00:00+00:00,1631145600000,0.3298,0.3419,0.3235,0.3326,175246463.0
2021-09-10 00:00:00+00:00,1631232000000,0.3326,0.36,0.3107,0.3169,237684223.0
2021-09-11 00:00:00+00:00,1631318400000,0.3168,0.3326,0.3153,0.3252,120065889.0
2021-09-12 00:00:00+00:00,1631404800000,0.3251,0.3394,0.317,0.3326,114031752.0
2021-09-13 00:00:00+00:00,1631491200000,0.3325,0.3365,0.3095,0.3186,162038988.0
2021-09-14 00:00:00+00:00,1631577600000,0.3186,0.3316,0.316,0.3313,107854783.0
2021-09-15 00:00:00+00:00,1631664000000,0.3313,0.3419,0.3272,0.341,118997144.0
2021-09-16 00:00:00+00:00,1631750400000,0.341,0.3424,0.3233,0.3307,125206007.0
2021-09-17 00:00:00+00:00,1631836800000,0.3306,0.333,0.3146,0.3195,98570508.0
2021-09-18 00:00:00+00:00,1631923200000,0.3195,0.3278,0.3151,0.3219,76526276.0
2021-09-19 00:00:00+00:00,1632009600000,0.3219,0.3249,0.3101,0.3134,66407138.0
2021-09-20 00:00:00+00:00,1632096000000,0.3135,0.3147,0.2698,0.282,216743286.6
2021-09-21 00:00:00+00:00,1632182400000,0.2823,0.2875,0.2601,0.2659,153867873.1
2021-09-22 00:00:00+00:00,1632268800000,0.2661,0.2933,0.2605,0.2926,118873782.0
2021-09-23 00:00:00+00:00,1632355200000,0.2923,0.3032,0.2884,0.303,114090070.0
2021-09-24 00:00:00+00:00,1632441600000,0.303,0.3057,0.2689,0.2811,132212040.0
2021-09-25 00:00:00+00:00,1632528000000,0.281,0.2857,0.2702,0.2768,90476262.0
2021-09-26 00:00:00+00:00,1632614400000,0.277,0.2837,0.2606,0.276,95022230.0
2021-09-27 00:00:00+00:00,1632700800000,0.2759,0.2833,0.2647,0.265,72180613.0
2021-09-28 00:00:00+00:00,1632787200000,0.2648,0.2699,0.2548,0.2566,90810627.1
2021-09-29 00:00:00+00:00,1632873600000,0.2566,0.2794,0.2549,0.2696,109199451.0
2021-09-30 00:00:00+00:00,1632960000000,0.2698,0.2806,0.2685,0.2787,85594938.0
2021-10-01 00:00:00+00:00,1633046400000,0.2788,0.3006,0.2753,0.3003,168718920.0
2021-10-02 00:00:00+00:00,1633132800000,0.3004,0.3266,0.2924,0.3164,166226808.0
2021-10-03 00:00:00+00:00,1633219200000,0.3164,0.3227,0.3102,0.3148,149062371.0
2021-10-04 00:00:00+00:00,1633305600000,0.3149,0.3154,0.2957,0.3104,162913437.0
2021-10-05 00:00:00+00:00,1633392000000,0.3105,0.3205,0.3075,0.3188,143919162.0
2021-10-06 00:00:00+00:00,1633478400000,0.3191,0.365,0.3054,0.3578,339060272.0
2021-10-07 00:00:00+00:00,1633564800000,0.3582,0.3702,0.3417,0.3435,339409615.0
2021-10-08 00:00:00+00:00,1633651200000,0.3436,0.3497,0.3323,0.3363,171328592.0
2021-10-09 00:00:00+00:00,1633737600000,0.3364,0.3678,0.3326,0.3531,202070362.0
2021-10-10 00:00:00+00:00,1633824000000,0.3532,0.359,0.3286,0.3311,135578770.0
2021-10-11 00:00:00+00:00,1633910400000,0.3312,0.3574,0.3246,0.3445,211412869.0
2021-10-12 00:00:00+00:00,1633996800000,0.3444,0.3449,0.3195,0.3328,153288154.0
2021-10-13 00:00:00+00:00,1634083200000,0.3326,0.3765,0.3303,0.368,380722714.0
2021-10-14 00:00:00+00:00,1634169600000,0.368,0.3823,0.3636,0.3698,231305666.0
2021-10-15 00:00:00+00:00,1634256000000,0.3695,0.3738,0.3502,0.3616,208312972.0
2021-10-16 00:00:00+00:00,1634342400000,0.3615,0.4207,0.3614,0.3967,489852872.0
2021-10-17 00:00:00+00:00,1634428800000,0.3967,0.4032,0.3645,0.3834,271514664.0
2021-10-18 00:00:00+00:00,1634515200000,0.3833,0.3957,0.3763,0.3796,212496658.0
2021-10-19 00:00:00+00:00,1634601600000,0.3794,0.384,0.3655,0.3737,125100802.0
2021-10-20 00:00:00+00:00,1634688000000,0.3737,0.3923,0.3582,0.3918,211690285.0
2021-10-21 00:00:00+00:00,1634774400000,0.3918,0.398,0.3712,0.373,227634803.0
2021-10-22 00:00:00+00:00,1634860800000,0.3731,0.3807,0.3655,0.3721,131280252.0
2021-10-23 00:00:00+00:00,1634947200000,0.3722,0.3784,0.3679,0.378,88915753.0
2021-10-24 00:00:00+00:00,1635033600000,0.3778,0.3865,0.366,0.3723,127897291.0
2021-10-25 00:00:00+00:00,1635120000000,0.3722,0.3884,0.3707,0.388,108836016.0
2021-10-26 00:00:00+00:00,1635206400000,0.3881,0.3883,0.3681,0.3731,119969984.0
2021-10-27 00:00:00+00:00,1635292800000,0.3731,0.3754,0.3083,0.3303,248308709.0
2021-10-28 00:00:00+00:00,1635379200000,0.3305,0.3488,0.3253,0.3426,183448278.0
2021-10-29 00:00:00+00:00,1635465600000,0.3427,0.3638,0.3404,0.3623,131106906.0
2021-10-30 00:00:00+00:00,1635552000000,0.3623,0.3657,0.351,0.3584,127108383.0
2021-10-31 00:00:00+00:00,1635638400000,0.3584,0.3899,0.3568,0.3725,266689020.0
2021-11-01 00:00:00+00:00,1635724800000,0.3725,0.3757,0.3571,0.3659,123019688.0
2021-11-02 00:00:00+00:00,1635811200000,0.3659,0.3828,0.3628,0.3825,131413194.0
2021-11-03 00:00:00+00:00,1635897600000,0.3824,0.3987,0.3701,0.3852,205080685.0
2021-11-04 00:00:00+00:00,1635984000000,0.3853,0.39,0.365,0.3687,114164766.0
2021-11-05 00:00:00+00:00,1636070400000,0.3687,0.3737,0.3582,0.3587,95774083.0
2021-11-06 00:00:00+00:00,1636156800000,0.3589,0.3641,0.35,0.3591,82571044.0
2021-11-07 00:00:00+00:00,1636243200000,0.3591,0.3656,0.3562,0.3636,73592711.0
2021-11-08 00:00:00+00:00,1636329600000,0.3636,0.3789,0.3622,0.378,140233595.0
2021-11-09 00:00:00+00:00,1636416000000,0.378,0.4222,0.3733,0.4127,313410454.0
2021-11-10 00:00:00+00:00,1636502400000,0.4126,0.4412,0.3633,0.3831,467540077.6
2021-11-11 00:00:00+00:00,1636588800000,0.383,0.403,0.3756,0.3909,207047181.0
2021-11-12 00:00:00+00:00,1636675200000,0.3908,0.3941,0.3643,0.3789,168110646.0
2021-11-13 00:00:00+00:00,1636761600000,0.3791,0.3827,0.3704,0.3782,90832485.0
2021-11-14 00:00:00+00:00,1636848000000,0.3781,0.382,0.367,0.3773,88730616.0
2021-11-15 00:00:00+00:00,1636934400000,0.3773,0.394,0.3737,0.3768,142825788.0
2021-11-16 00:00:00+00:00,1637020800000,0.3769,0.377,0.33,0.3429,205564051.0
2021-11-17 00:00:00+00:00,1637107200000,0.343,0.3495,0.3323,0.3463,124928679.0
2021-11-18 00:00:00+00:00,1637193600000,0.3462,0.3562,0.3123,0.3278,175275489.0
2021-11-19 00:00:00+00:00,1637280000000,0.3276,0.3567,0.3252,0.3539,117357113.0
2021-11-20 00:00:00+00:00,1637366400000,0.3539,0.3585,0.3363,0.3483,105477202.0
2021-11-21 00:00:00+00:00,1637452800000,0.3484,0.3491,0.3376,0.3434,85021322.0
2021-11-22 00:00:00+00:00,1637539200000,0.3435,0.3567,0.3315,0.3362,162877806.0
2021-11-23 00:00:00+00:00,1637625600000,0.3361,0.3428,0.3276,0.3411,131754070.0
2021-11-24 00:00:00+00:00,1637712000000,0.3412,0.3418,0.3207,0.3273,114213677.0
2021-11-25 00:00:00+00:00,1637798400000,0.3272,0.3478,0.3257,0.3416,123389283.0
2021-11-26 00:00:00+00:00,1637884800000,0.3416,0.3504,0.3046,0.3291,266080231.0
2021-11-27 00:00:00+00:00,1637971200000,0.3292,0.335,0.3204,0.3257,107088576.0
2021-11-28 00:00:00+00:00,1638057600000,0.3258,0.3266,0.3,0.3236,115532496.0
2021-11-29 00:00:00+00:00,1638144000000,0.3236,0.334,0.3222,0.3284,102944385.0
2021-11-30 00:00:00+00:00,1638230400000,0.3283,0.3514,0.3279,0.3358,159226319.0
2021-12-01 00:00:00+00:00,1638316800000,0.3359,0.3452,0.3254,0.3275,109288961.0
2021-12-02 00:00:00+00:00,1638403200000,0.3273,0.3407,0.3169,0.3396,105206373.0
2021-12-03 00:00:00+00:00,1638489600000,0.3397,0.3649,0.3211,0.3258,357450877.0
2021-12-04 00:00:00+00:00,1638576000000,0.3256,0.3259,0.2236,0.2891,494876849.1
2021-12-05 00:00:00+00:00,1638662400000,0.289,0.294,0.2572,0.279,229606362.0
2021-12-06 00:00:00+00:00,1638748800000,0.2792,0.2968,0.247,0.294,309959717.0
2021-12-07 00:00:00+00:00,1638835200000,0.2941,0.2999,0.28,0.2861,155821179.0
2021-12-08 00:00:00+00:00,1638921600000,0.2861,0.3087,0.2825,0.3059,176269860.0
2021-12-09 00:00:00+00:00,1639008000000,0.3059,0.3062,0.2731,0.2733,153203022.0
2021-12-10 00:00:00+00:00,1639094400000,0.2732,0.2807,0.2592,0.2606,136905085.0
2021-12-11 00:00:00+00:00,1639180800000,0.2604,0.28,0.2559,0.2746,98832128.0
2021-12-12 00:00:00+00:00,1639267200000,0.2746,0.2817,0.2665,0.2756,72838946.0
2021-12-13 00:00:00+00:00,1639353600000,0.2757,0.2764,0.251,0.2528,96787435.0
2021-12-14 00:00:00+00:00,1639440000000,0.2528,0.2708,0.2474,0.2673,160303764.0
2021-12-15 00:00:00+00:00,1639526400000,0.2672,0.2759,0.2459,0.2726,139052140.0
2021-12-16 00:00:00+00:00,1639612800000,0.2726,0.2741,0.2548,0.2556,100246532.0
2021-12-17 00:00:00+00:00,1639699200000,0.2556,0.2624,0.2456,0.2539,115324929.0
2021-12-18 00:00:00+00:00,1639785600000,0.254,0.2661,0.2504,0.2553,98906265.0
2021-12-19 00:00:00+00:00,1639872000000,0.2551,0.2672,0.2513,0.2533,82104224.0
2021-12-20 00:00:00+00:00,1639958400000,0.2532,0.2738,0.2502,0.2574,214505461.0
2021-12-21 00:00:00+00:00,1640044800000,0.2574,0.2691,0.2524,0.2671,129545734.0
2021-12-22 00:00:00+00:00,1640131200000,0.2672,0.277,0.2666,0.2673,114001013.0
2021-12-23 00:00:00+00:00,1640217600000,0.2672,0.2896,0.2643,0.2874,121928680.0
2021-12-24 00:00:00+00:00,1640304000000,0.2875,0.2884,0.275,0.2779,86376474.0
2021-12-25 00:00:00+00:00,1640390400000,0.2779,0.2948,0.2751,0.289,84816884.0
2021-12-26 00:00:00+00:00,1640476800000,0.2889,0.2939,0.2848,0.2914,61948951.0
2021-12-27 00:00:00+00:00,1640563200000,0.2915,0.3059,0.2907,0.2984,74081076.0
2021-12-28 00:00:00+00:00,1640649600000,0.2984,0.299,0.2731,0.274,119482830.0
2021-12-29 00:00:00+00:00,1640736000000,0.274,0.2795,0.2643,0.2669,83469755.0
2021-12-30 00:00:00+00:00,1640822400000,0.2667,0.2754,0.2606,0.2681,81759830.0
2021-12-31 00:00:00+00:00,1640908800000,0.268,0.2768,0.2588,0.2665,74278600.0
2022-01-01 00:00:00+00:00,1640995200000,0.2665,0.2771,0.266,0.2765,55085186.0
2022-01-02 00:00:00+00:00,1641081600000,0.2767,0.2923,0.2755,0.2921,70471416.0
2022-01-03 00:00:00+00:00,1641168000000,0.292,0.2976,0.2854,0.2902,101089932.0
2022-01-04 00:00:00+00:00,1641254400000,0.2904,0.2913,0.2784,0.2791,79908609.0
2022-01-05 00:00:00+00:00,1641340800000,0.2793,0.295,0.2543,0.2661,128664074.0
2022-01-06 00:00:00+00:00,1641427200000,0.2662,0.2724,0.258,0.2676,100323451.0
2022-01-07 00:00:00+00:00,1641513600000,0.2675,0.2684,0.251,0.2569,108784242.0
2022-01-08 00:00:00+00:00,1641600000000,0.2571,0.2646,0.2466,0.255,85233125.0
2022-01-09 00:00:00+00:00,1641686400000,0.2551,0.264,0.2529,0.2609,59541431.0
2022-01-10 00:00:00+00:00,1641772800000,0.261,0.2641,0.2349,0.2529,112088262.0
2022-01-11 00:00:00+00:00,1641859200000,0.2528,0.2636,0.248,0.263,68869759.0
2022-01-12 00:00:00+00:00,1641945600000,0.263,0.2917,0.2628,0.2822,150003817.0
2022-01-13 00:00:00+00:00,1642032000000,0.2823,0.2901,0.2685,0.2693,100679548.0
2022-01-14 00:00:00+00:00,1642118400000,0.2692,0.2863,0.2614,0.2644,154090982.0
2022-01-15 00:00:00+00:00,1642204800000,0.2644,0.2697,0.2559,0.2588,131814740.0
2022-01-16 00:00:00+00:00,1642291200000,0.259,0.2625,0.2543,0.2589,63917652.0
2022-01-17 00:00:00+00:00,1642377600000,0.2588,0.2598,0.2497,0.2559,67572565.0
2022-01-18 00:00:00+00:00,1642464000000,0.256,0.2576,0.2487,0.2541,80656534.0
2022-01-19 00:00:00+00:00,1642550400000,0.254,0.2558,0.2434,0.2454,67306243.0
2022-01-20 00:00:00+00:00,1642636800000,0.2455,0.2526,0.2297,0.2315,78926378.0
2022-01-21 00:00:00+00:00,1642723200000,0.2314,0.2338,0.198,0.2028,203930777.2
2022-01-22 00:00:00+00:00,1642809600000,0.2027,0.2081,0.1676,0.1924,255008979.9
2022-01-23 00:00:00+00:00,1642896000000,0.1924,0.2011,0.1877,0.2009,122874220.0
2022-01-24 00:00:00+00:00,1642982400000,0.2008,0.2009,0.1718,0.1978,178115510.0
2022-01-25 00:00:00+00:00,1643068800000,0.1979,0.1996,0.1879,0.1966,86980306.0
2022-01-26 00:00:00+00:00,1643155200000,0.1967,0.2083,0.1912,0.1966,111416403.0
2022-01-27 00:00:00+00:00,1643241600000,0.1966,0.2012,0.1871,0.1941,99009541.0
2022-01-28 00:00:00+00:00,1643328000000,0.1939,0.1995,0.1888,0.1986,67921360.0
2022-01-29 00:00:00+00:00,1643414400000,0.1986,0.2045,0.1975,0.2032,52869748.0
2022-01-30 00:00:00+00:00,1643500800000,0.2033,0.2066,0.1926,0.1952,50703540.0
2022-01-31 00:00:00+00:00,1643587200000,0.1951,0.2008,0.1895,0.1996,67016926.0
2022-02-01 00:00:00+00:00,1643673600000,0.1995,0.2062,0.1988,0.2019,62772000.0
2022-02-02 00:00:00+00:00,1643760000000,0.2018,0.206,0.19,0.193,65385174.0
2022-02-03 00:00:00+00:00,1643846400000,0.193,0.1954,0.1885,0.1951,53558995.0
2022-02-04 00:00:00+00:00,1643932800000,0.1951,0.21,0.1935,0.209,78956238.0
2022-02-05 00:00:00+00:00,1644019200000,0.2091,0.2165,0.2079,0.2131,60849324.0
2022-02-06 00:00:00+00:00,1644105600000,0.213,0.225,0.2126,0.2238,57795744.0
2022-02-07 00:00:00+00:00,1644192000000,0.2238,0.2419,0.2188,0.2393,125830749.0
2022-02-08 00:00:00+00:00,1644278400000,0.2395,0.2571,0.2326,0.242,178069104.0
2022-02-09 00:00:00+00:00,1644364800000,0.2421,0.2439,0.2341,0.2387,87636981.0
2022-02-10 00:00:00+00:00,1644451200000,0.2385,0.2427,0.2283,0.2314,95740428.0
2022-02-11 00:00:00+00:00,1644537600000,0.2314,0.2314,0.2127,0.2154,72042663.0
2022-02-12 00:00:00+00:00,1644624000000,0.2154,0.2245,0.2111,0.2181,60987718.0
2022-02-13 00:00:00+00:00,1644710400000,0.2182,0.2219,0.2103,0.2104,46530243.0
2022-02-14 00:00:00+00:00,1644796800000,0.2104,0.2139,0.2054,0.2107,52295572.0
2022-02-15 00:00:00+00:00,1644883200000,0.2106,0.2222,0.2093,0.221,62763659.0
2022-02-16 00:00:00+00:00,1644969600000,0.2209,0.2216,0.2134,0.2187,65459062.0
2022-02-17 00:00:00+00:00,1645056000000,0.2187,0.2263,0.2007,0.2022,101877225.0
2022-02-18 00:00:00+00:00,1645142400000,0.2022,0.2088,0.1953,0.2006,81972995.0
2022-02-19 00:00:00+00:00,1645228800000,0.2005,0.2112,0.1965,0.2041,99970620.0
2022-02-20 00:00:00+00:00,1645315200000,0.2041,0.206,0.1929,0.1945,91286786.0
2022-02-21 00:00:00+00:00,1645401600000,0.1946,0.2009,0.1762,0.178,136644089.0
2022-02-22 00:00:00+00:00,1645488000000,0.178,0.1869,0.1724,0.1857,94983281.0
2022-02-23 00:00:00+00:00,1645574400000,0.1856,0.1939,0.1813,0.1818,76836852.0
2022-02-24 00:00:00+00:00,1645660800000,0.1817,0.1863,0.1617,0.1824,236153044.8
2022-02-25 00:00:00+00:00,1645747200000,0.1822,0.1922,0.1779,0.1909,88064187.0
2022-02-26 00:00:00+00:00,1645833600000,0.1909,0.2036,0.1895,0.1928,85657670.0
2022-02-27 00:00:00+00:00,1645920000000,0.1928,0.1942,0.1784,0.181,74337602.0
2022-02-28 00:00:00+00:00,1646006400000,0.1809,0.1982,0.1772,0.1975,104170573.0
2022-03-01 00:00:00+00:00,1646092800000,0.1975,0.2029,0.1927,0.1989,113366527.0
2022-03-02 00:00:00+00:00,1646179200000,0.1988,0.1994,0.1912,0.1934,76076448.0
2022-03-03 00:00:00+00:00,1646265600000,0.1934,0.1952,0.1846,0.1879,70293950.0
2022-03-04 00:00:00+00:00,1646352000000,0.1879,0.1888,0.1735,0.176,89286304.0
2022-03-05 00:00:00+00:00,1646438400000,0.1759,0.1807,0.1714,0.1803,67612333.0
2022-03-06 00:00:00+00:00,1646524800000,0.1803,0.1815,0.172,0.1728,51582227.0
2022-03-07 00:00:00+00:00,1646611200000,0.1729,0.1786,0.1665,0.1697,83320961.0
2022-03-08 00:00:00+00:00,1646697600000,0.1696,0.1742,0.168,0.1732,81042472.0
2022-03-09 00:00:00+00:00,1646784000000,0.1732,0.1903,0.1722,0.1887,111162822.0
2022-03-10 00:00:00+00:00,1646870400000,0.1887,0.1917,0.1728,0.1786,98021007.0
2022-03-11 00:00:00+00:00,1646956800000,0.1787,0.1856,0.1726,0.1835,124812246.0
2022-03-12 00:00:00+00:00,1647043200000,0.1835,0.1903,0.1821,0.185,81819772.0
2022-03-13 00:00:00+00:00,1647129600000,0.185,0.1891,0.1756,0.1763,73926119.0
2022-03-14 00:00:00+00:00,1647216000000,0.1763,0.181,0.1733,0.18,65289255.0
2022-03-15 00:00:00+00:00,1647302400000,0.18,0.1838,0.1757,0.1827,57599775.0
2022-03-16 00:00:00+00:00,1647388800000,0.1826,0.1897,0.1805,0.1893,81666304.0
2022-03-17 00:00:00+00:00,1647475200000,0.1893,0.1915,0.185,0.1896,52169133.0
2022-03-18 00:00:00+00:00,1647561600000,0.1897,0.1937,0.185,0.1928,54919977.0
2022-03-19 00:00:00+00:00,1647648000000,0.1928,0.2007,0.1905,0.2003,51707421.0
2022-03-20 00:00:00+00:00,1647734400000,0.2003,0.2021,0.1917,0.1972,55386898.0
2022-03-21 00:00:00+00:00,1647820800000,0.1972,0.2042,0.1924,0.2038,68309720.0
2022-03-22 00:00:00+00:00,1647907200000,0.2037,0.2131,0.2014,0.2069,96216225.0
2022-03-23 00:00:00+00:00,1647993600000,0.2069,0.2116,0.2041,0.2094,73064131.0
2022-03-24 00:00:00+00:00,1648080000000,0.2095,0.2167,0.2064,0.2149,88331341.0
2022-03-25 00:00:00+00:00,1648166400000,0.2149,0.2206,0.2101,0.2112,101528533.0
2022-03-26 00:00:00+00:00,1648252800000,0.2112,0.2158,0.209,0.2157,41830366.0
2022-03-27 00:00:00+00:00,1648339200000,0.2157,0.2315,0.2144,0.2297,93631971.0
2022-03-28 00:00:00+00:00,1648425600000,0.2297,0.2412,0.2279,0.2298,162990916.0
2022-03-29 00:00:00+00:00,1648512000000,0.2296,0.2397,0.2286,0.2331,105823792.0
2022-03-30 00:00:00+00:00,1648598400000,0.2332,0.2375,0.2262,0.2347,104708039.0
2022-03-31 00:00:00+00:00,1648684800000,0.2347,0.2417,0.2261,0.2283,158407090.0
2022-04-01 00:00:00+00:00,1648771200000,0.2282,0.2328,0.221,0.2325,111618785.0
2022-04-02 00:00:00+00:00,1648857600000,0.2325,0.2404,0.2301,0.2331,88177287.0
2022-04-03 00:00:00+00:00,1648944000000,0.2331,0.2383,0.2302,0.237,58098619.0
2022-04-04 00:00:00+00:00,1649030400000,0.2371,0.2371,0.2265,0.2319,77806493.0
2022-04-05 00:00:00+00:00,1649116800000,0.2319,0.2341,0.2237,0.2248,62286265.0
2022-04-06 00:00:00+00:00,1649203200000,0.2248,0.2254,0.2021,0.2031,100822459.0
2022-04-07 00:00:00+00:00,1649289600000,0.2031,0.2146,0.2006,0.2126,56016188.0
2022-04-08 00:00:00+00:00,1649376000000,0.2126,0.2222,0.2001,0.2021,78044375.0
2022-04-09 00:00:00+00:00,1649462400000,0.2021,0.2061,0.2005,0.2049,40761883.0
2022-04-10 00:00:00+00:00,1649548800000,0.2049,0.2078,0.2,0.2004,34446897.0
2022-04-11 00:00:00+00:00,1649635200000,0.2004,0.2011,0.1854,0.1867,76538397.0
2022-04-12 00:00:00+00:00,1649721600000,0.1867,0.1939,0.1858,0.1925,53887432.0
2022-04-13 00:00:00+00:00,1649808000000,0.1925,0.1972,0.1906,0.1965,50021534.0
2022-04-14 00:00:00+00:00,1649894400000,0.1966,0.1998,0.1915,0.1939,46923874.0
2022-04-15 00:00:00+00:00,1649980800000,0.1938,0.2121,0.1926,0.2042,136169029.0
2022-04-16 00:00:00+00:00,1650067200000,0.2042,0.2078,0.2019,0.2053,44959833.0
2022-04-17 00:00:00+00:00,1650153600000,0.2053,0.207,0.1962,0.1965,44794179.0
2022-04-18 00:00:00+00:00,1650240000000,0.1965,0.2064,0.1894,0.2049,73292004.0
2022-04-19 00:00:00+00:00,1650326400000,0.205,0.206,0.2001,0.2039,60862730.0
2022-04-20 00:00:00+00:00,1650412800000,0.2038,0.2137,0.1994,0.2002,96206711.0
2022-04-21 00:00:00+00:00,1650499200000,0.2003,0.2042,0.1934,0.1966,100284874.0
2022-04-22 00:00:00+00:00,1650585600000,0.1965,0.1983,0.1938,0.1953,67355017.0
2022-04-23 00:00:00+00:00,1650672000000,0.1954,0.1975,0.1906,0.1914,46065661.0
2022-04-24 00:00:00+00:00,1650758400000,0.1914,0.194,0.189,0.1896,38041294.0
2022-04-25 00:00:00+00:00,1650844800000,0.1895,0.1935,0.1788,0.1922,77383192.0
2022-04-26 00:00:00+00:00,1650931200000,0.1921,0.1927,0.1776,0.1805,63889238.0
2022-04-27 00:00:00+00:00,1651017600000,0.1804,0.1869,0.1796,0.1842,56384837.0
2022-04-28 00:00:00+00:00,1651104000000,0.1843,0.1888,0.1826,0.1858,56954274.0
2022-04-29 00:00:00+00:00,1651190400000,0.1859,0.1881,0.176,0.1778,55243762.0
2022-04-30 00:00:00+00:00,1651276800000,0.1778,0.1815,0.1667,0.1689,57964974.0
2022-05-01 00:00:00+00:00,1651363200000,0.1688,0.177,0.1682,0.1757,50312644.0
2022-05-02 00:00:00+00:00,1651449600000,0.1756,0.1778,0.1704,0.1735,48517434.0
2022-05-03 00:00:00+00:00,1651536000000,0.1735,0.1773,0.1695,0.172,43147013.0
2022-05-04 00:00:00+00:00,1651622400000,0.172,0.185,0.1715,0.1847,64353572.0
2022-05-05 00:00:00+00:00,1651708800000,0.1847,0.1877,0.1667,0.1711,81215022.0
2022-05-06 00:00:00+00:00,1651795200000,0.171,0.1729,0.1635,0.1715,62417084.0
2022-05-07 00:00:00+00:00,1651881600000,0.1714,0.1735,0.1647,0.1675,62439111.0
2022-05-08 00:00:00+00:00,1651968000000,0.1674,0.1682,0.1594,0.1616,67967589.3
2022-05-09 00:00:00+00:00,1652054400000,0.1617,0.1651,0.1389,0.1406,152229822.0
2022-05-10 00:00:00+00:00,1652140800000,0.1406,0.1563,0.1362,0.1485,207677839.0
2022-05-11 00:00:00+00:00,1652227200000,0.1484,0.1512,0.1172,0.1264,279112679.6
2022-05-12 00:00:00+00:00,1652313600000,0.1263,0.131,0.1042,0.1206,297597932.9
2022-05-13 00:00:00+00:00,1652400000000,0.1206,0.1398,0.1199,0.1322,115837921.0
2022-05-14 00:00:00+00:00,1652486400000,0.1322,0.1405,0.1273,0.1382,93200492.0
2022-05-15 00:00:00+00:00,1652572800000,0.1382,0.1454,0.134,0.1453,59224520.0
2022-05-16 00:00:00+00:00,1652659200000,0.1451,0.1452,0.1337,0.1364,75923556.0
2022-05-17 00:00:00+00:00,1652745600000,0.1363,0.1423,0.1337,0.1418,68143545.0
2022-05-18 00:00:00+00:00,1652832000000,0.1417,0.1433,0.1273,0.1277,60860088.0
2022-05-19 00:00:00+00:00,1652918400000,0.1276,0.1338,0.1229,0.1306,70387052.0
2022-05-20 00:00:00+00:00,1653004800000,0.1306,0.1342,0.1244,0.1263,71738933.0
2022-05-21 00:00:00+00:00,1653091200000,0.1264,0.1314,0.1235,0.1308,47504859.0
2022-05-22 00:00:00+00:00,1653177600000,0.1307,0.1367,0.13,0.1355,46540383.0
2022-05-23 00:00:00+00:00,1653264000000,0.1356,0.1385,0.1279,0.1288,66388745.0
2022-05-24 00:00:00+00:00,1653350400000,0.1288,0.1334,0.1242,0.1331,56514012.0
2022-05-25 00:00:00+00:00,1653436800000,0.133,0.1346,0.1283,0.1322,53400231.0
2022-05-26 00:00:00+00:00,1653523200000,0.1323,0.134,0.1207,0.1243,76884418.0
2022-05-27 00:00:00+00:00,1653609600000,0.1243,0.125,0.1185,0.1204,70297131.0
2022-05-28 00:00:00+00:00,1653696000000,0.1204,0.1238,0.1195,0.1227,36148148.0
2022-05-29 00:00:00+00:00,1653782400000,0.1227,0.1315,0.1217,0.1311,47777359.0
2022-05-30 00:00:00+00:00,1653868800000,0.131,0.1439,0.1308,0.1435,87179194.0
2022-05-31 00:00:00+00:00,1653955200000,0.1435,0.1541,0.141,0.1507,113586120.0
2022-06-01 00:00:00+00:00,1654041600000,0.1505,0.1509,0.1331,0.137,85716160.0
2022-06-02 00:00:00+00:00,1654128000000,0.1371,0.1441,0.1349,0.143,70226911.0
2022-06-03 00:00:00+00:00,1654214400000,0.1431,0.151,0.1396,0.1461,114301632.0
2022-06-04 00:00:00+00:00,1654300800000,0.1461,0.1476,0.1405,0.1436,87926837.0
2022-06-05 00:00:00+00:00,1654387200000,0.1434,0.1477,0.1411,0.1435,58529048.0
2022-06-06 00:00:00+00:00,1654473600000,0.1434,0.1506,0.1422,0.145,73854546.0
2022-06-07 00:00:00+00:00,1654560000000,0.145,0.1455,0.1342,0.1404,82274060.0
2022-06-08 00:00:00+00:00,1654646400000,0.1404,0.1439,0.136,0.1401,81984398.0
2022-06-09 00:00:00+00:00,1654732800000,0.1401,0.1426,0.1383,0.1398,44355259.0
2022-06-10 00:00:00+00:00,1654819200000,0.1399,0.1411,0.1317,0.1331,78780456.0
2022-06-11 00:00:00+00:00,1654905600000,0.133,0.1357,0.1225,0.1253,76868399.0
2022-06-12 00:00:00+00:00,1654992000000,0.1253,0.127,0.1174,0.1185,82459612.0
2022-06-13 00:00:00+00:00,1655078400000,0.1184,0.1192,0.1035,0.1068,203695522.0
2022-06-14 00:00:00+00:00,1655164800000,0.1068,0.1153,0.1001,0.1127,171588224.0
2022-06-15 00:00:00+00:00,1655251200000,0.1127,0.1224,0.1039,0.1212,189939552.0
2022-06-16 00:00:00+00:00,1655337600000,0.1212,0.1231,0.1067,0.1091,101083526.0
2022-06-17 00:00:00+00:00,1655424000000,0.1093,0.1166,0.1069,0.1119,82840535.0
2022-06-18 00:00:00+00:00,1655510400000,0.1118,0.1135,0.1001,0.1077,116752264.0
2022-06-19 00:00:00+00:00,1655596800000,0.1077,0.1166,0.1042,0.1148,142189740.0
2022-06-20 00:00:00+00:00,1655683200000,0.1148,0.118,0.11,0.1131,91130643.0
2022-06-21 00:00:00+00:00,1655769600000,0.113,0.1193,0.1115,0.1145,97186699.0
2022-06-22 00:00:00+00:00,1655856000000,0.1146,0.1157,0.1093,0.1129,74521292.0
2022-06-23 00:00:00+00:00,1655942400000,0.1129,0.1192,0.1125,0.118,78531792.0
2022-06-24 00:00:00+00:00,1656028800000,0.118,0.1305,0.1179,0.1278,96557737.0
2022-06-25 00:00:00+00:00,1656115200000,0.1277,0.1301,0.1227,0.1268,50713308.0
2022-06-26 00:00:00+00:00,1656201600000,0.1269,0.1283,0.1198,0.1203,56954866.0
2022-06-27 00:00:00+00:00,1656288000000,0.1202,0.1243,0.1164,0.1191,60159018.0
2022-06-28 00:00:00+00:00,1656374400000,0.1191,0.1213,0.1137,0.1143,66245216.0
2022-06-29 00:00:00+00:00,1656460800000,0.1144,0.1156,0.1071,0.1101,87792514.0
2022-06-30 00:00:00+00:00,1656547200000,0.1101,0.1125,0.103,0.1123,86503540.0
2022-07-01 00:00:00+00:00,1656633600000,0.1123,0.1154,0.1077,0.1101,71174868.0
2022-07-02 00:00:00+00:00,1656720000000,0.1101,0.111,0.1053,0.1086,67602629.0
2022-07-03 00:00:00+00:00,1656806400000,0.1086,0.1112,0.1059,0.1091,47741739.0
2022-07-04 00:00:00+00:00,1656892800000,0.1091,0.1114,0.1064,0.1113,47320272.0
2022-07-05 00:00:00+00:00,1656979200000,0.1112,0.1116,0.1044,0.108,65455013.0
2022-07-06 00:00:00+00:00,1657065600000,0.108,0.1104,0.1066,0.1094,51931319.0
2022-07-07 00:00:00+00:00,1657152000000,0.1093,0.1155,0.109,0.1137,56395326.0
2022-07-08 00:00:00+00:00,1657238400000,0.1137,0.1184,0.1117,0.1131,71656922.0
2022-07-09 00:00:00+00:00,1657324800000,0.113,0.1151,0.1119,0.1127,46234887.0
2022-07-10 00:00:00+00:00,1657411200000,0.1126,0.1129,0.1056,0.1075,67723938.0
2022-07-11 00:00:00+00:00,1657497600000,0.1075,0.108,0.101,0.1013,58728489.0
2022-07-12 00:00:00+00:00,1657584000000,0.1014,0.1035,0.1002,0.1003,53257920.0
2022-07-13 00:00:00+00:00,1657670400000,0.1003,0.1058,0.099,0.1054,89666316.0
2022-07-14 00:00:00+00:00,1657756800000,0.1054,0.1073,0.1018,0.1072,53596611.0
2022-07-15 00:00:00+00:00,1657843200000,0.1071,0.1088,0.1053,0.1073,63072973.0
2022-07-16 00:00:00+00:00,1657929600000,0.1074,0.1103,0.1052,0.1096,61599000.0
2022-07-17 00:00:00+00:00,1658016000000,0.1096,0.1112,0.1061,0.1066,65045395.0
2022-07-18 00:00:00+00:00,1658102400000,0.1066,0.1163,0.1064,0.1142,107817753.0
2022-07-19 00:00:00+00:00,1658188800000,0.1142,0.12,0.1108,0.1185,111798401.0
2022-07-20 00:00:00+00:00,1658275200000,0.1185,0.1209,0.1108,0.112,95955708.0
2022-07-21 00:00:00+00:00,1658361600000,0.112,0.1141,0.1093,0.1136,63972875.0
2022-07-22 00:00:00+00:00,1658448000000,0.1136,0.116,0.1104,0.1119,70163429.0
2022-07-23 00:00:00+00:00,1658534400000,0.1119,0.1137,0.1091,0.1116,47774933.0
2022-07-24 00:00:00+00:00,1658620800000,0.1115,0.1155,0.1115,0.1132,43495657.0
2022-07-25 00:00:00+00:00,1658707200000,0.1132,0.1139,0.1055,0.1058,69141879.0
2022-07-26 00:00:00+00:00,1658793600000,0.1057,0.1059,0.1023,0.1056,54706898.0
2022-07-27 00:00:00+00:00,1658880000000,0.1057,0.1128,0.1034,0.1126,69115245.0
2022-07-28 00:00:00+00:00,1658966400000,0.1126,0.1182,0.1099,0.1167,77400297.0
2022-07-29 00:00:00+00:00,1659052800000,0.1167,0.1198,0.1141,0.1177,76715327.0
2022-07-30 00:00:00+00:00,1659139200000,0.1178,0.1253,0.1162,0.1196,115660077.0
2022-07-31 00:00:00+00:00,1659225600000,0.1196,0.1229,0.1167,0.1176,62280596.0
2022-08-01 00:00:00+00:00,1659312000000,0.1176,0.1203,0.1167,0.1182,63347835.0
2022-08-02 00:00:00+00:00,1659398400000,0.1183,0.1206,0.1134,0.1151,78481775.0
2022-08-03 00:00:00+00:00,1659484800000,0.115,0.1173,0.1129,0.1142,46028187.0
2022-08-04 00:00:00+00:00,1659571200000,0.1141,0.1165,0.1125,0.1139,44133654.0
2022-08-05 00:00:00+00:00,1659657600000,0.1139,0.1186,0.1136,0.1185,51305847.0
2022-08-06 00:00:00+00:00,1659744000000,0.1186,0.1231,0.1181,0.1217,48391777.0
2022-08-07 00:00:00+00:00,1659830400000,0.1217,0.125,0.1198,0.1239,69810884.0
2022-08-08 00:00:00+00:00,1659916800000,0.1239,0.1387,0.1234,0.1301,202984486.0
2022-08-09 00:00:00+00:00,1660003200000,0.1301,0.1305,0.1206,0.1221,74340371.0
2022-08-10 00:00:00+00:00,1660089600000,0.122,0.1261,0.1193,0.126,65504328.0
2022-08-11 00:00:00+00:00,1660176000000,0.126,0.1274,0.1244,0.1253,61658392.0
2022-08-12 00:00:00+00:00,1660262400000,0.1252,0.1266,0.1232,0.1264,39057459.0
2022-08-13 00:00:00+00:00,1660348800000,0.1263,0.1285,0.1257,0.1268,37542093.0
2022-08-14 00:00:00+00:00,1660435200000,0.1267,0.1298,0.1242,0.1257,47875103.0
2022-08-15 00:00:00+00:00,1660521600000,0.1256,0.1287,0.1216,0.1235,46871312.0
2022-08-16 00:00:00+00:00,1660608000000,0.1234,0.1244,0.1209,0.1219,44839048.0
2022-08-17 00:00:00+00:00,1660694400000,0.1219,0.1275,0.1194,0.1213,69858469.0
2022-08-18 00:00:00+00:00,1660780800000,0.1213,0.1218,0.1156,0.1159,37921476.0
2022-08-19 00:00:00+00:00,1660867200000,0.1159,0.1166,0.1067,0.1081,93870303.0
2022-08-20 00:00:00+00:00,1660953600000,0.1081,0.1105,0.1071,0.109,46052745.0
2022-08-21 00:00:00+00:00,1661040000000,0.1091,0.1123,0.1078,0.111,34386768.0
2022-08-22 00:00:00+00:00,1661126400000,0.1109,0.1111,0.1061,0.1095,39648104.0
2022-08-23 00:00:00+00:00,1661212800000,0.1095,0.1113,0.1072,0.1107,47744661.0
2022-08-24 00:00:00+00:00,1661299200000,0.1107,0.1111,0.1082,0.1094,37042997.0
2022-08-25 00:00:00+00:00,1661385600000,0.1095,0.1111,0.1089,0.1104,31334861.0
2022-08-26 00:00:00+00:00,1661472000000,0.1104,0.1144,0.1026,0.1039,87897360.0
2022-08-27 00:00:00+00:00,1661558400000,0.1038,0.1059,0.1024,0.1056,38846559.0
2022-08-28 00:00:00+00:00,1661644800000,0.1055,0.1096,0.1019,0.1027,61632030.0
2022-08-29 00:00:00+00:00,1661731200000,0.1027,0.1061,0.101,0.1059,49390596.0
2022-08-30 00:00:00+00:00,1661817600000,0.106,0.1068,0.1004,0.1024,74319722.0
2022-08-31 00:00:00+00:00,1661904000000,0.1024,0.1056,0.1021,0.1043,35617122.0
2022-09-01 00:00:00+00:00,1661990400000,0.1044,0.1055,0.1019,0.105,43243421.0
2022-09-02 00:00:00+00:00,1662076800000,0.1051,0.1063,0.1027,0.1046,38309078.0
2022-09-03 00:00:00+00:00,1662163200000,0.1046,0.1058,0.1037,0.1053,23104654.0
2022-09-04 00:00:00+00:00,1662249600000,0.1053,0.109,0.1048,0.1064,33282331.0
2022-09-05 00:00:00+00:00,1662336000000,0.1063,0.1069,0.1034,0.1051,30968621.0
2022-09-06 00:00:00+00:00,1662422400000,0.1051,0.1076,0.0991,0.0997,73396387.0
2022-09-07 00:00:00+00:00,1662508800000,0.0998,0.1093,0.0983,0.103,66719927.0
2022-09-08 00:00:00+00:00,1662595200000,0.103,0.1046,0.1006,0.1044,53879691.0
2022-09-09 00:00:00+00:00,1662681600000,0.1044,0.1145,0.1041,0.1144,76661353.0
2022-09-10 00:00:00+00:00,1662768000000,0.1144,0.116,0.1086,0.1147,58840000.0
2022-09-11 00:00:00+00:00,1662854400000,0.1147,0.1165,0.1128,0.1144,40198472.0
2022-09-12 00:00:00+00:00,1662940800000,0.1144,0.1165,0.1118,0.1139,61374591.0
2022-09-13 00:00:00+00:00,1663027200000,0.1138,0.114,0.1043,0.1045,91722068.0
2022-09-14 00:00:00+00:00,1663113600000,0.1046,0.1057,0.1026,0.1052,53364972.0
2022-09-15 00:00:00+00:00,1663200000000,0.1051,0.106,0.1014,0.1022,83626938.0
2022-09-16 00:00:00+00:00,1663286400000,0.1022,0.1076,0.1013,0.1071,49291975.0
2022-09-17 00:00:00+00:00,1663372800000,0.1072,0.1142,0.1058,0.1133,63987439.0
2022-09-18 00:00:00+00:00,1663459200000,0.1134,0.1158,0.1064,0.1069,153616275.0
2022-09-19 00:00:00+00:00,1663545600000,0.107,0.1139,0.1034,0.1116,107250160.0
2022-09-20 00:00:00+00:00,1663632000000,0.1117,0.1194,0.1102,0.1172,181757046.0
2022-09-21 00:00:00+00:00,1663718400000,0.1172,0.1187,0.1091,0.1105,153603662.0
2022-09-22 00:00:00+00:00,1663804800000,0.1105,0.1249,0.1103,0.123,165803381.0
2022-09-23 00:00:00+00:00,1663891200000,0.1229,0.133,0.1168,0.1232,294535326.0
2022-09-24 00:00:00+00:00,1663977600000,0.1231,0.1271,0.1175,0.1179,116432131.0
2022-09-25 00:00:00+00:00,1664064000000,0.1179,0.1234,0.1158,0.1173,85873513.0
2022-09-26 00:00:00+00:00,1664150400000,0.1173,0.1182,0.1123,0.1138,71144849.0
2022-09-27 00:00:00+00:00,1664236800000,0.1138,0.117,0.1094,0.1102,96833286.0
2022-09-28 00:00:00+00:00,1664323200000,0.1101,0.1109,0.1067,0.1083,87841279.0
2022-09-29 00:00:00+00:00,1664409600000,0.1082,0.1199,0.1066,0.1154,135146037.0
2022-09-30 00:00:00+00:00,1664496000000,0.1155,0.1173,0.1127,0.1146,115565591.0
2022-10-01 00:00:00+00:00,1664582400000,0.1146,0.1225,0.1141,0.1215,176171195.0
2022-10-02 00:00:00+00:00,1664668800000,0.1214,0.1232,0.1175,0.1185,114338365.0
2022-10-03 00:00:00+00:00,1664755200000,0.1185,0.1205,0.1134,0.1168,97710145.0
2022-10-04 00:00:00+00:00,1664841600000,0.1167,0.1222,0.1154,0.1191,110524119.0
2022-10-05 00:00:00+00:00,1664928000000,0.1192,0.1206,0.1168,0.1189,79770334.0
2022-10-06 00:00:00+00:00,1665014400000,0.1189,0.1215,0.1183,0.1195,87024846.0
2022-10-07 00:00:00+00:00,1665100800000,0.1195,0.124,0.1166,0.1222,104300773.0
2022-10-08 00:00:00+00:00,1665187200000,0.1223,0.128,0.1218,0.1261,149877935.0
2022-10-09 00:00:00+00:00,1665273600000,0.1262,0.1297,0.1246,0.1287,87010703.0
2022-10-10 00:00:00+00:00,1665360000000,0.1287,0.1293,0.1233,0.1236,99809868.0
2022-10-11 00:00:00+00:00,1665446400000,0.1235,0.1246,0.1153,0.1161,128552466.0
2022-10-12 00:00:00+00:00,1665532800000,0.116,0.1168,0.1147,0.1164,56100050.0
2022-10-13 00:00:00+00:00,1665619200000,0.1164,0.1165,0.1068,0.1121,132062347.0
2022-10-14 00:00:00+00:00,1665705600000,0.112,0.1166,0.1111,0.1125,71564754.0
2022-10-15 00:00:00+00:00,1665792000000,0.1125,0.1143,0.1111,0.112,40587094.0
2022-10-16 00:00:00+00:00,1665878400000,0.1119,0.1145,0.1118,0.1135,35868084.0
2022-10-17 00:00:00+00:00,1665964800000,0.1134,0.1152,0.1121,0.1142,36247517.0
2022-10-18 00:00:00+00:00,1666051200000,0.1142,0.1146,0.1101,0.1124,52158165.0
2022-10-19 00:00:00+00:00,1666137600000,0.1123,0.1134,0.1101,0.1108,46687252.0
2022-10-20 00:00:00+00:00,1666224000000,0.1108,0.1133,0.109,0.11,53401437.0
2022-10-21 00:00:00+00:00,1666310400000,0.11,0.111,0.107,0.111,54691740.0
2022-10-22 00:00:00+00:00,1666396800000,0.1109,0.1116,0.11,0.1113,21697870.0
2022-10-23 00:00:00+00:00,1666483200000,0.1113,0.1123,0.1089,0.112,31225009.0
2022-10-24 00:00:00+00:00,1666569600000,0.112,0.1123,0.109,0.1103,44626139.0
2022-10-25 00:00:00+00:00,1666656000000,0.1102,0.1135,0.1091,0.1117,69773807.0
2022-10-26 00:00:00+00:00,1666742400000,0.1117,0.114,0.1114,0.1134,59503929.0
2022-10-27 00:00:00+00:00,1666828800000,0.1135,0.1156,0.1104,0.1109,74831848.0
2022-10-28 00:00:00+00:00,1666915200000,0.1109,0.1134,0.1092,0.1126,57022411.0
2022-10-29 00:00:00+00:00,1667001600000,0.1127,0.1154,0.1116,0.1135,98474264.0
2022-10-30 00:00:00+00:00,1667088000000,0.1136,0.115,0.1104,0.1112,66108779.0
2022-10-31 00:00:00+00:00,1667174400000,0.1111,0.1124,0.1094,0.1113,54396249.0
2022-11-01 00:00:00+00:00,1667260800000,0.1112,0.1121,0.109,0.1099,56432635.0
2022-11-02 00:00:00+00:00,1667347200000,0.11,0.1108,0.1058,0.1075,69513624.0
2022-11-03 00:00:00+00:00,1667433600000,0.1076,0.1104,0.1073,0.1088,40648075.0
2022-11-04 00:00:00+00:00,1667520000000,0.1088,0.1164,0.1082,0.1156,114200346.0
2022-11-05 00:00:00+00:00,1667606400000,0.1155,0.1166,0.1122,0.1136,64332959.0
2022-11-06 00:00:00+00:00,1667692800000,0.1136,0.1143,0.1088,0.109,47807497.0
2022-11-07 00:00:00+00:00,1667779200000,0.109,0.1109,0.1077,0.1097,52047197.0
2022-11-08 00:00:00+00:00,1667865600000,0.1096,0.1107,0.092,0.0988,199532095.0
2022-11-09 00:00:00+00:00,1667952000000,0.0988,0.0999,0.079,0.0831,227084434.0
2022-11-10 00:00:00+00:00,1668038400000,0.0832,0.1012,0.082,0.0972,213904047.0
2022-11-11 00:00:00+00:00,1668124800000,0.0971,0.0987,0.092,0.0953,104309999.0
2022-11-12 00:00:00+00:00,1668211200000,0.0953,0.0956,0.0901,0.0911,102215056.0
2022-11-13 00:00:00+00:00,1668297600000,0.0911,0.0927,0.0867,0.0882,69598193.0
2022-11-14 00:00:00+00:00,1668384000000,0.0881,0.0913,0.0832,0.0913,123220976.0
2022-11-15 00:00:00+00:00,1668470400000,0.0913,0.0947,0.0904,0.0925,68312821.0
2022-11-16 00:00:00+00:00,1668556800000,0.0925,0.0935,0.0886,0.0898,64688862.0
2022-11-17 00:00:00+00:00,1668643200000,0.0898,0.0913,0.0887,0.0904,64384663.0
2022-11-18 00:00:00+00:00,1668729600000,0.0904,0.0915,0.0882,0.0892,43566822.0
2022-11-19 00:00:00+00:00,1668816000000,0.0892,0.0911,0.088,0.0905,30171018.0
2022-11-20 00:00:00+00:00,1668902400000,0.0906,0.0917,0.0861,0.0865,48706919.0
2022-11-21 00:00:00+00:00,1668988800000,0.0865,0.0883,0.0824,0.0843,89193917.0
2022-11-22 00:00:00+00:00,1669075200000,0.0843,0.0873,0.0826,0.0871,62760684.0
2022-11-23 00:00:00+00:00,1669161600000,0.0872,0.0889,0.0866,0.0886,52017417.0
2022-11-24 00:00:00+00:00,1669248000000,0.0887,0.0907,0.0873,0.09,49367122.0
2022-11-25 00:00:00+00:00,1669334400000,0.09,0.091,0.0877,0.0892,52001929.0
2022-11-26 00:00:00+00:00,1669420800000,0.0892,0.0906,0.0873,0.0881,43387599.0
2022-11-27 00:00:00+00:00,1669507200000,0.088,0.0922,0.088,0.0902,84594653.0
2022-11-28 00:00:00+00:00,1669593600000,0.0902,0.091,0.0851,0.0873,88120498.0
2022-11-29 00:00:00+00:00,1669680000000,0.0872,0.0895,0.0865,0.0885,33805218.0
2022-11-30 00:00:00+00:00,1669766400000,0.0886,0.0906,0.0873,0.0899,54291039.0
2022-12-01 00:00:00+00:00,1669852800000,0.0899,0.0901,0.0871,0.0877,43134740.0
2022-12-02 00:00:00+00:00,1669939200000,0.0876,0.0882,0.0862,0.0881,43130322.0
2022-12-03 00:00:00+00:00,1670025600000,0.0881,0.0893,0.086,0.0863,49676176.0
2022-12-04 00:00:00+00:00,1670112000000,0.0863,0.0881,0.0861,0.0877,24363325.0
2022-12-05 00:00:00+00:00,1670198400000,0.0878,0.0888,0.0857,0.0869,36173357.0
2022-12-06 00:00:00+00:00,1670284800000,0.0869,0.0873,0.0851,0.086,35746669.0
2022-12-07 00:00:00+00:00,1670371200000,0.086,0.0862,0.0832,0.0842,42328352.0
2022-12-08 00:00:00+00:00,1670457600000,0.0842,0.0857,0.0835,0.0856,40606756.0
2022-12-09 00:00:00+00:00,1670544000000,0.0855,0.0861,0.084,0.0853,34286964.0
2022-12-10 00:00:00+00:00,1670630400000,0.0852,0.0859,0.0847,0.0853,20838540.0
2022-12-11 00:00:00+00:00,1670716800000,0.0852,0.0855,0.0833,0.0838,27968740.0
2022-12-12 00:00:00+00:00,1670803200000,0.0838,0.0847,0.0817,0.0843,49766562.0
2022-12-13 00:00:00+00:00,1670889600000,0.0843,0.085,0.0812,0.084,87326980.0
2022-12-14 00:00:00+00:00,1670976000000,0.0841,0.0847,0.0818,0.083,50252734.0
2022-12-15 00:00:00+00:00,1671062400000,0.083,0.0852,0.0811,0.0819,96365994.0
2022-12-16 00:00:00+00:00,1671148800000,0.082,0.0824,0.0741,0.0743,74565643.0
2022-12-17 00:00:00+00:00,1671235200000,0.0742,0.076,0.0725,0.0757,46222592.0
2022-12-18 00:00:00+00:00,1671321600000,0.0758,0.0771,0.0754,0.0764,20283662.0
2022-12-19 00:00:00+00:00,1671408000000,0.0765,0.0773,0.0728,0.0732,43076391.0
2022-12-20 00:00:00+00:00,1671494400000,0.0732,0.0762,0.073,0.076,52488826.0
2022-12-21 00:00:00+00:00,1671580800000,0.0759,0.076,0.0739,0.0752,29510725.0
2022-12-22 00:00:00+00:00,1671667200000,0.0752,0.0759,0.0738,0.0758,21953508.0
2022-12-23 00:00:00+00:00,1671753600000,0.0758,0.0764,0.0752,0.0754,27128063.0
2022-12-24 00:00:00+00:00,1671840000000,0.0754,0.0757,0.074,0.0743,19548692.0
2022-12-25 00:00:00+00:00,1671926400000,0.0743,0.0745,0.0728,0.0739,16744998.0
2022-12-26 00:00:00+00:00,1672012800000,0.0738,0.0754,0.0736,0.0753,19395115.0
2022-12-27 00:00:00+00:00,1672099200000,0.0752,0.0755,0.0736,0.0741,29391065.0
2022-12-28 00:00:00+00:00,1672185600000,0.0742,0.0746,0.0712,0.0717,43067406.6
2022-12-29 00:00:00+00:00,1672272000000,0.0718,0.0726,0.0702,0.072,40368817.0
2022-12-30 00:00:00+00:00,1672358400000,0.0721,0.0725,0.0708,0.0724,28990345.0
2022-12-31 00:00:00+00:00,1672444800000,0.0724,0.0724,0.0709,0.071,17750848.0
2023-01-01 00:00:00+00:00,1672531200000,0.0711,0.0728,0.0706,0.0726,18054047.0
2023-01-02 00:00:00+00:00,1672617600000,0.0726,0.0745,0.0709,0.0737,38532738.0
2023-01-03 00:00:00+00:00,1672704000000,0.0737,0.0745,0.0728,0.0736,27173678.0
2023-01-04 00:00:00+00:00,1672790400000,0.0737,0.0746,0.0726,0.0738,39990376.0
2023-01-05 00:00:00+00:00,1672876800000,0.0738,0.0743,0.0724,0.0729,34722167.0
2023-01-06 00:00:00+00:00,1672963200000,0.073,0.0755,0.0718,0.0751,42782767.0
2023-01-07 00:00:00+00:00,1673049600000,0.075,0.076,0.0745,0.0756,25569058.0
2023-01-08 00:00:00+00:00,1673136000000,0.0757,0.0776,0.0745,0.0773,38543352.0
2023-01-09 00:00:00+00:00,1673222400000,0.0772,0.0809,0.0772,0.0794,65337291.0
2023-01-10 00:00:00+00:00,1673308800000,0.0793,0.0803,0.0781,0.0796,50915618.0
2023-01-11 00:00:00+00:00,1673395200000,0.0795,0.0819,0.0782,0.0814,88550035.0
2023-01-12 00:00:00+00:00,1673481600000,0.0814,0.0826,0.0785,0.0816,70018225.0
2023-01-13 00:00:00+00:00,1673568000000,0.0816,0.0852,0.0805,0.0846,75393237.0
2023-01-14 00:00:00+00:00,1673654400000,0.0846,0.0906,0.0845,0.0873,99415513.0
2023-01-15 00:00:00+00:00,1673740800000,0.0874,0.0884,0.0848,0.088,58552034.0
2023-01-16 00:00:00+00:00,1673827200000,0.0879,0.0906,0.0861,0.0878,64711151.0
2023-01-17 00:00:00+00:00,1673913600000,0.0878,0.0884,0.0861,0.0862,40537963.0
2023-01-18 00:00:00+00:00,1674000000000,0.0862,0.0891,0.0818,0.0824,80440109.0
2023-01-19 00:00:00+00:00,1674086400000,0.0824,0.0846,0.0819,0.0844,39750645.0
2023-01-20 00:00:00+00:00,1674172800000,0.0844,0.0891,0.0832,0.0889,66947855.0
2023-01-21 00:00:00+00:00,1674259200000,0.0889,0.0932,0.0875,0.0904,97809179.0
2023-01-22 00:00:00+00:00,1674345600000,0.0904,0.0937,0.0894,0.091,79058113.0
2023-01-23 00:00:00+00:00,1674432000000,0.0909,0.0959,0.0908,0.0946,84871022.0
2023-01-24 00:00:00+00:00,1674518400000,0.0945,0.0962,0.0897,0.0904,71149622.0
2023-01-25 00:00:00+00:00,1674604800000,0.0904,0.094,0.0886,0.0924,60763169.0
2023-01-26 00:00:00+00:00,1674691200000,0.0923,0.0931,0.0902,0.092,50221722.0
2023-01-27 00:00:00+00:00,1674777600000,0.0919,0.0932,0.0897,0.0926,44726095.0
2023-01-28 00:00:00+00:00,1674864000000,0.0926,0.0942,0.0916,0.0928,40315770.0
2023-01-29 00:00:00+00:00,1674950400000,0.0927,0.0946,0.0922,0.0944,49341424.0
2023-01-30 00:00:00+00:00,1675036800000,0.0945,0.0949,0.0881,0.0899,67954397.0
2023-01-31 00:00:00+00:00,1675123200000,0.09,0.0917,0.0891,0.0906,51280399.0
2023-02-01 00:00:00+00:00,1675209600000,0.0907,0.0926,0.0873,0.0923,70789963.0
2023-02-02 00:00:00+00:00,1675296000000,0.0924,0.0946,0.0908,0.0918,68138147.0
2023-02-03 00:00:00+00:00,1675382400000,0.0919,0.0933,0.0912,0.093,49778034.0
2023-02-04 00:00:00+00:00,1675468800000,0.093,0.0941,0.0921,0.0929,33474512.0
2023-02-05 00:00:00+00:00,1675555200000,0.0928,0.0939,0.0896,0.0909,58480856.0
2023-02-06 00:00:00+00:00,1675641600000,0.0909,0.0918,0.0886,0.0889,45769396.0
2023-02-07 00:00:00+00:00,1675728000000,0.0888,0.0922,0.0886,0.092,62450034.0
2023-02-08 00:00:00+00:00,1675814400000,0.092,0.0934,0.0895,0.091,67241105.0
2023-02-09 00:00:00+00:00,1675900800000,0.091,0.0914,0.0842,0.0857,93750226.0
2023-02-10 00:00:00+00:00,1675987200000,0.0856,0.087,0.0847,0.0857,49727163.0
2023-02-11 00:00:00+00:00,1676073600000,0.0856,0.0868,0.0851,0.0862,28282784.0
2023-02-12 00:00:00+00:00,1676160000000,0.0862,0.0872,0.0841,0.0851,34036235.0
2023-02-13 00:00:00+00:00,1676246400000,0.0851,0.0857,0.0817,0.085,74189233.0
2023-02-14 00:00:00+00:00,1676332800000,0.085,0.086,0.0825,0.086,55354496.0
2023-02-15 00:00:00+00:00,1676419200000,0.086,0.0903,0.0835,0.0902,69365488.0
2023-02-16 00:00:00+00:00,1676505600000,0.0903,0.0912,0.0863,0.0863,85338882.0
2023-02-17 00:00:00+00:00,1676592000000,0.0863,0.091,0.0859,0.0908,64216936.0
2023-02-18 00:00:00+00:00,1676678400000,0.0907,0.0933,0.0896,0.0918,78495138.0
2023-02-19 00:00:00+00:00,1676764800000,0.0918,0.0936,0.0898,0.0905,71577484.0
2023-02-20 00:00:00+00:00,1676851200000,0.0906,0.095,0.0886,0.0945,78609226.0
2023-02-21 00:00:00+00:00,1676937600000,0.0944,0.0981,0.0934,0.0949,134840796.0
2023-02-22 00:00:00+00:00,1677024000000,0.0948,0.0951,0.0903,0.0924,74435851.0
2023-02-23 00:00:00+00:00,1677110400000,0.0924,0.0932,0.0901,0.091,44915843.0
2023-02-24 00:00:00+00:00,1677196800000,0.0909,0.0917,0.0876,0.0892,68922122.0
2023-02-25 00:00:00+00:00,1677283200000,0.0891,0.0896,0.0863,0.088,44921926.0
2023-02-26 00:00:00+00:00,1677369600000,0.0879,0.0891,0.0871,0.089,28339853.0
2023-02-27 00:00:00+00:00,1677456000000,0.089,0.0895,0.087,0.0883,46398574.0
2023-02-28 00:00:00+00:00,1677542400000,0.0883,0.0886,0.0857,0.0871,38041957.0
2023-03-01 00:00:00+00:00,1677628800000,0.0872,0.0887,0.0866,0.088,38806381.0
2023-03-02 00:00:00+00:00,1677715200000,0.0879,0.0883,0.0862,0.0875,34815330.0
2023-03-03 00:00:00+00:00,1677801600000,0.0876,0.0877,0.0824,0.0857,65698523.0
2023-03-04 00:00:00+00:00,1677888000000,0.0857,0.0859,0.0819,0.0837,29882055.0
2023-03-05 00:00:00+00:00,1677974400000,0.0837,0.0845,0.0823,0.0827,26627313.0
2023-03-06 00:00:00+00:00,1678060800000,0.0827,0.0836,0.0817,0.0835,28819347.0
2023-03-07 00:00:00+00:00,1678147200000,0.0834,0.0842,0.0816,0.0827,52826922.0
2023-03-08 00:00:00+00:00,1678233600000,0.0828,0.0846,0.0804,0.0816,81149933.0
2023-03-09 00:00:00+00:00,1678320000000,0.0817,0.0824,0.0758,0.0771,69404125.0
2023-03-10 00:00:00+00:00,1678406400000,0.0771,0.0785,0.0744,0.0781,57194293.0
2023-03-11 00:00:00+00:00,1678492800000,0.078,0.0794,0.0749,0.0788,61452617.0
2023-03-12 00:00:00+00:00,1678579200000,0.0788,0.0827,0.0781,0.0822,82217006.0
2023-03-13 00:00:00+00:00,1678665600000,0.0822,0.0853,0.0803,0.0844,99167168.0
2023-03-14 00:00:00+00:00,1678752000000,0.0845,0.0899,0.0832,0.0883,125909813.0
2023-03-15 00:00:00+00:00,1678838400000,0.0883,0.0888,0.0827,0.0837,82469768.0
2023-03-16 00:00:00+00:00,1678924800000,0.0837,0.0852,0.0832,0.0845,59160861.0
2023-03-17 00:00:00+00:00,1679011200000,0.0846,0.088,0.0837,0.0879,77400887.0
2023-03-18 00:00:00+00:00,1679097600000,0.0879,0.0887,0.0849,0.0856,65514360.0
2023-03-19 00:00:00+00:00,1679184000000,0.0856,0.089,0.0855,0.0877,73104843.0
2023-03-20 00:00:00+00:00,1679270400000,0.0877,0.0894,0.086,0.0863,68110422.0
2023-03-21 00:00:00+00:00,1679356800000,0.0863,0.0998,0.0854,0.0963,233825478.0
2023-03-22 00:00:00+00:00,1679443200000,0.0963,0.0971,0.0882,0.0908,145435515.0
2023-03-23 00:00:00+00:00,1679529600000,0.0909,0.0936,0.0897,0.0924,87913143.0
2023-03-24 00:00:00+00:00,1679616000000,0.0924,0.0927,0.087,0.0887,64193078.0
2023-03-25 00:00:00+00:00,1679702400000,0.0888,0.093,0.0884,0.0907,75690941.0
2023-03-26 00:00:00+00:00,1679788800000,0.0907,0.0925,0.0904,0.0918,41038470.0
2023-03-27 00:00:00+00:00,1679875200000,0.0918,0.0951,0.0895,0.0925,97089961.0
2023-03-28 00:00:00+00:00,1679961600000,0.0926,0.0982,0.0909,0.0977,143207289.0
2023-03-29 00:00:00+00:00,1680048000000,0.0977,0.1074,0.0977,0.1017,205036440.0
2023-03-30 00:00:00+00:00,1680134400000,0.1017,0.107,0.0996,0.1064,167622881.0
2023-03-31 00:00:00+00:00,1680220800000,0.1064,0.113,0.105,0.1122,193974332.0
2023-04-01 00:00:00+00:00,1680307200000,0.1121,0.1146,0.1074,0.1082,101951089.0
2023-04-02 00:00:00+00:00,1680393600000,0.1082,0.1111,0.1057,0.1066,79050866.0
2023-04-03 00:00:00+00:00,1680480000000,0.1067,0.1105,0.1048,0.1064,95700138.0
2023-04-04 00:00:00+00:00,1680566400000,0.1065,0.1071,0.1045,0.106,67015784.0
2023-04-05 00:00:00+00:00,1680652800000,0.106,0.1088,0.1051,0.1072,55647475.0
2023-04-06 00:00:00+00:00,1680739200000,0.1073,0.1074,0.1038,0.1058,43911364.0
2023-04-07 00:00:00+00:00,1680825600000,0.1058,0.1065,0.104,0.1065,38474541.0
2023-04-08 00:00:00+00:00,1680912000000,0.1064,0.1065,0.1038,0.1044,26155134.0
2023-04-09 00:00:00+00:00,1680998400000,0.1044,0.1055,0.1026,0.1048,33616147.0
2023-04-10 00:00:00+00:00,1681084800000,0.1047,0.1059,0.1024,0.1057,33090742.0
2023-04-11 00:00:00+00:00,1681171200000,0.1057,0.1074,0.1047,0.1051,50075381.0
2023-04-12 00:00:00+00:00,1681257600000,0.1052,0.1053,0.1023,0.1036,38721572.0
2023-04-13 00:00:00+00:00,1681344000000,0.1036,0.106,0.1031,0.1054,45713075.0
2023-04-14 00:00:00+00:00,1681430400000,0.1054,0.1097,0.1051,0.1069,85686788.0
2023-04-15 00:00:00+00:00,1681516800000,0.1069,0.1075,0.1057,0.1064,33972723.0
2023-04-16 00:00:00+00:00,1681603200000,0.1064,0.108,0.1053,0.1073,37284236.0
2023-04-17 00:00:00+00:00,1681689600000,0.1073,0.1076,0.1033,0.104,40441494.0
2023-04-18 00:00:00+00:00,1681776000000,0.1039,0.1063,0.1034,0.1057,44546648.0
2023-04-19 00:00:00+00:00,1681862400000,0.1057,0.1062,0.095,0.0976,83266790.0
2023-04-20 00:00:00+00:00,1681948800000,0.0976,0.0985,0.0943,0.0957,57049037.0
2023-04-21 00:00:00+00:00,1682035200000,0.0958,0.0967,0.0921,0.0929,50348139.0
2023-04-22 00:00:00+00:00,1682121600000,0.0929,0.0957,0.092,0.0955,32102108.0
2023-04-23 00:00:00+00:00,1682208000000,0.0955,0.0957,0.0925,0.0945,28339859.0
2023-04-24 00:00:00+00:00,1682294400000,0.0946,0.0962,0.0917,0.0934,48499442.0
2023-04-25 00:00:00+00:00,1682380800000,0.0934,0.0951,0.092,0.0949,35323647.0
2023-04-26 00:00:00+00:00,1682467200000,0.095,0.097,0.09,0.0936,65475791.0
2023-04-27 00:00:00+00:00,1682553600000,0.0935,0.095,0.0924,0.0943,38291799.0
2023-04-28 00:00:00+00:00,1682640000000,0.0943,0.0959,0.0934,0.0947,34465452.0
2023-04-29 00:00:00+00:00,1682726400000,0.0947,0.0959,0.0939,0.0958,21581648.0
2023-04-30 00:00:00+00:00,1682812800000,0.0959,0.096,0.094,0.0944,20944623.0
2023-05-01 00:00:00+00:00,1682899200000,0.0944,0.0947,0.0917,0.0926,29256674.0
2023-05-02 00:00:00+00:00,1682985600000,0.0926,0.0937,0.0918,0.0935,22161748.0
2023-05-03 00:00:00+00:00,1683072000000,0.0936,0.0939,0.0917,0.0935,25311740.0
2023-05-04 00:00:00+00:00,1683158400000,0.0935,0.0942,0.0927,0.0935,23059087.0
2023-05-05 00:00:00+00:00,1683244800000,0.0935,0.0945,0.092,0.0943,29675628.0
2023-05-06 00:00:00+00:00,1683331200000,0.0942,0.0947,0.0915,0.0924,33453054.0
2023-05-07 00:00:00+00:00,1683417600000,0.0924,0.0931,0.0916,0.0918,16155576.0
2023-05-08 00:00:00+00:00,1683504000000,0.0918,0.0923,0.0871,0.0894,57403889.0
2023-05-09 00:00:00+00:00,1683590400000,0.0894,0.0895,0.0882,0.089,26983438.0
2023-05-10 00:00:00+00:00,1683676800000,0.089,0.09,0.0866,0.089,40105965.0
2023-05-11 00:00:00+00:00,1683763200000,0.0891,0.09,0.0875,0.0894,36843358.0
2023-05-12 00:00:00+00:00,1683849600000,0.0895,0.0902,0.0872,0.089,43921394.0
2023-05-13 00:00:00+00:00,1683936000000,0.0891,0.0893,0.0881,0.0883,17695072.0
2023-05-14 00:00:00+00:00,1684022400000,0.0883,0.0888,0.0875,0.0887,28798874.0
2023-05-15 00:00:00+00:00,1684108800000,0.0887,0.0894,0.0879,0.088,29412723.0
2023-05-16 00:00:00+00:00,1684195200000,0.088,0.0887,0.0868,0.0879,32002882.0
2023-05-17 00:00:00+00:00,1684281600000,0.088,0.0891,0.0872,0.0888,36080270.0
2023-05-18 00:00:00+00:00,1684368000000,0.0887,0.0901,0.0874,0.0888,35581629.0
2023-05-19 00:00:00+00:00,1684454400000,0.0888,0.0896,0.0883,0.0892,24033235.0
2023-05-20 00:00:00+00:00,1684540800000,0.0892,0.0893,0.0881,0.0888,15759564.0
2023-05-21 00:00:00+00:00,1684627200000,0.0888,0.0892,0.0878,0.0881,18233195.0
2023-05-22 00:00:00+00:00,1684713600000,0.0881,0.0887,0.0872,0.0882,24628579.0
2023-05-23 00:00:00+00:00,1684800000000,0.0882,0.0891,0.0877,0.0883,23308673.0
2023-05-24 00:00:00+00:00,1684886400000,0.0882,0.0883,0.0855,0.0866,31687979.0
2023-05-25 00:00:00+00:00,1684972800000,0.0866,0.0872,0.0855,0.0872,22008186.0
2023-05-26 00:00:00+00:00,1685059200000,0.0871,0.0883,0.0867,0.0877,28298089.0
2023-05-27 00:00:00+00:00,1685145600000,0.0877,0.0884,0.0873,0.0882,19510016.0
2023-05-28 00:00:00+00:00,1685232000000,0.0882,0.089,0.0878,0.0887,28663402.0
2023-05-29 00:00:00+00:00,1685318400000,0.0886,0.0896,0.0883,0.0892,31357928.0
2023-05-30 00:00:00+00:00,1685404800000,0.0892,0.0912,0.0887,0.0908,78712817.0
2023-05-31 00:00:00+00:00,1685491200000,0.0908,0.0931,0.0894,0.0925,61886573.0
2023-06-01 00:00:00+00:00,1685577600000,0.0926,0.0928,0.0907,0.0911,45718274.0
2023-06-02 00:00:00+00:00,1685664000000,0.0912,0.0924,0.0906,0.0919,25576504.0
2023-06-03 00:00:00+00:00,1685750400000,0.092,0.0935,0.0915,0.0919,25330317.0
2023-06-04 00:00:00+00:00,1685836800000,0.0919,0.0929,0.0911,0.0913,30981362.0
2023-06-05 00:00:00+00:00,1685923200000,0.0914,0.0919,0.0849,0.0879,67418777.0
2023-06-06 00:00:00+00:00,1686009600000,0.0878,0.0899,0.0866,0.0898,40210573.0
2023-06-07 00:00:00+00:00,1686096000000,0.0898,0.09,0.0867,0.0873,35446314.0
2023-06-08 00:00:00+00:00,1686182400000,0.0874,0.0885,0.0867,0.0871,29624502.0
2023-06-09 00:00:00+00:00,1686268800000,0.087,0.0891,0.0865,0.0889,29635775.0
2023-06-10 00:00:00+00:00,1686355200000,0.089,0.0891,0.0777,0.0821,113064386.0
2023-06-11 00:00:00+00:00,1686441600000,0.0821,0.0847,0.081,0.0835,38240305.0
2023-06-12 00:00:00+00:00,1686528000000,0.0836,0.0837,0.0817,0.083,34619476.0
2023-06-13 00:00:00+00:00,1686614400000,0.0831,0.0864,0.0823,0.0825,49956142.0
2023-06-14 00:00:00+00:00,1686700800000,0.0826,0.083,0.0775,0.0792,42410797.0
2023-06-15 00:00:00+00:00,1686787200000,0.0793,0.0796,0.0752,0.0764,74097122.0
2023-06-16 00:00:00+00:00,1686873600000,0.0764,0.0789,0.076,0.0775,44689528.0
2023-06-17 00:00:00+00:00,1686960000000,0.0775,0.0806,0.0769,0.0797,29531750.0
2023-06-18 00:00:00+00:00,1687046400000,0.0797,0.081,0.0791,0.0795,27780907.0
2023-06-19 00:00:00+00:00,1687132800000,0.0796,0.0806,0.0789,0.08,23138226.0
2023-06-20 00:00:00+00:00,1687219200000,0.0801,0.0833,0.0782,0.0827,38186238.0
2023-06-21 00:00:00+00:00,1687305600000,0.0828,0.0875,0.0821,0.0868,64042136.0
2023-06-22 00:00:00+00:00,1687392000000,0.0867,0.0894,0.0856,0.0867,58491918.0
2023-06-23 00:00:00+00:00,1687478400000,0.0867,0.0901,0.0867,0.0895,49236446.0
2023-06-24 00:00:00+00:00,1687564800000,0.0895,0.0916,0.0886,0.0904,43470108.0
2023-06-25 00:00:00+00:00,1687651200000,0.0904,0.0925,0.0902,0.0916,38184639.0
2023-06-26 00:00:00+00:00,1687737600000,0.0915,0.0928,0.0905,0.0921,39267922.0
2023-06-27 00:00:00+00:00,1687824000000,0.0922,0.1034,0.092,0.1028,156815350.0
2023-06-28 00:00:00+00:00,1687910400000,0.1027,0.106,0.0988,0.1004,258487653.0
2023-06-29 00:00:00+00:00,1687996800000,0.1005,0.1048,0.1003,0.1021,82989206.0
2023-06-30 00:00:00+00:00,1688083200000,0.1022,0.1181,0.1013,0.1107,264487107.0
2023-07-01 00:00:00+00:00,1688169600000,0.1107,0.1117,0.1056,0.1075,71094263.0
2023-07-02 00:00:00+00:00,1688256000000,0.1075,0.1081,0.1046,0.1073,54659748.0
2023-07-03 00:00:00+00:00,1688342400000,0.1074,0.1094,0.1048,0.1059,58007606.0
2023-07-04 00:00:00+00:00,1688428800000,0.1059,0.1065,0.1028,0.1033,38860176.0
2023-07-05 00:00:00+00:00,1688515200000,0.1034,0.1046,0.0994,0.1006,44578248.0
2023-07-06 00:00:00+00:00,1688601600000,0.1006,0.1023,0.0957,0.096,55555243.0
2023-07-07 00:00:00+00:00,1688688000000,0.0958,0.0975,0.0949,0.0974,39214040.0
2023-07-08 00:00:00+00:00,1688774400000,0.0973,0.1003,0.0964,0.0997,49484015.0
2023-07-09 00:00:00+00:00,1688860800000,0.0997,0.1001,0.0984,0.099,21724963.0
2023-07-10 00:00:00+00:00,1688947200000,0.099,0.1007,0.0969,0.0999,36330347.0
2023-07-11 00:00:00+00:00,1689033600000,0.0999,0.1012,0.0983,0.0985,33959824.0
2023-07-12 00:00:00+00:00,1689120000000,0.0986,0.0986,0.0953,0.0961,49250528.0
2023-07-13 00:00:00+00:00,1689206400000,0.0961,0.1977,0.0953,0.1552,1217104666.0
2023-07-14 00:00:00+00:00,1689292800000,0.1553,0.1584,0.1255,0.135,503896589.0
2023-07-15 00:00:00+00:00,1689379200000,0.1349,0.1356,0.1271,0.1278,151229809.0
2023-07-16 00:00:00+00:00,1689465600000,0.1278,0.1389,0.1249,0.1313,272780477.0
2023-07-17 00:00:00+00:00,1689552000000,0.1314,0.1344,0.1241,0.1291,115778637.0
2023-07-18 00:00:00+00:00,1689638400000,0.129,0.1337,0.1251,0.1324,142914784.0
2023-07-19 00:00:00+00:00,1689724800000,0.1325,0.168,0.1314,0.1564,759905668.0
2023-07-20 00:00:00+00:00,1689811200000,0.1565,0.1809,0.1546,0.1632,777425009.0
2023-07-21 00:00:00+00:00,1689897600000,0.1632,0.171,0.1536,0.1572,258756073.0
2023-07-22 00:00:00+00:00,1689984000000,0.1572,0.1687,0.1546,0.1556,197961646.0
2023-07-23 00:00:00+00:00,1690070400000,0.1555,0.1611,0.1522,0.1559,129601368.0
2023-07-24 00:00:00+00:00,1690156800000,0.1559,0.1559,0.1438,0.1456,142117189.0
2023-07-25 00:00:00+00:00,1690243200000,0.1456,0.15,0.1413,0.1449,142406929.0
2023-07-26 00:00:00+00:00,1690329600000,0.1449,0.1629,0.1402,0.1557,240384572.0
2023-07-27 00:00:00+00:00,1690416000000,0.1557,0.1639,0.1532,0.1593,236940839.0
2023-07-28 00:00:00+00:00,1690502400000,0.1593,0.1724,0.1577,0.1598,200845322.0
2023-07-29 00:00:00+00:00,1690588800000,0.1598,0.1613,0.1574,0.1583,66526177.0
2023-07-30 00:00:00+00:00,1690675200000,0.1583,0.1621,0.1524,0.1565,129744473.0
2023-07-31 00:00:00+00:00,1690761600000,0.1565,0.158,0.1487,0.15,85323123.0
2023-08-01 00:00:00+00:00,1690848000000,0.1501,0.1538,0.1447,0.1537,91269964.0
2023-08-02 00:00:00+00:00,1690934400000,0.1538,0.1547,0.1433,0.144,73464342.0
2023-08-03 00:00:00+00:00,1691020800000,0.144,0.1457,0.138,0.139,97856696.0
2023-08-04 00:00:00+00:00,1691107200000,0.139,0.142,0.1361,0.1364,70650527.0
2023-08-05 00:00:00+00:00,1691193600000,0.1364,0.1393,0.1334,0.1391,64014384.0
2023-08-06 00:00:00+00:00,1691280000000,0.1391,0.1451,0.1385,0.1394,80162160.0
2023-08-07 00:00:00+00:00,1691366400000,0.1394,0.1438,0.1369,0.1429,114654017.0
2023-08-08 00:00:00+00:00,1691452800000,0.1429,0.144,0.1385,0.1429,80328765.0
2023-08-09 00:00:00+00:00,1691539200000,0.1428,0.146,0.1397,0.1416,71110321.0
2023-08-10 00:00:00+00:00,1691625600000,0.1416,0.1419,0.1383,0.1389,44030071.0
2023-08-11 00:00:00+00:00,1691712000000,0.139,0.1416,0.1383,0.1397,40363128.0
2023-08-12 00:00:00+00:00,1691798400000,0.1398,0.1404,0.1369,0.1379,27608318.0
2023-08-13 00:00:00+00:00,1691884800000,0.138,0.1408,0.1375,0.1378,28959833.0
2023-08-14 00:00:00+00:00,1691971200000,0.1378,0.1384,0.1347,0.1362,30825495.0
2023-08-15 00:00:00+00:00,1692057600000,0.1361,0.1366,0.1225,0.1303,68001251.0
2023-08-16 00:00:00+00:00,1692144000000,0.1303,0.1328,0.1232,0.1267,62205096.0
2023-08-17 00:00:00+00:00,1692230400000,0.1267,0.1277,0.1053,0.1132,93012389.0
2023-08-18 00:00:00+00:00,1692316800000,0.1132,0.1179,0.111,0.1167,67585349.0
2023-08-19 00:00:00+00:00,1692403200000,0.1167,0.1258,0.1165,0.1238,56676336.0
2023-08-20 00:00:00+00:00,1692489600000,0.1238,0.1328,0.1226,0.1297,150850930.0
2023-08-21 00:00:00+00:00,1692576000000,0.1296,0.1304,0.122,0.1248,78729044.0
2023-08-22 00:00:00+00:00,1692662400000,0.1248,0.1249,0.1168,0.1207,51933091.0
2023-08-23 00:00:00+00:00,1692748800000,0.1206,0.1291,0.1198,0.1275,69483573.0
2023-08-24 00:00:00+00:00,1692835200000,0.1275,0.1289,0.1216,0.1239,39209186.0
2023-08-25 00:00:00+00:00,1692921600000,0.1239,0.1252,0.1207,0.1239,36516134.0
2023-08-26 00:00:00+00:00,1693008000000,0.1239,0.1247,0.1205,0.1209,26295808.0
2023-08-27 00:00:00+00:00,1693094400000,0.1209,0.1224,0.1193,0.121,27091603.0
2023-08-28 00:00:00+00:00,1693180800000,0.1209,0.1213,0.1186,0.12,33844393.0
2023-08-29 00:00:00+00:00,1693267200000,0.12,0.1286,0.1168,0.1245,82843560.0
2023-08-30 00:00:00+00:00,1693353600000,0.1244,0.1245,0.1202,0.1204,33511416.0
2023-08-31 00:00:00+00:00,1693440000000,0.1204,0.121,0.1131,0.1149,58297997.0
2023-09-01 00:00:00+00:00,1693526400000,0.1148,0.1174,0.1126,0.1142,41648129.0
2023-09-02 00:00:00+00:00,1693612800000,0.1141,0.1145,0.1114,0.1135,25701233.0
2023-09-03 00:00:00+00:00,1693699200000,0.1136,0.1207,0.113,0.1187,69804840.0
2023-09-04 00:00:00+00:00,1693785600000,0.1187,0.1267,0.1184,0.1244,106369799.0
2023-09-05 00:00:00+00:00,1693872000000,0.1245,0.1297,0.1214,0.1224,79213019.0
2023-09-06 00:00:00+00:00,1693958400000,0.1223,0.1244,0.1173,0.1239,60253644.0
2023-09-07 00:00:00+00:00,1694044800000,0.1239,0.1259,0.1218,0.1255,52462425.0
2023-09-08 00:00:00+00:00,1694131200000,0.1255,0.1276,0.1221,0.127,48050802.0
2023-09-09 00:00:00+00:00,1694217600000,0.1269,0.1331,0.1259,0.1315,88096387.0
2023-09-10 00:00:00+00:00,1694304000000,0.1315,0.1348,0.1268,0.1338,140457572.0
2023-09-11 00:00:00+00:00,1694390400000,0.1338,0.1346,0.1241,0.1285,109224973.0
2023-09-12 00:00:00+00:00,1694476800000,0.1285,0.1322,0.1203,0.1211,100668331.0
2023-09-13 00:00:00+00:00,1694563200000,0.1212,0.1225,0.1193,0.1208,60821637.0
2023-09-14 00:00:00+00:00,1694649600000,0.1209,0.1219,0.1181,0.1204,49204158.0
2023-09-15 00:00:00+00:00,1694736000000,0.1204,0.1221,0.1176,0.1203,48271182.0
2023-09-16 00:00:00+00:00,1694822400000,0.1204,0.1214,0.1179,0.1194,34515612.0
2023-09-17 00:00:00+00:00,1694908800000,0.1194,0.1194,0.1151,0.1161,39389317.0
2023-09-18 00:00:00+00:00,1694995200000,0.1161,0.1195,0.1152,0.1181,42641996.0
2023-09-19 00:00:00+00:00,1695081600000,0.118,0.1203,0.1173,0.1184,35851561.0
2023-09-20 00:00:00+00:00,1695168000000,0.1184,0.1192,0.1162,0.1169,44025277.0
2023-09-21 00:00:00+00:00,1695254400000,0.1169,0.1169,0.1115,0.1138,100999220.0
2023-09-22 00:00:00+00:00,1695340800000,0.1138,0.1156,0.1133,0.1146,36482175.0
2023-09-23 00:00:00+00:00,1695427200000,0.1146,0.1153,0.1128,0.1142,18879437.0
2023-09-24 00:00:00+00:00,1695513600000,0.1141,0.1142,0.1119,0.1123,26001697.0
2023-09-25 00:00:00+00:00,1695600000000,0.1122,0.1134,0.1108,0.113,33696468.0
2023-09-26 00:00:00+00:00,1695686400000,0.113,0.1131,0.1109,0.1119,22664987.0
2023-09-27 00:00:00+00:00,1695772800000,0.112,0.1144,0.1114,0.1125,36445537.0
2023-09-28 00:00:00+00:00,1695859200000,0.1125,0.1145,0.1122,0.1142,29538920.0
2023-09-29 00:00:00+00:00,1695945600000,0.1142,0.1189,0.1125,0.1128,99351415.0
2023-09-30 00:00:00+00:00,1696032000000,0.1128,0.1129,0.1108,0.1123,33733464.0
2023-10-01 00:00:00+00:00,1696118400000,0.1123,0.1147,0.1119,0.1143,33618536.0
2023-10-02 00:00:00+00:00,1696204800000,0.1143,0.1151,0.1103,0.1115,52783961.0
2023-10-03 00:00:00+00:00,1696291200000,0.1115,0.1172,0.1099,0.1147,76653742.0
2023-10-04 00:00:00+00:00,1696377600000,0.1148,0.1153,0.1106,0.1124,58033259.0
2023-10-05 00:00:00+00:00,1696464000000,0.1125,0.1125,0.1103,0.1107,31872260.0
2023-10-06 00:00:00+00:00,1696550400000,0.1107,0.1124,0.1096,0.1118,26771351.0
2023-10-07 00:00:00+00:00,1696636800000,0.1118,0.1121,0.1104,0.1111,15066308.0
2023-10-08 00:00:00+00:00,1696723200000,0.1111,0.1115,0.1102,0.1107,14651950.0
2023-10-09 00:00:00+00:00,1696809600000,0.1106,0.1111,0.1037,0.106,50552239.0
2023-10-10 00:00:00+00:00,1696896000000,0.1061,0.1061,0.1034,0.1043,20757678.0
2023-10-11 00:00:00+00:00,1696982400000,0.1043,0.105,0.1017,0.1034,29731315.0
2023-10-12 00:00:00+00:00,1697068800000,0.1033,0.1034,0.101,0.1025,27393264.0
2023-10-13 00:00:00+00:00,1697155200000,0.1026,0.1036,0.1021,0.1029,26340023.0
2023-10-14 00:00:00+00:00,1697241600000,0.1029,0.1046,0.1029,0.1042,18035201.0
2023-10-15 00:00:00+00:00,1697328000000,0.1043,0.1064,0.104,0.1063,28834085.0
2023-10-16 00:00:00+00:00,1697414400000,0.1063,0.1112,0.1061,0.1074,56798118.0
2023-10-17 00:00:00+00:00,1697500800000,0.1073,0.1076,0.1029,0.1029,33355860.0
2023-10-18 00:00:00+00:00,1697587200000,0.103,0.1047,0.1024,0.1032,26357725.0
2023-10-19 00:00:00+00:00,1697673600000,0.1032,0.1079,0.1019,0.1074,58553880.0
2023-10-20 00:00:00+00:00,1697760000000,0.1074,0.11,0.1063,0.1074,58354061.0
2023-10-21 00:00:00+00:00,1697846400000,0.1075,0.1127,0.1072,0.1107,38810647.0
2023-10-22 00:00:00+00:00,1697932800000,0.1107,0.1121,0.1075,0.1108,48417487.0
2023-10-23 00:00:00+00:00,1698019200000,0.1109,0.1164,0.1095,0.1161,92852344.0
2023-10-24 00:00:00+00:00,1698105600000,0.1161,0.1205,0.112,0.1143,156353994.0
2023-10-25 00:00:00+00:00,1698192000000,0.1144,0.1157,0.1121,0.1144,50213803.0
2023-10-26 00:00:00+00:00,1698278400000,0.1143,0.1168,0.1105,0.1132,61143214.0
2023-10-27 00:00:00+00:00,1698364800000,0.1131,0.1135,0.11,0.1119,46591810.0
2023-10-28 00:00:00+00:00,1698451200000,0.1119,0.1143,0.1117,0.114,27099028.0
2023-10-29 00:00:00+00:00,1698537600000,0.114,0.1169,0.1123,0.1157,42707613.0
2023-10-30 00:00:00+00:00,1698624000000,0.1157,0.1201,0.1146,0.1189,67867209.0
2023-10-31 00:00:00+00:00,1698710400000,0.1189,0.125,0.1155,0.1212,161708999.0
2023-11-01 00:00:00+00:00,1698796800000,0.1212,0.123,0.1175,0.1225,85179119.0
2023-11-02 00:00:00+00:00,1698883200000,0.1225,0.1235,0.117,0.1196,75123999.0
2023-11-03 00:00:00+00:00,1698969600000,0.1196,0.1243,0.116,0.1225,87697181.0
2023-11-04 00:00:00+00:00,1699056000000,0.1225,0.1243,0.121,0.1236,45657765.0
2023-11-05 00:00:00+00:00,1699142400000,0.1236,0.1285,0.1228,0.1255,126505986.0
2023-11-06 00:00:00+00:00,1699228800000,0.1256,0.1349,0.125,0.1311,169989533.0
2023-11-07 00:00:00+00:00,1699315200000,0.131,0.1311,0.1222,0.1266,99362961.0
2023-11-08 00:00:00+00:00,1699401600000,0.1265,0.1319,0.1254,0.1276,74771718.0
2023-11-09 00:00:00+00:00,1699488000000,0.1276,0.1304,0.1098,0.123,199428921.0
2023-11-10 00:00:00+00:00,1699574400000,0.1229,0.1244,0.1199,0.1237,97370465.0
2023-11-11 00:00:00+00:00,1699660800000,0.1238,0.1273,0.1206,0.125,97526118.0
2023-11-12 00:00:00+00:00,1699747200000,0.125,0.1268,0.1217,0.1244,66302182.0
2023-11-13 00:00:00+00:00,1699833600000,0.1243,0.1376,0.119,0.1223,228378083.0
2023-11-14 00:00:00+00:00,1699920000000,0.1223,0.1226,0.1139,0.1179,128824652.0
2023-11-15 00:00:00+00:00,1700006400000,0.118,0.1218,0.1169,0.1214,67367719.0
2023-11-16 00:00:00+00:00,1700092800000,0.1215,0.1232,0.1168,0.1184,93306179.0
2023-11-17 00:00:00+00:00,1700179200000,0.1184,0.1205,0.1142,0.1184,89614362.0
2023-11-18 00:00:00+00:00,1700265600000,0.1183,0.1194,0.1144,0.1193,39828734.0
2023-11-19 00:00:00+00:00,1700352000000,0.1192,0.1214,0.1175,0.121,42000231.0
2023-11-20 00:00:00+00:00,1700438400000,0.1211,0.1219,0.1178,0.1197,52540634.0
2023-11-21 00:00:00+00:00,1700524800000,0.1198,0.1204,0.1122,0.1134,77176238.0
2023-11-22 00:00:00+00:00,1700611200000,0.1134,0.1185,0.1131,0.1182,40539214.0
2023-11-23 00:00:00+00:00,1700697600000,0.1182,0.1188,0.1154,0.1172,46700040.0
2023-11-24 00:00:00+00:00,1700784000000,0.1173,0.1191,0.1167,0.1178,44054486.0
2023-11-25 00:00:00+00:00,1700870400000,0.1178,0.1215,0.1173,0.1211,39560290.0
2023-11-26 00:00:00+00:00,1700956800000,0.121,0.1237,0.1189,0.1198,67674104.0
2023-11-27 00:00:00+00:00,1701043200000,0.1198,0.1207,0.1146,0.1165,47098366.0
2023-11-28 00:00:00+00:00,1701129600000,0.1165,0.1189,0.1149,0.1185,37055076.0
2023-11-29 00:00:00+00:00,1701216000000,0.1186,0.1201,0.118,0.1185,36526636.0
2023-11-30 00:00:00+00:00,1701302400000,0.1185,0.1197,0.1178,0.1183,34161123.0
2023-12-01 00:00:00+00:00,1701388800000,0.1182,0.12,0.1178,0.1198,28755152.0
2023-12-02 00:00:00+00:00,1701475200000,0.1197,0.1218,0.1193,0.1216,38360726.0
2023-12-03 00:00:00+00:00,1701561600000,0.1215,0.1233,0.1208,0.122,40962428.0
2023-12-04 00:00:00+00:00,1701648000000,0.122,0.1254,0.1184,0.1222,107245797.0
2023-12-05 00:00:00+00:00,1701734400000,0.1222,0.123,0.1195,0.1224,68903867.0
2023-12-06 00:00:00+00:00,1701820800000,0.1225,0.1259,0.1207,0.1254,73899062.0
2023-12-07 00:00:00+00:00,1701907200000,0.1254,0.1274,0.1226,0.1262,82292777.0
2023-12-08 00:00:00+00:00,1701993600000,0.1261,0.1336,0.1258,0.1322,102413367.0
2023-12-09 00:00:00+00:00,1702080000000,0.1323,0.1383,0.1314,0.1337,137938119.0
2023-12-10 00:00:00+00:00,1702166400000,0.1337,0.1369,0.1315,0.1333,74424522.0
2023-12-11 00:00:00+00:00,1702252800000,0.1333,0.1347,0.1182,0.1234,131079845.0
2023-12-12 00:00:00+00:00,1702339200000,0.1235,0.1255,0.1208,0.1231,62853527.0
2023-12-13 00:00:00+00:00,1702425600000,0.1232,0.1258,0.1182,0.1249,72760432.0
2023-12-14 00:00:00+00:00,1702512000000,0.1248,0.1282,0.1224,0.1276,62165966.0
2023-12-15 00:00:00+00:00,1702598400000,0.1276,0.1282,0.1225,0.123,56752453.0
2023-12-16 00:00:00+00:00,1702684800000,0.1229,0.1262,0.1213,0.1247,35439819.0
2023-12-17 00:00:00+00:00,1702771200000,0.1247,0.1251,0.1219,0.1221,42423069.0
2023-12-18 00:00:00+00:00,1702857600000,0.1222,0.1225,0.1162,0.1213,80153208.0
2023-12-19 00:00:00+00:00,1702944000000,0.1213,0.1226,0.1186,0.1195,65752863.0
2023-12-20 00:00:00+00:00,1703030400000,0.1194,0.1229,0.1187,0.122,58964237.0
2023-12-21 00:00:00+00:00,1703116800000,0.1219,0.1247,0.1211,0.1247,49444199.0
2023-12-22 00:00:00+00:00,1703203200000,0.1247,0.1268,0.1231,0.1266,71125419.0
2023-12-23 00:00:00+00:00,1703289600000,0.1266,0.1271,0.1237,0.1266,39805779.0
2023-12-24 00:00:00+00:00,1703376000000,0.1267,0.1279,0.1243,0.1258,65235274.0
2023-12-25 00:00:00+00:00,1703462400000,0.1259,0.1317,0.125,0.131,92710666.0
2023-12-26 00:00:00+00:00,1703548800000,0.131,0.1312,0.1204,0.126,97952696.0
2023-12-27 00:00:00+00:00,1703635200000,0.1261,0.1336,0.1238,0.1307,81253542.0
2023-12-28 00:00:00+00:00,1703721600000,0.1307,0.136,0.1294,0.132,137771906.0
2023-12-29 00:00:00+00:00,1703808000000,0.132,0.1326,0.1268,0.1296,80492577.0
2023-12-30 00:00:00+00:00,1703894400000,0.1297,0.1385,0.1291,0.1325,126968004.0
2023-12-31 00:00:00+00:00,1703980800000,0.1325,0.1334,0.1271,0.129,69558211.0
2024-01-01 00:00:00+00:00,1704067200000,0.1291,0.1325,0.1272,0.132,46557489.0
2024-01-02 00:00:00+00:00,1704153600000,0.132,0.1334,0.1283,0.1291,83796689.0
2024-01-03 00:00:00+00:00,1704240000000,0.1291,0.133,0.1108,0.1205,178737979.0
2024-01-04 00:00:00+00:00,1704326400000,0.1204,0.1221,0.1191,0.1216,70329544.0
2024-01-05 00:00:00+00:00,1704412800000,0.1216,0.1219,0.1141,0.1191,99231748.0
2024-01-06 00:00:00+00:00,1704499200000,0.1192,0.1206,0.1158,0.12,50684749.0
2024-01-07 00:00:00+00:00,1704585600000,0.1201,0.1205,0.1145,0.1152,53027179.0
2024-01-08 00:00:00+00:00,1704672000000,0.1152,0.1201,0.1122,0.1195,132765445.0
2024-01-09 00:00:00+00:00,1704758400000,0.1195,0.1205,0.1139,0.1165,98815867.0
2024-01-10 00:00:00+00:00,1704844800000,0.1165,0.1224,0.1128,0.1208,114862149.0
2024-01-11 00:00:00+00:00,1704931200000,0.1209,0.1262,0.1202,0.1234,116053239.0
2024-01-12 00:00:00+00:00,1705017600000,0.1235,0.1255,0.1163,0.119,96748350.0
2024-01-13 00:00:00+00:00,1705104000000,0.119,0.1206,0.1173,0.1201,33377654.0
2024-01-14 00:00:00+00:00,1705190400000,0.12,0.1209,0.1178,0.1181,42025326.0
2024-01-15 00:00:00+00:00,1705276800000,0.1181,0.1209,0.1178,0.1182,42162408.0
2024-01-16 00:00:00+00:00,1705363200000,0.1182,0.1193,0.1166,0.1185,40570390.0
2024-01-17 00:00:00+00:00,1705449600000,0.1185,0.1194,0.117,0.1188,43426418.0
2024-01-18 00:00:00+00:00,1705536000000,0.1189,0.119,0.1127,0.1143,45637324.0
2024-01-19 00:00:00+00:00,1705622400000,0.1143,0.1149,0.1088,0.1139,57857095.0
2024-01-20 00:00:00+00:00,1705708800000,0.1139,0.1156,0.113,0.1155,28210548.0
2024-01-21 00:00:00+00:00,1705795200000,0.1155,0.1168,0.1152,0.1156,28677550.0
2024-01-22 00:00:00+00:00,1705881600000,0.1156,0.1161,0.1116,0.1127,57975328.0
2024-01-23 00:00:00+00:00,1705968000000,0.1128,0.1143,0.1071,0.1116,74613928.0
2024-01-24 00:00:00+00:00,1706054400000,0.1117,0.1128,0.1106,0.1126,52669133.0
2024-01-25 00:00:00+00:00,1706140800000,0.1126,0.1127,0.1104,0.1118,39938681.0
2024-01-26 00:00:00+00:00,1706227200000,0.1118,0.1169,0.1116,0.1159,50003015.0
2024-01-27 00:00:00+00:00,1706313600000,0.1159,0.1171,0.1152,0.1163,23734874.0
2024-01-28 00:00:00+00:00,1706400000000,0.1163,0.1166,0.1129,0.1137,40582942.0
2024-01-29 00:00:00+00:00,1706486400000,0.1138,0.1165,0.1132,0.1164,35537212.0
2024-01-30 00:00:00+00:00,1706572800000,0.1165,0.1169,0.1124,0.1127,48892411.0
2024-01-31 00:00:00+00:00,1706659200000,0.1128,0.1137,0.1089,0.11,72957586.0
2024-02-01 00:00:00+00:00,1706745600000,0.1099,0.1109,0.108,0.1099,40760075.0
2024-02-02 00:00:00+00:00,1706832000000,0.1098,0.111,0.109,0.1104,38478477.0
2024-02-03 00:00:00+00:00,1706918400000,0.1104,0.1126,0.1094,0.111,49679309.0
2024-02-04 00:00:00+00:00,1707004800000,0.111,0.1113,0.1084,0.1092,24440980.0
2024-02-05 00:00:00+00:00,1707091200000,0.1093,0.1099,0.1077,0.1085,31007284.0
2024-02-06 00:00:00+00:00,1707177600000,0.1085,0.1091,0.1073,0.1082,43064153.0
2024-02-07 00:00:00+00:00,1707264000000,0.1083,0.1092,0.1069,0.1091,39328185.0
2024-02-08 00:00:00+00:00,1707350400000,0.1092,0.1102,0.1086,0.1098,41646116.0
2024-02-09 00:00:00+00:00,1707436800000,0.1098,0.1123,0.1097,0.112,44317975.0
2024-02-10 00:00:00+00:00,1707523200000,0.1121,0.113,0.1106,0.1117,28607396.0
2024-02-11 00:00:00+00:00,1707609600000,0.1117,0.1131,0.1106,0.1113,44050837.0
2024-02-12 00:00:00+00:00,1707696000000,0.1113,0.1133,0.1095,0.1131,64251415.0
2024-02-13 00:00:00+00:00,1707782400000,0.1131,0.1145,0.1095,0.111,83187845.0
2024-02-14 00:00:00+00:00,1707868800000,0.111,0.1151,0.1102,0.1144,63721173.0
2024-02-15 00:00:00+00:00,1707955200000,0.1144,0.1175,0.1139,0.1167,111827627.0
2024-02-16 00:00:00+00:00,1708041600000,0.1167,0.1183,0.1139,0.1155,61837592.0
2024-02-17 00:00:00+00:00,1708128000000,0.1155,0.1159,0.1117,0.1141,40413387.0
2024-02-18 00:00:00+00:00,1708214400000,0.1142,0.1166,0.1134,0.1159,44023105.0
2024-02-19 00:00:00+00:00,1708300800000,0.116,0.1191,0.1156,0.1184,62790870.0
2024-02-20 00:00:00+00:00,1708387200000,0.1184,0.1255,0.1137,0.1176,151382548.0
2024-02-21 00:00:00+00:00,1708473600000,0.1177,0.118,0.1109,0.1144,88987208.0
2024-02-22 00:00:00+00:00,1708560000000,0.1144,0.1177,0.1133,0.1154,61013052.0
2024-02-23 00:00:00+00:00,1708646400000,0.1154,0.1165,0.113,0.1147,71230509.0
2024-02-24 00:00:00+00:00,1708732800000,0.1148,0.1175,0.1136,0.1165,42397032.0
2024-02-25 00:00:00+00:00,1708819200000,0.1165,0.117,0.1154,0.1166,49808250.0
2024-02-26 00:00:00+00:00,1708905600000,0.1166,0.1181,0.114,0.118,77123636.0
2024-02-27 00:00:00+00:00,1708992000000,0.1179,0.1235,0.117,0.1229,163437064.0
2024-02-28 00:00:00+00:00,1709078400000,0.1229,0.1251,0.1137,0.121,259852553.0
2024-02-29 00:00:00+00:00,1709164800000,0.121,0.1283,0.119,0.122,262967057.0
2024-03-01 00:00:00+00:00,1709251200000,0.1221,0.1274,0.1221,0.1271,121076956.0
2024-03-02 00:00:00+00:00,1709337600000,0.1271,0.1384,0.1267,0.1383,300681548.0
2024-03-03 00:00:00+00:00,1709424000000,0.1382,0.1403,0.1275,0.1357,187888555.0
2024-03-04 00:00:00+00:00,1709510400000,0.1358,0.1591,0.1333,0.1459,445479015.0
2024-03-05 00:00:00+00:00,1709596800000,0.1459,0.1531,0.1182,0.1322,584794281.0
2024-03-06 00:00:00+00:00,1709683200000,0.1322,0.1387,0.1279,0.1385,255148681.0
2024-03-07 00:00:00+00:00,1709769600000,0.1385,0.1436,0.1375,0.142,164126655.0
2024-03-08 00:00:00+00:00,1709856000000,0.142,0.1455,0.1366,0.1416,177419524.0
2024-03-09 00:00:00+00:00,1709942400000,0.1416,0.1438,0.14,0.1422,90621744.0
2024-03-10 00:00:00+00:00,1710028800000,0.1422,0.1449,0.1368,0.1398,111621241.0
2024-03-11 00:00:00+00:00,1710115200000,0.1397,0.1627,0.1341,0.1576,501786255.0
2024-03-12 00:00:00+00:00,1710201600000,0.1577,0.1595,0.1421,0.1493,252048264.0
2024-03-13 00:00:00+00:00,1710288000000,0.1494,0.1537,0.1463,0.1508,172541066.0
2024-03-14 00:00:00+00:00,1710374400000,0.1509,0.1526,0.1377,0.1445,238927418.0
2024-03-15 00:00:00+00:00,1710460800000,0.1445,0.1456,0.125,0.1369,256046099.0
2024-03-16 00:00:00+00:00,1710547200000,0.137,0.1432,0.1266,0.1292,196551159.0
2024-03-17 00:00:00+00:00,1710633600000,0.1292,0.1332,0.1241,0.1322,129319405.0
2024-03-18 00:00:00+00:00,1710720000000,0.1321,0.1377,0.1249,0.1348,216874409.0
2024-03-19 00:00:00+00:00,1710806400000,0.1349,0.1349,0.1186,0.1207,347107862.0
2024-03-20 00:00:00+00:00,1710892800000,0.1207,0.1314,0.1171,0.1307,201115343.0
2024-03-21 00:00:00+00:00,1710979200000,0.1307,0.1355,0.1278,0.1333,140217963.0
2024-03-22 00:00:00+00:00,1711065600000,0.1333,0.1342,0.1254,0.1283,108838195.0
2024-03-23 00:00:00+00:00,1711152000000,0.1283,0.1365,0.1277,0.1327,68901220.0
2024-03-24 00:00:00+00:00,1711238400000,0.1326,0.1355,0.1317,0.135,67992224.0
2024-03-25 00:00:00+00:00,1711324800000,0.1351,0.1395,0.1341,0.1366,117760333.0
2024-03-26 00:00:00+00:00,1711411200000,0.1367,0.14,0.1355,0.1381,119780392.0
2024-03-27 00:00:00+00:00,1711497600000,0.1381,0.1398,0.1321,0.1337,127890888.0
2024-03-28 00:00:00+00:00,1711584000000,0.1337,0.1389,0.1326,0.1379,105626316.0
2024-03-29 00:00:00+00:00,1711670400000,0.138,0.1466,0.1372,0.1428,208632190.0
2024-03-30 00:00:00+00:00,1711756800000,0.1428,0.1435,0.138,0.1391,85879054.0
2024-03-31 00:00:00+00:00,1711843200000,0.1391,0.1414,0.1384,0.1411,49353109.0
2024-04-01 00:00:00+00:00,1711929600000,0.1411,0.1426,0.1321,0.1355,163964459.0
2024-04-02 00:00:00+00:00,1712016000000,0.1355,0.136,0.1271,0.1286,143543681.0
2024-04-03 00:00:00+00:00,1712102400000,0.1286,0.1308,0.1242,0.1263,142384553.0
2024-04-04 00:00:00+00:00,1712188800000,0.1263,0.132,0.1242,0.1289,114457738.0
2024-04-05 00:00:00+00:00,1712275200000,0.1289,0.1297,0.124,0.1275,81879640.0
2024-04-06 00:00:00+00:00,1712361600000,0.1275,0.1299,0.1269,0.1291,38928326.0
2024-04-07 00:00:00+00:00,1712448000000,0.1291,0.1305,0.1279,0.1293,36698929.0
2024-04-08 00:00:00+00:00,1712534400000,0.1293,0.1345,0.1275,0.1334,100643731.0
2024-04-09 00:00:00+00:00,1712620800000,0.1334,0.1369,0.1306,0.1322,146565972.0
2024-04-10 00:00:00+00:00,1712707200000,0.132,0.1322,0.1254,0.1297,101732372.0
2024-04-11 00:00:00+00:00,1712793600000,0.1296,0.1315,0.1282,0.1302,54969413.0
2024-04-12 00:00:00+00:00,1712880000000,0.1302,0.1312,0.103,0.1151,262998102.0
2024-04-13 00:00:00+00:00,1712966400000,0.1151,0.1156,0.0913,0.1053,300842879.0
2024-04-14 00:00:00+00:00,1713052800000,0.1052,0.1115,0.1016,0.1106,162825728.0
2024-04-15 00:00:00+00:00,1713139200000,0.1106,0.114,0.1038,0.1077,98539121.0
2024-04-16 00:00:00+00:00,1713225600000,0.1076,0.1101,0.104,0.1096,72832531.0
2024-04-17 00:00:00+00:00,1713312000000,0.1096,0.1101,0.1047,0.1075,67208654.0
2024-04-18 00:00:00+00:00,1713398400000,0.1075,0.1111,0.1051,0.1104,58108435.0
2024-04-19 00:00:00+00:00,1713484800000,0.1104,0.1136,0.1035,0.1117,92482391.0
2024-04-20 00:00:00+00:00,1713571200000,0.1118,0.117,0.1107,0.116,46115322.0
2024-04-21 00:00:00+00:00,1713657600000,0.1159,0.1166,0.1125,0.1139,43720684.0
2024-04-22 00:00:00+00:00,1713744000000,0.1139,0.1192,0.1135,0.1182,54354552.0
2024-04-23 00:00:00+00:00,1713830400000,0.1182,0.1188,0.1154,0.1174,58360098.0
2024-04-24 00:00:00+00:00,1713916800000,0.1173,0.1204,0.1133,0.1144,90928747.0
2024-04-25 00:00:00+00:00,1714003200000,0.1144,0.1157,0.1115,0.1138,57477187.0
2024-04-26 00:00:00+00:00,1714089600000,0.1137,0.1152,0.1118,0.114,49711133.0
2024-04-27 00:00:00+00:00,1714176000000,0.114,0.115,0.1108,0.1144,43788552.0
2024-04-28 00:00:00+00:00,1714262400000,0.1145,0.116,0.112,0.1123,45670813.0
2024-04-29 00:00:00+00:00,1714348800000,0.1123,0.1137,0.1097,0.112,63042505.0
2024-04-30 00:00:00+00:00,1714435200000,0.112,0.1129,0.1045,0.1077,97100155.0
2024-05-01 00:00:00+00:00,1714521600000,0.1077,0.1113,0.1031,0.1111,89485783.0
2024-05-02 00:00:00+00:00,1714608000000,0.1111,0.1115,0.1069,0.1103,71854552.0
2024-05-03 00:00:00+00:00,1714694400000,0.1102,0.1126,0.1088,0.1118,43502643.0
2024-05-04 00:00:00+00:00,1714780800000,0.1117,0.1126,0.1106,0.1109,32066289.0
2024-05-05 00:00:00+00:00,1714867200000,0.1109,0.1114,0.1093,0.1109,29951042.0
2024-05-06 00:00:00+00:00,1714953600000,0.111,0.1137,0.1091,0.1097,78834087.0
2024-05-07 00:00:00+00:00,1715040000000,0.1098,0.1108,0.1078,0.1081,55749906.0
2024-05-08 00:00:00+00:00,1715126400000,0.108,0.1099,0.1067,0.1073,43263116.0
2024-05-09 00:00:00+00:00,1715212800000,0.1073,0.1088,0.1058,0.1085,47127841.0
2024-05-10 00:00:00+00:00,1715299200000,0.1086,0.1098,0.1053,0.1062,40934723.0
2024-05-11 00:00:00+00:00,1715385600000,0.1063,0.1071,0.1054,0.1059,20889374.0
2024-05-12 00:00:00+00:00,1715472000000,0.1058,0.1063,0.1038,0.1048,20560754.0
2024-05-13 00:00:00+00:00,1715558400000,0.1047,0.1059,0.101,0.1039,46734891.0
2024-05-14 00:00:00+00:00,1715644800000,0.1039,0.1045,0.1016,0.1018,43404665.0
2024-05-15 00:00:00+00:00,1715731200000,0.1018,0.1072,0.1015,0.1067,40864824.0
2024-05-16 00:00:00+00:00,1715817600000,0.1068,0.1089,0.1048,0.1067,41195118.0
2024-05-17 00:00:00+00:00,1715904000000,0.1067,0.1098,0.106,0.1088,35375064.0
2024-05-18 00:00:00+00:00,1715990400000,0.1088,0.1095,0.1073,0.1081,20996727.0
2024-05-19 00:00:00+00:00,1716076800000,0.1082,0.1085,0.1052,0.1055,22118615.0
2024-05-20 00:00:00+00:00,1716163200000,0.1056,0.1125,0.1045,0.1125,44167129.0
2024-05-21 00:00:00+00:00,1716249600000,0.1125,0.1141,0.1114,0.1122,60107796.0
2024-05-22 00:00:00+00:00,1716336000000,0.1122,0.1126,0.1091,0.1107,56945335.0
2024-05-23 00:00:00+00:00,1716422400000,0.1107,0.1116,0.1045,0.1093,103781700.0
2024-05-24 00:00:00+00:00,1716508800000,0.1092,0.1107,0.1072,0.1101,43023311.0
2024-05-25 00:00:00+00:00,1716595200000,0.1101,0.1118,0.11,0.1109,20832623.0
2024-05-26 00:00:00+00:00,1716681600000,0.1109,0.1115,0.108,0.1086,23065728.0
2024-05-27 00:00:00+00:00,1716768000000,0.1086,0.1117,0.108,0.1105,49149297.0
2024-05-28 00:00:00+00:00,1716854400000,0.1104,0.1108,0.1067,0.1079,54677533.0
2024-05-29 00:00:00+00:00,1716940800000,0.1079,0.1095,0.1064,0.1067,52553712.0
2024-05-30 00:00:00+00:00,1717027200000,0.1067,0.1079,0.1047,0.1067,59336709.0
2024-05-31 00:00:00+00:00,1717113600000,0.1067,0.1072,0.1047,0.1063,49570334.0
2024-06-01 00:00:00+00:00,1717200000000,0.1063,0.107,0.1061,0.1064,15953709.0
2024-06-02 00:00:00+00:00,1717286400000,0.1064,0.1068,0.1044,0.1051,26037193.0
2024-06-03 00:00:00+00:00,1717372800000,0.1052,0.1071,0.1045,0.1054,38581557.0
2024-06-04 00:00:00+00:00,1717459200000,0.1053,0.1069,0.1039,0.1064,47639878.0
2024-06-05 00:00:00+00:00,1717545600000,0.1064,0.1076,0.1058,0.1069,41530174.0
2024-06-06 00:00:00+00:00,1717632000000,0.107,0.107,0.1048,0.1053,38321552.0
2024-06-07 00:00:00+00:00,1717718400000,0.1053,0.1069,0.0918,0.1002,107737627.0
2024-06-08 00:00:00+00:00,1717804800000,0.1001,0.1002,0.0965,0.0983,43751587.0
2024-06-09 00:00:00+00:00,1717891200000,0.0983,0.0999,0.098,0.0999,23806955.0
2024-06-10 00:00:00+00:00,1717977600000,0.0999,0.1013,0.0991,0.1,35445140.0
2024-06-11 00:00:00+00:00,1718064000000,0.1,0.1003,0.0952,0.0968,58615302.0
2024-06-12 00:00:00+00:00,1718150400000,0.0968,0.101,0.0954,0.1002,47215940.0
2024-06-13 00:00:00+00:00,1718236800000,0.1001,0.1003,0.0972,0.0975,33667963.0
2024-06-14 00:00:00+00:00,1718323200000,0.0975,0.099,0.0943,0.0969,46296779.0
2024-06-15 00:00:00+00:00,1718409600000,0.0969,0.099,0.0963,0.0983,20888219.0
2024-06-16 00:00:00+00:00,1718496000000,0.0983,0.0993,0.0976,0.0992,23513941.0
2024-06-17 00:00:00+00:00,1718582400000,0.0992,0.0995,0.095,0.0969,93161043.0
2024-06-18 00:00:00+00:00,1718668800000,0.0968,0.097,0.0872,0.0914,158977283.0
2024-06-19 00:00:00+00:00,1718755200000,0.0913,0.0943,0.0906,0.0934,43482913.0
2024-06-20 00:00:00+00:00,1718841600000,0.0934,0.0955,0.0929,0.0939,40734842.0
2024-06-21 00:00:00+00:00,1718928000000,0.0939,0.0945,0.0911,0.092,63902601.0
2024-06-22 00:00:00+00:00,1719014400000,0.092,0.0921,0.0906,0.0909,24329282.0
2024-06-23 00:00:00+00:00,1719100800000,0.0909,0.092,0.0889,0.0896,28967661.0
2024-06-24 00:00:00+00:00,1719187200000,0.0895,0.0898,0.0846,0.0894,95510721.0
2024-06-25 00:00:00+00:00,1719273600000,0.0893,0.0931,0.0891,0.0918,50691803.0
2024-06-26 00:00:00+00:00,1719360000000,0.0918,0.0925,0.0896,0.0902,40215031.0
2024-06-27 00:00:00+00:00,1719446400000,0.0903,0.0917,0.0887,0.0915,33527392.0
2024-06-28 00:00:00+00:00,1719532800000,0.0915,0.0932,0.0907,0.091,43085069.0
2024-06-29 00:00:00+00:00,1719619200000,0.091,0.092,0.09,0.0902,16129897.0
2024-06-30 00:00:00+00:00,1719705600000,0.0902,0.0919,0.0894,0.0913,27038557.0
2024-07-01 00:00:00+00:00,1719792000000,0.0913,0.0928,0.0905,0.0916,45577302.0
2024-07-02 00:00:00+00:00,1719878400000,0.0915,0.0943,0.0915,0.0936,37244228.0
2024-07-03 00:00:00+00:00,1719964800000,0.0937,0.0938,0.0893,0.0903,36973176.0
2024-07-04 00:00:00+00:00,1720051200000,0.0904,0.0908,0.0861,0.087,71946749.0
2024-07-05 00:00:00+00:00,1720137600000,0.087,0.087,0.0765,0.0854,208906800.0
2024-07-06 00:00:00+00:00,1720224000000,0.0854,0.0909,0.085,0.0906,31956004.0
2024-07-07 00:00:00+00:00,1720310400000,0.0906,0.0906,0.0835,0.0839,27962692.0
2024-07-08 00:00:00+00:00,1720396800000,0.0839,0.0873,0.0806,0.0854,62468093.0
2024-07-09 00:00:00+00:00,1720483200000,0.0854,0.0883,0.0851,0.088,29809056.0
2024-07-10 00:00:00+00:00,1720569600000,0.088,0.0893,0.0867,0.0875,31184891.0
2024-07-11 00:00:00+00:00,1720656000000,0.0876,0.0905,0.0868,0.0887,31109139.0
2024-07-12 00:00:00+00:00,1720742400000,0.0888,0.0926,0.0881,0.0913,48390191.0
2024-07-13 00:00:00+00:00,1720828800000,0.0914,0.1061,0.0914,0.1023,147804361.0
2024-07-14 00:00:00+00:00,1720915200000,0.1023,0.1069,0.0996,0.1046,74906255.0
2024-07-15 00:00:00+00:00,1721001600000,0.1046,0.1058,0.1024,0.1047,70967704.0
2024-07-16 00:00:00+00:00,1721088000000,0.1047,0.1093,0.1011,0.1068,153609331.0
2024-07-17 00:00:00+00:00,1721174400000,0.1068,0.1125,0.106,0.1098,109280865.0
2024-07-18 00:00:00+00:00,1721260800000,0.1099,0.1112,0.1012,0.1031,78252162.0
2024-07-19 00:00:00+00:00,1721347200000,0.1032,0.1056,0.1009,0.1053,46035603.0
2024-07-20 00:00:00+00:00,1721433600000,0.1053,0.107,0.1039,0.1052,39509513.0
2024-07-21 00:00:00+00:00,1721520000000,0.1052,0.1061,0.1015,0.1054,43664476.0
2024-07-22 00:00:00+00:00,1721606400000,0.1055,0.1063,0.1022,0.1036,57503736.0
2024-07-23 00:00:00+00:00,1721692800000,0.1035,0.1049,0.0994,0.101,55881804.0
2024-07-24 00:00:00+00:00,1721779200000,0.101,0.1058,0.1001,0.103,53733755.0
2024-07-25 00:00:00+00:00,1721865600000,0.1029,0.1043,0.0998,0.1023,77697251.0
2024-07-26 00:00:00+00:00,1721952000000,0.1022,0.1045,0.1014,0.1031,35013671.0
2024-07-27 00:00:00+00:00,1722038400000,0.1031,0.1036,0.1001,0.1015,36848406.0
2024-07-28 00:00:00+00:00,1722124800000,0.1014,0.1023,0.0996,0.1003,24427205.0
2024-07-29 00:00:00+00:00,1722211200000,0.1002,0.102,0.0988,0.0991,46896104.0
2024-07-30 00:00:00+00:00,1722297600000,0.0991,0.1038,0.0984,0.1024,70205314.0
2024-07-31 00:00:00+00:00,1722384000000,0.1025,0.1066,0.1003,0.1004,95033438.0
2024-08-01 00:00:00+00:00,1722470400000,0.1005,0.1011,0.0954,0.0993,64479908.0
2024-08-02 00:00:00+00:00,1722556800000,0.0994,0.0996,0.0931,0.0955,60636343.0
2024-08-03 00:00:00+00:00,1722643200000,0.0955,0.096,0.0916,0.0933,38804829.0
2024-08-04 00:00:00+00:00,1722729600000,0.0934,0.0934,0.0864,0.0882,56656036.0
2024-08-05 00:00:00+00:00,1722816000000,0.0882,0.0892,0.0757,0.0879,322112138.0
2024-08-06 00:00:00+00:00,1722902400000,0.0879,0.0931,0.0878,0.0925,81334461.0
2024-08-07 00:00:00+00:00,1722988800000,0.0925,0.1045,0.0918,0.1015,273267710.0
2024-08-08 00:00:00+00:00,1723075200000,0.1015,0.1036,0.0983,0.1031,152356960.0
2024-08-09 00:00:00+00:00,1723161600000,0.1031,0.1033,0.0985,0.0999,64932982.0
2024-08-10 00:00:00+00:00,1723248000000,0.0999,0.1021,0.0995,0.1013,28129933.0
2024-08-11 00:00:00+00:00,1723334400000,0.1012,0.1031,0.097,0.0978,38809005.0
2024-08-12 00:00:00+00:00,1723420800000,0.0978,0.1005,0.0972,0.0989,51678840.0
2024-08-13 00:00:00+00:00,1723507200000,0.0989,0.0998,0.0976,0.0993,33372010.0
2024-08-14 00:00:00+00:00,1723593600000,0.0992,0.0995,0.0962,0.0966,32949684.0
2024-08-15 00:00:00+00:00,1723680000000,0.0966,0.0983,0.0945,0.0956,42876285.0
2024-08-16 00:00:00+00:00,1723766400000,0.0957,0.0961,0.0931,0.0948,36311493.0
2024-08-17 00:00:00+00:00,1723852800000,0.0948,0.0964,0.0944,0.0956,13993385.0
2024-08-18 00:00:00+00:00,1723939200000,0.0956,0.0966,0.0934,0.0935,19887484.0
2024-08-19 00:00:00+00:00,1724025600000,0.0935,0.0964,0.093,0.0963,44461189.0
2024-08-20 00:00:00+00:00,1724112000000,0.0964,0.0992,0.096,0.0975,37769330.0
2024-08-21 00:00:00+00:00,1724198400000,0.0976,0.0992,0.0962,0.0986,42477583.0
2024-08-22 00:00:00+00:00,1724284800000,0.0985,0.0998,0.0972,0.0989,33223364.0
2024-08-23 00:00:00+00:00,1724371200000,0.099,0.1024,0.0986,0.1019,59083087.0
2024-08-24 00:00:00+00:00,1724457600000,0.1018,0.1037,0.1007,0.1026,39875337.0
2024-08-25 00:00:00+00:00,1724544000000,0.1026,0.1029,0.0996,0.1009,46061536.0
2024-08-26 00:00:00+00:00,1724630400000,0.1009,0.1012,0.0965,0.0971,45853915.0
2024-08-27 00:00:00+00:00,1724716800000,0.0971,0.0977,0.0923,0.0937,64048332.0
2024-08-28 00:00:00+00:00,1724803200000,0.0937,0.0949,0.0905,0.0927,71580865.0
2024-08-29 00:00:00+00:00,1724889600000,0.0928,0.0944,0.0919,0.093,30576078.0
2024-08-30 00:00:00+00:00,1724976000000,0.0931,0.0941,0.091,0.0933,27889500.0
2024-08-31 00:00:00+00:00,1725062400000,0.0932,0.0937,0.0918,0.0926,13802081.0
2024-09-01 00:00:00+00:00,1725148800000,0.0926,0.0926,0.0892,0.0899,23843045.0
2024-09-02 00:00:00+00:00,1725235200000,0.09,0.0926,0.0899,0.0923,33252195.0
2024-09-03 00:00:00+00:00,1725321600000,0.0924,0.0945,0.0914,0.0914,23276960.0
2024-09-04 00:00:00+00:00,1725408000000,0.0914,0.0925,0.0882,0.0916,50376402.0
2024-09-05 00:00:00+00:00,1725494400000,0.0917,0.0921,0.0897,0.0902,27440373.0
2024-09-06 00:00:00+00:00,1725580800000,0.0902,0.0905,0.0854,0.088,67823893.0
2024-09-07 00:00:00+00:00,1725667200000,0.088,0.0898,0.0875,0.0885,15318668.0
2024-09-08 00:00:00+00:00,1725753600000,0.0886,0.0902,0.0884,0.0899,19606832.0
2024-09-09 00:00:00+00:00,1725840000000,0.09,0.0939,0.0898,0.0931,27952083.0
2024-09-10 00:00:00+00:00,1725926400000,0.0932,0.0946,0.0925,0.094,22004436.0
2024-09-11 00:00:00+00:00,1726012800000,0.094,0.0941,0.0913,0.0927,26051971.0
2024-09-12 00:00:00+00:00,1726099200000,0.0927,0.0958,0.0923,0.095,52848125.0
2024-09-13 00:00:00+00:00,1726185600000,0.0949,0.097,0.094,0.0963,30079299.0
2024-09-14 00:00:00+00:00,1726272000000,0.0963,0.0974,0.0957,0.0972,27126992.0
2024-09-15 00:00:00+00:00,1726358400000,0.0971,0.0974,0.0945,0.0951,22202692.0
2024-09-16 00:00:00+00:00,1726444800000,0.0951,0.0957,0.0937,0.095,34011179.0
2024-09-17 00:00:00+00:00,1726531200000,0.0949,0.0964,0.094,0.0946,32102503.0
2024-09-18 00:00:00+00:00,1726617600000,0.0945,0.0961,0.0928,0.0961,33696704.0
2024-09-19 00:00:00+00:00,1726704000000,0.096,0.097,0.0945,0.096,53746659.0
2024-09-20 00:00:00+00:00,1726790400000,0.0961,0.0972,0.0952,0.0961,40889503.0
2024-09-21 00:00:00+00:00,1726876800000,0.0961,0.0992,0.0956,0.098,41798308.0
2024-09-22 00:00:00+00:00,1726963200000,0.098,0.0981,0.0946,0.0961,41601553.0
2024-09-23 00:00:00+00:00,1727049600000,0.0961,0.0968,0.0949,0.0964,41817256.0
2024-09-24 00:00:00+00:00,1727136000000,0.0963,0.0969,0.0949,0.0968,41128069.0
2024-09-25 00:00:00+00:00,1727222400000,0.0968,0.0972,0.0956,0.0959,38866107.0
2024-09-26 00:00:00+00:00,1727308800000,0.0959,0.1,0.0946,0.0979,60586396.0
2024-09-27 00:00:00+00:00,1727395200000,0.0979,0.0995,0.0975,0.0994,52211705.0
2024-09-28 00:00:00+00:00,1727481600000,0.0995,0.102,0.0983,0.0993,88261267.0
2024-09-29 00:00:00+00:00,1727568000000,0.0994,0.1038,0.0983,0.1017,84516329.0
2024-09-30 00:00:00+00:00,1727654400000,0.1018,0.1036,0.0982,0.0985,82276517.0
2024-10-01 00:00:00+00:00,1727740800000,0.0984,0.1008,0.092,0.0939,111734281.0
2024-10-02 00:00:00+00:00,1727827200000,0.0938,0.0952,0.0899,0.0905,77335690.0
2024-10-03 00:00:00+00:00,1727913600000,0.0905,0.0913,0.0881,0.0904,84071524.0
2024-10-04 00:00:00+00:00,1728000000000,0.0904,0.0921,0.0896,0.0918,42264297.0
2024-10-05 00:00:00+00:00,1728086400000,0.0918,0.0927,0.091,0.092,26385455.0
2024-10-06 00:00:00+00:00,1728172800000,0.092,0.0933,0.0915,0.0923,20222970.0
2024-10-07 00:00:00+00:00,1728259200000,0.0923,0.0934,0.0906,0.0911,44906532.0
2024-10-08 00:00:00+00:00,1728345600000,0.091,0.0923,0.0896,0.09,40000318.0
2024-10-09 00:00:00+00:00,1728432000000,0.09,0.0909,0.0888,0.0898,36705874.0
2024-10-10 00:00:00+00:00,1728518400000,0.0898,0.0904,0.0882,0.0902,46281321.0
2024-10-11 00:00:00+00:00,1728604800000,0.0901,0.0922,0.0898,0.0918,29794324.0
2024-10-12 00:00:00+00:00,1728691200000,0.0919,0.0926,0.0916,0.092,28319237.0
2024-10-13 00:00:00+00:00,1728777600000,0.0919,0.092,0.0896,0.0905,25795251.0
2024-10-14 00:00:00+00:00,1728864000000,0.0904,0.0938,0.0898,0.0934,44063735.0
2024-10-15 00:00:00+00:00,1728950400000,0.0935,0.0946,0.0909,0.093,71439741.0
2024-10-16 00:00:00+00:00,1729036800000,0.093,0.0963,0.0923,0.0956,53877592.0
2024-10-17 00:00:00+00:00,1729123200000,0.0956,0.0969,0.094,0.095,54472067.0
2024-10-18 00:00:00+00:00,1729209600000,0.0949,0.097,0.0944,0.0967,29031713.0
2024-10-19 00:00:00+00:00,1729296000000,0.0967,0.0976,0.0958,0.0969,25410293.0
2024-10-20 00:00:00+00:00,1729382400000,0.0969,0.0974,0.0961,0.0972,25656466.0
2024-10-21 00:00:00+00:00,1729468800000,0.0972,0.0976,0.0947,0.0953,43196275.0
2024-10-22 00:00:00+00:00,1729555200000,0.0953,0.0973,0.0946,0.0953,60273381.0
2024-10-23 00:00:00+00:00,1729641600000,0.0953,0.0958,0.0926,0.0944,56346067.0
2024-10-24 00:00:00+00:00,1729728000000,0.0945,0.0969,0.0943,0.0967,44892441.0
2024-10-25 00:00:00+00:00,1729814400000,0.0967,0.0973,0.0912,0.0934,76895669.0
2024-10-26 00:00:00+00:00,1729900800000,0.0934,0.095,0.0928,0.0942,45038919.0
2024-10-27 00:00:00+00:00,1729987200000,0.0942,0.095,0.0934,0.0943,28362090.0
2024-10-28 00:00:00+00:00,1730073600000,0.0943,0.0948,0.0927,0.0944,38013602.0
2024-10-29 00:00:00+00:00,1730160000000,0.0944,0.097,0.0942,0.0967,39090726.0
2024-10-30 00:00:00+00:00,1730246400000,0.0967,0.0969,0.0943,0.0947,49749583.0
2024-10-31 00:00:00+00:00,1730332800000,0.0947,0.095,0.0918,0.0924,57427489.0
2024-11-01 00:00:00+00:00,1730419200000,0.0924,0.0938,0.0908,0.0932,53108707.0
2024-11-02 00:00:00+00:00,1730505600000,0.0931,0.0937,0.0916,0.0926,25549318.0
2024-11-03 00:00:00+00:00,1730592000000,0.0926,0.0928,0.0893,0.0906,52351579.0
2024-11-04 00:00:00+00:00,1730678400000,0.0907,0.0923,0.09,0.0911,46705156.0
2024-11-05 00:00:00+00:00,1730764800000,0.0911,0.094,0.0907,0.0934,43662889.0
2024-11-06 00:00:00+00:00,1730851200000,0.0935,0.0978,0.0934,0.097,96403435.0
2024-11-07 00:00:00+00:00,1730937600000,0.0971,0.1023,0.0965,0.1021,86903766.0
2024-11-08 00:00:00+00:00,1731024000000,0.1022,0.1033,0.0997,0.1012,78055297.0
2024-11-09 00:00:00+00:00,1731110400000,0.1012,0.1025,0.0994,0.1022,51940250.0
2024-11-10 00:00:00+00:00,1731196800000,0.1022,0.1134,0.1016,0.1084,259529829.0
2024-11-11 00:00:00+00:00,1731283200000,0.1084,0.1149,0.1073,0.1147,212601468.0
2024-11-12 00:00:00+00:00,1731369600000,0.1146,0.1415,0.1108,0.1344,667151051.0
2024-11-13 00:00:00+00:00,1731456000000,0.1343,0.1384,0.1206,0.1242,339529939.0
2024-11-14 00:00:00+00:00,1731542400000,0.1243,0.1406,0.1216,0.1312,310168744.0
2024-11-15 00:00:00+00:00,1731628800000,0.1312,0.148,0.1283,0.1457,424864488.0
2024-11-16 00:00:00+00:00,1731715200000,0.1457,0.242,0.1406,0.2207,1481314888.0
2024-11-17 00:00:00+00:00,1731801600000,0.2208,0.2257,0.1887,0.1964,739713439.0
2024-11-18 00:00:00+00:00,1731888000000,0.1964,0.2558,0.1958,0.2318,1164840576.0
2024-11-19 00:00:00+00:00,1731974400000,0.2318,0.2454,0.2222,0.2315,519271688.0
2024-11-20 00:00:00+00:00,1732060800000,0.2316,0.2698,0.2268,0.2474,763567203.0
2024-11-21 00:00:00+00:00,1732147200000,0.2474,0.2648,0.2294,0.2624,652834922.0
2024-11-22 00:00:00+00:00,1732233600000,0.2623,0.3524,0.2623,0.3399,1431086099.0
2024-11-23 00:00:00+00:00,1732320000000,0.3398,0.5481,0.3391,0.5218,2525478915.1
2024-11-24 00:00:00+00:00,1732406400000,0.522,0.6374,0.4349,0.5362,2607934625.8
2024-11-25 00:00:00+00:00,1732492800000,0.5361,0.5585,0.4732,0.4817,1167357967.0
2024-11-26 00:00:00+00:00,1732579200000,0.4817,0.514,0.4166,0.4385,1178834691.0
2024-11-27 00:00:00+00:00,1732665600000,0.4385,0.532,0.4182,0.4833,1225507885.0
2024-11-28 00:00:00+00:00,1732752000000,0.4834,0.5054,0.4636,0.5002,545652703.0
2024-11-29 00:00:00+00:00,1732838400000,0.5002,0.5615,0.486,0.5478,883553914.0
2024-11-30 00:00:00+00:00,1732924800000,0.548,0.5629,0.519,0.5249,728555222.0
2024-12-01 00:00:00+00:00,1733011200000,0.5249,0.58,0.4921,0.5607,797557144.0
2024-12-02 00:00:00+00:00,1733097600000,0.5606,0.6081,0.4954,0.5393,1359459731.0
2024-12-03 00:00:00+00:00,1733184000000,0.5392,0.6078,0.4522,0.5066,1034950593.0
2024-12-04 00:00:00+00:00,1733270400000,0.5066,0.5223,0.476,0.4892,450166895.0
2024-12-05 00:00:00+00:00,1733356800000,0.4891,0.5037,0.459,0.4709,420182758.0
2024-12-06 00:00:00+00:00,1733443200000,0.4709,0.4997,0.4544,0.4957,297218755.0
2024-12-07 00:00:00+00:00,1733529600000,0.4958,0.5105,0.4798,0.5038,226507399.0
2024-12-08 00:00:00+00:00,1733616000000,0.5038,0.504,0.475,0.4931,164595562.0
2024-12-09 00:00:00+00:00,1733702400000,0.4931,0.4932,0.3512,0.4103,462079591.0
2024-12-10 00:00:00+00:00,1733788800000,0.4103,0.4398,0.3624,0.4365,560766807.0
2024-12-11 00:00:00+00:00,1733875200000,0.4365,0.4462,0.4026,0.4351,363504675.0
2024-12-12 00:00:00+00:00,1733961600000,0.4352,0.4508,0.4187,0.425,289135548.0
2024-12-13 00:00:00+00:00,1734048000000,0.4251,0.453,0.4118,0.4379,220644245.0
2024-12-14 00:00:00+00:00,1734134400000,0.4379,0.4518,0.411,0.4243,170891298.0
2024-12-15 00:00:00+00:00,1734220800000,0.4244,0.4357,0.4162,0.4304,137413254.0
2024-12-16 00:00:00+00:00,1734307200000,0.4305,0.446,0.407,0.4187,223201569.0
2024-12-17 00:00:00+00:00,1734393600000,0.4188,0.4718,0.4101,0.4292,483039488.0
2024-12-18 00:00:00+00:00,1734480000000,0.4291,0.4475,0.3865,0.3959,478600939.0
2024-12-19 00:00:00+00:00,1734566400000,0.3959,0.4147,0.3535,0.3697,385337579.0
2024-12-20 00:00:00+00:00,1734652800000,0.3698,0.3843,0.3126,0.3751,480749523.0
2024-12-21 00:00:00+00:00,1734739200000,0.3751,0.39,0.3509,0.3561,202168498.0
2024-12-22 00:00:00+00:00,1734825600000,0.3561,0.3721,0.3429,0.3564,166820240.0
2024-12-23 00:00:00+00:00,1734912000000,0.3564,0.3753,0.3463,0.371,163387985.0
2024-12-24 00:00:00+00:00,1734998400000,0.3711,0.4141,0.3602,0.4025,197388131.0
2024-12-25 00:00:00+00:00,1735084800000,0.4025,0.4038,0.3785,0.3829,116012986.0
2024-12-26 00:00:00+00:00,1735171200000,0.3829,0.3867,0.3506,0.3547,115223473.0
2024-12-27 00:00:00+00:00,1735257600000,0.3548,0.3691,0.3445,0.3498,106497255.0
2024-12-28 00:00:00+00:00,1735344000000,0.3499,0.36,0.3448,0.3563,66917774.0
2024-12-29 00:00:00+00:00,1735430400000,0.3563,0.3564,0.3353,0.3382,52788981.0
2024-12-30 00:00:00+00:00,1735516800000,0.3382,0.3482,0.321,0.3319,124995677.0
2024-12-31 00:00:00+00:00,1735603200000,0.332,0.3466,0.3238,0.3327,102820079.0
2025-01-01 00:00:00+00:00,1735689600000,0.3327,0.4383,0.3322,0.4258,748444543.0
2025-01-02 00:00:00+00:00,1735776000000,0.4258,0.4605,0.4122,0.4321,562248803.0
2025-01-03 00:00:00+00:00,1735862400000,0.4321,0.4607,0.4299,0.4481,370846605.0
2025-01-04 00:00:00+00:00,1735948800000,0.4481,0.486,0.4441,0.4504,292035231.0
2025-01-05 00:00:00+00:00,1736035200000,0.4505,0.4568,0.4323,0.4407,134672379.0
2025-01-06 00:00:00+00:00,1736121600000,0.4408,0.4637,0.4325,0.4466,175119124.0
2025-01-07 00:00:00+00:00,1736208000000,0.4466,0.4698,0.4143,0.4178,343359364.0
2025-01-08 00:00:00+00:00,1736294400000,0.4178,0.4394,0.3896,0.4255,337768250.0
2025-01-09 00:00:00+00:00,1736380800000,0.4255,0.4301,0.3868,0.3913,194095843.0
2025-01-10 00:00:00+00:00,1736467200000,0.3912,0.4258,0.3874,0.4143,210834930.0
2025-01-11 00:00:00+00:00,1736553600000,0.4144,0.4591,0.4034,0.4459,212481589.0
2025-01-12 00:00:00+00:00,1736640000000,0.4458,0.4469,0.4194,0.4224,127386387.0
2025-01-13 00:00:00+00:00,1736726400000,0.4223,0.4392,0.3918,0.4196,239343092.0
2025-01-14 00:00:00+00:00,1736812800000,0.4197,0.4369,0.4155,0.4303,144384586.0
2025-01-15 00:00:00+00:00,1736899200000,0.4302,0.4955,0.4263,0.4881,626527777.0
2025-01-16 00:00:00+00:00,1736985600000,0.4882,0.515,0.4638,0.4819,621479345.0
2025-01-17 00:00:00+00:00,1737072000000,0.482,0.4996,0.4741,0.4877,296555389.0
2025-01-18 00:00:00+00:00,1737158400000,0.4876,0.4926,0.4515,0.4907,271249205.0
2025-01-19 00:00:00+00:00,1737244800000,0.4908,0.4954,0.4177,0.4332,437446143.0
2025-01-20 00:00:00+00:00,1737331200000,0.4332,0.4788,0.4237,0.4472,517383783.0
2025-01-21 00:00:00+00:00,1737417600000,0.4473,0.455,0.4275,0.4423,169542419.0
2025-01-22 00:00:00+00:00,1737504000000,0.4424,0.4454,0.4256,0.4285,142482353.0
2025-01-23 00:00:00+00:00,1737590400000,0.4285,0.4371,0.4124,0.4309,152102496.0
2025-01-24 00:00:00+00:00,1737676800000,0.431,0.4486,0.4198,0.4309,103519916.0
2025-01-25 00:00:00+00:00,1737763200000,0.4308,0.4372,0.4126,0.4172,89107915.0
2025-01-26 00:00:00+00:00,1737849600000,0.4171,0.4263,0.4057,0.4063,78091421.0
2025-01-27 00:00:00+00:00,1737936000000,0.4062,0.41,0.3628,0.4075,271521144.0
2025-01-28 00:00:00+00:00,1738022400000,0.4075,0.4211,0.39,0.3927,115332015.0
2025-01-29 00:00:00+00:00,1738108800000,0.3928,0.4067,0.3818,0.3927,106367115.0
2025-01-30 00:00:00+00:00,1738195200000,0.3927,0.4439,0.3892,0.4286,172534812.0
2025-01-31 00:00:00+00:00,1738281600000,0.4287,0.4299,0.4073,0.4142,90804064.0
2025-02-01 00:00:00+00:00,1738368000000,0.4142,0.4205,0.3886,0.3922,80312907.0
2025-02-02 00:00:00+00:00,1738454400000,0.3922,0.4013,0.3352,0.354,266659627.0
2025-02-03 00:00:00+00:00,1738540800000,0.3541,0.3726,0.2586,0.3705,942636334.0
2025-02-04 00:00:00+00:00,1738627200000,0.3704,0.3751,0.3327,0.3408,225016265.0
2025-02-05 00:00:00+00:00,1738713600000,0.3408,0.3487,0.3223,0.3271,110791642.0
2025-02-06 00:00:00+00:00,1738800000000,0.3272,0.3412,0.313,0.3182,113375077.0
2025-02-07 00:00:00+00:00,1738886400000,0.3183,0.3451,0.3162,0.3268,136229129.0
2025-02-08 00:00:00+00:00,1738972800000,0.3267,0.3345,0.3206,0.3315,58603691.0
2025-02-09 00:00:00+00:00,1739059200000,0.3316,0.3388,0.3028,0.314,100091338.0
2025-02-10 00:00:00+00:00,1739145600000,0.3141,0.3232,0.3031,0.3132,103504076.0
2025-02-11 00:00:00+00:00,1739232000000,0.3132,0.3391,0.3121,0.3181,129598937.0
2025-02-12 00:00:00+00:00,1739318400000,0.318,0.3369,0.308,0.3331,127524636.0
2025-02-13 00:00:00+00:00,1739404800000,0.3332,0.343,0.3225,0.3371,78684131.0
2025-02-14 00:00:00+00:00,1739491200000,0.3371,0.3629,0.3337,0.3506,150322312.0
2025-02-15 00:00:00+00:00,1739577600000,0.3507,0.3663,0.3455,0.3489,79677304.0
2025-02-16 00:00:00+00:00,1739664000000,0.3488,0.3522,0.3397,0.3426,42699711.0
2025-02-17 00:00:00+00:00,1739750400000,0.3426,0.3486,0.3304,0.3341,57353688.0
2025-02-18 00:00:00+00:00,1739836800000,0.3341,0.3353,0.3157,0.3235,56278129.0
2025-02-19 00:00:00+00:00,1739923200000,0.3236,0.3427,0.3211,0.3419,64361951.0
2025-02-20 00:00:00+00:00,1740009600000,0.3419,0.3497,0.3358,0.3447,53719044.0
2025-02-21 00:00:00+00:00,1740096000000,0.3446,0.3465,0.3207,0.3261,69653542.0
2025-02-22 00:00:00+00:00,1740182400000,0.3262,0.3399,0.3243,0.3344,34065187.0
2025-02-23 00:00:00+00:00,1740268800000,0.3344,0.3361,0.3265,0.3331,27879627.0
2025-02-24 00:00:00+00:00,1740355200000,0.3331,0.3352,0.2938,0.2979,114941266.0
2025-02-25 00:00:00+00:00,1740441600000,0.2978,0.3034,0.2709,0.2955,190158718.0
2025-02-26 00:00:00+00:00,1740528000000,0.2955,0.2995,0.2782,0.2866,86431764.0
2025-02-27 00:00:00+00:00,1740614400000,0.2866,0.2937,0.2769,0.2833,62745164.0
2025-02-28 00:00:00+00:00,1740700800000,0.2834,0.2887,0.2526,0.2863,116074622.0
2025-03-01 00:00:00+00:00,1740787200000,0.2864,0.3189,0.2836,0.3115,116240308.0
2025-03-02 00:00:00+00:00,1740873600000,0.3115,0.3755,0.3095,0.3511,356419151.0
2025-03-03 00:00:00+00:00,1740960000000,0.351,0.362,0.2896,0.2925,249352985.0
2025-03-04 00:00:00+00:00,1741046400000,0.2925,0.3012,0.2735,0.295,157010332.0
2025-03-05 00:00:00+00:00,1741132800000,0.295,0.309,0.2901,0.2995,85001672.0
2025-03-06 00:00:00+00:00,1741219200000,0.2996,0.3097,0.295,0.2962,67023567.0
2025-03-07 00:00:00+00:00,1741305600000,0.2961,0.3031,0.2797,0.2834,138169025.0
2025-03-08 00:00:00+00:00,1741392000000,0.2833,0.2849,0.272,0.2758,37358151.0
2025-03-09 00:00:00+00:00,1741478400000,0.2759,0.2793,0.2612,0.263,86433901.0
2025-03-10 00:00:00+00:00,1741564800000,0.2631,0.2764,0.2397,0.2418,111586675.0
2025-03-11 00:00:00+00:00,1741651200000,0.2419,0.2614,0.2268,0.2553,101170088.0
2025-03-12 00:00:00+00:00,1741737600000,0.2553,0.2635,0.2467,0.2594,82311480.0
2025-03-13 00:00:00+00:00,1741824000000,0.2594,0.295,0.2586,0.274,176755673.0
2025-03-14 00:00:00+00:00,1741910400000,0.2739,0.2836,0.2709,0.2762,109088126.0
2025-03-15 00:00:00+00:00,1741996800000,0.2762,0.2843,0.2715,0.2746,84353986.0
2025-03-16 00:00:00+00:00,1742083200000,0.2746,0.2762,0.2608,0.2625,43423898.0
2025-03-17 00:00:00+00:00,1742169600000,0.2625,0.2775,0.2623,0.273,60182049.0
2025-03-18 00:00:00+00:00,1742256000000,0.2729,0.2752,0.2624,0.2733,45760737.0
2025-03-19 00:00:00+00:00,1742342400000,0.2733,0.2979,0.2732,0.2907,160307590.0
2025-03-20 00:00:00+00:00,1742428800000,0.2908,0.2926,0.2777,0.2814,68482943.0
2025-03-21 00:00:00+00:00,1742515200000,0.2814,0.2879,0.2741,0.277,49962340.0
2025-03-22 00:00:00+00:00,1742601600000,0.277,0.2801,0.2734,0.274,30230902.0
2025-03-23 00:00:00+00:00,1742688000000,0.2739,0.284,0.2731,0.2831,28981757.0
2025-03-24 00:00:00+00:00,1742774400000,0.2831,0.295,0.2781,0.2907,45981428.0
2025-03-25 00:00:00+00:00,1742860800000,0.2906,0.296,0.2861,0.2938,40047195.0
2025-03-26 00:00:00+00:00,1742947200000,0.2938,0.3022,0.2833,0.2854,43695367.0
2025-03-27 00:00:00+00:00,1743033600000,0.2855,0.2948,0.2819,0.2864,36407119.0
2025-03-28 00:00:00+00:00,1743120000000,0.2864,0.2891,0.2698,0.2747,52321701.0
2025-03-29 00:00:00+00:00,1743206400000,0.2747,0.277,0.2618,0.2673,36038980.0
2025-03-30 00:00:00+00:00,1743292800000,0.2674,0.2725,0.2632,0.2669,23230354.0
2025-03-31 00:00:00+00:00,1743379200000,0.267,0.2701,0.2584,0.2639,48779633.0
2025-04-01 00:00:00+00:00,1743465600000,0.2639,0.2794,0.2618,0.2721,43757793.0
2025-04-02 00:00:00+00:00,1743552000000,0.2721,0.2784,0.2542,0.2581,90425503.0
2025-04-03 00:00:00+00:00,1743638400000,0.2581,0.2671,0.25,0.261,42313467.0
2025-04-04 00:00:00+00:00,1743724800000,0.2611,0.265,0.2531,0.2596,48301890.0
2025-04-05 00:00:00+00:00,1743811200000,0.2595,0.2615,0.2485,0.2525,44112121.0
2025-04-06 00:00:00+00:00,1743897600000,0.2525,0.2543,0.2231,0.2263,85105763.0
2025-04-07 00:00:00+00:00,1743984000000,0.2263,0.2447,0.2001,0.2322,201425504.0
2025-04-08 00:00:00+00:00,1744070400000,0.2322,0.2414,0.2198,0.2212,86164437.0
2025-04-09 00:00:00+00:00,1744156800000,0.2212,0.2459,0.2134,0.2422,134007034.0
2025-04-10 00:00:00+00:00,1744243200000,0.2422,0.2425,0.2243,0.2303,60221819.0
2025-04-11 00:00:00+00:00,1744329600000,0.2302,0.238,0.2292,0.2339,53158187.0
2025-04-12 00:00:00+00:00,1744416000000,0.2339,0.2487,0.2328,0.2463,41024052.0
2025-04-13 00:00:00+00:00,1744502400000,0.2462,0.2523,0.2349,0.238,56852366.0
2025-04-14 00:00:00+00:00,1744588800000,0.2381,0.2475,0.237,0.2399,47729789.0
2025-04-15 00:00:00+00:00,1744675200000,0.24,0.2451,0.2353,0.2355,55437011.0
2025-04-16 00:00:00+00:00,1744761600000,0.2355,0.2398,0.2306,0.2357,51322543.0
2025-04-17 00:00:00+00:00,1744848000000,0.2358,0.2423,0.2344,0.2394,31756601.0
2025-04-18 00:00:00+00:00,1744934400000,0.2395,0.2448,0.2381,0.24,23594223.0
2025-04-19 00:00:00+00:00,1745020800000,0.2399,0.2495,0.2397,0.2462,20940921.0
2025-04-20 00:00:00+00:00,1745107200000,0.2462,0.2475,0.239,0.2436,23360495.0
2025-04-21 00:00:00+00:00,1745193600000,0.2437,0.2627,0.2437,0.2501,76539068.0
2025-04-22 00:00:00+00:00,1745280000000,0.2502,0.268,0.2438,0.265,95334081.0
2025-04-23 00:00:00+00:00,1745366400000,0.265,0.2753,0.2631,0.2663,88396591.0
2025-04-24 00:00:00+00:00,1745452800000,0.2663,0.2837,0.2586,0.281,82023792.0
2025-04-25 00:00:00+00:00,1745539200000,0.2809,0.2915,0.2742,0.2835,73773569.0
2025-04-26 00:00:00+00:00,1745625600000,0.2835,0.2975,0.2835,0.2906,60650802.0
2025-04-27 00:00:00+00:00,1745712000000,0.2906,0.2943,0.2806,0.2841,59361824.0
2025-04-28 00:00:00+00:00,1745798400000,0.2842,0.2943,0.2783,0.2825,75490990.0
2025-04-29 00:00:00+00:00,1745884800000,0.2824,0.2851,0.2752,0.2777,41584696.0
2025-04-30 00:00:00+00:00,1745971200000,0.2777,0.2819,0.2671,0.271,44096343.0
2025-05-01 00:00:00+00:00,1746057600000,0.2711,0.2805,0.2701,0.2735,43594827.0
2025-05-02 00:00:00+00:00,1746144000000,0.2735,0.28,0.2706,0.2746,46991566.0
2025-05-03 00:00:00+00:00,1746230400000,0.2747,0.2757,0.2678,0.2692,22904367.0
2025-05-04 00:00:00+00:00,1746316800000,0.2691,0.2735,0.2648,0.2654,30353593.0
2025-05-05 00:00:00+00:00,1746403200000,0.2654,0.2703,0.256,0.2583,51885273.0
2025-05-06 00:00:00+00:00,1746489600000,0.2583,0.2632,0.252,0.2628,45361307.0
2025-05-07 00:00:00+00:00,1746576000000,0.2628,0.2645,0.2564,0.2603,36459499.0
2025-05-08 00:00:00+00:00,1746662400000,0.2604,0.2916,0.2589,0.2912,92414605.0
2025-05-09 00:00:00+00:00,1746748800000,0.2911,0.3068,0.2892,0.2953,120398156.0
2025-05-10 00:00:00+00:00,1746835200000,0.2953,0.3217,0.2935,0.3217,81162799.0
2025-05-11 00:00:00+00:00,1746921600000,0.3216,0.3251,0.3006,0.3064,81936266.0
2025-05-12 00:00:00+00:00,1747008000000,0.3064,0.3347,0.3055,0.3127,218800807.0
2025-05-13 00:00:00+00:00,1747094400000,0.3127,0.3182,0.2973,0.314,89424320.0
2025-05-14 00:00:00+00:00,1747180800000,0.3141,0.3183,0.3008,0.3037,81328241.0
2025-05-15 00:00:00+00:00,1747267200000,0.3037,0.3079,0.2868,0.2931,79903153.0
2025-05-16 00:00:00+00:00,1747353600000,0.2931,0.3009,0.289,0.2932,60696921.0
2025-05-17 00:00:00+00:00,1747440000000,0.2932,0.2942,0.2814,0.2864,40316502.0
2025-05-18 00:00:00+00:00,1747526400000,0.2865,0.2977,0.2813,0.2925,51992495.0
2025-05-19 00:00:00+00:00,1747612800000,0.2926,0.2941,0.2769,0.2867,56515854.0
2025-05-20 00:00:00+00:00,1747699200000,0.2867,0.2897,0.28,0.2875,48589198.0
2025-05-21 00:00:00+00:00,1747785600000,0.2876,0.2982,0.2839,0.2932,63422902.0
2025-05-22 00:00:00+00:00,1747872000000,0.2933,0.3045,0.2929,0.3042,65223433.0
2025-05-23 00:00:00+00:00,1747958400000,0.3042,0.3124,0.2839,0.2852,90864778.0
2025-05-24 00:00:00+00:00,1748044800000,0.2852,0.2915,0.284,0.286,30026983.0
2025-05-25 00:00:00+00:00,1748131200000,0.286,0.2879,0.2776,0.2878,40417064.0
2025-05-26 00:00:00+00:00,1748217600000,0.2878,0.2905,0.2832,0.2858,32270266.0
2025-05-27 00:00:00+00:00,1748304000000,0.2858,0.293,0.281,0.2871,39502269.0
2025-05-28 00:00:00+00:00,1748390400000,0.2871,0.2899,0.279,0.2853,46659512.0
2025-05-29 00:00:00+00:00,1748476800000,0.2853,0.2887,0.2778,0.2788,53222611.0
2025-05-30 00:00:00+00:00,1748563200000,0.2789,0.2801,0.2634,0.2651,77455891.0
2025-05-31 00:00:00+00:00,1748649600000,0.2651,0.2677,0.259,0.2641,40126803.0
2025-06-01 00:00:00+00:00,1748736000000,0.2641,0.2681,0.2619,0.2674,26471937.0
2025-06-02 00:00:00+00:00,1748822400000,0.2674,0.2719,0.2636,0.2719,34988811.0
2025-06-03 00:00:00+00:00,1748908800000,0.272,0.2763,0.2698,0.2728,46235173.0
2025-06-04 00:00:00+00:00,1748995200000,0.2728,0.2757,0.2653,0.2666,41478894.0
2025-06-05 00:00:00+00:00,1749081600000,0.2667,0.269,0.2523,0.257,89171792.0
2025-06-06 00:00:00+00:00,1749168000000,0.257,0.2666,0.2557,0.2628,35151835.0
2025-06-07 00:00:00+00:00,1749254400000,0.2628,0.2677,0.2619,0.2646,19475075.0
2025-06-08 00:00:00+00:00,1749340800000,0.2646,0.2746,0.2631,0.2677,45180356.0
2025-06-09 00:00:00+00:00,1749427200000,0.2678,0.2751,0.2639,0.2749,50191065.0
2025-06-10 00:00:00+00:00,1749513600000,0.275,0.2816,0.272,0.2805,55018948.0
2025-06-11 00:00:00+00:00,1749600000000,0.2805,0.2851,0.276,0.2768,61299701.0
2025-06-12 00:00:00+00:00,1749686400000,0.2768,0.2784,0.2666,0.2673,45285759.0
2025-06-13 00:00:00+00:00,1749772800000,0.2673,0.2673,0.2532,0.2608,101403507.0
2025-06-14 00:00:00+00:00,1749859200000,0.2608,0.2611,0.2529,0.2564,25309710.0
2025-06-15 00:00:00+00:00,1749945600000,0.2563,0.2599,0.2545,0.2587,21441243.0
2025-06-16 00:00:00+00:00,1750032000000,0.2587,0.2704,0.2564,0.2616,58093957.0
2025-06-17 00:00:00+00:00,1750118400000,0.2616,0.2638,0.2503,0.2519,48820207.0
2025-06-18 00:00:00+00:00,1750204800000,0.2519,0.2542,0.2458,0.2524,44927919.0
2025-06-19 00:00:00+00:00,1750291200000,0.2524,0.2532,0.2473,0.2496,24134942.0
2025-06-20 00:00:00+00:00,1750377600000,0.2496,0.2517,0.2396,0.242,45871708.0
2025-06-21 00:00:00+00:00,1750464000000,0.242,0.2448,0.2326,0.2372,45548641.0
2025-06-22 00:00:00+00:00,1750550400000,0.2373,0.239,0.2168,0.2289,89548209.0
2025-06-23 00:00:00+00:00,1750636800000,0.2289,0.2462,0.2252,0.2457,65229885.0
2025-06-24 00:00:00+00:00,1750723200000,0.2457,0.2498,0.2437,0.2488,37302529.0
2025-06-25 00:00:00+00:00,1750809600000,0.2488,0.2492,0.2397,0.2413,31682041.0
2025-06-26 00:00:00+00:00,1750896000000,0.2414,0.2442,0.2337,0.2342,34870318.0
2025-06-27 00:00:00+00:00,1750982400000,0.2342,0.2385,0.2325,0.2368,30028058.0
2025-06-28 00:00:00+00:00,1751068800000,0.2369,0.2402,0.2359,0.2389,23599382.0
2025-06-29 00:00:00+00:00,1751155200000,0.2389,0.2423,0.2347,0.2403,28886228.0
2025-06-30 00:00:00+00:00,1751241600000,0.2404,0.2432,0.2334,0.238,59896932.0
2025-07-01 00:00:00+00:00,1751328000000,0.2381,0.2396,0.2228,0.2254,78563801.0
2025-07-02 00:00:00+00:00,1751414400000,0.2254,0.2404,0.2242,0.238,46227097.0
2025-07-03 00:00:00+00:00,1751500800000,0.2381,0.2483,0.2375,0.2426,40308049.0
2025-07-04 00:00:00+00:00,1751587200000,0.2427,0.2449,0.2349,0.2377,29220494.0
2025-07-05 00:00:00+00:00,1751673600000,0.2377,0.2388,0.2349,0.2383,15406356.0
2025-07-06 00:00:00+00:00,1751760000000,0.2383,0.2519,0.2366,0.2505,50087831.0
2025-07-07 00:00:00+00:00,1751846400000,0.2506,0.2575,0.2463,0.2481,78396659.0
2025-07-08 00:00:00+00:00,1751932800000,0.2481,0.2598,0.246,0.2596,44628304.0
2025-07-09 00:00:00+00:00,1752019200000,0.2596,0.2976,0.2571,0.2883,230114409.0
2025-07-10 00:00:00+00:00,1752105600000,0.2883,0.3061,0.2852,0.303,180472380.0
2025-07-11 00:00:00+00:00,1752192000000,0.303,0.4003,0.2976,0.3603,488030339.0
2025-07-12 00:00:00+00:00,1752278400000,0.3603,0.4189,0.3508,0.3929,572423700.0
2025-07-13 00:00:00+00:00,1752364800000,0.3929,0.4825,0.3871,0.4706,712625701.0
2025-07-14 00:00:00+00:00,1752451200000,0.4706,0.5166,0.4386,0.4636,686086799.0
2025-07-15 00:00:00+00:00,1752537600000,0.4636,0.475,0.43,0.4515,371479721.0
2025-07-16 00:00:00+00:00,1752624000000,0.4515,0.481,0.4474,0.4533,315818316.0
2025-07-17 00:00:00+00:00,1752710400000,0.4534,0.5142,0.4446,0.4973,450176594.0
2025-07-18 00:00:00+00:00,1752796800000,0.4973,0.5206,0.4494,0.4588,369444293.0
2025-07-19 00:00:00+00:00,1752883200000,0.4589,0.4692,0.4502,0.461,132425449.0
2025-07-20 00:00:00+00:00,1752969600000,0.461,0.4772,0.4546,0.4625,153046664.0
2025-07-21 00:00:00+00:00,1753056000000,0.4626,0.494,0.4559,0.473,198328934.0
2025-07-22 00:00:00+00:00,1753142400000,0.473,0.4766,0.4492,0.4723,186920609.0
2025-07-23 00:00:00+00:00,1753228800000,0.4723,0.4747,0.4089,0.4278,242448535.0
2025-07-24 00:00:00+00:00,1753315200000,0.4278,0.4477,0.4009,0.4246,174824792.0
2025-07-25 00:00:00+00:00,1753401600000,0.4246,0.433,0.4047,0.4313,133336089.0
2025-07-26 00:00:00+00:00,1753488000000,0.4313,0.4468,0.4284,0.4352,72982731.0
2025-07-27 00:00:00+00:00,1753574400000,0.4352,0.4598,0.4339,0.4442,82911065.0
2025-07-28 00:00:00+00:00,1753660800000,0.4443,0.4539,0.4155,0.4192,100434012.0
2025-07-29 00:00:00+00:00,1753747200000,0.4192,0.4348,0.4118,0.4211,76868113.0
2025-07-30 00:00:00+00:00,1753833600000,0.4211,0.4244,0.3927,0.4077,108409398.0
2025-07-31 00:00:00+00:00,1753920000000,0.4077,0.4289,0.3978,0.4009,109034236.0
2025-08-01 00:00:00+00:00,1754006400000,0.401,0.4016,0.375,0.3822,153333091.0
2025-08-02 00:00:00+00:00,1754092800000,0.3821,0.3915,0.362,0.3671,74777392.0
2025-08-03 00:00:00+00:00,1754179200000,0.3672,0.4033,0.3613,0.3994,97452520.0
2025-08-04 00:00:00+00:00,1754265600000,0.3993,0.425,0.3971,0.4137,133915241.0
2025-08-05 00:00:00+00:00,1754352000000,0.4136,0.4188,0.3914,0.3959,104481064.0
2025-08-06 00:00:00+00:00,1754438400000,0.3959,0.4026,0.385,0.4001,71066079.0
2025-08-07 00:00:00+00:00,1754524800000,0.4002,0.4411,0.3964,0.4395,114487585.0
2025-08-08 00:00:00+00:00,1754611200000,0.4395,0.4689,0.4364,0.45,235689852.0
2025-08-09 00:00:00+00:00,1754697600000,0.45,0.457,0.4448,0.4469,75473818.0
2025-08-10 00:00:00+00:00,1754784000000,0.4469,0.4568,0.4332,0.4446,79686106.0
2025-08-11 00:00:00+00:00,1754870400000,0.4447,0.4612,0.4276,0.4305,137396760.0
2025-08-12 00:00:00+00:00,1754956800000,0.4304,0.456,0.4298,0.4493,85640329.0
2025-08-13 00:00:00+00:00,1755043200000,0.4493,0.4597,0.4404,0.4519,105488662.0
2025-08-14 00:00:00+00:00,1755129600000,0.452,0.4716,0.4098,0.4235,202221183.0
2025-08-15 00:00:00+00:00,1755216000000,0.4235,0.4333,0.4116,0.4303,91017068.0
2025-08-16 00:00:00+00:00,1755302400000,0.4303,0.433,0.4224,0.4265,37265886.0
2025-08-17 00:00:00+00:00,1755388800000,0.4265,0.4342,0.4232,0.4245,49451661.0
2025-08-18 00:00:00+00:00,1755475200000,0.4245,0.425,0.4032,0.4145,78400574.0
2025-08-19 00:00:00+00:00,1755561600000,0.4145,0.4184,0.3898,0.3908,66645847.0
2025-08-20 00:00:00+00:00,1755648000000,0.3909,0.4084,0.3872,0.4046,67630033.0
2025-08-21 00:00:00+00:00,1755734400000,0.4046,0.4075,0.3896,0.3913,54460025.0
2025-08-22 00:00:00+00:00,1755820800000,0.3912,0.4291,0.3808,0.4249,124671764.0
2025-08-23 00:00:00+00:00,1755907200000,0.4248,0.4251,0.4096,0.4167,56264839.0
2025-08-24 00:00:00+00:00,1755993600000,0.4167,0.4241,0.4023,0.4079,73418290.0
2025-08-25 00:00:00+00:00,1756080000000,0.4079,0.411,0.3773,0.3842,82877563.0
2025-08-26 00:00:00+00:00,1756166400000,0.3842,0.3998,0.382,0.3946,100404181.0
2025-08-27 00:00:00+00:00,1756252800000,0.3946,0.3947,0.3777,0.379,141787241.0
2025-08-28 00:00:00+00:00,1756339200000,0.379,0.3874,0.3741,0.3822,64882669.0
2025-08-29 00:00:00+00:00,1756425600000,0.3822,0.3824,0.3548,0.3614,107921025.0
2025-08-30 00:00:00+00:00,1756512000000,0.3613,0.3625,0.3518,0.36,45077663.0
2025-08-31 00:00:00+00:00,1756598400000,0.36,0.3649,0.3521,0.3528,36067170.0
2025-09-01 00:00:00+00:00,1756684800000,0.3527,0.364,0.3442,0.3574,96211360.0
2025-09-02 00:00:00+00:00,1756771200000,0.3575,0.3681,0.354,0.3681,75771669.0
2025-09-03 00:00:00+00:00,1756857600000,0.3681,0.3688,0.3604,0.3622,47903842.0
2025-09-04 00:00:00+00:00,1756944000000,0.3622,0.3634,0.3507,0.352,43658960.0
2025-09-05 00:00:00+00:00,1757030400000,0.352,0.369,0.3507,0.3596,54645709.0
2025-09-06 00:00:00+00:00,1757116800000,0.3596,0.3614,0.353,0.3558,21474929.0
2025-09-07 00:00:00+00:00,1757203200000,0.3558,0.3659,0.3554,0.3616,44018526.0
2025-09-08 00:00:00+00:00,1757289600000,0.3616,0.3849,0.3584,0.3776,95308051.0
2025-09-09 00:00:00+00:00,1757376000000,0.3777,0.3868,0.3705,0.3723,78315619.0
2025-09-10 00:00:00+00:00,1757462400000,0.3722,0.386,0.3699,0.3833,45530789.0
2025-09-11 00:00:00+00:00,1757548800000,0.3834,0.3966,0.3829,0.3961,72375326.0
2025-09-12 00:00:00+00:00,1757635200000,0.3961,0.4054,0.39,0.4046,59250633.0
2025-09-13 00:00:00+00:00,1757721600000,0.4047,0.4143,0.3998,0.405,66821726.0
2025-09-14 00:00:00+00:00,1757808000000,0.405,0.4056,0.3839,0.3896,53878172.0
2025-09-15 00:00:00+00:00,1757894400000,0.3896,0.3947,0.3739,0.3805,68418806.0
2025-09-16 00:00:00+00:00,1757980800000,0.3806,0.3919,0.3745,0.3839,68098112.0
2025-09-17 00:00:00+00:00,1758067200000,0.384,0.3985,0.3796,0.3954,58260250.0
2025-09-18 00:00:00+00:00,1758153600000,0.3955,0.4047,0.3921,0.3963,68816040.0
2025-09-19 00:00:00+00:00,1758240000000,0.3962,0.3999,0.3854,0.388,47004175.0
2025-09-20 00:00:00+00:00,1758326400000,0.388,0.3939,0.3849,0.3861,25807230.0
2025-09-21 00:00:00+00:00,1758412800000,0.3862,0.3907,0.379,0.3797,29899374.0
2025-09-22 00:00:00+00:00,1758499200000,0.3797,0.3806,0.3437,0.3683,106270321.0
2025-09-23 00:00:00+00:00,1758585600000,0.3684,0.3747,0.3612,0.3645,45301254.0
2025-09-24 00:00:00+00:00,1758672000000,0.3646,0.3814,0.3571,0.3746,54235947.0
2025-09-25 00:00:00+00:00,1758758400000,0.3747,0.3769,0.3467,0.3505,85476787.0
2025-09-26 00:00:00+00:00,1758844800000,0.3506,0.364,0.3458,0.3619,64689574.0
2025-09-27 00:00:00+00:00,1758931200000,0.3619,0.3632,0.3564,0.3608,20985398.0
2025-09-28 00:00:00+00:00,1759017600000,0.3608,0.369,0.3519,0.3676,26086795.0
2025-09-29 00:00:00+00:00,1759104000000,0.3677,0.3769,0.3633,0.3718,52209591.0
2025-09-30 00:00:00+00:00,1759190400000,0.3718,0.3734,0.3578,0.364,42222294.0
