datetime,timestamp,open,high,low,close,volume
2020-01-01 00:00:00+00:00,1577836800000,1.3532,1.3745,1.3217,1.37,1197263.77
2020-01-02 00:00:00+00:00,1577923200000,1.37,1.3783,1.23,1.2428,2104119.58
2020-01-03 00:00:00+00:00,1578009600000,1.2419,1.3072,1.233,1.2785,2231454.57
2020-01-04 00:00:00+00:00,1578096000000,1.2798,1.2899,1.2216,1.2557,2072266.71
2020-01-05 00:00:00+00:00,1578182400000,1.2563,1.2808,1.2345,1.2545,1634808.71
2020-01-06 00:00:00+00:00,1578268800000,1.2547,1.34,1.2526,1.3047,2339692.45
2020-01-07 00:00:00+00:00,1578355200000,1.3031,1.3323,1.2517,1.2929,2943258.42
2020-01-08 00:00:00+00:00,1578441600000,1.2969,1.395,1.2765,1.3307,3138359.5
2020-01-09 00:00:00+00:00,1578528000000,1.3315,1.3663,1.2633,1.2811,2319186.71
2020-01-10 00:00:00+00:00,1578614400000,1.2797,1.3488,1.255,1.3064,1942752.52
2020-01-11 00:00:00+00:00,1578700800000,1.3065,1.35,1.2955,1.3041,1506803.8
2020-01-12 00:00:00+00:00,1578787200000,1.304,1.3195,1.295,1.3072,552038.21
2020-01-13 00:00:00+00:00,1578873600000,1.3071,1.3071,1.256,1.2743,1277806.35
2020-01-14 00:00:00+00:00,1578960000000,1.2743,1.3471,1.2717,1.3248,3118476.85
2020-01-15 00:00:00+00:00,1579046400000,1.3254,1.4076,1.2837,1.3453,3425836.51
2020-01-16 00:00:00+00:00,1579132800000,1.3453,1.54,1.3005,1.4936,3471285.45
2020-01-17 00:00:00+00:00,1579219200000,1.4957,1.54,1.4198,1.477,3747032.54
2020-01-18 00:00:00+00:00,1579305600000,1.4729,1.55,1.4172,1.4806,1742968.44
2020-01-19 00:00:00+00:00,1579392000000,1.4796,1.528,1.36,1.4267,2150794.6
2020-01-20 00:00:00+00:00,1579478400000,1.423,1.593,1.4068,1.5929,3214303.24
2020-01-21 00:00:00+00:00,1579564800000,1.5929,1.6195,1.498,1.536,2510293.13
2020-01-22 00:00:00+00:00,1579651200000,1.5337,1.6444,1.5278,1.5937,2156529.47
2020-01-23 00:00:00+00:00,1579737600000,1.5949,1.6263,1.4955,1.5591,3095923.93
2020-01-24 00:00:00+00:00,1579824000000,1.56,1.5709,1.4955,1.5144,1561561.46
2020-01-25 00:00:00+00:00,1579910400000,1.5123,1.545,1.4562,1.4947,1236040.65
2020-01-26 00:00:00+00:00,1579996800000,1.4918,1.53,1.4689,1.5256,905281.83
2020-01-27 00:00:00+00:00,1580083200000,1.5256,1.548,1.4854,1.5207,1516861.22
2020-01-28 00:00:00+00:00,1580169600000,1.5204,1.58,1.508,1.5508,2120790.08
2020-01-29 00:00:00+00:00,1580256000000,1.551,1.6881,1.5388,1.5698,3148389.67
2020-01-30 00:00:00+00:00,1580342400000,1.57,1.71,1.5574,1.6773,3231067.18
2020-01-31 00:00:00+00:00,1580428800000,1.6821,1.724,1.6455,1.6564,1693086.42
2020-02-01 00:00:00+00:00,1580515200000,1.6586,1.749,1.6549,1.749,1001361.56
2020-02-02 00:00:00+00:00,1580601600000,1.7483,2.0094,1.6921,1.929,4545752.51
2020-02-03 00:00:00+00:00,1580688000000,1.9261,2.1099,1.87,1.9968,5610211.92
2020-02-04 00:00:00+00:00,1580774400000,1.9966,2.04,1.8865,1.923,3626126.37
2020-02-05 00:00:00+00:00,1580860800000,1.9232,2.2329,1.9109,2.1441,5400381.76
2020-02-06 00:00:00+00:00,1580947200000,2.1441,2.25,2.1173,2.1691,3974903.51
2020-02-07 00:00:00+00:00,1581033600000,2.1692,2.264,2.1577,2.19,2557921.12
2020-02-08 00:00:00+00:00,1581120000000,2.1899,2.3197,2.01,2.2947,3120608.05
2020-02-09 00:00:00+00:00,1581206400000,2.2947,2.749,2.282,2.6423,8144445.7
2020-02-10 00:00:00+00:00,1581292800000,2.6421,2.7384,2.4614,2.622,7522374.64
2020-02-11 00:00:00+00:00,1581379200000,2.6219,2.9587,2.5452,2.9114,5927393.9
2020-02-12 00:00:00+00:00,1581465600000,2.9114,3.6089,2.9061,3.3001,12377803.6
2020-02-13 00:00:00+00:00,1581552000000,3.3001,3.392,2.9115,3.1239,8453920.85
2020-02-14 00:00:00+00:00,1581638400000,3.116,3.5576,3.0354,3.4797,6986498.81
2020-02-15 00:00:00+00:00,1581724800000,3.4786,3.5499,2.9689,3.2048,7005501.89
2020-02-16 00:00:00+00:00,1581811200000,3.2048,3.3,2.748,3.2499,7678599.84
2020-02-17 00:00:00+00:00,1581897600000,3.25,3.25,2.7528,3.1609,8414339.74
2020-02-18 00:00:00+00:00,1581984000000,3.161,3.5566,3.0892,3.4328,8915736.64
2020-02-19 00:00:00+00:00,1582070400000,3.4369,3.96,3.3394,3.5539,10763239.27
2020-02-20 00:00:00+00:00,1582156800000,3.5443,3.8999,3.4381,3.6124,12186974.5
2020-02-21 00:00:00+00:00,1582243200000,3.6102,3.76,3.3792,3.4818,7796198.54
2020-02-22 00:00:00+00:00,1582329600000,3.48,3.535,3.2415,3.2998,7279612.89
2020-02-23 00:00:00+00:00,1582416000000,3.3048,3.59,3.2992,3.52,5561240.55
2020-02-24 00:00:00+00:00,1582502400000,3.5201,3.529,2.94,3.185,10892663.75
2020-02-25 00:00:00+00:00,1582588800000,3.1832,3.1993,2.7111,2.8118,11997006.37
2020-02-26 00:00:00+00:00,1582675200000,2.807,2.99,2.526,2.7539,20893275.64
2020-02-27 00:00:00+00:00,1582761600000,2.7539,2.9954,2.47,2.8,17400746.58
2020-02-28 00:00:00+00:00,1582848000000,2.8,2.91,2.6205,2.7845,9905823.29
2020-02-29 00:00:00+00:00,1582934400000,2.7848,2.999,2.7273,2.7329,8293419.55
2020-03-01 00:00:00+00:00,1583020800000,2.7331,2.8498,2.57,2.6135,7555141.54
2020-03-02 00:00:00+00:00,1583107200000,2.6137,2.8911,2.5505,2.8001,8623136.35
2020-03-03 00:00:00+00:00,1583193600000,2.8021,2.8238,2.6388,2.7595,7966389.28
2020-03-04 00:00:00+00:00,1583280000000,2.7609,3.1,2.731,3.1,12333130.39
2020-03-05 00:00:00+00:00,1583366400000,3.1,3.3269,2.9764,3.0895,14837727.49
2020-03-06 00:00:00+00:00,1583452800000,3.0883,3.2326,3.0,3.1748,7638999.17
2020-03-07 00:00:00+00:00,1583539200000,3.1739,3.2658,2.9713,2.9857,7757181.16
2020-03-08 00:00:00+00:00,1583625600000,2.9857,2.9877,2.557,2.5894,12501897.25
2020-03-09 00:00:00+00:00,1583712000000,2.5897,2.6697,2.26,2.5396,14436618.29
2020-03-10 00:00:00+00:00,1583798400000,2.5404,2.75,2.4756,2.5943,12816586.16
2020-03-11 00:00:00+00:00,1583884800000,2.5929,2.6836,2.2807,2.5102,10472658.93
2020-03-12 00:00:00+00:00,1583971200000,2.5101,2.5237,1.2816,1.319,34346233.08
2020-03-13 00:00:00+00:00,1584057600000,1.3193,1.9498,0.95,1.7674,42775465.86
2020-03-14 00:00:00+00:00,1584144000000,1.7592,1.84,1.533,1.5859,13656877.52
2020-03-15 00:00:00+00:00,1584230400000,1.5809,1.7648,1.4249,1.5452,14590963.26
2020-03-16 00:00:00+00:00,1584316800000,1.5446,1.5446,1.12,1.3232,25566454.19
2020-03-17 00:00:00+00:00,1584403200000,1.3232,1.48,1.2851,1.3645,15960426.82
2020-03-18 00:00:00+00:00,1584489600000,1.364,1.4206,1.2823,1.3998,12819920.87
2020-03-19 00:00:00+00:00,1584576000000,1.3986,1.74,1.3567,1.6319,19257420.4
2020-03-20 00:00:00+00:00,1584662400000,1.6316,1.8802,1.48,1.6825,18832288.86
2020-03-21 00:00:00+00:00,1584748800000,1.6832,1.7669,1.5749,1.6619,12582936.72
2020-03-22 00:00:00+00:00,1584835200000,1.6596,1.7176,1.45,1.4725,11507395.78
2020-03-23 00:00:00+00:00,1584921600000,1.4721,1.6991,1.4432,1.6777,11947435.26
2020-03-24 00:00:00+00:00,1585008000000,1.6752,1.7818,1.6167,1.7611,12744951.4
2020-03-25 00:00:00+00:00,1585094400000,1.7594,1.7917,1.6427,1.711,10075575.41
2020-03-26 00:00:00+00:00,1585180800000,1.713,1.76,1.7,1.7546,4770709.83
2020-03-27 00:00:00+00:00,1585267200000,1.7553,1.7808,1.565,1.5874,7126460.8
2020-03-28 00:00:00+00:00,1585353600000,1.5853,1.6136,1.5051,1.5617,7053279.98
2020-03-29 00:00:00+00:00,1585440000000,1.5617,1.5795,1.462,1.4684,3984238.43
2020-03-30 00:00:00+00:00,1585526400000,1.4681,1.66,1.4619,1.6066,6206175.53
2020-03-31 00:00:00+00:00,1585612800000,1.6063,1.6384,1.5471,1.607,4635979.16
2020-04-01 00:00:00+00:00,1585699200000,1.6085,1.6334,1.5204,1.6089,5734595.32
2020-04-02 00:00:00+00:00,1585785600000,1.6071,1.8,1.581,1.6671,12746371.69
2020-04-03 00:00:00+00:00,1585872000000,1.6652,1.7791,1.6485,1.6753,8512027.52
2020-04-04 00:00:00+00:00,1585958400000,1.6764,1.73,1.652,1.6957,5261212.94
2020-04-05 00:00:00+00:00,1586044800000,1.6975,1.7069,1.6619,1.665,3187977.58
2020-04-06 00:00:00+00:00,1586131200000,1.6633,1.9145,1.6578,1.9145,11231886.76
2020-04-07 00:00:00+00:00,1586217600000,1.9149,2.0991,1.8668,1.9609,22696228.1
2020-04-08 00:00:00+00:00,1586304000000,1.9584,2.1759,1.9233,2.1427,14206350.4
2020-04-09 00:00:00+00:00,1586390400000,2.1452,2.18,1.985,2.1078,14207880.56
2020-04-10 00:00:00+00:00,1586476800000,2.1078,2.1148,1.81,1.9078,16843124.37
2020-04-11 00:00:00+00:00,1586563200000,1.9063,2.0429,1.8866,1.9735,9767767.25
2020-04-12 00:00:00+00:00,1586649600000,1.9753,2.0644,1.887,2.0042,11814253.57
2020-04-13 00:00:00+00:00,1586736000000,2.0024,2.0043,1.8392,1.9353,9693142.95
2020-04-14 00:00:00+00:00,1586822400000,1.9347,1.9955,1.9029,1.9455,6244987.46
2020-04-15 00:00:00+00:00,1586908800000,1.9449,1.9769,1.8887,1.8989,5564540.59
2020-04-16 00:00:00+00:00,1586995200000,1.8989,2.1393,1.8387,2.1062,11388397.95
2020-04-17 00:00:00+00:00,1587081600000,2.1065,2.1584,2.06,2.087,9030262.44
2020-04-18 00:00:00+00:00,1587168000000,2.0855,2.3762,2.0844,2.3272,10913578.92
2020-04-19 00:00:00+00:00,1587254400000,2.3254,2.3698,2.207,2.2421,9705060.84
2020-04-20 00:00:00+00:00,1587340800000,2.2423,2.349,2.0581,2.1263,14701024.49
2020-04-21 00:00:00+00:00,1587427200000,2.1247,2.2068,2.0776,2.1468,8808735.77
2020-04-22 00:00:00+00:00,1587513600000,2.146,2.3489,2.1367,2.337,9208382.72
2020-04-23 00:00:00+00:00,1587600000000,2.337,2.592,2.3048,2.498,15265008.62
2020-04-24 00:00:00+00:00,1587686400000,2.498,2.7693,2.4939,2.7148,15577990.63
2020-04-25 00:00:00+00:00,1587772800000,2.714,2.898,2.6328,2.8586,9345445.7
2020-04-26 00:00:00+00:00,1587859200000,2.8585,2.8594,2.7268,2.7637,7458755.23
2020-04-27 00:00:00+00:00,1587945600000,2.7684,2.7922,2.55,2.7419,10774824.73
2020-04-28 00:00:00+00:00,1588032000000,2.7422,2.82,2.6585,2.7432,8362810.07
2020-04-29 00:00:00+00:00,1588118400000,2.7451,3.0254,2.7401,2.9353,14620747.06
2020-04-30 00:00:00+00:00,1588204800000,2.9365,3.0418,2.6623,2.7526,13302383.97
2020-05-01 00:00:00+00:00,1588291200000,2.7512,2.9488,2.7504,2.7975,8774472.66
2020-05-02 00:00:00+00:00,1588377600000,2.797,2.8657,2.7728,2.8349,4399599.18
2020-05-03 00:00:00+00:00,1588464000000,2.8349,2.8749,2.6764,2.736,6004512.26
2020-05-04 00:00:00+00:00,1588550400000,2.7361,2.8471,2.5903,2.7766,10071500.6
2020-05-05 00:00:00+00:00,1588636800000,2.7765,2.8295,2.6938,2.7502,6069343.28
2020-05-06 00:00:00+00:00,1588723200000,2.75,2.8047,2.64,2.6574,5183119.13
2020-05-07 00:00:00+00:00,1588809600000,2.6574,2.8047,2.61,2.718,6503847.76
2020-05-08 00:00:00+00:00,1588896000000,2.7162,2.821,2.6782,2.75,5898482.97
2020-05-09 00:00:00+00:00,1588982400000,2.75,2.9655,2.7232,2.8106,7834560.42
2020-05-10 00:00:00+00:00,1589068800000,2.8104,2.8186,2.2131,2.5536,13627213.35
2020-05-11 00:00:00+00:00,1589155200000,2.5547,2.5936,2.2625,2.426,10968322.57
2020-05-12 00:00:00+00:00,1589241600000,2.4232,2.58,2.4049,2.5103,5994332.03
2020-05-13 00:00:00+00:00,1589328000000,2.5091,2.5891,2.4823,2.5696,4034690.25
2020-05-14 00:00:00+00:00,1589414400000,2.5696,2.6167,2.4915,2.545,5733416.98
2020-05-15 00:00:00+00:00,1589500800000,2.546,2.552,2.4415,2.4901,4464629.8
2020-05-16 00:00:00+00:00,1589587200000,2.4893,2.6577,2.4725,2.6262,4858847.09
2020-05-17 00:00:00+00:00,1589673600000,2.6286,2.6921,2.5999,2.6234,3841976.22
2020-05-18 00:00:00+00:00,1589760000000,2.6234,2.7715,2.6202,2.753,5020715.71
2020-05-19 00:00:00+00:00,1589846400000,2.7542,2.8372,2.6329,2.8353,4841487.3
2020-05-20 00:00:00+00:00,1589932800000,2.8353,2.8975,2.7135,2.824,5277769.06
2020-05-21 00:00:00+00:00,1590019200000,2.822,2.8582,2.57,2.6435,5217533.14
2020-05-22 00:00:00+00:00,1590105600000,2.6449,2.8661,2.6061,2.7971,4777117.79
2020-05-23 00:00:00+00:00,1590192000000,2.7995,2.8315,2.7259,2.7594,2670481.52
2020-05-24 00:00:00+00:00,1590278400000,2.7598,2.8324,2.6403,2.6433,3676142.16
2020-05-25 00:00:00+00:00,1590364800000,2.6404,2.7439,2.623,2.736,2936320.34
2020-05-26 00:00:00+00:00,1590451200000,2.7344,2.7627,2.6538,2.6965,2763166.91
2020-05-27 00:00:00+00:00,1590537600000,2.696,2.7559,2.6753,2.7093,2146034.83
2020-05-28 00:00:00+00:00,1590624000000,2.7078,2.85,2.6809,2.8319,3217819.2
2020-05-29 00:00:00+00:00,1590710400000,2.831,2.91,2.7944,2.8729,5400893.79
2020-05-30 00:00:00+00:00,1590796800000,2.875,2.9689,2.8181,2.9241,5577899.67
2020-05-31 00:00:00+00:00,1590883200000,2.922,2.9651,2.7722,2.806,4969294.24
2020-06-01 00:00:00+00:00,1590969600000,2.806,3.0042,2.7793,2.9664,5916123.46
2020-06-02 00:00:00+00:00,1591056000000,2.9662,3.1317,2.7,2.8961,8912680.76
2020-06-03 00:00:00+00:00,1591142400000,2.894,3.0763,2.83,3.0415,4526783.54
2020-06-04 00:00:00+00:00,1591228800000,3.041,3.084,2.9035,2.9975,4682043.84
2020-06-05 00:00:00+00:00,1591315200000,2.9979,3.0217,2.9166,2.9333,2590841.09
2020-06-06 00:00:00+00:00,1591401600000,2.9325,2.9716,2.9035,2.9241,1461632.38
2020-06-07 00:00:00+00:00,1591488000000,2.9241,2.9372,2.8059,2.885,3123288.19
2020-06-08 00:00:00+00:00,1591574400000,2.885,2.95,2.8633,2.9431,1775700.31
2020-06-09 00:00:00+00:00,1591660800000,2.9456,2.9621,2.8662,2.9014,2071631.11
2020-06-10 00:00:00+00:00,1591747200000,2.9028,2.9284,2.8536,2.8862,2761479.21
2020-06-11 00:00:00+00:00,1591833600000,2.8858,2.9075,2.5017,2.6133,6525662.58
2020-06-12 00:00:00+00:00,1591920000000,2.6133,2.763,2.59,2.6655,4186894.41
2020-06-13 00:00:00+00:00,1592006400000,2.668,2.7238,2.6378,2.6953,1585551.33
2020-06-14 00:00:00+00:00,1592092800000,2.6955,2.699,2.5526,2.5883,1506020.99
2020-06-15 00:00:00+00:00,1592179200000,2.5863,2.6841,2.3902,2.6279,3864361.25
2020-06-16 00:00:00+00:00,1592265600000,2.6279,2.6714,2.5643,2.613,2307407.82
2020-06-17 00:00:00+00:00,1592352000000,2.6138,2.6956,2.545,2.6791,2987433.74
2020-06-18 00:00:00+00:00,1592438400000,2.6791,2.783,2.5522,2.6625,6237304.82
2020-06-19 00:00:00+00:00,1592524800000,2.6634,2.7174,2.6111,2.6247,3630285.65
2020-06-20 00:00:00+00:00,1592611200000,2.6234,2.6561,2.533,2.6162,2117363.13
2020-06-21 00:00:00+00:00,1592697600000,2.6149,2.6315,2.5758,2.5895,1224225.08
2020-06-22 00:00:00+00:00,1592784000000,2.5898,2.7059,2.5749,2.68,2202920.15
2020-06-23 00:00:00+00:00,1592870400000,2.6816,2.7955,2.6354,2.7837,4716888.2
2020-06-24 00:00:00+00:00,1592956800000,2.783,2.86,2.582,2.6265,6945210.09
2020-06-25 00:00:00+00:00,1593043200000,2.626,2.652,2.524,2.579,3537435.94
2020-06-26 00:00:00+00:00,1593129600000,2.5781,2.5801,2.4437,2.4849,6152130.24
2020-06-27 00:00:00+00:00,1593216000000,2.4867,2.4952,2.25,2.3132,5058239.17
2020-06-28 00:00:00+00:00,1593302400000,2.3133,2.4343,2.2836,2.3679,3054341.23
2020-06-29 00:00:00+00:00,1593388800000,2.3701,2.4431,2.3429,2.4122,2648944.2
2020-06-30 00:00:00+00:00,1593475200000,2.4113,2.4171,2.354,2.3576,1929727.79
2020-07-01 00:00:00+00:00,1593561600000,2.3584,2.4463,2.335,2.3985,2954992.78
2020-07-02 00:00:00+00:00,1593648000000,2.4002,2.4071,2.2712,2.3347,3181763.78
2020-07-03 00:00:00+00:00,1593734400000,2.3332,2.3517,2.2716,2.2764,2696463.25
2020-07-04 00:00:00+00:00,1593820800000,2.2746,2.3546,2.27,2.3294,1815279.4
2020-07-05 00:00:00+00:00,1593907200000,2.3283,2.3296,2.208,2.2844,2847471.3
2020-07-06 00:00:00+00:00,1593993600000,2.2864,2.4643,2.2656,2.4388,4277815.55
2020-07-07 00:00:00+00:00,1594080000000,2.44,2.5885,2.4037,2.5105,5995657.38
2020-07-08 00:00:00+00:00,1594166400000,2.5105,2.6949,2.4813,2.652,7137033.64
2020-07-09 00:00:00+00:00,1594252800000,2.65,2.655,2.4566,2.531,6133723.33
2020-07-10 00:00:00+00:00,1594339200000,2.531,2.5893,2.4123,2.5434,4738087.57
2020-07-11 00:00:00+00:00,1594425600000,2.5446,2.7281,2.508,2.682,8129915.18
2020-07-12 00:00:00+00:00,1594512000000,2.6846,2.8435,2.579,2.8221,8993238.0
2020-07-13 00:00:00+00:00,1594598400000,2.824,3.1656,2.7301,2.8999,28432184.81
2020-07-14 00:00:00+00:00,1594684800000,2.8999,3.0577,2.65,2.9557,17643592.77
2020-07-15 00:00:00+00:00,1594771200000,2.9576,3.2247,2.8545,3.215,20177014.67
2020-07-16 00:00:00+00:00,1594857600000,3.2158,3.33,2.9393,3.101,27940156.62
2020-07-17 00:00:00+00:00,1594944000000,3.0988,3.2283,3.0045,3.17,10953166.57
2020-07-18 00:00:00+00:00,1595030400000,3.17,3.1719,2.955,3.0079,8949150.27
2020-07-19 00:00:00+00:00,1595116800000,3.01,3.0567,2.8748,2.9825,6603205.16
2020-07-20 00:00:00+00:00,1595203200000,2.9865,2.99,2.65,2.7682,7217857.58
2020-07-21 00:00:00+00:00,1595289600000,2.7662,3.0869,2.7402,3.0227,9566379.86
2020-07-22 00:00:00+00:00,1595376000000,3.0213,3.1362,2.9213,3.1057,6506792.74
2020-07-23 00:00:00+00:00,1595462400000,3.1057,3.2329,3.0359,3.1881,8773163.73
2020-07-24 00:00:00+00:00,1595548800000,3.1897,3.1985,2.9904,3.0306,8134878.85
2020-07-25 00:00:00+00:00,1595635200000,3.0294,3.1146,3.0166,3.0579,6723244.0
2020-07-26 00:00:00+00:00,1595721600000,3.0603,3.1113,2.9,2.9859,8266180.95
2020-07-27 00:00:00+00:00,1595808000000,2.9839,2.9839,2.6326,2.8275,15628272.12
2020-07-28 00:00:00+00:00,1595894400000,2.8262,2.8955,2.72,2.8323,7213659.56
2020-07-29 00:00:00+00:00,1595980800000,2.8326,2.9529,2.752,2.781,5520233.25
2020-07-30 00:00:00+00:00,1596067200000,2.7804,2.8519,2.7349,2.8027,4340840.37
2020-07-31 00:00:00+00:00,1596153600000,2.8026,2.9064,2.7817,2.8401,4617333.14
2020-08-01 00:00:00+00:00,1596240000000,2.842,3.0789,2.821,3.039,8238346.09
2020-08-02 00:00:00+00:00,1596326400000,3.0389,3.14,2.6445,2.893,14751858.58
2020-08-03 00:00:00+00:00,1596412800000,2.8935,3.091,2.84,3.0703,10298556.19
2020-08-04 00:00:00+00:00,1596499200000,3.0704,3.328,3.0704,3.2438,17026461.5
2020-08-05 00:00:00+00:00,1596585600000,3.2443,3.2622,3.0705,3.1115,8902129.39
2020-08-06 00:00:00+00:00,1596672000000,3.1116,3.3831,3.0967,3.2287,12759366.34
2020-08-07 00:00:00+00:00,1596758400000,3.2273,3.2877,2.93,3.081,10353305.02
2020-08-08 00:00:00+00:00,1596844800000,3.0795,3.4925,3.0262,3.382,13808454.05
2020-08-09 00:00:00+00:00,1596931200000,3.382,3.7829,3.2768,3.6924,19986487.42
2020-08-10 00:00:00+00:00,1597017600000,3.6915,4.3184,3.422,4.2558,25577030.59
2020-08-11 00:00:00+00:00,1597104000000,4.2577,4.4299,3.75,4.01,26537153.37
2020-08-12 00:00:00+00:00,1597190400000,4.0114,4.4671,3.6251,4.3605,24485813.45
2020-08-13 00:00:00+00:00,1597276800000,4.3607,4.4936,3.94,4.1356,19346083.26
2020-08-14 00:00:00+00:00,1597363200000,4.1357,4.2349,4.0062,4.1094,9444717.81
2020-08-15 00:00:00+00:00,1597449600000,4.1091,4.32,3.89,4.0675,13574782.16
2020-08-16 00:00:00+00:00,1597536000000,4.0677,4.385,4.001,4.2401,11022270.12
2020-08-17 00:00:00+00:00,1597622400000,4.2374,4.256,4.0139,4.0323,8682230.96
2020-08-18 00:00:00+00:00,1597708800000,4.0367,4.17,3.69,3.832,10645224.61
2020-08-19 00:00:00+00:00,1597795200000,3.8321,3.93,3.4178,3.6247,17203136.83
2020-08-20 00:00:00+00:00,1597881600000,3.6295,3.939,3.5036,3.8546,11260884.14
2020-08-21 00:00:00+00:00,1597968000000,3.858,3.9149,3.3314,3.3885,13354780.79
2020-08-22 00:00:00+00:00,1598054400000,3.3847,3.6229,3.2571,3.5758,8825469.29
2020-08-23 00:00:00+00:00,1598140800000,3.5726,3.6234,3.3596,3.5188,7221233.96
2020-08-24 00:00:00+00:00,1598227200000,3.5173,3.8051,3.4413,3.6791,10548960.31
2020-08-25 00:00:00+00:00,1598313600000,3.6797,3.7039,3.2929,3.4347,10112911.66
2020-08-26 00:00:00+00:00,1598400000000,3.4343,3.51,3.2958,3.3666,7180634.93
2020-08-27 00:00:00+00:00,1598486400000,3.3662,3.4184,3.0955,3.2235,9782268.22
2020-08-28 00:00:00+00:00,1598572800000,3.2247,3.3148,3.132,3.2635,5905245.6
2020-08-29 00:00:00+00:00,1598659200000,3.2626,3.4417,3.2111,3.3512,5574300.67
2020-08-30 00:00:00+00:00,1598745600000,3.35,3.4407,3.3265,3.3861,5315886.97
2020-08-31 00:00:00+00:00,1598832000000,3.3872,3.4698,3.2379,3.2432,6018602.53
2020-09-01 00:00:00+00:00,1598918400000,3.2432,3.5195,3.1807,3.4448,8789953.1
2020-09-02 00:00:00+00:00,1599004800000,3.443,3.473,2.89,3.1399,10433482.44
2020-09-03 00:00:00+00:00,1599091200000,3.1391,3.1409,2.44,2.5528,13384043.3
2020-09-04 00:00:00+00:00,1599177600000,2.5539,2.8523,2.38,2.7418,10426533.57
2020-09-05 00:00:00+00:00,1599264000000,2.7429,2.829,2.31,2.4821,13487614.01
2020-09-06 00:00:00+00:00,1599350400000,2.4817,2.6282,2.3343,2.5495,6570725.17
2020-09-07 00:00:00+00:00,1599436800000,2.5484,2.5929,2.3556,2.5582,5838693.02
2020-09-08 00:00:00+00:00,1599523200000,2.5587,2.6481,2.4,2.5015,7254892.48
2020-09-09 00:00:00+00:00,1599609600000,2.5015,2.6,2.4131,2.5283,4490038.35
2020-09-10 00:00:00+00:00,1599696000000,2.5275,2.6648,2.5271,2.5757,4908956.16
2020-09-11 00:00:00+00:00,1599782400000,2.574,2.6519,2.466,2.5691,3948909.85
2020-09-12 00:00:00+00:00,1599868800000,2.5721,2.6389,2.47,2.5978,3751327.83
2020-09-13 00:00:00+00:00,1599955200000,2.5999,2.7434,2.5277,2.6249,5765058.99
2020-09-14 00:00:00+00:00,1600041600000,2.6248,2.6997,2.5357,2.6122,3562790.86
2020-09-15 00:00:00+00:00,1600128000000,2.6143,2.6791,2.4968,2.5002,4695890.61
2020-09-16 00:00:00+00:00,1600214400000,2.5001,2.5367,2.4136,2.4711,4496091.12
2020-09-17 00:00:00+00:00,1600300800000,2.47,2.5605,2.441,2.472,2819343.21
2020-09-18 00:00:00+00:00,1600387200000,2.472,2.5172,2.3243,2.3894,3821314.85
2020-09-19 00:00:00+00:00,1600473600000,2.3886,2.3927,2.2628,2.319,3573392.73
2020-09-20 00:00:00+00:00,1600560000000,2.32,2.3895,2.1593,2.2196,4326577.17
2020-09-21 00:00:00+00:00,1600646400000,2.2188,2.2654,1.9117,1.9727,9863498.82
2020-09-22 00:00:00+00:00,1600732800000,1.9753,2.1846,1.9621,2.1072,6914000.42
2020-09-23 00:00:00+00:00,1600819200000,2.1077,2.1519,1.9158,1.9532,7161995.04
2020-09-24 00:00:00+00:00,1600905600000,1.9534,2.1816,1.9362,2.1552,5270029.21
2020-09-25 00:00:00+00:00,1600992000000,2.1545,2.2788,2.1,2.21,4925274.54
2020-09-26 00:00:00+00:00,1601078400000,2.21,2.2409,2.1386,2.1701,4201234.29
2020-09-27 00:00:00+00:00,1601164800000,2.1689,2.2245,2.0937,2.1769,2863177.03
2020-09-28 00:00:00+00:00,1601251200000,2.1768,2.3654,2.1751,2.2449,5232041.39
2020-09-29 00:00:00+00:00,1601337600000,2.2465,2.2821,2.1302,2.2305,3943123.92
2020-09-30 00:00:00+00:00,1601424000000,2.2305,2.2377,2.1366,2.2004,3028649.83
2020-10-01 00:00:00+00:00,1601510400000,2.1987,2.2986,2.1299,2.1922,4010431.17
2020-10-02 00:00:00+00:00,1601596800000,2.1923,2.21,2.0129,2.0867,4363813.06
2020-10-03 00:00:00+00:00,1601683200000,2.0872,2.1435,2.0696,2.1143,1848281.58
2020-10-04 00:00:00+00:00,1601769600000,2.1125,2.1508,2.0855,2.1113,2036877.49
2020-10-05 00:00:00+00:00,1601856000000,2.1113,2.167,2.0776,2.1429,1882710.17
2020-10-06 00:00:00+00:00,1601942400000,2.1427,2.2468,2.0057,2.0612,4939362.69
2020-10-07 00:00:00+00:00,1602028800000,2.0609,2.128,2.0336,2.0674,3529872.19
2020-10-08 00:00:00+00:00,1602115200000,2.0664,2.152,1.9946,2.1121,3743563.46
2020-10-09 00:00:00+00:00,1602201600000,2.1123,2.2426,2.0745,2.1955,4150856.65
2020-10-10 00:00:00+00:00,1602288000000,2.1955,2.2855,2.191,2.2085,4038438.49
2020-10-11 00:00:00+00:00,1602374400000,2.2068,2.3177,2.19,2.2512,3578010.0
2020-10-12 00:00:00+00:00,1602460800000,2.2507,2.3907,2.2302,2.3424,4821758.86
2020-10-13 00:00:00+00:00,1602547200000,2.3435,2.455,2.3147,2.4013,6162256.31
2020-10-14 00:00:00+00:00,1602633600000,2.4014,2.4226,2.2339,2.2747,4339035.17
2020-10-15 00:00:00+00:00,1602720000000,2.2733,2.3069,2.2079,2.2386,2620861.29
2020-10-16 00:00:00+00:00,1602806400000,2.2386,2.2771,2.1537,2.166,2601411.19
2020-10-17 00:00:00+00:00,1602892800000,2.1665,2.221,2.1513,2.1873,1434801.85
2020-10-18 00:00:00+00:00,1602979200000,2.1855,2.2434,2.1817,2.227,1519211.37
2020-10-19 00:00:00+00:00,1603065600000,2.2264,2.27,2.1747,2.1881,3441286.8
2020-10-20 00:00:00+00:00,1603152000000,2.1884,2.1911,2.0366,2.0531,4087118.87
2020-10-21 00:00:00+00:00,1603238400000,2.0526,2.1774,2.0395,2.1246,3781174.32
2020-10-22 00:00:00+00:00,1603324800000,2.1229,2.2448,2.1215,2.1922,4689368.88
2020-10-23 00:00:00+00:00,1603411200000,2.1922,2.268,2.167,2.2177,3451987.67
2020-10-24 00:00:00+00:00,1603497600000,2.2179,2.2404,2.1918,2.2196,1992994.0
2020-10-25 00:00:00+00:00,1603584000000,2.2185,2.2512,2.1511,2.1649,2893842.09
2020-10-26 00:00:00+00:00,1603670400000,2.1664,2.1813,2.0549,2.0902,3457049.67
2020-10-27 00:00:00+00:00,1603756800000,2.089,2.1318,2.0626,2.0836,3277822.42
2020-10-28 00:00:00+00:00,1603843200000,2.0834,2.1185,1.94,1.9991,4420990.05
2020-10-29 00:00:00+00:00,1603929600000,2.0003,2.0518,1.8934,1.9341,3715751.34
2020-10-30 00:00:00+00:00,1604016000000,1.9327,1.9649,1.7941,1.9025,5119656.71
2020-10-31 00:00:00+00:00,1604102400000,1.9026,2.0214,1.8937,1.977,3330706.27
2020-11-01 00:00:00+00:00,1604188800000,1.975,2.0115,1.9339,1.9955,2494803.86
2020-11-02 00:00:00+00:00,1604275200000,1.9943,2.0695,1.8759,1.8945,3181673.42
2020-11-03 00:00:00+00:00,1604361600000,1.8942,1.9142,1.8065,1.8698,3972918.24
2020-11-04 00:00:00+00:00,1604448000000,1.8699,1.9068,1.7812,1.8759,4057681.34
2020-11-05 00:00:00+00:00,1604534400000,1.8765,1.971,1.8166,1.883,7703274.17
2020-11-06 00:00:00+00:00,1604620800000,1.8834,2.0993,1.875,2.0889,12786040.11
2020-11-07 00:00:00+00:00,1604707200000,2.0907,2.222,1.9521,2.0186,14916914.01
2020-11-08 00:00:00+00:00,1604793600000,2.0185,2.1565,1.9734,2.0869,5203622.02
2020-11-09 00:00:00+00:00,1604880000000,2.0894,2.1571,2.0235,2.116,4119946.84
2020-11-10 00:00:00+00:00,1604966400000,2.1179,2.1909,2.0947,2.1522,5466761.39
2020-11-11 00:00:00+00:00,1605052800000,2.1516,2.2,2.1087,2.1254,4805050.82
2020-11-12 00:00:00+00:00,1605139200000,2.1244,2.1536,2.0421,2.0734,3760227.71
2020-11-13 00:00:00+00:00,1605225600000,2.0739,2.1548,2.0637,2.1513,3112215.09
2020-11-14 00:00:00+00:00,1605312000000,2.1517,2.1633,2.0501,2.098,3132870.73
2020-11-15 00:00:00+00:00,1605398400000,2.0981,2.1108,1.9793,2.0149,4017025.31
2020-11-16 00:00:00+00:00,1605484800000,2.015,2.0996,1.8266,2.0825,3888402.94
2020-11-17 00:00:00+00:00,1605571200000,2.0829,2.155,2.0725,2.1435,5583537.5
2020-11-18 00:00:00+00:00,1605657600000,2.1454,2.188,1.999,2.0834,6078563.82
2020-11-19 00:00:00+00:00,1605744000000,2.0864,2.1442,2.0196,2.0771,3962903.78
2020-11-20 00:00:00+00:00,1605830400000,2.0773,2.1518,2.0622,2.1069,8576185.5
2020-11-21 00:00:00+00:00,1605916800000,2.1062,2.4006,2.05,2.3936,22161690.19
2020-11-22 00:00:00+00:00,1606003200000,2.3945,2.44,2.1529,2.2809,13556002.16
2020-11-23 00:00:00+00:00,1606089600000,2.2792,2.6612,2.2737,2.6211,15941302.07
2020-11-24 00:00:00+00:00,1606176000000,2.6211,2.83,2.4835,2.6727,16076371.53
2020-11-25 00:00:00+00:00,1606262400000,2.6707,2.9647,2.482,2.5995,17842275.31
2020-11-26 00:00:00+00:00,1606348800000,2.5969,2.6617,2.0782,2.2456,24180419.56
2020-11-27 00:00:00+00:00,1606435200000,2.2466,2.3382,2.1554,2.2521,8527338.69
2020-11-28 00:00:00+00:00,1606521600000,2.2513,2.4335,2.1998,2.3199,6071693.61
2020-11-29 00:00:00+00:00,1606608000000,2.3216,2.4386,2.2681,2.3586,5123015.78
2020-11-30 00:00:00+00:00,1606694400000,2.3622,2.5565,2.3326,2.4914,7185796.86
2020-12-01 00:00:00+00:00,1606780800000,2.4921,2.5526,2.1712,2.3221,10483359.86
2020-12-02 00:00:00+00:00,1606867200000,2.3218,2.4173,2.2857,2.3885,3851914.96
2020-12-03 00:00:00+00:00,1606953600000,2.3885,2.4498,2.375,2.405,3891420.81
2020-12-04 00:00:00+00:00,1607040000000,2.4042,2.4341,2.2217,2.2767,4386394.03
2020-12-05 00:00:00+00:00,1607126400000,2.2745,2.3324,2.24,2.3237,3059254.82
2020-12-06 00:00:00+00:00,1607212800000,2.3248,2.3405,2.2533,2.3237,2378396.19
2020-12-07 00:00:00+00:00,1607299200000,2.3253,2.3279,2.2262,2.2746,3157032.08
2020-12-08 00:00:00+00:00,1607385600000,2.2759,2.3632,2.0976,2.1536,5501883.95
2020-12-09 00:00:00+00:00,1607472000000,2.1511,2.1999,1.97,2.1743,5102779.83
2020-12-10 00:00:00+00:00,1607558400000,2.1747,2.1836,2.0763,2.1055,2086546.95
2020-12-11 00:00:00+00:00,1607644800000,2.1059,2.1142,2.0446,2.0791,2210323.41
2020-12-12 00:00:00+00:00,1607731200000,2.0798,2.1589,2.071,2.1357,2453651.59
2020-12-13 00:00:00+00:00,1607817600000,2.1373,2.2765,2.1254,2.232,4191794.52
2020-12-14 00:00:00+00:00,1607904000000,2.232,2.2665,2.1751,2.2243,2838565.61
2020-12-15 00:00:00+00:00,1607990400000,2.2243,2.2597,2.1811,2.2307,2391834.92
2020-12-16 00:00:00+00:00,1608076800000,2.2311,2.42,2.0201,2.3669,6131428.81
2020-12-17 00:00:00+00:00,1608163200000,2.367,2.437,2.27,2.2964,7659859.81
2020-12-18 00:00:00+00:00,1608249600000,2.2967,2.349,2.2568,2.325,3252832.76
2020-12-19 00:00:00+00:00,1608336000000,2.3253,2.391,2.3002,2.3237,3862728.63
2020-12-20 00:00:00+00:00,1608422400000,2.3226,2.36,2.2338,2.2674,3637377.96
2020-12-21 00:00:00+00:00,1608508800000,2.2679,2.3134,2.1189,2.1801,3537674.2
2020-12-22 00:00:00+00:00,1608595200000,2.1796,2.1962,2.0752,2.1824,4048999.19
2020-12-23 00:00:00+00:00,1608681600000,2.1823,2.2015,1.5708,1.819,8755850.13
2020-12-24 00:00:00+00:00,1608768000000,1.8187,2.0892,1.78,2.06,6934485.88
2020-12-25 00:00:00+00:00,1608854400000,2.0592,2.1181,1.9772,2.0286,4015565.15
2020-12-26 00:00:00+00:00,1608940800000,2.0292,2.042,1.9236,1.9793,3762276.43
2020-12-27 00:00:00+00:00,1609027200000,1.9794,2.1478,1.8785,2.004,7803053.62
2020-12-28 00:00:00+00:00,1609113600000,2.0038,2.2392,1.9837,2.1213,6540531.39
2020-12-29 00:00:00+00:00,1609200000000,2.1228,2.1769,1.9804,2.0429,6773200.09
2020-12-30 00:00:00+00:00,1609286400000,2.0429,2.0776,1.9587,1.989,3751391.75
2020-12-31 00:00:00+00:00,1609372800000,1.9896,2.023,1.9362,2.0107,3458990.6
2021-01-01 00:00:00+00:00,1609459200000,2.0102,2.1267,1.97,2.0075,5966646.69
2021-01-02 00:00:00+00:00,1609545600000,2.0081,2.0574,1.9423,1.9992,6189025.2
2021-01-03 00:00:00+00:00,1609632000000,1.9989,2.25,1.9505,2.1345,10918873.35
2021-01-04 00:00:00+00:00,1609718400000,2.1346,2.3547,2.0024,2.3284,15524322.15
2021-01-05 00:00:00+00:00,1609804800000,2.329,2.4612,2.1265,2.377,13003346.01
2021-01-06 00:00:00+00:00,1609891200000,2.3761,2.7368,2.294,2.6476,14573954.91
2021-01-07 00:00:00+00:00,1609977600000,2.6475,2.8,2.4,2.5294,13163275.7
2021-01-08 00:00:00+00:00,1610064000000,2.5294,2.5727,2.2437,2.4547,10517100.29
2021-01-09 00:00:00+00:00,1610150400000,2.457,2.6886,2.4127,2.6357,9126527.91
2021-01-10 00:00:00+00:00,1610236800000,2.6357,2.9466,2.4,2.7621,18051322.96
2021-01-11 00:00:00+00:00,1610323200000,2.7626,2.77,2.101,2.3282,19291262.03
2021-01-12 00:00:00+00:00,1610409600000,2.3297,2.45,2.191,2.298,10849061.62
2021-01-13 00:00:00+00:00,1610496000000,2.2979,2.5048,2.2261,2.4999,8458642.61
2021-01-14 00:00:00+00:00,1610582400000,2.5026,2.62,2.4052,2.5528,9553460.42
2021-01-15 00:00:00+00:00,1610668800000,2.5535,2.9105,2.4557,2.7118,18692818.15
2021-01-16 00:00:00+00:00,1610755200000,2.7087,3.1838,2.6971,2.854,23966753.29
2021-01-17 00:00:00+00:00,1610841600000,2.8507,3.1182,2.6833,2.9714,14670894.46
2021-01-18 00:00:00+00:00,1610928000000,2.9716,3.1123,2.84,3.0331,10498147.01
2021-01-19 00:00:00+00:00,1611014400000,3.033,3.2263,2.8689,2.8745,13125598.74
2021-01-20 00:00:00+00:00,1611100800000,2.8745,2.9512,2.645,2.9099,10486052.32
2021-01-21 00:00:00+00:00,1611187200000,2.9099,2.9335,2.4243,2.4605,9691319.02
2021-01-22 00:00:00+00:00,1611273600000,2.4587,3.11,2.3,2.9089,21880992.61
2021-01-23 00:00:00+00:00,1611360000000,2.9081,3.399,2.823,3.1639,28152155.6
2021-01-24 00:00:00+00:00,1611446400000,3.1617,3.295,2.9039,3.0449,12848036.68
2021-01-25 00:00:00+00:00,1611532800000,3.0431,3.1832,2.9001,2.9188,9205883.54
2021-01-26 00:00:00+00:00,1611619200000,2.9186,3.0127,2.7502,2.9074,6943714.44
2021-01-27 00:00:00+00:00,1611705600000,2.9039,2.9389,2.6268,2.7931,8195049.36
2021-01-28 00:00:00+00:00,1611792000000,2.7904,3.0888,2.7151,2.9977,11454435.66
2021-01-29 00:00:00+00:00,1611878400000,2.9943,3.0692,2.793,2.9116,9938098.98
2021-01-30 00:00:00+00:00,1611964800000,2.9108,3.0193,2.8032,2.8991,8315267.83
2021-01-31 00:00:00+00:00,1612051200000,2.8991,2.9485,2.731,2.8444,7745514.36
2021-02-01 00:00:00+00:00,1612137600000,2.844,2.9344,2.755,2.9248,7066178.49
2021-02-02 00:00:00+00:00,1612224000000,2.9237,2.96,2.828,2.9092,6413113.6
2021-02-03 00:00:00+00:00,1612310400000,2.9093,3.1885,2.8849,3.0494,12521000.7
2021-02-04 00:00:00+00:00,1612396800000,3.0489,3.169,2.84,2.965,13965324.99
2021-02-05 00:00:00+00:00,1612483200000,2.965,3.5261,2.9507,3.4735,16649828.83
2021-02-06 00:00:00+00:00,1612569600000,3.4735,3.5154,3.0818,3.1731,12605575.9
2021-02-07 00:00:00+00:00,1612656000000,3.1729,3.4674,3.053,3.305,15460134.9
2021-02-08 00:00:00+00:00,1612742400000,3.3074,3.4417,3.233,3.4067,11138485.44
2021-02-09 00:00:00+00:00,1612828800000,3.4125,3.8747,3.1859,3.7607,22387687.55
2021-02-10 00:00:00+00:00,1612915200000,3.7614,3.897,3.4395,3.8469,17965513.56
2021-02-11 00:00:00+00:00,1613001600000,3.8468,4.3165,3.7874,4.1123,18455238.0
2021-02-12 00:00:00+00:00,1613088000000,4.115,5.4411,4.0021,5.0153,26932515.65
2021-02-13 00:00:00+00:00,1613174400000,5.0147,5.3781,4.5538,5.3684,21518349.83
2021-02-14 00:00:00+00:00,1613260800000,5.3684,5.6471,4.7126,4.8626,16097764.92
2021-02-15 00:00:00+00:00,1613347200000,4.8631,4.9633,3.837,4.5406,20579127.66
2021-02-16 00:00:00+00:00,1613433600000,4.5353,4.8928,4.3054,4.5448,13950657.23
2021-02-17 00:00:00+00:00,1613520000000,4.5452,4.7684,4.1828,4.606,12536073.46
2021-02-18 00:00:00+00:00,1613606400000,4.6028,4.998,4.5009,4.8436,13266538.18
2021-02-19 00:00:00+00:00,1613692800000,4.8448,5.1094,4.5675,4.9707,12114212.41
2021-02-20 00:00:00+00:00,1613779200000,4.9707,5.151,4.321,4.6368,15895484.01
2021-02-21 00:00:00+00:00,1613865600000,4.6406,4.8051,4.5014,4.6759,11079322.5
2021-02-22 00:00:00+00:00,1613952000000,4.675,4.6856,3.6105,4.2752,21560444.64
2021-02-23 00:00:00+00:00,1614038400000,4.2759,4.2977,2.9013,3.5519,23622981.48
2021-02-24 00:00:00+00:00,1614124800000,3.5488,3.8989,3.3542,3.5324,16068518.85
2021-02-25 00:00:00+00:00,1614211200000,3.5341,3.8383,3.2847,3.3369,18442535.71
2021-02-26 00:00:00+00:00,1614297600000,3.3375,3.7992,3.1681,3.4692,16572951.45
2021-02-27 00:00:00+00:00,1614384000000,3.4693,3.8666,3.4625,3.6344,10346853.31
2021-02-28 00:00:00+00:00,1614470400000,3.6345,3.673,3.1867,3.4257,9958440.77
2021-03-01 00:00:00+00:00,1614556800000,3.4256,3.6887,3.3889,3.6336,6680178.96
2021-03-02 00:00:00+00:00,1614643200000,3.6336,3.8057,3.4852,3.6898,9486231.69
2021-03-03 00:00:00+00:00,1614729600000,3.6872,4.0,3.66,3.8434,10373092.73
2021-03-04 00:00:00+00:00,1614816000000,3.8435,3.9709,3.5593,3.6632,9116826.95
2021-03-05 00:00:00+00:00,1614902400000,3.6647,3.8605,3.4419,3.7621,8932358.25
2021-03-06 00:00:00+00:00,1614988800000,3.7631,4.0143,3.7117,3.872,6604972.14
2021-03-07 00:00:00+00:00,1615075200000,3.8732,4.2069,3.8218,4.1949,7924104.33
2021-03-08 00:00:00+00:00,1615161600000,4.1915,4.49,4.0527,4.4,11278119.96
2021-03-09 00:00:00+00:00,1615248000000,4.4004,4.5898,4.3314,4.4664,8132954.24
2021-03-10 00:00:00+00:00,1615334400000,4.4674,4.4805,4.0629,4.1439,7360693.19
2021-03-11 00:00:00+00:00,1615420800000,4.1402,4.1947,3.9433,4.122,5110514.18
2021-03-12 00:00:00+00:00,1615507200000,4.1215,4.1451,3.8111,3.9691,6531420.92
2021-03-13 00:00:00+00:00,1615593600000,3.9646,4.2371,3.8,4.1651,5396030.55
2021-03-14 00:00:00+00:00,1615680000000,4.1654,4.1917,3.9248,3.9248,4589951.64
2021-03-15 00:00:00+00:00,1615766400000,3.9302,4.0554,3.7301,3.8324,5449164.36
2021-03-16 00:00:00+00:00,1615852800000,3.8314,4.0497,3.686,4.0391,6229687.33
2021-03-17 00:00:00+00:00,1615939200000,4.0421,4.455,3.8409,4.4122,11114359.64
2021-03-18 00:00:00+00:00,1616025600000,4.4122,4.58,4.225,4.2594,9312081.95
2021-03-19 00:00:00+00:00,1616112000000,4.2637,4.3519,4.1115,4.2258,4902486.54
2021-03-20 00:00:00+00:00,1616198400000,4.223,4.61,4.2027,4.36,7668345.12
2021-03-21 00:00:00+00:00,1616284800000,4.363,4.4286,4.0379,4.1708,5428250.02
2021-03-22 00:00:00+00:00,1616371200000,4.1708,4.4257,4.0179,4.0532,7994389.67
2021-03-23 00:00:00+00:00,1616457600000,4.0555,4.2429,3.9498,4.1292,6864283.44
2021-03-24 00:00:00+00:00,1616544000000,4.1262,4.5271,3.85,3.9853,11050153.24
2021-03-25 00:00:00+00:00,1616630400000,3.9845,4.0814,3.75,3.9174,8313194.61
2021-03-26 00:00:00+00:00,1616716800000,3.9168,4.2028,3.9125,4.19,5012475.06
2021-03-27 00:00:00+00:00,1616803200000,4.1957,4.225,4.0176,4.103,3705387.3
2021-03-28 00:00:00+00:00,1616889600000,4.1053,4.3224,4.07,4.2299,5179307.8
2021-03-29 00:00:00+00:00,1616976000000,4.229,4.6347,4.1804,4.5936,8217003.02
2021-03-30 00:00:00+00:00,1617062400000,4.594,4.8,4.5409,4.5584,7528166.12
2021-03-31 00:00:00+00:00,1617148800000,4.5583,4.8883,4.2177,4.8271,9343521.73
2021-04-01 00:00:00+00:00,1617235200000,4.8262,5.35,4.7384,5.1228,17481614.01
2021-04-02 00:00:00+00:00,1617321600000,5.1248,5.38,4.9642,5.2998,8783092.53
2021-04-03 00:00:00+00:00,1617408000000,5.2979,5.41,4.7337,4.7672,8585216.98
2021-04-04 00:00:00+00:00,1617494400000,4.767,5.2054,4.6626,5.1348,5395918.79
2021-04-05 00:00:00+00:00,1617580800000,5.1323,6.48,4.9658,6.1039,23882379.43
2021-04-06 00:00:00+00:00,1617667200000,6.1076,6.8,5.8369,6.1643,22685575.28
2021-04-07 00:00:00+00:00,1617753600000,6.1674,6.4836,5.3697,5.527,15978367.41
2021-04-08 00:00:00+00:00,1617840000000,5.5257,6.2331,5.4639,6.1654,7839041.91
2021-04-09 00:00:00+00:00,1617926400000,6.1618,6.892,6.0059,6.8372,13816617.29
2021-04-10 00:00:00+00:00,1618012800000,6.8376,7.21,6.243,6.5658,16251833.09
2021-04-11 00:00:00+00:00,1618099200000,6.5674,6.6879,6.2939,6.4516,7473794.64
2021-04-12 00:00:00+00:00,1618185600000,6.4518,6.5375,6.0864,6.2863,7192135.88
2021-04-13 00:00:00+00:00,1618272000000,6.2826,6.678,6.0973,6.5576,8747036.84
2021-04-14 00:00:00+00:00,1618358400000,6.5574,6.9108,6.1424,6.5662,11671821.69
2021-04-15 00:00:00+00:00,1618444800000,6.5689,6.98,6.3688,6.7897,10841976.49
2021-04-16 00:00:00+00:00,1618531200000,6.7873,7.48,6.5332,7.1995,22163454.62
2021-04-17 00:00:00+00:00,1618617600000,7.2007,7.6745,6.925,7.0568,11070039.38
2021-04-18 00:00:00+00:00,1618704000000,7.0568,7.1686,5.1471,6.176,19981621.79
2021-04-19 00:00:00+00:00,1618790400000,6.176,6.4224,5.3163,5.4513,14482230.7
2021-04-20 00:00:00+00:00,1618876800000,5.4526,5.7098,4.9375,5.7045,13709905.97
2021-04-21 00:00:00+00:00,1618963200000,5.6999,5.84,5.3026,5.3286,8759458.43
2021-04-22 00:00:00+00:00,1619049600000,5.3301,5.7582,4.777,4.9127,13183592.59
2021-04-23 00:00:00+00:00,1619136000000,4.92,5.1098,4.0,4.8199,19278437.43
2021-04-24 00:00:00+00:00,1619222400000,4.8199,4.8334,4.3899,4.4403,5943770.23
2021-04-25 00:00:00+00:00,1619308800000,4.441,4.7951,4.2252,4.4519,5601999.94
2021-04-26 00:00:00+00:00,1619395200000,4.4524,5.3536,4.3837,5.226,10704987.36
2021-04-27 00:00:00+00:00,1619481600000,5.2242,5.4899,5.146,5.4296,7073971.7
2021-04-28 00:00:00+00:00,1619568000000,5.4321,5.5489,5.0669,5.2523,6408898.66
2021-04-29 00:00:00+00:00,1619654400000,5.2544,5.4349,5.0918,5.241,5124604.95
2021-04-30 00:00:00+00:00,1619740800000,5.2376,5.65,5.1209,5.6108,7208478.29
2021-05-01 00:00:00+00:00,1619827200000,5.61,5.9,5.4844,5.8208,5831345.06
2021-05-02 00:00:00+00:00,1619913600000,5.8165,5.857,5.4485,5.6037,4638235.07
2021-05-03 00:00:00+00:00,1620000000000,5.6048,6.1018,5.5866,6.0063,9229220.72
2021-05-04 00:00:00+00:00,1620086400000,6.0062,6.0626,5.4169,5.4873,12986236.43
2021-05-05 00:00:00+00:00,1620172800000,5.4864,6.7085,5.4012,6.6003,18478301.04
2021-05-06 00:00:00+00:00,1620259200000,6.602,8.05,6.4389,7.5746,32905884.96
2021-05-07 00:00:00+00:00,1620345600000,7.5797,8.42,6.75,7.0856,26110790.18
2021-05-08 00:00:00+00:00,1620432000000,7.084,7.32,6.8087,6.9758,12534318.54
2021-05-09 00:00:00+00:00,1620518400000,6.9701,7.16,6.4913,7.0954,8394378.25
2021-05-10 00:00:00+00:00,1620604800000,7.0961,7.254,5.8646,6.1917,11542377.44
2021-05-11 00:00:00+00:00,1620691200000,6.1861,7.2677,5.9123,7.1247,16604535.85
2021-05-12 00:00:00+00:00,1620777600000,7.1256,7.3415,5.85,5.9392,18003156.55
2021-05-13 00:00:00+00:00,1620864000000,5.9392,6.4163,5.6762,6.1252,16367212.86
2021-05-14 00:00:00+00:00,1620950400000,6.1252,6.5132,6.0333,6.4737,8641125.42
2021-05-15 00:00:00+00:00,1621036800000,6.4744,6.5179,5.7271,5.7784,8510113.3
2021-05-16 00:00:00+00:00,1621123200000,5.7839,6.24,5.3446,5.6737,11231652.84
2021-05-17 00:00:00+00:00,1621209600000,5.6737,5.6752,5.0373,5.1689,14145176.5
2021-05-18 00:00:00+00:00,1621296000000,5.1736,5.9881,5.0901,5.7408,13189092.47
2021-05-19 00:00:00+00:00,1621382400000,5.7408,5.8377,2.6898,3.607,39395572.48
2021-05-20 00:00:00+00:00,1621468800000,3.6169,4.478,3.15,4.1826,23540169.16
2021-05-21 00:00:00+00:00,1621555200000,4.1824,4.3961,3.0919,3.6721,19521821.51
2021-05-22 00:00:00+00:00,1621641600000,3.67,3.745,3.192,3.434,13558489.71
2021-05-23 00:00:00+00:00,1621728000000,3.4373,3.6038,2.4296,2.9071,21959557.01
2021-05-24 00:00:00+00:00,1621814400000,2.9066,3.6166,2.8308,3.5426,14112500.3
2021-05-25 00:00:00+00:00,1621900800000,3.5427,3.757,3.2382,3.6601,12314817.23
2021-05-26 00:00:00+00:00,1621987200000,3.6625,3.9792,3.5757,3.9246,9990300.07
2021-05-27 00:00:00+00:00,1622073600000,3.9267,4.1731,3.5696,3.8744,10758061.89
2021-05-28 00:00:00+00:00,1622160000000,3.8744,3.9327,3.251,3.3882,12539225.95
2021-05-29 00:00:00+00:00,1622246400000,3.391,3.5704,3.0,3.2038,8946892.49
2021-05-30 00:00:00+00:00,1622332800000,3.2087,3.4534,3.0197,3.2857,6339616.87
2021-05-31 00:00:00+00:00,1622419200000,3.2842,3.6127,3.144,3.606,7187097.29
2021-06-01 00:00:00+00:00,1622505600000,3.605,3.7002,3.4329,3.6663,8793804.16
2021-06-02 00:00:00+00:00,1622592000000,3.6668,3.8749,3.5713,3.8125,7505803.87
2021-06-03 00:00:00+00:00,1622678400000,3.8149,3.99,3.7235,3.8787,5228255.31
2021-06-04 00:00:00+00:00,1622764800000,3.8791,3.9229,3.3654,3.5529,6455360.13
2021-06-05 00:00:00+00:00,1622851200000,3.5499,3.6912,3.2565,3.4293,4682008.56
2021-06-06 00:00:00+00:00,1622937600000,3.429,3.9,3.4046,3.8324,8327581.96
2021-06-07 00:00:00+00:00,1623024000000,3.8372,4.1387,3.4375,3.4872,15222713.23
2021-06-08 00:00:00+00:00,1623110400000,3.484,3.5849,3.0743,3.4473,12433538.01
2021-06-09 00:00:00+00:00,1623196800000,3.4467,3.5369,3.2241,3.5106,8824433.51
2021-06-10 00:00:00+00:00,1623283200000,3.5106,3.5478,3.1788,3.2774,5820386.77
2021-06-11 00:00:00+00:00,1623369600000,3.2772,3.3714,3.0826,3.1373,4903353.58
2021-06-12 00:00:00+00:00,1623456000000,3.1345,3.2253,2.92,3.143,5151566.71
2021-06-13 00:00:00+00:00,1623542400000,3.1429,3.324,3.0014,3.3136,4524852.38
2021-06-14 00:00:00+00:00,1623628800000,3.314,3.355,3.1856,3.3485,4241280.52
2021-06-15 00:00:00+00:00,1623715200000,3.351,3.3934,3.2108,3.271,3401392.16
2021-06-16 00:00:00+00:00,1623801600000,3.2717,3.3281,3.0883,3.115,3273488.92
2021-06-17 00:00:00+00:00,1623888000000,3.1171,3.439,3.1074,3.3695,9662019.88
2021-06-18 00:00:00+00:00,1623974400000,3.373,3.3852,2.9928,3.0976,6030213.87
2021-06-19 00:00:00+00:00,1624060800000,3.0977,3.1792,3.018,3.038,3325355.02
2021-06-20 00:00:00+00:00,1624147200000,3.0293,3.1177,2.8755,3.077,3735237.45
2021-06-21 00:00:00+00:00,1624233600000,3.0757,3.0996,2.48,2.4855,7957343.19
2021-06-22 00:00:00+00:00,1624320000000,2.4861,2.6583,2.1175,2.3749,12562747.59
2021-06-23 00:00:00+00:00,1624406400000,2.375,2.7897,2.2774,2.6887,6436856.7
2021-06-24 00:00:00+00:00,1624492800000,2.6886,2.85,2.5706,2.8308,3727231.62
2021-06-25 00:00:00+00:00,1624579200000,2.8321,2.882,2.483,2.5225,5812029.0
2021-06-26 00:00:00+00:00,1624665600000,2.521,2.6225,2.3851,2.5395,3987792.66
2021-06-27 00:00:00+00:00,1624752000000,2.5433,2.63,2.4521,2.6224,3401022.56
2021-06-28 00:00:00+00:00,1624838400000,2.6261,2.7384,2.5625,2.7057,2625301.43
2021-06-29 00:00:00+00:00,1624924800000,2.7038,2.993,2.6958,2.9776,5531031.31
2021-06-30 00:00:00+00:00,1625011200000,2.9752,3.046,2.7511,3.0432,4565709.6
2021-07-01 00:00:00+00:00,1625097600000,3.0464,3.0661,2.8367,2.9419,3692539.69
2021-07-02 00:00:00+00:00,1625184000000,2.9419,2.9822,2.7481,2.9529,3166121.73
2021-07-03 00:00:00+00:00,1625270400000,2.9521,3.0285,2.8736,3.0285,2010905.16
2021-07-04 00:00:00+00:00,1625356800000,3.0273,3.1108,2.9101,3.0408,2404361.88
2021-07-05 00:00:00+00:00,1625443200000,3.0392,3.0392,2.7913,2.829,4447300.67
2021-07-06 00:00:00+00:00,1625529600000,2.8291,2.9838,2.8018,2.8647,3371905.85
2021-07-07 00:00:00+00:00,1625616000000,2.8619,2.9671,2.8141,2.878,3891847.4
2021-07-08 00:00:00+00:00,1625702400000,2.875,2.8999,2.6172,2.6916,4046666.03
2021-07-09 00:00:00+00:00,1625788800000,2.6935,2.8,2.5779,2.7503,2763472.09
2021-07-10 00:00:00+00:00,1625875200000,2.7503,2.8401,2.6939,2.7832,2481562.75
2021-07-11 00:00:00+00:00,1625961600000,2.786,2.8913,2.732,2.8441,3049014.09
2021-07-12 00:00:00+00:00,1626048000000,2.848,2.9515,2.7593,2.8066,3743404.79
2021-07-13 00:00:00+00:00,1626134400000,2.8069,2.9187,2.7649,2.8094,4705804.92
2021-07-14 00:00:00+00:00,1626220800000,2.8105,2.8207,2.5345,2.716,5380495.74
2021-07-15 00:00:00+00:00,1626307200000,2.7154,2.7512,2.5219,2.5761,3237208.82
2021-07-16 00:00:00+00:00,1626393600000,2.5775,2.6433,2.4,2.4088,4531095.36
2021-07-17 00:00:00+00:00,1626480000000,2.4089,2.4838,2.3694,2.4049,3728017.42
2021-07-18 00:00:00+00:00,1626566400000,2.407,2.4944,2.3811,2.4291,2921612.38
2021-07-19 00:00:00+00:00,1626652800000,2.4276,2.4514,2.2618,2.2872,4038299.93
2021-07-20 00:00:00+00:00,1626739200000,2.2887,2.3356,2.0989,2.1514,5374059.71
2021-07-21 00:00:00+00:00,1626825600000,2.1537,2.4406,2.1028,2.3976,4843999.69
2021-07-22 00:00:00+00:00,1626912000000,2.3976,2.5097,2.3335,2.5013,3564101.93
2021-07-23 00:00:00+00:00,1626998400000,2.5003,2.6933,2.4951,2.6852,4661222.26
2021-07-24 00:00:00+00:00,1627084800000,2.6883,2.8208,2.6475,2.8169,5273691.16
2021-07-25 00:00:00+00:00,1627171200000,2.8171,2.9064,2.7177,2.8919,4821090.34
2021-07-26 00:00:00+00:00,1627257600000,2.8894,3.1174,2.8229,2.8375,9654469.5
2021-07-27 00:00:00+00:00,1627344000000,2.8393,2.9297,2.74,2.8623,5145738.38
2021-07-28 00:00:00+00:00,1627430400000,2.8616,2.9012,2.7575,2.8133,4190241.65
2021-07-29 00:00:00+00:00,1627516800000,2.8108,2.8661,2.7363,2.8509,2975922.84
2021-07-30 00:00:00+00:00,1627603200000,2.8512,2.97,2.762,2.967,4001550.43
2021-07-31 00:00:00+00:00,1627689600000,2.967,3.1052,2.9069,3.0355,4706904.62
2021-08-01 00:00:00+00:00,1627776000000,3.0362,3.1808,2.9,2.9505,5994904.68
2021-08-02 00:00:00+00:00,1627862400000,2.949,3.3127,2.8862,3.125,8863482.93
2021-08-03 00:00:00+00:00,1627948800000,3.1266,3.2065,2.9724,3.0547,5346797.03
2021-08-04 00:00:00+00:00,1628035200000,3.0572,3.1899,2.9931,3.1769,3094495.66
2021-08-05 00:00:00+00:00,1628121600000,3.178,3.2739,3.0706,3.2196,6074778.25
2021-08-06 00:00:00+00:00,1628208000000,3.2212,3.3637,3.1482,3.3575,4870888.84
2021-08-07 00:00:00+00:00,1628294400000,3.3582,3.5361,3.3001,3.4222,7300812.89
2021-08-08 00:00:00+00:00,1628380800000,3.4241,3.4893,3.1539,3.178,4203173.45
2021-08-09 00:00:00+00:00,1628467200000,3.1784,3.3475,3.1033,3.2867,6105111.37
2021-08-10 00:00:00+00:00,1628553600000,3.2851,3.352,3.1801,3.2643,8624983.81
2021-08-11 00:00:00+00:00,1628640000000,3.2671,3.5658,3.259,3.4438,11311326.25
2021-08-12 00:00:00+00:00,1628726400000,3.4453,3.6178,3.2193,3.3491,8490155.68
2021-08-13 00:00:00+00:00,1628812800000,3.3514,3.5962,3.2969,3.5928,8753775.65
2021-08-14 00:00:00+00:00,1628899200000,3.5928,3.7183,3.4647,3.6952,9725662.38
2021-08-15 00:00:00+00:00,1628985600000,3.6953,3.762,3.55,3.7355,6054822.47
2021-08-16 00:00:00+00:00,1629072000000,3.7351,3.8944,3.5887,3.632,7833837.88
2021-08-17 00:00:00+00:00,1629158400000,3.6329,3.8031,3.3778,3.4024,7673774.44
2021-08-18 00:00:00+00:00,1629244800000,3.4017,3.4692,3.2298,3.3427,6050677.55
2021-08-19 00:00:00+00:00,1629331200000,3.3443,3.65,3.285,3.6398,7805476.05
2021-08-20 00:00:00+00:00,1629417600000,3.6403,3.7346,3.5824,3.7279,5864740.23
2021-08-21 00:00:00+00:00,1629504000000,3.7259,3.8335,3.6123,3.6895,8547397.5
2021-08-22 00:00:00+00:00,1629590400000,3.6929,3.8838,3.6677,3.7977,7212714.16
2021-08-23 00:00:00+00:00,1629676800000,3.7985,4.35,3.7736,4.3059,26107161.9
2021-08-24 00:00:00+00:00,1629763200000,4.3059,4.4726,3.8892,3.9626,21831817.65
2021-08-25 00:00:00+00:00,1629849600000,3.9589,5.451,3.9561,5.092,45351851.5
2021-08-26 00:00:00+00:00,1629936000000,5.0921,5.123,4.301,4.438,28083613.84
2021-08-27 00:00:00+00:00,1630022400000,4.433,5.527,4.226,5.24,30242293.02
2021-08-28 00:00:00+00:00,1630108800000,5.24,5.689,5.017,5.632,16401100.52
2021-08-29 00:00:00+00:00,1630195200000,5.637,6.143,5.39,5.89,26994642.15
2021-08-30 00:00:00+00:00,1630281600000,5.886,6.0,5.277,5.391,24573105.6
2021-08-31 00:00:00+00:00,1630368000000,5.389,5.598,5.002,5.164,12923136.9
2021-09-01 00:00:00+00:00,1630454400000,5.16,5.513,5.011,5.424,7602105.3
2021-09-02 00:00:00+00:00,1630540800000,5.424,5.441,5.2,5.293,5082845.9
2021-09-03 00:00:00+00:00,1630627200000,5.293,5.479,5.112,5.312,6283431.1
2021-09-04 00:00:00+00:00,1630713600000,5.311,5.594,5.241,5.399,7231768.8
2021-09-05 00:00:00+00:00,1630800000000,5.4,5.599,5.263,5.569,7443146.0
2021-09-06 00:00:00+00:00,1630886400000,5.564,5.771,5.397,5.599,10656009.4
2021-09-07 00:00:00+00:00,1630972800000,5.599,5.715,3.884,4.413,23129349.88
2021-09-08 00:00:00+00:00,1631059200000,4.413,4.508,3.89,4.336,11203265.3
2021-09-09 00:00:00+00:00,1631145600000,4.337,5.7,4.263,5.581,26924096.8
2021-09-10 00:00:00+00:00,1631232000000,5.581,6.874,5.315,6.184,73980825.58
2021-09-11 00:00:00+00:00,1631318400000,6.185,6.954,6.047,6.119,30251724.54
2021-09-12 00:00:00+00:00,1631404800000,6.119,7.237,5.901,7.026,28172819.27
2021-09-13 00:00:00+00:00,1631491200000,7.026,7.893,6.28,7.164,56889220.98
2021-09-14 00:00:00+00:00,1631577600000,7.166,8.031,6.829,7.108,31582158.44
2021-09-15 00:00:00+00:00,1631664000000,7.109,7.646,6.721,6.897,23365223.8
2021-09-16 00:00:00+00:00,1631750400000,6.895,7.069,6.449,6.936,18219970.4
2021-09-17 00:00:00+00:00,1631836800000,6.942,6.969,6.047,6.116,15149224.7
2021-09-18 00:00:00+00:00,1631923200000,6.113,6.73,5.916,6.399,15265580.5
2021-09-19 00:00:00+00:00,1632009600000,6.402,6.935,6.11,6.519,16820793.9
2021-09-20 00:00:00+00:00,1632096000000,6.517,6.557,5.056,5.303,28354717.1
2021-09-21 00:00:00+00:00,1632182400000,5.298,5.52,4.477,4.685,21436475.3
2021-09-22 00:00:00+00:00,1632268800000,4.685,5.679,4.511,5.571,14346851.3
2021-09-23 00:00:00+00:00,1632355200000,5.571,6.595,5.499,6.214,24752370.2
2021-09-24 00:00:00+00:00,1632441600000,6.212,7.4,5.801,6.987,43568280.1
2021-09-25 00:00:00+00:00,1632528000000,6.987,7.5,6.776,6.823,29004890.9
2021-09-26 00:00:00+00:00,1632614400000,6.821,7.075,6.404,6.509,22367980.6
2021-09-27 00:00:00+00:00,1632700800000,6.509,6.663,6.004,6.034,14135300.0
2021-09-28 00:00:00+00:00,1632787200000,6.031,6.27,5.436,5.471,14805227.5
2021-09-29 00:00:00+00:00,1632873600000,5.471,6.083,5.341,5.641,13662796.9
2021-09-30 00:00:00+00:00,1632960000000,5.642,6.108,5.593,6.073,10917298.5
2021-10-01 00:00:00+00:00,1633046400000,6.072,6.867,6.011,6.69,17771302.1
2021-10-02 00:00:00+00:00,1633132800000,6.69,7.786,6.519,7.343,20824732.3
2021-10-03 00:00:00+00:00,1633219200000,7.34,8.946,7.34,8.711,37905041.62
2021-10-04 00:00:00+00:00,1633305600000,8.711,9.171,8.187,8.36,28961760.76
2021-10-05 00:00:00+00:00,1633392000000,8.359,8.87,7.749,7.975,14346579.3
2021-10-06 00:00:00+00:00,1633478400000,7.983,8.586,7.192,7.795,20350872.5
2021-10-07 00:00:00+00:00,1633564800000,7.792,8.122,7.451,7.634,13754204.1
2021-10-08 00:00:00+00:00,1633651200000,7.636,7.819,7.222,7.301,20602768.9
2021-10-09 00:00:00+00:00,1633737600000,7.297,7.634,7.205,7.622,6880120.4
2021-10-10 00:00:00+00:00,1633824000000,7.622,8.096,6.929,6.971,15282188.7
2021-10-11 00:00:00+00:00,1633910400000,6.966,7.394,6.633,6.898,9871419.5
2021-10-12 00:00:00+00:00,1633996800000,6.897,7.274,6.612,7.118,12512953.7
2021-10-13 00:00:00+00:00,1634083200000,7.117,7.321,6.845,7.296,8232243.8
2021-10-14 00:00:00+00:00,1634169600000,7.3,7.415,7.051,7.14,7165747.5
2021-10-15 00:00:00+00:00,1634256000000,7.137,7.151,6.736,6.848,8457417.7
2021-10-16 00:00:00+00:00,1634342400000,6.847,7.14,6.829,6.912,6034973.4
2021-10-17 00:00:00+00:00,1634428800000,6.91,6.983,6.349,6.622,6327318.5
2021-10-18 00:00:00+00:00,1634515200000,6.623,6.672,6.374,6.549,5979426.8
2021-10-19 00:00:00+00:00,1634601600000,6.546,6.897,6.507,6.741,7208245.1
2021-10-20 00:00:00+00:00,1634688000000,6.741,7.131,6.566,7.018,7128070.6
2021-10-21 00:00:00+00:00,1634774400000,7.017,7.146,6.607,6.654,7624259.6
2021-10-22 00:00:00+00:00,1634860800000,6.651,6.902,6.549,6.708,5173654.2
2021-10-23 00:00:00+00:00,1634947200000,6.706,6.822,6.634,6.74,3363561.5
2021-10-24 00:00:00+00:00,1635033600000,6.736,6.746,6.275,6.472,4842122.3
2021-10-25 00:00:00+00:00,1635120000000,6.476,6.719,6.42,6.634,5438347.2
2021-10-26 00:00:00+00:00,1635206400000,6.633,7.173,6.618,6.817,10773921.6
2021-10-27 00:00:00+00:00,1635292800000,6.82,6.891,5.55,5.89,16277622.2
2021-10-28 00:00:00+00:00,1635379200000,5.891,6.261,5.8,6.135,8723790.8
2021-10-29 00:00:00+00:00,1635465600000,6.135,6.742,6.072,6.56,7952166.5
2021-10-30 00:00:00+00:00,1635552000000,6.561,6.791,6.173,6.295,7573727.2
2021-10-31 00:00:00+00:00,1635638400000,6.295,6.558,6.011,6.352,6671735.2
2021-11-01 00:00:00+00:00,1635724800000,6.349,6.38,6.045,6.24,5318992.6
2021-11-02 00:00:00+00:00,1635811200000,6.238,6.361,5.71,6.26,5424496.5
2021-11-03 00:00:00+00:00,1635897600000,6.26,6.5,6.051,6.321,7330950.4
2021-11-04 00:00:00+00:00,1635984000000,6.317,6.484,6.092,6.342,5013658.7
2021-11-05 00:00:00+00:00,1636070400000,6.341,6.86,6.229,6.457,10133353.2
2021-11-06 00:00:00+00:00,1636156800000,6.455,6.824,6.231,6.439,4761412.2
2021-11-07 00:00:00+00:00,1636243200000,6.438,6.465,6.284,6.368,3844432.0
2021-11-08 00:00:00+00:00,1636329600000,6.369,6.564,6.28,6.499,5322314.3
2021-11-09 00:00:00+00:00,1636416000000,6.499,6.623,6.244,6.301,7314429.6
2021-11-10 00:00:00+00:00,1636502400000,6.301,6.471,5.271,5.792,11218526.9
2021-11-11 00:00:00+00:00,1636588800000,5.792,6.06,5.697,5.861,5964752.4
2021-11-12 00:00:00+00:00,1636675200000,5.86,5.989,5.555,5.764,5390832.8
2021-11-13 00:00:00+00:00,1636761600000,5.765,5.992,5.65,5.886,6183291.0
2021-11-14 00:00:00+00:00,1636848000000,5.889,6.07,5.685,5.827,2892098.4
2021-11-15 00:00:00+00:00,1636934400000,5.824,5.966,5.668,5.718,4081796.4
2021-11-16 00:00:00+00:00,1637020800000,5.718,5.721,4.956,5.209,11586700.5
2021-11-17 00:00:00+00:00,1637107200000,5.208,5.325,4.975,5.242,5931307.0
2021-11-18 00:00:00+00:00,1637193600000,5.242,5.282,4.641,4.795,7665017.5
2021-11-19 00:00:00+00:00,1637280000000,4.791,5.318,4.681,5.27,4908713.9
2021-11-20 00:00:00+00:00,1637366400000,5.272,5.607,5.266,5.524,5925456.7
2021-11-21 00:00:00+00:00,1637452800000,5.524,5.559,5.202,5.217,3743833.5
2021-11-22 00:00:00+00:00,1637539200000,5.222,5.234,4.903,5.017,5013008.8
2021-11-23 00:00:00+00:00,1637625600000,5.011,5.216,4.93,5.111,4046904.6
2021-11-24 00:00:00+00:00,1637712000000,5.109,5.182,4.781,4.889,4531299.4
2021-11-25 00:00:00+00:00,1637798400000,4.889,5.181,4.824,5.07,4011716.2
2021-11-26 00:00:00+00:00,1637884800000,5.071,5.207,4.48,4.659,5963371.7
2021-11-27 00:00:00+00:00,1637971200000,4.661,4.774,4.567,4.618,2155811.7
2021-11-28 00:00:00+00:00,1638057600000,4.618,4.658,4.263,4.653,3111551.7
2021-11-29 00:00:00+00:00,1638144000000,4.646,5.778,4.63,5.61,15547901.1
2021-11-30 00:00:00+00:00,1638230400000,5.611,5.93,5.239,5.479,18156702.5
2021-12-01 00:00:00+00:00,1638316800000,5.487,5.516,5.124,5.245,7039233.5
2021-12-02 00:00:00+00:00,1638403200000,5.24,5.323,5.009,5.098,4785321.4
2021-12-03 00:00:00+00:00,1638489600000,5.099,5.363,4.65,4.8,6372112.8
2021-12-04 00:00:00+00:00,1638576000000,4.801,4.812,3.226,4.134,16140376.19
2021-12-05 00:00:00+00:00,1638662400000,4.136,4.242,3.75,3.871,5893724.6
2021-12-06 00:00:00+00:00,1638748800000,3.874,4.196,3.66,4.15,10129338.0
2021-12-07 00:00:00+00:00,1638835200000,4.149,5.699,4.057,5.656,30994494.9
2021-12-08 00:00:00+00:00,1638921600000,5.656,6.02,5.12,5.683,37294155.8
2021-12-09 00:00:00+00:00,1639008000000,5.684,6.19,4.806,4.84,22100253.1
2021-12-10 00:00:00+00:00,1639094400000,4.838,4.973,4.304,4.335,13917464.5
2021-12-11 00:00:00+00:00,1639180800000,4.34,4.633,4.245,4.523,6989249.1
2021-12-12 00:00:00+00:00,1639267200000,4.526,4.676,4.318,4.51,4361734.7
2021-12-13 00:00:00+00:00,1639353600000,4.512,4.531,3.907,4.049,7917245.8
2021-12-14 00:00:00+00:00,1639440000000,4.047,4.603,4.03,4.515,15579356.1
2021-12-15 00:00:00+00:00,1639526400000,4.52,4.566,4.055,4.487,12018851.7
2021-12-16 00:00:00+00:00,1639612800000,4.488,4.701,4.3,4.309,8002228.8
2021-12-17 00:00:00+00:00,1639699200000,4.31,4.388,4.06,4.14,6623276.5
2021-12-18 00:00:00+00:00,1639785600000,4.142,4.339,4.076,4.241,4068825.9
2021-12-19 00:00:00+00:00,1639872000000,4.239,4.31,4.117,4.139,3220995.6
2021-12-20 00:00:00+00:00,1639958400000,4.138,4.262,3.867,4.106,6281561.6
2021-12-21 00:00:00+00:00,1640044800000,4.104,4.257,4.051,4.232,3580846.9
2021-12-22 00:00:00+00:00,1640131200000,4.231,4.693,4.229,4.544,7649360.4
2021-12-23 00:00:00+00:00,1640217600000,4.541,4.815,4.451,4.769,8128476.3
2021-12-24 00:00:00+00:00,1640304000000,4.769,4.81,4.427,4.496,6895692.0
2021-12-25 00:00:00+00:00,1640390400000,4.495,4.719,4.438,4.583,5413121.1
2021-12-26 00:00:00+00:00,1640476800000,4.585,4.913,4.454,4.864,9826346.6
2021-12-27 00:00:00+00:00,1640563200000,4.865,5.17,4.767,5.102,8753496.9
2021-12-28 00:00:00+00:00,1640649600000,5.1,5.106,4.421,4.491,6733611.3
2021-12-29 00:00:00+00:00,1640736000000,4.487,4.54,4.213,4.373,4951940.5
2021-12-30 00:00:00+00:00,1640822400000,4.375,4.526,4.22,4.344,4103022.0
2021-12-31 00:00:00+00:00,1640908800000,4.344,4.518,4.179,4.34,4293935.1
2022-01-01 00:00:00+00:00,1640995200000,4.341,4.784,4.338,4.746,8479661.4
2022-01-02 00:00:00+00:00,1641081600000,4.747,4.787,4.583,4.654,3501746.0
2022-01-03 00:00:00+00:00,1641168000000,4.654,5.045,4.513,4.803,9831425.7
2022-01-04 00:00:00+00:00,1641254400000,4.804,5.365,4.581,5.043,19157201.2
2022-01-05 00:00:00+00:00,1641340800000,5.044,5.305,4.276,4.509,13471583.4
2022-01-06 00:00:00+00:00,1641427200000,4.507,4.545,4.214,4.452,9656885.8
2022-01-07 00:00:00+00:00,1641513600000,4.455,4.485,4.05,4.253,7526890.4
2022-01-08 00:00:00+00:00,1641600000000,4.26,4.371,3.859,4.005,5133283.7
2022-01-09 00:00:00+00:00,1641686400000,4.006,4.346,3.968,4.217,4970468.7
2022-01-10 00:00:00+00:00,1641772800000,4.215,4.264,3.782,4.026,5556379.3
2022-01-11 00:00:00+00:00,1641859200000,4.027,4.224,3.936,4.168,3526449.3
2022-01-12 00:00:00+00:00,1641945600000,4.168,4.461,4.146,4.383,5728197.0
2022-01-13 00:00:00+00:00,1642032000000,4.39,4.424,4.091,4.12,4485916.0
2022-01-14 00:00:00+00:00,1642118400000,4.119,4.319,4.074,4.287,2880680.3
2022-01-15 00:00:00+00:00,1642204800000,4.289,4.361,4.226,4.277,2369667.3
2022-01-16 00:00:00+00:00,1642291200000,4.274,4.343,4.195,4.29,2184902.2
2022-01-17 00:00:00+00:00,1642377600000,4.288,4.313,3.994,4.05,2444311.2
2022-01-18 00:00:00+00:00,1642464000000,4.052,4.21,3.925,4.112,4303191.7
2022-01-19 00:00:00+00:00,1642550400000,4.112,4.143,3.807,3.878,4202824.9
2022-01-20 00:00:00+00:00,1642636800000,3.876,4.085,3.678,3.702,3173761.4
2022-01-21 00:00:00+00:00,1642723200000,3.702,3.77,3.258,3.335,9546749.9
2022-01-22 00:00:00+00:00,1642809600000,3.334,3.436,2.697,2.958,9362771.72
2022-01-23 00:00:00+00:00,1642896000000,2.953,3.159,2.836,3.079,4255344.8
2022-01-24 00:00:00+00:00,1642982400000,3.079,3.08,2.539,2.968,7196637.86
2022-01-25 00:00:00+00:00,1643068800000,2.971,3.019,2.841,2.92,4356762.9
2022-01-26 00:00:00+00:00,1643155200000,2.922,3.229,2.853,2.948,4396701.2
2022-01-27 00:00:00+00:00,1643241600000,2.945,3.054,2.736,2.904,3618839.4
2022-01-28 00:00:00+00:00,1643328000000,2.906,3.047,2.83,3.026,3668043.7
2022-01-29 00:00:00+00:00,1643414400000,3.027,3.136,3.004,3.094,2315822.8
2022-01-30 00:00:00+00:00,1643500800000,3.094,3.505,3.088,3.27,7549789.0
2022-01-31 00:00:00+00:00,1643587200000,3.27,3.53,3.098,3.488,5897089.2
2022-02-01 00:00:00+00:00,1643673600000,3.488,3.769,3.474,3.74,5710100.1
2022-02-02 00:00:00+00:00,1643760000000,3.739,3.9,3.57,3.751,11277713.0
2022-02-03 00:00:00+00:00,1643846400000,3.754,3.972,3.607,3.838,11357951.9
2022-02-04 00:00:00+00:00,1643932800000,3.835,4.032,3.673,4.011,7506024.4
2022-02-05 00:00:00+00:00,1644019200000,4.009,4.08,3.856,3.933,5256336.6
2022-02-06 00:00:00+00:00,1644105600000,3.934,3.999,3.768,3.922,4378283.4
2022-02-07 00:00:00+00:00,1644192000000,3.924,4.194,3.835,4.144,5489045.2
2022-02-08 00:00:00+00:00,1644278400000,4.144,4.46,4.003,4.394,11811170.1
2022-02-09 00:00:00+00:00,1644364800000,4.396,4.606,4.322,4.441,8846617.0
2022-02-10 00:00:00+00:00,1644451200000,4.438,4.58,4.105,4.12,9091162.4
2022-02-11 00:00:00+00:00,1644537600000,4.12,4.468,4.017,4.307,9095067.4
2022-02-12 00:00:00+00:00,1644624000000,4.305,4.431,4.045,4.108,8172179.5
2022-02-13 00:00:00+00:00,1644710400000,4.107,4.13,3.813,3.847,2753043.5
2022-02-14 00:00:00+00:00,1644796800000,3.847,3.998,3.732,3.944,3379738.8
2022-02-15 00:00:00+00:00,1644883200000,3.944,4.188,3.898,4.15,3178835.2
2022-02-16 00:00:00+00:00,1644969600000,4.15,4.192,3.945,4.042,3029680.4
2022-02-17 00:00:00+00:00,1645056000000,4.042,4.055,3.614,3.673,4329456.6
2022-02-18 00:00:00+00:00,1645142400000,3.672,3.862,3.588,3.622,3568824.2
2022-02-19 00:00:00+00:00,1645228800000,3.621,3.699,3.472,3.6,2691956.8
2022-02-20 00:00:00+00:00,1645315200000,3.601,3.604,3.218,3.27,4335365.2
2022-02-21 00:00:00+00:00,1645401600000,3.27,3.475,2.943,2.971,7941883.3
2022-02-22 00:00:00+00:00,1645488000000,2.972,3.078,2.815,3.065,10809216.5
2022-02-23 00:00:00+00:00,1645574400000,3.065,3.226,2.928,2.935,6445969.2
2022-02-24 00:00:00+00:00,1645660800000,2.937,3.072,2.56,3.032,13725765.0
2022-02-25 00:00:00+00:00,1645747200000,3.032,3.255,2.959,3.21,6790056.9
2022-02-26 00:00:00+00:00,1645833600000,3.21,3.49,3.198,3.427,6094442.4
2022-02-27 00:00:00+00:00,1645920000000,3.427,3.452,3.055,3.114,6217967.8
2022-02-28 00:00:00+00:00,1646006400000,3.114,3.566,3.036,3.535,5683679.3
2022-03-01 00:00:00+00:00,1646092800000,3.535,3.668,3.422,3.494,4375349.7
2022-03-02 00:00:00+00:00,1646179200000,3.496,3.65,3.37,3.492,4801827.4
2022-03-03 00:00:00+00:00,1646265600000,3.493,3.522,3.301,3.393,3040303.5
2022-03-04 00:00:00+00:00,1646352000000,3.391,3.401,3.04,3.082,3489185.5
2022-03-05 00:00:00+00:00,1646438400000,3.081,3.167,2.976,3.146,2469771.0
2022-03-06 00:00:00+00:00,1646524800000,3.146,3.176,2.96,2.973,2190627.4
2022-03-07 00:00:00+00:00,1646611200000,2.973,3.078,2.839,2.92,4636404.0
2022-03-08 00:00:00+00:00,1646697600000,2.92,3.043,2.906,3.01,3110985.1
2022-03-09 00:00:00+00:00,1646784000000,3.01,3.19,3.008,3.174,2746015.2
2022-03-10 00:00:00+00:00,1646870400000,3.174,3.242,2.956,3.053,3590455.9
2022-03-11 00:00:00+00:00,1646956800000,3.053,3.109,2.959,2.985,2875080.0
2022-03-12 00:00:00+00:00,1647043200000,2.985,3.083,2.981,3.024,1656113.2
2022-03-13 00:00:00+00:00,1647129600000,3.024,3.084,2.904,2.905,1748364.4
2022-03-14 00:00:00+00:00,1647216000000,2.906,3.017,2.857,2.997,2281548.2
2022-03-15 00:00:00+00:00,1647302400000,2.995,3.012,2.882,2.969,2233416.9
2022-03-16 00:00:00+00:00,1647388800000,2.969,3.105,2.922,3.099,4380211.0
2022-03-17 00:00:00+00:00,1647475200000,3.098,3.156,3.063,3.081,2314243.2
2022-03-18 00:00:00+00:00,1647561600000,3.081,3.174,3.016,3.151,2750014.3
2022-03-19 00:00:00+00:00,1647648000000,3.151,3.293,3.15,3.259,2683435.2
2022-03-20 00:00:00+00:00,1647734400000,3.258,3.433,3.203,3.335,6172047.6
2022-03-21 00:00:00+00:00,1647820800000,3.334,3.338,3.193,3.239,3274820.7
2022-03-22 00:00:00+00:00,1647907200000,3.239,3.391,3.223,3.3,3760063.9
2022-03-23 00:00:00+00:00,1647993600000,3.299,3.57,3.292,3.456,5256448.4
2022-03-24 00:00:00+00:00,1648080000000,3.456,3.569,3.413,3.534,3149479.6
2022-03-25 00:00:00+00:00,1648166400000,3.534,3.585,3.432,3.515,3331678.5
2022-03-26 00:00:00+00:00,1648252800000,3.514,3.789,3.478,3.658,4950399.0
2022-03-27 00:00:00+00:00,1648339200000,3.658,3.866,3.636,3.862,3526877.8
2022-03-28 00:00:00+00:00,1648425600000,3.861,3.985,3.68,3.714,4405030.1
2022-03-29 00:00:00+00:00,1648512000000,3.713,3.927,3.7,3.793,4472232.5
2022-03-30 00:00:00+00:00,1648598400000,3.792,3.883,3.651,3.832,3637426.9
2022-03-31 00:00:00+00:00,1648684800000,3.832,4.025,3.66,3.722,7414861.2
2022-04-01 00:00:00+00:00,1648771200000,3.722,3.98,3.54,3.904,5319246.5
2022-04-02 00:00:00+00:00,1648857600000,3.904,4.133,3.884,3.914,5857894.3
2022-04-03 00:00:00+00:00,1648944000000,3.915,4.067,3.885,4.042,3525949.3
2022-04-04 00:00:00+00:00,1649030400000,4.041,4.042,3.715,3.898,3340828.0
2022-04-05 00:00:00+00:00,1649116800000,3.898,3.93,3.656,3.674,2827962.7
2022-04-06 00:00:00+00:00,1649203200000,3.674,3.674,3.234,3.288,4376194.9
2022-04-07 00:00:00+00:00,1649289600000,3.287,3.431,3.238,3.387,2643621.2
2022-04-08 00:00:00+00:00,1649376000000,3.383,3.424,3.129,3.169,3811057.9
2022-04-09 00:00:00+00:00,1649462400000,3.167,3.209,3.071,3.205,3428555.2
2022-04-10 00:00:00+00:00,1649548800000,3.205,3.301,3.108,3.124,2177303.9
2022-04-11 00:00:00+00:00,1649635200000,3.124,3.145,2.943,2.961,4250732.6
2022-04-12 00:00:00+00:00,1649721600000,2.961,3.2,2.944,3.066,3448069.9
2022-04-13 00:00:00+00:00,1649808000000,3.066,3.2,3.035,3.176,1906828.7
2022-04-14 00:00:00+00:00,1649894400000,3.178,3.28,3.066,3.099,2312759.7
2022-04-15 00:00:00+00:00,1649980800000,3.098,3.241,3.092,3.194,2495686.8
2022-04-16 00:00:00+00:00,1650067200000,3.195,3.295,3.159,3.282,1692819.8
2022-04-17 00:00:00+00:00,1650153600000,3.282,3.295,3.075,3.084,1949700.9
2022-04-18 00:00:00+00:00,1650240000000,3.083,3.188,2.927,3.176,3165318.1
2022-04-19 00:00:00+00:00,1650326400000,3.175,3.265,3.128,3.23,2092615.0
2022-04-20 00:00:00+00:00,1650412800000,3.229,3.272,3.097,3.147,3585269.4
2022-04-21 00:00:00+00:00,1650499200000,3.147,3.239,2.964,3.031,3562052.9
2022-04-22 00:00:00+00:00,1650585600000,3.03,3.159,2.982,3.081,3622391.2
2022-04-23 00:00:00+00:00,1650672000000,3.082,3.098,2.99,3.0,1640017.8
2022-04-24 00:00:00+00:00,1650758400000,3.001,3.043,2.929,2.96,2590323.1
2022-04-25 00:00:00+00:00,1650844800000,2.96,2.967,2.792,2.952,4184413.0
2022-04-26 00:00:00+00:00,1650931200000,2.952,2.973,2.745,2.747,3742003.8
2022-04-27 00:00:00+00:00,1651017600000,2.748,2.855,2.704,2.82,2696128.7
2022-04-28 00:00:00+00:00,1651104000000,2.82,2.857,2.736,2.804,3149307.9
2022-04-29 00:00:00+00:00,1651190400000,2.805,2.825,2.64,2.687,3515230.9
2022-04-30 00:00:00+00:00,1651276800000,2.686,2.751,2.429,2.534,3749334.42
2022-05-01 00:00:00+00:00,1651363200000,2.534,2.605,2.464,2.571,3312516.2
2022-05-02 00:00:00+00:00,1651449600000,2.571,2.609,2.39,2.495,5094554.74
2022-05-03 00:00:00+00:00,1651536000000,2.496,2.586,2.423,2.489,2817191.4
2022-05-04 00:00:00+00:00,1651622400000,2.489,2.747,2.475,2.703,3683872.6
2022-05-05 00:00:00+00:00,1651708800000,2.704,2.88,2.411,2.488,8538720.6
2022-05-06 00:00:00+00:00,1651795200000,2.487,2.529,2.4,2.505,4591943.9
2022-05-07 00:00:00+00:00,1651881600000,2.504,2.643,2.419,2.516,6631566.1
2022-05-08 00:00:00+00:00,1651968000000,2.515,2.641,2.513,2.558,8707244.5
2022-05-09 00:00:00+00:00,1652054400000,2.559,2.663,2.0,2.013,12550218.74
2022-05-10 00:00:00+00:00,1652140800000,2.012,2.292,1.994,2.112,11572063.2
2022-05-11 00:00:00+00:00,1652227200000,2.111,2.184,1.7,1.79,16434278.01
2022-05-12 00:00:00+00:00,1652313600000,1.785,1.892,1.451,1.679,16863289.42
2022-05-13 00:00:00+00:00,1652400000000,1.679,1.936,1.657,1.769,7667180.0
2022-05-14 00:00:00+00:00,1652486400000,1.768,1.871,1.651,1.825,3647328.6
2022-05-15 00:00:00+00:00,1652572800000,1.824,1.928,1.777,1.918,3499077.3
2022-05-16 00:00:00+00:00,1652659200000,1.918,1.92,1.721,1.776,4550668.6
2022-05-17 00:00:00+00:00,1652745600000,1.776,1.874,1.751,1.86,2838742.7
2022-05-18 00:00:00+00:00,1652832000000,1.86,1.892,1.666,1.68,3518566.3
2022-05-19 00:00:00+00:00,1652918400000,1.68,1.777,1.612,1.756,3858457.2
2022-05-20 00:00:00+00:00,1653004800000,1.757,1.801,1.675,1.741,4066998.8
2022-05-21 00:00:00+00:00,1653091200000,1.742,1.863,1.699,1.821,4486632.8
2022-05-22 00:00:00+00:00,1653177600000,1.821,2.011,1.782,1.975,8233687.9
2022-05-23 00:00:00+00:00,1653264000000,1.975,2.066,1.867,1.875,6257763.2
2022-05-24 00:00:00+00:00,1653350400000,1.876,2.157,1.856,2.118,13829485.0
2022-05-25 00:00:00+00:00,1653436800000,2.119,2.147,1.993,2.131,7598611.1
2022-05-26 00:00:00+00:00,1653523200000,2.13,2.261,1.819,1.863,13834143.7
2022-05-27 00:00:00+00:00,1653609600000,1.863,1.896,1.757,1.818,9318885.3
2022-05-28 00:00:00+00:00,1653696000000,1.819,1.98,1.808,1.971,7013040.6
2022-05-29 00:00:00+00:00,1653782400000,1.971,2.036,1.913,1.985,6339300.9
2022-05-30 00:00:00+00:00,1653868800000,1.985,2.208,1.97,2.138,6962325.6
2022-05-31 00:00:00+00:00,1653955200000,2.138,2.198,2.022,2.091,5761415.3
2022-06-01 00:00:00+00:00,1654041600000,2.092,2.132,1.912,1.947,5696787.8
2022-06-02 00:00:00+00:00,1654128000000,1.948,2.014,1.863,1.984,5046534.2
2022-06-03 00:00:00+00:00,1654214400000,1.983,1.99,1.871,1.905,2733034.3
2022-06-04 00:00:00+00:00,1654300800000,1.904,1.925,1.842,1.912,2557380.6
2022-06-05 00:00:00+00:00,1654387200000,1.912,1.992,1.869,1.955,2360053.6
2022-06-06 00:00:00+00:00,1654473600000,1.955,2.173,1.948,2.061,5308362.0
2022-06-07 00:00:00+00:00,1654560000000,2.061,2.211,1.95,2.067,13601110.5
2022-06-08 00:00:00+00:00,1654646400000,2.067,2.174,1.99,2.093,9021496.3
2022-06-09 00:00:00+00:00,1654732800000,2.093,2.269,2.057,2.227,9371977.8
2022-06-10 00:00:00+00:00,1654819200000,2.228,2.368,1.951,1.97,10255387.5
2022-06-11 00:00:00+00:00,1654905600000,1.969,2.072,1.79,1.799,10319612.7
2022-06-12 00:00:00+00:00,1654992000000,1.8,1.866,1.63,1.637,9964790.5
2022-06-13 00:00:00+00:00,1655078400000,1.634,1.653,1.337,1.402,14605148.92
2022-06-14 00:00:00+00:00,1655164800000,1.401,1.47,1.285,1.448,9324863.8
2022-06-15 00:00:00+00:00,1655251200000,1.449,1.538,1.3,1.529,8865974.7
2022-06-16 00:00:00+00:00,1655337600000,1.53,1.55,1.331,1.359,14596907.5
2022-06-17 00:00:00+00:00,1655424000000,1.361,1.469,1.347,1.39,6258054.6
2022-06-18 00:00:00+00:00,1655510400000,1.39,1.417,1.195,1.287,6513820.2
2022-06-19 00:00:00+00:00,1655596800000,1.287,1.417,1.21,1.39,5701648.0
2022-06-20 00:00:00+00:00,1655683200000,1.391,1.462,1.319,1.443,5469807.0
2022-06-21 00:00:00+00:00,1655769600000,1.444,1.524,1.396,1.428,7731935.8
2022-06-22 00:00:00+00:00,1655856000000,1.429,1.431,1.332,1.341,4709720.7
2022-06-23 00:00:00+00:00,1655942400000,1.343,1.453,1.331,1.439,3687948.5
2022-06-24 00:00:00+00:00,1656028800000,1.439,1.58,1.437,1.535,3912115.1
2022-06-25 00:00:00+00:00,1656115200000,1.535,1.578,1.455,1.541,2695059.4
2022-06-26 00:00:00+00:00,1656201600000,1.542,1.598,1.436,1.443,2777074.8
2022-06-27 00:00:00+00:00,1656288000000,1.443,1.644,1.438,1.601,8259498.0
2022-06-28 00:00:00+00:00,1656374400000,1.601,1.684,1.505,1.513,7835404.3
2022-06-29 00:00:00+00:00,1656460800000,1.513,1.563,1.459,1.478,4658749.0
2022-06-30 00:00:00+00:00,1656547200000,1.478,1.485,1.345,1.426,4301728.9
2022-07-01 00:00:00+00:00,1656633600000,1.427,1.473,1.33,1.378,7013427.1
2022-07-02 00:00:00+00:00,1656720000000,1.38,1.511,1.357,1.454,8792364.6
2022-07-03 00:00:00+00:00,1656806400000,1.455,1.476,1.397,1.447,4315863.3
2022-07-04 00:00:00+00:00,1656892800000,1.448,1.563,1.437,1.536,4788968.3
2022-07-05 00:00:00+00:00,1656979200000,1.537,1.559,1.429,1.469,3909449.2
2022-07-06 00:00:00+00:00,1657065600000,1.468,1.587,1.458,1.546,3780096.7
2022-07-07 00:00:00+00:00,1657152000000,1.545,1.595,1.536,1.569,5756159.1
2022-07-08 00:00:00+00:00,1657238400000,1.569,1.603,1.5,1.527,3555128.4
2022-07-09 00:00:00+00:00,1657324800000,1.527,1.656,1.526,1.622,5382477.3
2022-07-10 00:00:00+00:00,1657411200000,1.623,1.665,1.537,1.626,3652052.6
2022-07-11 00:00:00+00:00,1657497600000,1.625,1.709,1.562,1.574,9860707.5
2022-07-12 00:00:00+00:00,1657584000000,1.574,1.625,1.423,1.435,6180475.9
2022-07-13 00:00:00+00:00,1657670400000,1.435,1.523,1.398,1.521,6321681.7
2022-07-14 00:00:00+00:00,1657756800000,1.521,1.583,1.459,1.565,4128124.5
2022-07-15 00:00:00+00:00,1657843200000,1.565,1.622,1.55,1.573,3742546.2
2022-07-16 00:00:00+00:00,1657929600000,1.572,1.634,1.539,1.603,1754287.7
2022-07-17 00:00:00+00:00,1658016000000,1.602,1.64,1.565,1.574,2973656.5
2022-07-18 00:00:00+00:00,1658102400000,1.576,1.749,1.566,1.73,4864486.9
2022-07-19 00:00:00+00:00,1658188800000,1.73,1.796,1.656,1.743,4206854.5
2022-07-20 00:00:00+00:00,1658275200000,1.743,1.778,1.603,1.621,6487259.5
2022-07-21 00:00:00+00:00,1658361600000,1.621,1.688,1.559,1.672,3616367.5
2022-07-22 00:00:00+00:00,1658448000000,1.674,1.742,1.611,1.633,2483095.1
2022-07-23 00:00:00+00:00,1658534400000,1.633,1.683,1.601,1.65,2006742.7
2022-07-24 00:00:00+00:00,1658620800000,1.65,1.721,1.65,1.682,2298426.1
2022-07-25 00:00:00+00:00,1658707200000,1.682,1.688,1.506,1.509,3095880.0
2022-07-26 00:00:00+00:00,1658793600000,1.508,1.558,1.473,1.555,5115436.3
2022-07-27 00:00:00+00:00,1658880000000,1.555,1.646,1.527,1.644,5178522.5
2022-07-28 00:00:00+00:00,1658966400000,1.644,1.75,1.6,1.718,4491195.3
2022-07-29 00:00:00+00:00,1659052800000,1.719,1.779,1.662,1.708,3874930.5
2022-07-30 00:00:00+00:00,1659139200000,1.709,1.862,1.709,1.819,7290390.4
2022-07-31 00:00:00+00:00,1659225600000,1.819,1.852,1.732,1.739,3657008.9
2022-08-01 00:00:00+00:00,1659312000000,1.738,1.858,1.723,1.813,3489838.4
2022-08-02 00:00:00+00:00,1659398400000,1.811,1.833,1.677,1.714,3256909.5
2022-08-03 00:00:00+00:00,1659484800000,1.713,1.787,1.666,1.718,2141151.8
2022-08-04 00:00:00+00:00,1659571200000,1.718,1.859,1.714,1.814,3794262.4
2022-08-05 00:00:00+00:00,1659657600000,1.815,1.889,1.809,1.864,2254389.7
2022-08-06 00:00:00+00:00,1659744000000,1.864,1.9,1.843,1.878,1452756.4
2022-08-07 00:00:00+00:00,1659830400000,1.877,1.934,1.84,1.889,1319334.7
2022-08-08 00:00:00+00:00,1659916800000,1.889,1.947,1.863,1.894,2347280.9
2022-08-09 00:00:00+00:00,1660003200000,1.893,1.92,1.751,1.802,2261103.7
2022-08-10 00:00:00+00:00,1660089600000,1.802,1.876,1.742,1.875,1990680.9
2022-08-11 00:00:00+00:00,1660176000000,1.876,1.958,1.87,1.9,2319381.7
2022-08-12 00:00:00+00:00,1660262400000,1.901,1.926,1.857,1.924,1438996.0
2022-08-13 00:00:00+00:00,1660348800000,1.924,1.945,1.888,1.91,1063496.2
2022-08-14 00:00:00+00:00,1660435200000,1.911,1.958,1.798,1.819,3531838.0
2022-08-15 00:00:00+00:00,1660521600000,1.819,1.867,1.775,1.82,2707012.7
2022-08-16 00:00:00+00:00,1660608000000,1.82,1.909,1.779,1.886,3312312.4
2022-08-17 00:00:00+00:00,1660694400000,1.887,2.038,1.846,1.886,5495425.7
2022-08-18 00:00:00+00:00,1660780800000,1.886,1.89,1.778,1.788,2073639.1
2022-08-19 00:00:00+00:00,1660867200000,1.788,1.788,1.551,1.575,5237813.0
2022-08-20 00:00:00+00:00,1660953600000,1.576,1.638,1.523,1.559,2528498.9
2022-08-21 00:00:00+00:00,1661040000000,1.56,1.649,1.551,1.633,2791898.9
2022-08-22 00:00:00+00:00,1661126400000,1.633,1.636,1.52,1.588,3125518.8
2022-08-23 00:00:00+00:00,1661212800000,1.588,1.607,1.537,1.593,1569830.3
2022-08-24 00:00:00+00:00,1661299200000,1.593,1.643,1.554,1.6,2569654.1
2022-08-25 00:00:00+00:00,1661385600000,1.6,1.681,1.597,1.669,2566229.7
2022-08-26 00:00:00+00:00,1661472000000,1.668,1.672,1.461,1.483,3594419.6
2022-08-27 00:00:00+00:00,1661558400000,1.483,1.488,1.429,1.462,2599680.1
2022-08-28 00:00:00+00:00,1661644800000,1.463,1.493,1.421,1.427,1674521.4
2022-08-29 00:00:00+00:00,1661731200000,1.426,1.536,1.418,1.53,1959298.6
2022-08-30 00:00:00+00:00,1661817600000,1.529,1.55,1.448,1.496,1869484.5
2022-08-31 00:00:00+00:00,1661904000000,1.497,1.58,1.497,1.51,1928917.1
2022-09-01 00:00:00+00:00,1661990400000,1.509,1.54,1.473,1.54,1390077.5
2022-09-02 00:00:00+00:00,1662076800000,1.54,1.565,1.465,1.491,2539843.1
2022-09-03 00:00:00+00:00,1662163200000,1.491,1.529,1.47,1.524,1050918.4
2022-09-04 00:00:00+00:00,1662249600000,1.523,1.559,1.51,1.556,965026.9
2022-09-05 00:00:00+00:00,1662336000000,1.556,1.566,1.501,1.547,1627023.5
2022-09-06 00:00:00+00:00,1662422400000,1.547,1.592,1.426,1.427,3410399.8
2022-09-07 00:00:00+00:00,1662508800000,1.427,1.503,1.4,1.489,1517963.5
2022-09-08 00:00:00+00:00,1662595200000,1.488,1.603,1.469,1.587,3355291.3
2022-09-09 00:00:00+00:00,1662681600000,1.588,1.665,1.582,1.643,3768771.0
2022-09-10 00:00:00+00:00,1662768000000,1.643,1.68,1.625,1.663,1981658.1
2022-09-11 00:00:00+00:00,1662854400000,1.663,1.757,1.646,1.683,3476485.3
2022-09-12 00:00:00+00:00,1662940800000,1.683,1.724,1.613,1.655,3160928.6
2022-09-13 00:00:00+00:00,1663027200000,1.655,1.691,1.52,1.528,5369988.6
2022-09-14 00:00:00+00:00,1663113600000,1.528,1.622,1.512,1.605,3036192.3
2022-09-15 00:00:00+00:00,1663200000000,1.604,1.615,1.508,1.52,4246626.9
2022-09-16 00:00:00+00:00,1663286400000,1.52,1.558,1.499,1.52,3073475.4
2022-09-17 00:00:00+00:00,1663372800000,1.52,1.567,1.52,1.55,1394955.1
2022-09-18 00:00:00+00:00,1663459200000,1.55,1.572,1.425,1.438,2666555.6
2022-09-19 00:00:00+00:00,1663545600000,1.438,1.51,1.409,1.482,3618791.4
2022-09-20 00:00:00+00:00,1663632000000,1.483,1.523,1.453,1.463,2834672.4
2022-09-21 00:00:00+00:00,1663718400000,1.463,1.525,1.383,1.408,6469037.8
2022-09-22 00:00:00+00:00,1663804800000,1.407,1.526,1.407,1.508,3848443.7
2022-09-23 00:00:00+00:00,1663891200000,1.509,1.552,1.428,1.516,3359562.2
2022-09-24 00:00:00+00:00,1663977600000,1.516,1.555,1.468,1.475,1803371.5
2022-09-25 00:00:00+00:00,1664064000000,1.476,1.508,1.438,1.457,1263839.7
2022-09-26 00:00:00+00:00,1664150400000,1.458,1.479,1.423,1.474,1671985.5
2022-09-27 00:00:00+00:00,1664236800000,1.475,1.542,1.422,1.443,2635872.7
2022-09-28 00:00:00+00:00,1664323200000,1.442,1.455,1.389,1.441,2823854.0
2022-09-29 00:00:00+00:00,1664409600000,1.441,1.449,1.407,1.439,1874146.5
2022-09-30 00:00:00+00:00,1664496000000,1.439,1.464,1.408,1.423,2216756.6
2022-10-01 00:00:00+00:00,1664582400000,1.424,1.435,1.398,1.409,662909.3
2022-10-02 00:00:00+00:00,1664668800000,1.41,1.42,1.363,1.374,1218234.0
2022-10-03 00:00:00+00:00,1664755200000,1.376,1.452,1.357,1.438,2210018.7
2022-10-04 00:00:00+00:00,1664841600000,1.438,1.469,1.427,1.457,1473010.3
2022-10-05 00:00:00+00:00,1664928000000,1.458,1.458,1.404,1.43,1213830.7
2022-10-06 00:00:00+00:00,1665014400000,1.431,1.455,1.417,1.428,2330251.0
2022-10-07 00:00:00+00:00,1665100800000,1.427,1.434,1.39,1.41,1246764.0
2022-10-08 00:00:00+00:00,1665187200000,1.409,1.426,1.399,1.406,537400.0
2022-10-09 00:00:00+00:00,1665273600000,1.406,1.43,1.403,1.428,614260.4
2022-10-10 00:00:00+00:00,1665360000000,1.428,1.443,1.363,1.37,1322297.3
2022-10-11 00:00:00+00:00,1665446400000,1.37,1.37,1.327,1.343,1524801.4
2022-10-12 00:00:00+00:00,1665532800000,1.344,1.363,1.34,1.352,889541.3
2022-10-13 00:00:00+00:00,1665619200000,1.352,1.423,1.259,1.384,5739972.1
2022-10-14 00:00:00+00:00,1665705600000,1.384,1.436,1.354,1.367,2212400.2
2022-10-15 00:00:00+00:00,1665792000000,1.368,1.383,1.343,1.355,752429.8
2022-10-16 00:00:00+00:00,1665878400000,1.356,1.372,1.339,1.355,896093.6
2022-10-17 00:00:00+00:00,1665964800000,1.355,1.397,1.344,1.389,1260213.1
2022-10-18 00:00:00+00:00,1666051200000,1.39,1.409,1.351,1.375,1801203.0
2022-10-19 00:00:00+00:00,1666137600000,1.375,1.382,1.315,1.326,2203202.2
2022-10-20 00:00:00+00:00,1666224000000,1.326,1.357,1.307,1.32,1571085.9
2022-10-21 00:00:00+00:00,1666310400000,1.32,1.354,1.29,1.343,1508362.2
2022-10-22 00:00:00+00:00,1666396800000,1.343,1.351,1.328,1.341,514659.7
2022-10-23 00:00:00+00:00,1666483200000,1.341,1.381,1.331,1.374,1215436.8
2022-10-24 00:00:00+00:00,1666569600000,1.374,1.406,1.336,1.353,5132380.0
2022-10-25 00:00:00+00:00,1666656000000,1.353,1.42,1.344,1.387,2251389.9
2022-10-26 00:00:00+00:00,1666742400000,1.388,1.458,1.387,1.435,2553732.7
2022-10-27 00:00:00+00:00,1666828800000,1.434,1.494,1.403,1.412,2165791.0
2022-10-28 00:00:00+00:00,1666915200000,1.412,1.461,1.393,1.441,1710608.9
2022-10-29 00:00:00+00:00,1667001600000,1.442,1.482,1.424,1.443,2351854.4
2022-10-30 00:00:00+00:00,1667088000000,1.445,1.483,1.398,1.422,1728442.4
2022-10-31 00:00:00+00:00,1667174400000,1.422,1.474,1.409,1.426,2494096.2
2022-11-01 00:00:00+00:00,1667260800000,1.426,1.438,1.402,1.414,2359960.6
2022-11-02 00:00:00+00:00,1667347200000,1.414,1.427,1.35,1.382,2655912.5
2022-11-03 00:00:00+00:00,1667433600000,1.382,1.425,1.356,1.369,5855479.2
2022-11-04 00:00:00+00:00,1667520000000,1.369,1.449,1.359,1.448,7115630.0
2022-11-05 00:00:00+00:00,1667606400000,1.449,1.478,1.417,1.446,3988641.5
2022-11-06 00:00:00+00:00,1667692800000,1.446,1.455,1.367,1.372,2483776.3
2022-11-07 00:00:00+00:00,1667779200000,1.371,1.401,1.332,1.361,3203066.7
2022-11-08 00:00:00+00:00,1667865600000,1.361,1.38,1.056,1.173,8145018.3
2022-11-09 00:00:00+00:00,1667952000000,1.172,1.186,0.978,1.019,9110031.5
2022-11-10 00:00:00+00:00,1668038400000,1.019,1.159,1.003,1.143,4928073.4
2022-11-11 00:00:00+00:00,1668124800000,1.142,1.152,1.034,1.069,3332056.5
2022-11-12 00:00:00+00:00,1668211200000,1.07,1.073,1.015,1.04,2122702.5
2022-11-13 00:00:00+00:00,1668297600000,1.04,1.081,0.992,1.009,3570257.4
2022-11-14 00:00:00+00:00,1668384000000,1.009,1.032,0.936,1.016,4351979.2
2022-11-15 00:00:00+00:00,1668470400000,1.016,1.048,0.998,1.026,2606049.6
2022-11-16 00:00:00+00:00,1668556800000,1.026,1.034,0.967,0.987,4247842.3
2022-11-17 00:00:00+00:00,1668643200000,0.987,0.991,0.96,0.974,1445480.8
2022-11-18 00:00:00+00:00,1668729600000,0.975,0.996,0.964,0.981,1619583.0
2022-11-19 00:00:00+00:00,1668816000000,0.981,1.012,0.965,0.999,1237233.3
2022-11-20 00:00:00+00:00,1668902400000,0.998,1.02,0.967,0.973,2247582.8
2022-11-21 00:00:00+00:00,1668988800000,0.973,0.977,0.921,0.938,3183046.7
2022-11-22 00:00:00+00:00,1669075200000,0.938,0.969,0.912,0.969,3642814.9
2022-11-23 00:00:00+00:00,1669161600000,0.969,1.005,0.964,1.001,2192514.8
2022-11-24 00:00:00+00:00,1669248000000,1.001,1.028,0.989,1.004,2800973.7
2022-11-25 00:00:00+00:00,1669334400000,1.004,1.008,0.975,0.99,1369185.1
2022-11-26 00:00:00+00:00,1669420800000,0.991,1.022,0.976,0.988,4631649.5
2022-11-27 00:00:00+00:00,1669507200000,0.988,1.012,0.979,0.988,1214657.6
2022-11-28 00:00:00+00:00,1669593600000,0.988,1.001,0.947,0.977,1579596.1
2022-11-29 00:00:00+00:00,1669680000000,0.976,0.997,0.968,0.976,2818454.4
2022-11-30 00:00:00+00:00,1669766400000,0.977,1.025,0.977,1.019,2594291.4
2022-12-01 00:00:00+00:00,1669852800000,1.019,1.024,0.991,1.003,1559804.6
2022-12-02 00:00:00+00:00,1669939200000,1.003,1.04,0.99,1.028,2240048.2
2022-12-03 00:00:00+00:00,1670025600000,1.028,1.033,0.992,0.993,977705.5
2022-12-04 00:00:00+00:00,1670112000000,0.994,1.008,0.99,1.005,1074933.4
2022-12-05 00:00:00+00:00,1670198400000,1.004,1.031,0.999,1.005,1449191.8
2022-12-06 00:00:00+00:00,1670284800000,1.006,1.029,1.003,1.013,1958428.1
2022-12-07 00:00:00+00:00,1670371200000,1.013,1.019,0.968,0.984,2411970.2
2022-12-08 00:00:00+00:00,1670457600000,0.985,1.006,0.971,1.0,1294300.4
2022-12-09 00:00:00+00:00,1670544000000,1.001,1.005,0.979,0.984,1354570.3
2022-12-10 00:00:00+00:00,1670630400000,0.985,1.004,0.982,0.996,650991.0
2022-12-11 00:00:00+00:00,1670716800000,0.997,1.01,0.987,0.987,883985.0
2022-12-12 00:00:00+00:00,1670803200000,0.987,0.988,0.949,0.96,1971422.1
2022-12-13 00:00:00+00:00,1670889600000,0.96,0.981,0.915,0.972,3281407.6
2022-12-14 00:00:00+00:00,1670976000000,0.971,0.982,0.945,0.95,2471695.9
2022-12-15 00:00:00+00:00,1671062400000,0.95,0.976,0.923,0.957,5962996.5
2022-12-16 00:00:00+00:00,1671148800000,0.956,0.963,0.825,0.839,4303562.3
2022-12-17 00:00:00+00:00,1671235200000,0.839,0.865,0.826,0.843,6698927.2
2022-12-18 00:00:00+00:00,1671321600000,0.843,0.849,0.825,0.836,1859650.1
2022-12-19 00:00:00+00:00,1671408000000,0.836,0.847,0.758,0.776,3428344.6
2022-12-20 00:00:00+00:00,1671494400000,0.776,0.811,0.775,0.805,1775177.3
2022-12-21 00:00:00+00:00,1671580800000,0.805,0.81,0.788,0.807,1765326.3
2022-12-22 00:00:00+00:00,1671667200000,0.807,0.81,0.777,0.806,1457319.4
2022-12-23 00:00:00+00:00,1671753600000,0.806,0.816,0.796,0.804,1127271.0
2022-12-24 00:00:00+00:00,1671840000000,0.802,0.807,0.797,0.8,486849.3
2022-12-25 00:00:00+00:00,1671926400000,0.799,0.801,0.773,0.784,942277.7
2022-12-26 00:00:00+00:00,1672012800000,0.784,0.797,0.782,0.796,744647.0
2022-12-27 00:00:00+00:00,1672099200000,0.797,0.798,0.765,0.773,1582324.9
2022-12-28 00:00:00+00:00,1672185600000,0.773,0.774,0.73,0.738,2365473.3
2022-12-29 00:00:00+00:00,1672272000000,0.738,0.744,0.708,0.726,1935933.1
2022-12-30 00:00:00+00:00,1672358400000,0.725,0.733,0.699,0.723,1764548.6
2022-12-31 00:00:00+00:00,1672444800000,0.723,0.727,0.713,0.716,871272.6
2023-01-01 00:00:00+00:00,1672531200000,0.716,0.721,0.705,0.719,732873.6
2023-01-02 00:00:00+00:00,1672617600000,0.719,0.746,0.707,0.739,1707347.9
2023-01-03 00:00:00+00:00,1672704000000,0.739,0.759,0.735,0.755,2467649.5
2023-01-04 00:00:00+00:00,1672790400000,0.754,0.777,0.75,0.768,1641125.7
2023-01-05 00:00:00+00:00,1672876800000,0.768,0.777,0.747,0.762,1699023.4
2023-01-06 00:00:00+00:00,1672963200000,0.762,0.773,0.746,0.772,1907272.2
2023-01-07 00:00:00+00:00,1673049600000,0.772,0.796,0.771,0.791,1282090.9
2023-01-08 00:00:00+00:00,1673136000000,0.792,0.828,0.781,0.821,1317220.2
2023-01-09 00:00:00+00:00,1673222400000,0.822,0.855,0.818,0.83,3034904.1
2023-01-10 00:00:00+00:00,1673308800000,0.831,0.846,0.816,0.832,2570175.4
2023-01-11 00:00:00+00:00,1673395200000,0.832,0.86,0.807,0.859,2933108.1
2023-01-12 00:00:00+00:00,1673481600000,0.858,0.894,0.832,0.89,4349830.0
2023-01-13 00:00:00+00:00,1673568000000,0.889,0.93,0.875,0.918,2935350.4
2023-01-14 00:00:00+00:00,1673654400000,0.917,1.04,0.917,1.007,7182093.6
2023-01-15 00:00:00+00:00,1673740800000,1.008,1.086,0.979,1.028,7683566.3
2023-01-16 00:00:00+00:00,1673827200000,1.029,1.048,0.991,1.009,3234978.0
2023-01-17 00:00:00+00:00,1673913600000,1.01,1.064,0.988,1.016,2669368.6
2023-01-18 00:00:00+00:00,1674000000000,1.018,1.039,0.938,0.953,3698499.3
2023-01-19 00:00:00+00:00,1674086400000,0.953,1.07,0.951,0.994,5516977.6
2023-01-20 00:00:00+00:00,1674172800000,0.993,1.07,0.972,1.065,2674801.9
2023-01-21 00:00:00+00:00,1674259200000,1.065,1.187,1.051,1.1,7962578.9
2023-01-22 00:00:00+00:00,1674345600000,1.099,1.138,1.081,1.107,3549751.3
2023-01-23 00:00:00+00:00,1674432000000,1.107,1.131,1.091,1.113,3361484.0
2023-01-24 00:00:00+00:00,1674518400000,1.113,1.154,1.043,1.057,3385286.9
2023-01-25 00:00:00+00:00,1674604800000,1.057,1.118,1.025,1.091,3008758.4
2023-01-26 00:00:00+00:00,1674691200000,1.091,1.116,1.073,1.092,2182869.1
2023-01-27 00:00:00+00:00,1674777600000,1.094,1.128,1.061,1.126,3064591.2
2023-01-28 00:00:00+00:00,1674864000000,1.126,1.145,1.086,1.096,1923081.2
2023-01-29 00:00:00+00:00,1674950400000,1.096,1.187,1.083,1.16,6884435.6
2023-01-30 00:00:00+00:00,1675036800000,1.159,1.162,1.031,1.057,5031168.6
2023-01-31 00:00:00+00:00,1675123200000,1.057,1.078,1.046,1.058,2926473.6
2023-02-01 00:00:00+00:00,1675209600000,1.058,1.1,1.017,1.093,3604982.3
2023-02-02 00:00:00+00:00,1675296000000,1.094,1.142,1.077,1.092,3618153.9
2023-02-03 00:00:00+00:00,1675382400000,1.092,1.162,1.086,1.144,3642077.0
2023-02-04 00:00:00+00:00,1675468800000,1.144,1.177,1.128,1.165,4133616.3
2023-02-05 00:00:00+00:00,1675555200000,1.166,1.24,1.14,1.188,5900602.6
2023-02-06 00:00:00+00:00,1675641600000,1.188,1.191,1.135,1.145,3265637.5
2023-02-07 00:00:00+00:00,1675728000000,1.145,1.22,1.137,1.217,3188378.9
2023-02-08 00:00:00+00:00,1675814400000,1.217,1.265,1.179,1.225,3360341.2
2023-02-09 00:00:00+00:00,1675900800000,1.226,1.233,1.051,1.078,4522490.4
2023-02-10 00:00:00+00:00,1675987200000,1.077,1.106,1.057,1.088,3018889.2
2023-02-11 00:00:00+00:00,1676073600000,1.088,1.097,1.064,1.084,1517590.5
2023-02-12 00:00:00+00:00,1676160000000,1.084,1.112,1.059,1.079,1504113.2
2023-02-13 00:00:00+00:00,1676246400000,1.079,1.081,1.003,1.039,2597760.6
2023-02-14 00:00:00+00:00,1676332800000,1.038,1.064,1.016,1.061,2281163.8
2023-02-15 00:00:00+00:00,1676419200000,1.062,1.15,1.049,1.148,2604801.5
2023-02-16 00:00:00+00:00,1676505600000,1.15,1.173,1.087,1.093,2752055.1
2023-02-17 00:00:00+00:00,1676592000000,1.093,1.179,1.088,1.153,3502291.5
2023-02-18 00:00:00+00:00,1676678400000,1.153,1.19,1.146,1.174,2184701.5
2023-02-19 00:00:00+00:00,1676764800000,1.174,1.215,1.159,1.189,2560615.2
2023-02-20 00:00:00+00:00,1676851200000,1.189,1.28,1.158,1.258,3814222.6
2023-02-21 00:00:00+00:00,1676937600000,1.257,1.301,1.193,1.221,3848274.2
2023-02-22 00:00:00+00:00,1677024000000,1.221,1.469,1.221,1.437,33705646.6
2023-02-23 00:00:00+00:00,1677110400000,1.436,1.49,1.33,1.347,18044136.6
2023-02-24 00:00:00+00:00,1677196800000,1.347,1.347,1.213,1.237,6657939.4
2023-02-25 00:00:00+00:00,1677283200000,1.237,1.248,1.15,1.196,3233923.7
2023-02-26 00:00:00+00:00,1677369600000,1.196,1.219,1.186,1.215,2002702.6
2023-02-27 00:00:00+00:00,1677456000000,1.214,1.223,1.162,1.186,2876242.9
2023-02-28 00:00:00+00:00,1677542400000,1.185,1.194,1.127,1.137,2044642.7
2023-03-01 00:00:00+00:00,1677628800000,1.137,1.204,1.128,1.203,2083583.2
2023-03-02 00:00:00+00:00,1677715200000,1.203,1.203,1.136,1.179,2352760.8
2023-03-03 00:00:00+00:00,1677801600000,1.179,1.18,1.057,1.145,4609981.6
2023-03-04 00:00:00+00:00,1677888000000,1.145,1.149,1.089,1.113,2056500.2
2023-03-05 00:00:00+00:00,1677974400000,1.113,1.144,1.105,1.114,1709019.8
2023-03-06 00:00:00+00:00,1678060800000,1.113,1.147,1.096,1.136,2251479.2
2023-03-07 00:00:00+00:00,1678147200000,1.136,1.147,1.082,1.109,1782000.2
2023-03-08 00:00:00+00:00,1678233600000,1.11,1.113,1.015,1.027,2649760.9
2023-03-09 00:00:00+00:00,1678320000000,1.028,1.072,0.963,0.991,4959833.1
2023-03-10 00:00:00+00:00,1678406400000,0.99,1.017,0.955,1.011,5491181.7
2023-03-11 00:00:00+00:00,1678492800000,1.011,1.03,0.952,0.982,3054380.3
2023-03-12 00:00:00+00:00,1678579200000,0.982,1.055,0.958,1.05,2434386.5
2023-03-13 00:00:00+00:00,1678665600000,1.051,1.102,1.023,1.088,3551383.6
2023-03-14 00:00:00+00:00,1678752000000,1.088,1.235,1.062,1.193,11208607.1
2023-03-15 00:00:00+00:00,1678838400000,1.194,1.239,1.119,1.146,7530469.7
2023-03-16 00:00:00+00:00,1678924800000,1.148,1.207,1.127,1.185,3799702.2
2023-03-17 00:00:00+00:00,1679011200000,1.185,1.255,1.169,1.255,3896073.7
2023-03-18 00:00:00+00:00,1679097600000,1.255,1.263,1.181,1.189,2975911.1
2023-03-19 00:00:00+00:00,1679184000000,1.189,1.261,1.183,1.24,3020141.9
2023-03-20 00:00:00+00:00,1679270400000,1.241,1.268,1.159,1.163,3537321.8
2023-03-21 00:00:00+00:00,1679356800000,1.164,1.197,1.133,1.186,3350752.7
2023-03-22 00:00:00+00:00,1679443200000,1.187,1.19,1.079,1.112,3722205.1
2023-03-23 00:00:00+00:00,1679529600000,1.113,1.187,1.11,1.164,2966859.4
2023-03-24 00:00:00+00:00,1679616000000,1.163,1.179,1.111,1.13,2419556.3
2023-03-25 00:00:00+00:00,1679702400000,1.13,1.142,1.095,1.11,1570426.4
2023-03-26 00:00:00+00:00,1679788800000,1.109,1.154,1.102,1.137,1688590.8
2023-03-27 00:00:00+00:00,1679875200000,1.138,1.153,1.057,1.077,3710648.0
2023-03-28 00:00:00+00:00,1679961600000,1.077,1.096,1.061,1.089,2522214.3
2023-03-29 00:00:00+00:00,1680048000000,1.089,1.149,1.085,1.137,3189636.4
2023-03-30 00:00:00+00:00,1680134400000,1.137,1.154,1.091,1.108,3329935.4
2023-03-31 00:00:00+00:00,1680220800000,1.109,1.135,1.088,1.119,2638585.2
2023-04-01 00:00:00+00:00,1680307200000,1.118,1.132,1.107,1.126,2379178.5
2023-04-02 00:00:00+00:00,1680393600000,1.126,1.134,1.085,1.099,1806940.6
2023-04-03 00:00:00+00:00,1680480000000,1.099,1.13,1.073,1.113,3636878.6
2023-04-04 00:00:00+00:00,1680566400000,1.113,1.131,1.096,1.115,2583070.3
2023-04-05 00:00:00+00:00,1680652800000,1.115,1.148,1.107,1.134,2563869.8
2023-04-06 00:00:00+00:00,1680739200000,1.135,1.175,1.114,1.134,5846752.9
2023-04-07 00:00:00+00:00,1680825600000,1.134,1.137,1.082,1.1,4207351.5
2023-04-08 00:00:00+00:00,1680912000000,1.1,1.108,1.095,1.1,1431179.3
2023-04-09 00:00:00+00:00,1680998400000,1.099,1.109,1.076,1.1,1291102.0
2023-04-10 00:00:00+00:00,1681084800000,1.1,1.128,1.086,1.121,2781198.5
2023-04-11 00:00:00+00:00,1681171200000,1.121,1.13,1.104,1.115,2411288.7
2023-04-12 00:00:00+00:00,1681257600000,1.114,1.117,1.077,1.094,2778653.7
2023-04-13 00:00:00+00:00,1681344000000,1.095,1.128,1.082,1.123,2393189.5
2023-04-14 00:00:00+00:00,1681430400000,1.125,1.163,1.123,1.152,3609670.6
2023-04-15 00:00:00+00:00,1681516800000,1.152,1.166,1.133,1.158,2532851.8
2023-04-16 00:00:00+00:00,1681603200000,1.157,1.19,1.141,1.177,2421572.0
2023-04-17 00:00:00+00:00,1681689600000,1.179,1.18,1.13,1.142,2647511.5
2023-04-18 00:00:00+00:00,1681776000000,1.142,1.176,1.131,1.162,2339270.2
2023-04-19 00:00:00+00:00,1681862400000,1.162,1.162,1.036,1.059,4000816.1
2023-04-20 00:00:00+00:00,1681948800000,1.059,1.067,1.021,1.027,2937524.0
2023-04-21 00:00:00+00:00,1682035200000,1.027,1.049,0.989,1.0,2897568.7
2023-04-22 00:00:00+00:00,1682121600000,1.001,1.033,0.998,1.03,1567601.0
2023-04-23 00:00:00+00:00,1682208000000,1.03,1.033,0.992,1.016,1579295.4
2023-04-24 00:00:00+00:00,1682294400000,1.016,1.033,0.99,1.002,2160205.7
2023-04-25 00:00:00+00:00,1682380800000,1.001,1.026,0.974,1.02,3360174.3
2023-04-26 00:00:00+00:00,1682467200000,1.02,1.055,0.958,1.003,3100876.9
2023-04-27 00:00:00+00:00,1682553600000,1.003,1.042,1.0,1.031,2948017.9
2023-04-28 00:00:00+00:00,1682640000000,1.031,1.032,1.003,1.014,2501865.2
2023-04-29 00:00:00+00:00,1682726400000,1.014,1.031,1.009,1.027,1273537.9
2023-04-30 00:00:00+00:00,1682812800000,1.028,1.033,0.997,0.999,1406443.0
2023-05-01 00:00:00+00:00,1682899200000,1.0,1.013,0.968,0.984,1632377.0
2023-05-02 00:00:00+00:00,1682985600000,0.983,0.996,0.978,0.991,1777710.2
2023-05-03 00:00:00+00:00,1683072000000,0.992,1.003,0.962,0.998,1510772.4
2023-05-04 00:00:00+00:00,1683158400000,0.998,1.005,0.984,0.993,1183815.3
2023-05-05 00:00:00+00:00,1683244800000,0.993,1.031,0.99,1.021,2212302.8
2023-05-06 00:00:00+00:00,1683331200000,1.021,1.029,0.976,0.98,1488126.6
2023-05-07 00:00:00+00:00,1683417600000,0.981,0.985,0.959,0.964,1042948.0
2023-05-08 00:00:00+00:00,1683504000000,0.964,0.97,0.884,0.911,3670859.7
2023-05-09 00:00:00+00:00,1683590400000,0.911,0.921,0.897,0.906,1904819.1
2023-05-10 00:00:00+00:00,1683676800000,0.907,0.925,0.869,0.916,2194062.9
2023-05-11 00:00:00+00:00,1683763200000,0.916,0.916,0.866,0.892,2011138.1
2023-05-12 00:00:00+00:00,1683849600000,0.892,0.896,0.857,0.895,2182167.6
2023-05-13 00:00:00+00:00,1683936000000,0.895,0.896,0.881,0.885,1078820.3
2023-05-14 00:00:00+00:00,1684022400000,0.885,0.897,0.873,0.887,863008.0
2023-05-15 00:00:00+00:00,1684108800000,0.888,0.904,0.874,0.891,1307461.4
2023-05-16 00:00:00+00:00,1684195200000,0.89,0.902,0.876,0.9,1363191.0
2023-05-17 00:00:00+00:00,1684281600000,0.899,0.918,0.88,0.909,1939126.7
2023-05-18 00:00:00+00:00,1684368000000,0.909,0.916,0.89,0.9,1607505.1
2023-05-19 00:00:00+00:00,1684454400000,0.9,0.904,0.885,0.893,1387579.2
2023-05-20 00:00:00+00:00,1684540800000,0.893,0.904,0.885,0.903,641835.0
2023-05-21 00:00:00+00:00,1684627200000,0.903,0.905,0.892,0.896,1261832.8
2023-05-22 00:00:00+00:00,1684713600000,0.897,0.901,0.882,0.888,1369046.2
2023-05-23 00:00:00+00:00,1684800000000,0.889,0.911,0.884,0.895,1446156.0
2023-05-24 00:00:00+00:00,1684886400000,0.895,0.896,0.854,0.87,1693777.9
2023-05-25 00:00:00+00:00,1684972800000,0.87,0.875,0.852,0.871,1277387.6
2023-05-26 00:00:00+00:00,1685059200000,0.871,0.885,0.866,0.882,1508372.6
2023-05-27 00:00:00+00:00,1685145600000,0.881,0.897,0.878,0.895,835110.1
2023-05-28 00:00:00+00:00,1685232000000,0.895,0.932,0.892,0.926,1667553.6
2023-05-29 00:00:00+00:00,1685318400000,0.926,0.941,0.924,0.933,1895998.7
2023-05-30 00:00:00+00:00,1685404800000,0.933,0.949,0.925,0.931,1549616.9
2023-05-31 00:00:00+00:00,1685491200000,0.93,0.936,0.891,0.903,1832575.5
2023-06-01 00:00:00+00:00,1685577600000,0.904,0.908,0.884,0.887,1183138.7
2023-06-02 00:00:00+00:00,1685664000000,0.887,0.911,0.876,0.91,952045.1
2023-06-03 00:00:00+00:00,1685750400000,0.91,0.922,0.9,0.914,570448.8
2023-06-04 00:00:00+00:00,1685836800000,0.915,0.925,0.908,0.913,715864.1
2023-06-05 00:00:00+00:00,1685923200000,0.913,0.915,0.822,0.856,2437898.7
2023-06-06 00:00:00+00:00,1686009600000,0.856,0.887,0.837,0.88,2409249.1
2023-06-07 00:00:00+00:00,1686096000000,0.88,0.881,0.841,0.845,1415597.0
2023-06-08 00:00:00+00:00,1686182400000,0.845,0.85,0.832,0.842,1032972.2
2023-06-09 00:00:00+00:00,1686268800000,0.842,0.843,0.82,0.826,918761.9
2023-06-10 00:00:00+00:00,1686355200000,0.827,0.827,0.649,0.729,7514657.6
2023-06-11 00:00:00+00:00,1686441600000,0.73,0.735,0.711,0.72,1481094.9
2023-06-12 00:00:00+00:00,1686528000000,0.72,0.727,0.702,0.722,1441881.4
2023-06-13 00:00:00+00:00,1686614400000,0.723,0.751,0.716,0.721,2131625.5
2023-06-14 00:00:00+00:00,1686700800000,0.722,0.803,0.709,0.727,11219886.5
2023-06-15 00:00:00+00:00,1686787200000,0.728,0.764,0.702,0.722,5917736.6
2023-06-16 00:00:00+00:00,1686873600000,0.722,0.73,0.703,0.717,2053383.0
2023-06-17 00:00:00+00:00,1686960000000,0.718,0.737,0.712,0.728,1836825.8
2023-06-18 00:00:00+00:00,1687046400000,0.729,0.744,0.716,0.718,1185293.9
2023-06-19 00:00:00+00:00,1687132800000,0.718,0.734,0.708,0.728,1591075.7
2023-06-20 00:00:00+00:00,1687219200000,0.728,0.741,0.707,0.741,2175207.8
2023-06-21 00:00:00+00:00,1687305600000,0.741,0.779,0.737,0.776,3185072.0
2023-06-22 00:00:00+00:00,1687392000000,0.775,0.798,0.762,0.762,2467739.2
2023-06-23 00:00:00+00:00,1687478400000,0.763,0.819,0.762,0.796,2735480.4
2023-06-24 00:00:00+00:00,1687564800000,0.796,0.828,0.791,0.825,2422663.8
2023-06-25 00:00:00+00:00,1687651200000,0.826,0.856,0.813,0.82,2014203.2
2023-06-26 00:00:00+00:00,1687737600000,0.821,0.827,0.787,0.797,1792122.9
2023-06-27 00:00:00+00:00,1687824000000,0.798,0.81,0.792,0.806,1491346.5
2023-06-28 00:00:00+00:00,1687910400000,0.806,0.806,0.735,0.761,1593091.1
2023-06-29 00:00:00+00:00,1687996800000,0.761,0.781,0.755,0.769,1236618.7
2023-06-30 00:00:00+00:00,1688083200000,0.769,0.828,0.759,0.806,2847237.7
2023-07-01 00:00:00+00:00,1688169600000,0.807,0.833,0.797,0.827,2100064.8
2023-07-02 00:00:00+00:00,1688256000000,0.827,0.837,0.806,0.836,1265609.1
2023-07-03 00:00:00+00:00,1688342400000,0.836,0.87,0.83,0.85,3498645.0
2023-07-04 00:00:00+00:00,1688428800000,0.85,0.87,0.818,0.826,2004817.9
2023-07-05 00:00:00+00:00,1688515200000,0.826,0.841,0.795,0.806,1816820.7
2023-07-06 00:00:00+00:00,1688601600000,0.805,0.829,0.774,0.779,1308692.1
2023-07-07 00:00:00+00:00,1688688000000,0.78,0.799,0.772,0.795,1198593.5
2023-07-08 00:00:00+00:00,1688774400000,0.795,0.816,0.789,0.815,965619.1
2023-07-09 00:00:00+00:00,1688860800000,0.816,0.825,0.807,0.812,749601.4
2023-07-10 00:00:00+00:00,1688947200000,0.813,0.831,0.796,0.814,1337526.5
2023-07-11 00:00:00+00:00,1689033600000,0.814,0.837,0.809,0.829,1424490.0
2023-07-12 00:00:00+00:00,1689120000000,0.829,0.845,0.815,0.823,1326283.5
2023-07-13 00:00:00+00:00,1689206400000,0.824,0.912,0.818,0.906,3354698.7
2023-07-14 00:00:00+00:00,1689292800000,0.906,0.939,0.849,0.877,2868643.9
2023-07-15 00:00:00+00:00,1689379200000,0.877,0.9,0.869,0.881,1330696.2
2023-07-16 00:00:00+00:00,1689465600000,0.882,0.884,0.855,0.859,1173763.4
2023-07-17 00:00:00+00:00,1689552000000,0.86,0.888,0.841,0.863,2409243.4
2023-07-18 00:00:00+00:00,1689638400000,0.863,0.87,0.818,0.825,2038993.4
2023-07-19 00:00:00+00:00,1689724800000,0.825,0.852,0.821,0.839,1605953.3
2023-07-20 00:00:00+00:00,1689811200000,0.839,0.93,0.838,0.866,8795360.3
2023-07-21 00:00:00+00:00,1689897600000,0.866,0.866,0.84,0.85,2192313.5
2023-07-22 00:00:00+00:00,1689984000000,0.85,0.858,0.83,0.839,1318038.6
2023-07-23 00:00:00+00:00,1690070400000,0.838,0.886,0.833,0.874,1900878.7
2023-07-24 00:00:00+00:00,1690156800000,0.875,0.893,0.794,0.811,4399848.8
2023-07-25 00:00:00+00:00,1690243200000,0.81,0.816,0.802,0.812,1331073.8
2023-07-26 00:00:00+00:00,1690329600000,0.812,0.824,0.802,0.815,1421131.6
2023-07-27 00:00:00+00:00,1690416000000,0.814,0.828,0.799,0.81,1508669.0
2023-07-28 00:00:00+00:00,1690502400000,0.81,0.831,0.807,0.828,1295454.6
2023-07-29 00:00:00+00:00,1690588800000,0.828,0.844,0.827,0.842,943694.3
2023-07-30 00:00:00+00:00,1690675200000,0.841,0.846,0.813,0.836,1365028.8
2023-07-31 00:00:00+00:00,1690761600000,0.836,0.849,0.817,0.825,1235597.2
2023-08-01 00:00:00+00:00,1690848000000,0.825,0.842,0.793,0.841,1532310.2
2023-08-02 00:00:00+00:00,1690934400000,0.842,0.858,0.83,0.835,2406915.9
2023-08-03 00:00:00+00:00,1691020800000,0.835,0.846,0.811,0.817,1763981.4
2023-08-04 00:00:00+00:00,1691107200000,0.816,0.819,0.798,0.81,1411684.7
2023-08-05 00:00:00+00:00,1691193600000,0.809,0.812,0.799,0.809,1043514.4
2023-08-06 00:00:00+00:00,1691280000000,0.808,0.816,0.801,0.804,1235886.3
2023-08-07 00:00:00+00:00,1691366400000,0.804,0.812,0.773,0.793,1500913.8
2023-08-08 00:00:00+00:00,1691452800000,0.794,0.809,0.789,0.8,859010.2
2023-08-09 00:00:00+00:00,1691539200000,0.8,0.808,0.786,0.795,993388.1
2023-08-10 00:00:00+00:00,1691625600000,0.794,0.798,0.783,0.79,897041.0
2023-08-11 00:00:00+00:00,1691712000000,0.79,0.8,0.785,0.795,864698.5
2023-08-12 00:00:00+00:00,1691798400000,0.795,0.807,0.789,0.793,1345383.4
2023-08-13 00:00:00+00:00,1691884800000,0.794,0.803,0.789,0.793,1123542.2
2023-08-14 00:00:00+00:00,1691971200000,0.793,0.81,0.787,0.799,1308459.2
2023-08-15 00:00:00+00:00,1692057600000,0.799,0.8,0.731,0.764,1919071.0
2023-08-16 00:00:00+00:00,1692144000000,0.763,0.768,0.718,0.732,2634931.8
2023-08-17 00:00:00+00:00,1692230400000,0.733,0.737,0.619,0.682,3232021.4
2023-08-18 00:00:00+00:00,1692316800000,0.682,0.706,0.681,0.701,1949568.9
2023-08-19 00:00:00+00:00,1692403200000,0.701,0.714,0.694,0.71,695335.0
2023-08-20 00:00:00+00:00,1692489600000,0.71,0.715,0.7,0.711,979414.7
2023-08-21 00:00:00+00:00,1692576000000,0.711,0.729,0.676,0.698,1981079.4
2023-08-22 00:00:00+00:00,1692662400000,0.698,0.701,0.664,0.691,1438462.2
2023-08-23 00:00:00+00:00,1692748800000,0.691,0.714,0.689,0.707,800911.9
2023-08-24 00:00:00+00:00,1692835200000,0.708,0.711,0.689,0.694,1015995.2
2023-08-25 00:00:00+00:00,1692921600000,0.693,0.701,0.678,0.697,1021824.9
2023-08-26 00:00:00+00:00,1693008000000,0.697,0.716,0.679,0.681,11081495.0
2023-08-27 00:00:00+00:00,1693094400000,0.682,0.7,0.679,0.7,1091382.6
2023-08-28 00:00:00+00:00,1693180800000,0.699,0.71,0.69,0.707,1293345.9
2023-08-29 00:00:00+00:00,1693267200000,0.706,0.741,0.688,0.73,2517603.1
2023-08-30 00:00:00+00:00,1693353600000,0.731,0.732,0.709,0.714,762165.6
2023-08-31 00:00:00+00:00,1693440000000,0.715,0.72,0.677,0.686,1296168.3
2023-09-01 00:00:00+00:00,1693526400000,0.686,0.69,0.667,0.682,1100892.0
2023-09-02 00:00:00+00:00,1693612800000,0.682,0.692,0.679,0.689,634864.7
2023-09-03 00:00:00+00:00,1693699200000,0.689,0.699,0.683,0.688,670332.1
2023-09-04 00:00:00+00:00,1693785600000,0.688,0.701,0.687,0.697,792400.2
2023-09-05 00:00:00+00:00,1693872000000,0.697,0.712,0.686,0.699,1868584.3
2023-09-06 00:00:00+00:00,1693958400000,0.698,0.704,0.682,0.693,958329.8
2023-09-07 00:00:00+00:00,1694044800000,0.692,0.7,0.682,0.697,1070527.8
2023-09-08 00:00:00+00:00,1694131200000,0.697,0.703,0.684,0.695,872021.9
2023-09-09 00:00:00+00:00,1694217600000,0.695,0.698,0.689,0.697,558102.0
2023-09-10 00:00:00+00:00,1694304000000,0.697,0.697,0.665,0.676,3111249.5
2023-09-11 00:00:00+00:00,1694390400000,0.675,0.678,0.638,0.641,3342857.9
2023-09-12 00:00:00+00:00,1694476800000,0.641,0.668,0.633,0.635,3668007.4
2023-09-13 00:00:00+00:00,1694563200000,0.636,0.654,0.629,0.645,1421123.3
2023-09-14 00:00:00+00:00,1694649600000,0.644,0.656,0.637,0.656,1256264.2
2023-09-15 00:00:00+00:00,1694736000000,0.656,0.679,0.652,0.676,1035271.0
2023-09-16 00:00:00+00:00,1694822400000,0.676,0.701,0.674,0.682,2196661.9
2023-09-17 00:00:00+00:00,1694908800000,0.682,0.688,0.649,0.659,2442571.2
2023-09-18 00:00:00+00:00,1694995200000,0.659,0.682,0.655,0.67,1139791.2
2023-09-19 00:00:00+00:00,1695081600000,0.671,0.682,0.668,0.679,678523.1
2023-09-20 00:00:00+00:00,1695168000000,0.68,0.686,0.666,0.676,870609.7
2023-09-21 00:00:00+00:00,1695254400000,0.675,0.682,0.654,0.658,862216.9
2023-09-22 00:00:00+00:00,1695340800000,0.658,0.668,0.653,0.668,1048321.9
2023-09-23 00:00:00+00:00,1695427200000,0.667,0.672,0.656,0.666,950575.7
2023-09-24 00:00:00+00:00,1695513600000,0.665,0.667,0.648,0.65,875618.6
2023-09-25 00:00:00+00:00,1695600000000,0.65,0.672,0.641,0.659,2373810.2
2023-09-26 00:00:00+00:00,1695686400000,0.659,0.662,0.648,0.656,758191.7
2023-09-27 00:00:00+00:00,1695772800000,0.656,0.667,0.646,0.653,1022315.0
2023-09-28 00:00:00+00:00,1695859200000,0.653,0.669,0.651,0.667,1781174.9
2023-09-29 00:00:00+00:00,1695945600000,0.668,0.682,0.665,0.68,2185310.9
2023-09-30 00:00:00+00:00,1696032000000,0.681,0.687,0.678,0.682,852056.3
2023-10-01 00:00:00+00:00,1696118400000,0.682,0.71,0.68,0.706,1343061.8
2023-10-02 00:00:00+00:00,1696204800000,0.706,0.713,0.67,0.677,4364853.2
2023-10-03 00:00:00+00:00,1696291200000,0.677,0.689,0.668,0.671,1390531.0
2023-10-04 00:00:00+00:00,1696377600000,0.671,0.684,0.653,0.681,2371182.7
2023-10-05 00:00:00+00:00,1696464000000,0.681,0.686,0.667,0.668,1134195.0
2023-10-06 00:00:00+00:00,1696550400000,0.668,0.681,0.662,0.68,1090175.3
2023-10-07 00:00:00+00:00,1696636800000,0.679,0.686,0.67,0.676,1587132.0
2023-10-08 00:00:00+00:00,1696723200000,0.676,0.68,0.671,0.676,829019.2
2023-10-09 00:00:00+00:00,1696809600000,0.676,0.679,0.635,0.648,2458420.5
2023-10-10 00:00:00+00:00,1696896000000,0.649,0.746,0.647,0.69,24480035.0
2023-10-11 00:00:00+00:00,1696982400000,0.689,0.689,0.652,0.656,7165992.9
2023-10-12 00:00:00+00:00,1697068800000,0.657,0.658,0.633,0.642,5151298.8
2023-10-13 00:00:00+00:00,1697155200000,0.643,0.662,0.642,0.652,2903565.5
2023-10-14 00:00:00+00:00,1697241600000,0.652,0.669,0.648,0.657,5680166.4
2023-10-15 00:00:00+00:00,1697328000000,0.656,0.661,0.647,0.653,2179672.8
2023-10-16 00:00:00+00:00,1697414400000,0.653,0.678,0.65,0.658,3442412.2
2023-10-17 00:00:00+00:00,1697500800000,0.659,0.661,0.636,0.651,1465234.7
2023-10-18 00:00:00+00:00,1697587200000,0.65,0.656,0.627,0.63,2839481.1
2023-10-19 00:00:00+00:00,1697673600000,0.63,0.633,0.616,0.625,2999941.5
2023-10-20 00:00:00+00:00,1697760000000,0.625,0.652,0.625,0.645,2344559.5
2023-10-21 00:00:00+00:00,1697846400000,0.646,0.671,0.643,0.67,2040173.0
2023-10-22 00:00:00+00:00,1697932800000,0.669,0.685,0.654,0.675,3661880.3
2023-10-23 00:00:00+00:00,1698019200000,0.675,0.712,0.667,0.706,4620087.8
2023-10-24 00:00:00+00:00,1698105600000,0.708,0.725,0.686,0.711,4853283.8
2023-10-25 00:00:00+00:00,1698192000000,0.71,0.725,0.693,0.713,3636967.4
2023-10-26 00:00:00+00:00,1698278400000,0.713,0.731,0.687,0.711,3698453.5
2023-10-27 00:00:00+00:00,1698364800000,0.711,0.714,0.688,0.708,2837221.8
2023-10-28 00:00:00+00:00,1698451200000,0.708,0.737,0.708,0.731,2648927.9
2023-10-29 00:00:00+00:00,1698537600000,0.731,0.753,0.717,0.745,2628565.7
2023-10-30 00:00:00+00:00,1698624000000,0.745,0.762,0.731,0.753,3312666.8
2023-10-31 00:00:00+00:00,1698710400000,0.752,0.763,0.717,0.756,3977022.2
2023-11-01 00:00:00+00:00,1698796800000,0.755,0.795,0.739,0.786,4782892.9
2023-11-02 00:00:00+00:00,1698883200000,0.787,0.805,0.771,0.8,4220898.4
2023-11-03 00:00:00+00:00,1698969600000,0.799,0.799,0.765,0.782,3106211.4
2023-11-04 00:00:00+00:00,1699056000000,0.782,0.79,0.768,0.79,1654005.8
2023-11-05 00:00:00+00:00,1699142400000,0.79,0.89,0.784,0.809,5287893.1
2023-11-06 00:00:00+00:00,1699228800000,0.809,0.833,0.793,0.833,4322919.2
2023-11-07 00:00:00+00:00,1699315200000,0.832,0.851,0.811,0.837,5496024.0
2023-11-08 00:00:00+00:00,1699401600000,0.837,0.92,0.837,0.869,8263851.9
2023-11-09 00:00:00+00:00,1699488000000,0.868,0.889,0.754,0.852,6630994.3
2023-11-10 00:00:00+00:00,1699574400000,0.852,0.9,0.841,0.897,5076799.0
2023-11-11 00:00:00+00:00,1699660800000,0.898,0.918,0.86,0.913,3857368.3
2023-11-12 00:00:00+00:00,1699747200000,0.913,0.941,0.887,0.931,4618467.4
2023-11-13 00:00:00+00:00,1699833600000,0.931,0.947,0.883,0.887,4959642.8
2023-11-14 00:00:00+00:00,1699920000000,0.887,0.962,0.814,0.852,9485001.8
2023-11-15 00:00:00+00:00,1700006400000,0.852,0.888,0.839,0.888,3622546.2
2023-11-16 00:00:00+00:00,1700092800000,0.888,0.902,0.829,0.836,4511665.5
2023-11-17 00:00:00+00:00,1700179200000,0.836,0.885,0.811,0.852,3602785.0
2023-11-18 00:00:00+00:00,1700265600000,0.852,0.852,0.804,0.839,2181471.6
2023-11-19 00:00:00+00:00,1700352000000,0.84,0.862,0.821,0.859,1607795.2
2023-11-20 00:00:00+00:00,1700438400000,0.86,0.867,0.834,0.842,2051038.9
2023-11-21 00:00:00+00:00,1700524800000,0.842,0.851,0.762,0.766,5404650.2
2023-11-22 00:00:00+00:00,1700611200000,0.765,0.811,0.762,0.808,4798858.5
2023-11-23 00:00:00+00:00,1700697600000,0.808,0.818,0.797,0.813,3183903.1
2023-11-24 00:00:00+00:00,1700784000000,0.813,0.828,0.81,0.823,3021506.6
2023-11-25 00:00:00+00:00,1700870400000,0.823,0.852,0.817,0.846,2311004.3
2023-11-26 00:00:00+00:00,1700956800000,0.847,0.849,0.816,0.841,3437312.4
2023-11-27 00:00:00+00:00,1701043200000,0.841,0.845,0.786,0.808,2484936.0
2023-11-28 00:00:00+00:00,1701129600000,0.808,0.823,0.785,0.813,3047981.8
2023-11-29 00:00:00+00:00,1701216000000,0.814,0.845,0.811,0.824,3430163.5
2023-11-30 00:00:00+00:00,1701302400000,0.825,0.834,0.811,0.833,2100456.8
2023-12-01 00:00:00+00:00,1701388800000,0.833,0.846,0.825,0.844,1725776.1
2023-12-02 00:00:00+00:00,1701475200000,0.843,0.873,0.841,0.87,2512008.4
2023-12-03 00:00:00+00:00,1701561600000,0.87,0.872,0.837,0.853,2901474.6
2023-12-04 00:00:00+00:00,1701648000000,0.854,0.88,0.838,0.876,4175147.9
2023-12-05 00:00:00+00:00,1701734400000,0.877,0.896,0.854,0.894,5338701.6
2023-12-06 00:00:00+00:00,1701820800000,0.895,0.905,0.864,0.881,4044275.7
2023-12-07 00:00:00+00:00,1701907200000,0.881,0.925,0.879,0.907,4813564.2
2023-12-08 00:00:00+00:00,1701993600000,0.907,0.946,0.902,0.945,2715674.4
2023-12-09 00:00:00+00:00,1702080000000,0.945,0.998,0.945,0.974,5230954.3
2023-12-10 00:00:00+00:00,1702166400000,0.974,0.988,0.941,0.963,2532301.3
2023-12-11 00:00:00+00:00,1702252800000,0.963,0.968,0.812,0.873,5350183.1
2023-12-12 00:00:00+00:00,1702339200000,0.873,0.931,0.871,0.93,3985057.2
2023-12-13 00:00:00+00:00,1702425600000,0.93,0.935,0.869,0.919,4894918.7
2023-12-14 00:00:00+00:00,1702512000000,0.92,0.98,0.905,0.979,4396442.7
2023-12-15 00:00:00+00:00,1702598400000,0.978,0.98,0.91,0.915,3566525.6
2023-12-16 00:00:00+00:00,1702684800000,0.916,0.951,0.902,0.944,2559442.6
2023-12-17 00:00:00+00:00,1702771200000,0.944,0.946,0.904,0.91,2138756.7
2023-12-18 00:00:00+00:00,1702857600000,0.91,0.916,0.837,0.893,3956092.7
2023-12-19 00:00:00+00:00,1702944000000,0.893,0.913,0.859,0.864,5640525.2
2023-12-20 00:00:00+00:00,1703030400000,0.863,0.907,0.857,0.883,3448050.3
2023-12-21 00:00:00+00:00,1703116800000,0.884,0.938,0.881,0.928,3702721.4
2023-12-22 00:00:00+00:00,1703203200000,0.928,1.016,0.924,0.991,11382986.3
2023-12-23 00:00:00+00:00,1703289600000,0.991,1.044,0.95,0.988,6985594.1
2023-12-24 00:00:00+00:00,1703376000000,0.988,1.011,0.966,0.98,6818674.4
2023-12-25 00:00:00+00:00,1703462400000,0.981,1.048,0.974,1.041,7229501.1
2023-12-26 00:00:00+00:00,1703548800000,1.041,1.069,0.97,1.048,9601559.5
2023-12-27 00:00:00+00:00,1703635200000,1.049,1.136,1.017,1.112,10812325.8
2023-12-28 00:00:00+00:00,1703721600000,1.113,1.13,1.037,1.053,6692009.2
2023-12-29 00:00:00+00:00,1703808000000,1.053,1.07,1.003,1.03,4856696.5
2023-12-30 00:00:00+00:00,1703894400000,1.03,1.057,1.008,1.018,3655089.4
2023-12-31 00:00:00+00:00,1703980800000,1.019,1.042,0.989,1.008,2468417.6
2024-01-01 00:00:00+00:00,1704067200000,1.009,1.114,1.008,1.101,8392109.6
2024-01-02 00:00:00+00:00,1704153600000,1.102,1.195,1.05,1.066,5339234.4
2024-01-03 00:00:00+00:00,1704240000000,1.066,1.124,0.852,0.977,10769752.5
2024-01-04 00:00:00+00:00,1704326400000,0.976,0.987,0.95,0.975,4528575.7
2024-01-05 00:00:00+00:00,1704412800000,0.975,0.983,0.901,0.94,6125544.9
2024-01-06 00:00:00+00:00,1704499200000,0.94,0.941,0.885,0.922,2530225.8
2024-01-07 00:00:00+00:00,1704585600000,0.922,0.94,0.864,0.873,2743362.4
2024-01-08 00:00:00+00:00,1704672000000,0.873,0.945,0.815,0.937,4805440.2
2024-01-09 00:00:00+00:00,1704758400000,0.938,0.942,0.861,0.891,3704989.2
2024-01-10 00:00:00+00:00,1704844800000,0.891,0.969,0.85,0.944,4823991.1
2024-01-11 00:00:00+00:00,1704931200000,0.944,1.21,0.939,1.084,22538761.2
2024-01-12 00:00:00+00:00,1705017600000,1.084,1.122,0.987,1.027,12689823.4
2024-01-13 00:00:00+00:00,1705104000000,1.028,1.118,0.995,1.08,4368188.7
2024-01-14 00:00:00+00:00,1705190400000,1.08,1.191,1.057,1.113,13019732.6
2024-01-15 00:00:00+00:00,1705276800000,1.114,1.248,1.112,1.164,12672490.7
2024-01-16 00:00:00+00:00,1705363200000,1.164,1.197,1.106,1.128,5284644.5
2024-01-17 00:00:00+00:00,1705449600000,1.128,1.144,1.071,1.1,3057867.9
2024-01-18 00:00:00+00:00,1705536000000,1.099,1.105,1.017,1.043,3732236.2
2024-01-19 00:00:00+00:00,1705622400000,1.044,1.047,0.967,1.022,3445168.1
2024-01-20 00:00:00+00:00,1705708800000,1.021,1.045,1.009,1.035,1684611.1
2024-01-21 00:00:00+00:00,1705795200000,1.035,1.049,1.019,1.021,1311019.3
2024-01-22 00:00:00+00:00,1705881600000,1.022,1.031,0.945,0.958,3460984.1
2024-01-23 00:00:00+00:00,1705968000000,0.959,0.979,0.898,0.941,3751493.0
2024-01-24 00:00:00+00:00,1706054400000,0.941,0.973,0.933,0.952,3366132.5
2024-01-25 00:00:00+00:00,1706140800000,0.952,0.954,0.912,0.934,2435508.8
2024-01-26 00:00:00+00:00,1706227200000,0.935,0.974,0.924,0.972,2378720.9
2024-01-27 00:00:00+00:00,1706313600000,0.973,1.005,0.967,1.004,1695690.4
2024-01-28 00:00:00+00:00,1706400000000,1.004,1.015,0.966,0.978,3216461.7
2024-01-29 00:00:00+00:00,1706486400000,0.978,1.01,0.962,1.01,2535551.3
2024-01-30 00:00:00+00:00,1706572800000,1.009,1.034,0.976,0.982,5533765.1
2024-01-31 00:00:00+00:00,1706659200000,0.981,0.991,0.952,0.968,4419452.0
2024-02-01 00:00:00+00:00,1706745600000,0.967,0.986,0.939,0.984,3553503.5
2024-02-02 00:00:00+00:00,1706832000000,0.984,1.026,0.981,1.018,3565776.4
2024-02-03 00:00:00+00:00,1706918400000,1.019,1.037,0.989,0.998,2765268.8
2024-02-04 00:00:00+00:00,1707004800000,0.997,0.997,0.957,0.959,1641249.3
2024-02-05 00:00:00+00:00,1707091200000,0.958,0.99,0.944,0.967,1822700.7
2024-02-06 00:00:00+00:00,1707177600000,0.966,0.99,0.964,0.979,1969792.1
2024-02-07 00:00:00+00:00,1707264000000,0.98,1.01,0.964,1.006,2031958.9
2024-02-08 00:00:00+00:00,1707350400000,1.006,1.016,0.994,1.014,1929307.8
2024-02-09 00:00:00+00:00,1707436800000,1.015,1.05,1.011,1.038,2953065.7
2024-02-10 00:00:00+00:00,1707523200000,1.038,1.049,1.019,1.04,2133677.5
2024-02-11 00:00:00+00:00,1707609600000,1.04,1.05,1.025,1.032,1405436.5
2024-02-12 00:00:00+00:00,1707696000000,1.032,1.054,1.009,1.047,2153174.0
2024-02-13 00:00:00+00:00,1707782400000,1.047,1.059,1.017,1.044,2581700.8
2024-02-14 00:00:00+00:00,1707868800000,1.043,1.072,1.029,1.069,2567459.7
2024-02-15 00:00:00+00:00,1707955200000,1.07,1.099,1.055,1.078,5443295.1
2024-02-16 00:00:00+00:00,1708041600000,1.079,1.095,1.042,1.08,4586785.7
2024-02-17 00:00:00+00:00,1708128000000,1.08,1.088,1.032,1.062,2824060.9
2024-02-18 00:00:00+00:00,1708214400000,1.062,1.084,1.059,1.075,1987450.8
2024-02-19 00:00:00+00:00,1708300800000,1.075,1.1,1.068,1.095,3297823.7
2024-02-20 00:00:00+00:00,1708387200000,1.095,1.15,1.047,1.107,8463973.4
2024-02-21 00:00:00+00:00,1708473600000,1.108,1.113,1.042,1.086,5883804.1
2024-02-22 00:00:00+00:00,1708560000000,1.087,1.142,1.06,1.109,5476623.9
2024-02-23 00:00:00+00:00,1708646400000,1.109,1.117,1.063,1.088,4797339.3
2024-02-24 00:00:00+00:00,1708732800000,1.087,1.13,1.051,1.127,3848942.9
2024-02-25 00:00:00+00:00,1708819200000,1.128,1.134,1.103,1.117,1940787.7
2024-02-26 00:00:00+00:00,1708905600000,1.117,1.149,1.084,1.143,4192926.7
2024-02-27 00:00:00+00:00,1708992000000,1.142,1.165,1.111,1.141,5275784.4
2024-02-28 00:00:00+00:00,1709078400000,1.141,1.221,1.125,1.199,10448863.0
2024-02-29 00:00:00+00:00,1709164800000,1.199,1.38,1.19,1.237,13389064.8
2024-03-01 00:00:00+00:00,1709251200000,1.237,1.284,1.221,1.283,3604950.2
2024-03-02 00:00:00+00:00,1709337600000,1.283,1.433,1.249,1.424,6449949.2
2024-03-03 00:00:00+00:00,1709424000000,1.424,1.424,1.281,1.372,6722116.9
2024-03-04 00:00:00+00:00,1709510400000,1.373,1.486,1.351,1.419,8945225.3
2024-03-05 00:00:00+00:00,1709596800000,1.419,1.502,1.152,1.305,18798691.6
2024-03-06 00:00:00+00:00,1709683200000,1.305,1.402,1.261,1.401,8971506.0
2024-03-07 00:00:00+00:00,1709769600000,1.402,1.523,1.393,1.479,12734025.5
2024-03-08 00:00:00+00:00,1709856000000,1.48,1.494,1.345,1.439,8785276.5
2024-03-09 00:00:00+00:00,1709942400000,1.439,1.458,1.419,1.44,4012788.4
2024-03-10 00:00:00+00:00,1710028800000,1.44,1.46,1.381,1.423,5529200.6
2024-03-11 00:00:00+00:00,1710115200000,1.422,1.534,1.341,1.525,9836930.5
2024-03-12 00:00:00+00:00,1710201600000,1.526,1.587,1.411,1.558,14700153.3
2024-03-13 00:00:00+00:00,1710288000000,1.558,1.6,1.475,1.539,8380198.7
2024-03-14 00:00:00+00:00,1710374400000,1.539,1.541,1.404,1.49,8689483.3
2024-03-15 00:00:00+00:00,1710460800000,1.49,1.504,1.284,1.397,9728296.4
2024-03-16 00:00:00+00:00,1710547200000,1.398,1.432,1.263,1.291,8073953.4
2024-03-17 00:00:00+00:00,1710633600000,1.291,1.357,1.232,1.342,4175910.8
2024-03-18 00:00:00+00:00,1710720000000,1.341,1.359,1.248,1.27,4617017.5
2024-03-19 00:00:00+00:00,1710806400000,1.27,1.285,1.117,1.143,8601519.3
2024-03-20 00:00:00+00:00,1710892800000,1.142,1.267,1.101,1.262,6696693.2
2024-03-21 00:00:00+00:00,1710979200000,1.261,1.28,1.218,1.245,4537994.2
2024-03-22 00:00:00+00:00,1711065600000,1.245,1.266,1.182,1.228,4507218.8
2024-03-23 00:00:00+00:00,1711152000000,1.228,1.275,1.214,1.238,3961391.3
2024-03-24 00:00:00+00:00,1711238400000,1.237,1.3,1.235,1.294,3157746.8
2024-03-25 00:00:00+00:00,1711324800000,1.294,1.365,1.284,1.349,5923559.2
2024-03-26 00:00:00+00:00,1711411200000,1.349,1.384,1.327,1.378,6429913.3
2024-03-27 00:00:00+00:00,1711497600000,1.379,1.455,1.329,1.393,13399867.1
2024-03-28 00:00:00+00:00,1711584000000,1.392,1.418,1.338,1.413,6578000.4
2024-03-29 00:00:00+00:00,1711670400000,1.414,1.446,1.39,1.419,5783668.0
2024-03-30 00:00:00+00:00,1711756800000,1.419,1.424,1.361,1.369,3310451.1
2024-03-31 00:00:00+00:00,1711843200000,1.37,1.41,1.363,1.401,2814324.4
2024-04-01 00:00:00+00:00,1711929600000,1.4,1.414,1.312,1.35,6568334.3
2024-04-02 00:00:00+00:00,1712016000000,1.349,1.35,1.215,1.232,5430344.4
2024-04-03 00:00:00+00:00,1712102400000,1.232,1.262,1.189,1.216,3477527.5
2024-04-04 00:00:00+00:00,1712188800000,1.215,1.296,1.19,1.269,2128590.7
2024-04-05 00:00:00+00:00,1712275200000,1.269,1.274,1.201,1.25,2621992.1
2024-04-06 00:00:00+00:00,1712361600000,1.249,1.273,1.245,1.264,1812057.8
2024-04-07 00:00:00+00:00,1712448000000,1.264,1.281,1.253,1.271,1627150.6
2024-04-08 00:00:00+00:00,1712534400000,1.27,1.332,1.245,1.327,2675652.2
2024-04-09 00:00:00+00:00,1712620800000,1.328,1.337,1.262,1.266,3612328.0
2024-04-10 00:00:00+00:00,1712707200000,1.265,1.281,1.204,1.276,3335846.9
2024-04-11 00:00:00+00:00,1712793600000,1.276,1.338,1.258,1.283,4303828.2
2024-04-12 00:00:00+00:00,1712880000000,1.283,1.302,0.96,1.101,8174415.8
2024-04-13 00:00:00+00:00,1712966400000,1.1,1.116,0.87,0.987,12642018.3
2024-04-14 00:00:00+00:00,1713052800000,0.986,1.058,0.947,1.048,6472798.8
2024-04-15 00:00:00+00:00,1713139200000,1.047,1.118,0.965,0.998,7782133.0
2024-04-16 00:00:00+00:00,1713225600000,0.998,1.033,0.96,1.002,7647371.9
2024-04-17 00:00:00+00:00,1713312000000,1.002,1.009,0.926,0.946,6010239.6
2024-04-18 00:00:00+00:00,1713398400000,0.945,0.984,0.92,0.974,4715374.0
2024-04-19 00:00:00+00:00,1713484800000,0.974,0.998,0.897,0.984,6267858.5
2024-04-20 00:00:00+00:00,1713571200000,0.984,1.087,0.971,1.081,4386952.7
2024-04-21 00:00:00+00:00,1713657600000,1.08,1.084,1.025,1.041,3229308.2
2024-04-22 00:00:00+00:00,1713744000000,1.041,1.073,1.031,1.063,2901251.9
2024-04-23 00:00:00+00:00,1713830400000,1.062,1.072,1.04,1.05,3269410.2
2024-04-24 00:00:00+00:00,1713916800000,1.049,1.104,0.999,1.009,5048849.1
2024-04-25 00:00:00+00:00,1714003200000,1.01,1.034,0.988,1.014,3141801.3
2024-04-26 00:00:00+00:00,1714089600000,1.015,1.023,0.986,0.999,4661539.4
2024-04-27 00:00:00+00:00,1714176000000,1.0,1.021,0.961,1.007,4882634.8
2024-04-28 00:00:00+00:00,1714262400000,1.007,1.025,0.991,0.996,3151455.4
2024-04-29 00:00:00+00:00,1714348800000,0.995,1.079,0.963,0.985,4116559.9
2024-04-30 00:00:00+00:00,1714435200000,0.985,0.993,0.882,0.915,6614090.6
2024-05-01 00:00:00+00:00,1714521600000,0.915,0.933,0.87,0.925,5524025.5
2024-05-02 00:00:00+00:00,1714608000000,0.925,0.948,0.897,0.937,3454461.2
2024-05-03 00:00:00+00:00,1714694400000,0.937,0.984,0.925,0.976,4287708.1
2024-05-04 00:00:00+00:00,1714780800000,0.975,0.982,0.963,0.966,3257429.4
2024-05-05 00:00:00+00:00,1714867200000,0.966,0.981,0.947,0.965,2335794.9
2024-05-06 00:00:00+00:00,1714953600000,0.965,0.991,0.935,0.94,4654629.4
2024-05-07 00:00:00+00:00,1715040000000,0.94,0.952,0.919,0.923,4578081.9
2024-05-08 00:00:00+00:00,1715126400000,0.923,0.949,0.91,0.921,4276703.8
2024-05-09 00:00:00+00:00,1715212800000,0.921,0.945,0.902,0.94,2830494.5
2024-05-10 00:00:00+00:00,1715299200000,0.939,0.967,0.895,0.91,4869797.8
2024-05-11 00:00:00+00:00,1715385600000,0.909,0.926,0.905,0.908,3460786.2
2024-05-12 00:00:00+00:00,1715472000000,0.907,0.911,0.884,0.889,2172778.0
2024-05-13 00:00:00+00:00,1715558400000,0.889,0.914,0.859,0.885,5493536.2
2024-05-14 00:00:00+00:00,1715644800000,0.885,0.898,0.866,0.87,11048681.0
2024-05-15 00:00:00+00:00,1715731200000,0.87,0.921,0.858,0.916,6407299.4
2024-05-16 00:00:00+00:00,1715817600000,0.917,0.93,0.9,0.924,6558077.0
2024-05-17 00:00:00+00:00,1715904000000,0.924,0.955,0.917,0.941,5074479.9
2024-05-18 00:00:00+00:00,1715990400000,0.941,0.953,0.93,0.946,3588038.8
2024-05-19 00:00:00+00:00,1716076800000,0.947,0.954,0.902,0.91,2680849.4
2024-05-20 00:00:00+00:00,1716163200000,0.911,0.987,0.898,0.986,8387467.8
2024-05-21 00:00:00+00:00,1716249600000,0.986,1.012,0.979,0.989,7547613.8
2024-05-22 00:00:00+00:00,1716336000000,0.99,1.001,0.955,0.967,7957957.4
2024-05-23 00:00:00+00:00,1716422400000,0.968,0.991,0.904,0.946,11639837.2
2024-05-24 00:00:00+00:00,1716508800000,0.946,0.986,0.928,0.984,7633963.0
2024-05-25 00:00:00+00:00,1716595200000,0.984,1.006,0.975,0.996,3603126.7
2024-05-26 00:00:00+00:00,1716681600000,0.995,0.996,0.953,0.96,4938016.8
2024-05-27 00:00:00+00:00,1716768000000,0.959,1.01,0.949,0.996,6743091.7
2024-05-28 00:00:00+00:00,1716854400000,0.996,0.997,0.957,0.972,11103279.3
2024-05-29 00:00:00+00:00,1716940800000,0.973,0.993,0.945,0.947,7393728.7
2024-05-30 00:00:00+00:00,1717027200000,0.947,0.979,0.926,0.959,4892308.7
2024-05-31 00:00:00+00:00,1717113600000,0.958,0.971,0.935,0.959,4002536.8
2024-06-01 00:00:00+00:00,1717200000000,0.959,0.96,0.938,0.939,1836534.2
2024-06-02 00:00:00+00:00,1717286400000,0.939,0.95,0.919,0.925,2883866.6
2024-06-03 00:00:00+00:00,1717372800000,0.925,0.949,0.917,0.928,3811540.5
2024-06-04 00:00:00+00:00,1717459200000,0.927,0.95,0.913,0.949,3586186.0
2024-06-05 00:00:00+00:00,1717545600000,0.948,0.96,0.943,0.957,3101301.7
2024-06-06 00:00:00+00:00,1717632000000,0.957,0.96,0.929,0.938,1591743.4
2024-06-07 00:00:00+00:00,1717718400000,0.937,0.953,0.797,0.874,7412624.6
2024-06-08 00:00:00+00:00,1717804800000,0.874,0.879,0.824,0.829,7977369.1
2024-06-09 00:00:00+00:00,1717891200000,0.829,0.855,0.827,0.851,5825097.5
2024-06-10 00:00:00+00:00,1717977600000,0.851,0.866,0.835,0.847,11385714.4
2024-06-11 00:00:00+00:00,1718064000000,0.847,0.856,0.793,0.815,11365234.5
2024-06-12 00:00:00+00:00,1718150400000,0.815,0.862,0.797,0.848,8310260.4
2024-06-13 00:00:00+00:00,1718236800000,0.848,0.854,0.807,0.815,4289675.0
2024-06-14 00:00:00+00:00,1718323200000,0.815,0.85,0.797,0.814,4251959.7
2024-06-15 00:00:00+00:00,1718409600000,0.814,0.824,0.808,0.817,2280154.9
2024-06-16 00:00:00+00:00,1718496000000,0.817,0.821,0.805,0.817,2167309.7
2024-06-17 00:00:00+00:00,1718582400000,0.818,0.822,0.74,0.762,4534452.7
2024-06-18 00:00:00+00:00,1718668800000,0.761,0.763,0.678,0.752,9627201.6
2024-06-19 00:00:00+00:00,1718755200000,0.752,0.785,0.748,0.776,5497987.3
2024-06-20 00:00:00+00:00,1718841600000,0.776,0.801,0.771,0.779,2173883.2
2024-06-21 00:00:00+00:00,1718928000000,0.778,0.796,0.766,0.779,6647168.4
2024-06-22 00:00:00+00:00,1719014400000,0.778,0.783,0.769,0.773,938634.7
2024-06-23 00:00:00+00:00,1719100800000,0.772,0.783,0.765,0.774,2172837.6
2024-06-24 00:00:00+00:00,1719187200000,0.774,0.782,0.731,0.776,10260860.2
2024-06-25 00:00:00+00:00,1719273600000,0.776,0.805,0.773,0.794,3991317.5
2024-06-26 00:00:00+00:00,1719360000000,0.793,0.802,0.769,0.772,2396441.4
2024-06-27 00:00:00+00:00,1719446400000,0.772,0.793,0.758,0.776,2917330.8
2024-06-28 00:00:00+00:00,1719532800000,0.776,0.782,0.757,0.76,2229815.8
2024-06-29 00:00:00+00:00,1719619200000,0.76,0.788,0.759,0.769,907985.1
2024-06-30 00:00:00+00:00,1719705600000,0.768,0.798,0.756,0.795,3158884.8
2024-07-01 00:00:00+00:00,1719792000000,0.794,0.806,0.784,0.786,2733575.5
2024-07-02 00:00:00+00:00,1719878400000,0.786,0.808,0.782,0.804,3047355.3
2024-07-03 00:00:00+00:00,1719964800000,0.804,0.804,0.758,0.768,3650379.3
2024-07-04 00:00:00+00:00,1720051200000,0.767,0.771,0.676,0.682,4947330.3
2024-07-05 00:00:00+00:00,1720137600000,0.682,0.742,0.619,0.727,7709762.2
2024-07-06 00:00:00+00:00,1720224000000,0.728,0.755,0.717,0.745,3158394.9
2024-07-07 00:00:00+00:00,1720310400000,0.745,0.75,0.688,0.69,3332275.1
2024-07-08 00:00:00+00:00,1720396800000,0.69,0.735,0.667,0.715,3687366.5
2024-07-09 00:00:00+00:00,1720483200000,0.715,0.754,0.708,0.751,3745219.5
2024-07-10 00:00:00+00:00,1720569600000,0.752,0.767,0.739,0.746,706021.0
2024-07-11 00:00:00+00:00,1720656000000,0.746,0.776,0.74,0.749,2888050.9
2024-07-12 00:00:00+00:00,1720742400000,0.75,0.771,0.736,0.771,2975348.7
2024-07-13 00:00:00+00:00,1720828800000,0.77,0.796,0.768,0.786,1235515.9
2024-07-14 00:00:00+00:00,1720915200000,0.785,0.796,0.775,0.792,1510737.3
2024-07-15 00:00:00+00:00,1721001600000,0.792,0.823,0.79,0.822,4456484.9
2024-07-16 00:00:00+00:00,1721088000000,0.823,0.831,0.786,0.822,6561678.7
2024-07-17 00:00:00+00:00,1721174400000,0.823,0.837,0.804,0.804,5252459.5
2024-07-18 00:00:00+00:00,1721260800000,0.805,0.824,0.783,0.799,3344983.6
2024-07-19 00:00:00+00:00,1721347200000,0.8,0.83,0.786,0.809,5420943.4
2024-07-20 00:00:00+00:00,1721433600000,0.81,0.815,0.789,0.805,2827731.9
2024-07-21 00:00:00+00:00,1721520000000,0.805,0.811,0.767,0.806,1654532.6
2024-07-22 00:00:00+00:00,1721606400000,0.805,0.811,0.767,0.771,2411212.7
2024-07-23 00:00:00+00:00,1721692800000,0.772,0.788,0.743,0.76,4677688.3
2024-07-24 00:00:00+00:00,1721779200000,0.759,0.775,0.738,0.744,2989848.6
2024-07-25 00:00:00+00:00,1721865600000,0.744,0.749,0.716,0.745,3601479.3
2024-07-26 00:00:00+00:00,1721952000000,0.743,0.781,0.743,0.779,2482546.3
2024-07-27 00:00:00+00:00,1722038400000,0.779,0.789,0.764,0.777,1403726.1
2024-07-28 00:00:00+00:00,1722124800000,0.777,0.782,0.763,0.774,1892647.6
2024-07-29 00:00:00+00:00,1722211200000,0.774,0.798,0.752,0.756,3531281.4
2024-07-30 00:00:00+00:00,1722297600000,0.756,0.769,0.739,0.753,3123032.8
2024-07-31 00:00:00+00:00,1722384000000,0.752,0.758,0.73,0.732,3653257.0
2024-08-01 00:00:00+00:00,1722470400000,0.732,0.738,0.69,0.727,5758094.6
2024-08-02 00:00:00+00:00,1722556800000,0.727,0.73,0.68,0.689,5235270.9
2024-08-03 00:00:00+00:00,1722643200000,0.69,0.708,0.664,0.685,4607280.7
2024-08-04 00:00:00+00:00,1722729600000,0.685,0.695,0.637,0.662,3174577.2
2024-08-05 00:00:00+00:00,1722816000000,0.662,0.665,0.541,0.614,7024076.5
2024-08-06 00:00:00+00:00,1722902400000,0.614,0.658,0.614,0.644,7917926.5
2024-08-07 00:00:00+00:00,1722988800000,0.645,0.683,0.631,0.64,5233567.9
2024-08-08 00:00:00+00:00,1723075200000,0.639,0.708,0.631,0.705,3570511.8
2024-08-09 00:00:00+00:00,1723161600000,0.704,0.706,0.677,0.687,1904508.2
2024-08-10 00:00:00+00:00,1723248000000,0.687,0.693,0.674,0.687,3297016.3
2024-08-11 00:00:00+00:00,1723334400000,0.687,0.695,0.65,0.653,3097123.3
2024-08-12 00:00:00+00:00,1723420800000,0.653,0.687,0.651,0.677,4772026.7
2024-08-13 00:00:00+00:00,1723507200000,0.677,0.697,0.662,0.683,3473018.1
2024-08-14 00:00:00+00:00,1723593600000,0.684,0.687,0.652,0.655,3751641.8
2024-08-15 00:00:00+00:00,1723680000000,0.654,0.67,0.632,0.644,3889797.6
2024-08-16 00:00:00+00:00,1723766400000,0.644,0.657,0.63,0.649,4479633.0
2024-08-17 00:00:00+00:00,1723852800000,0.649,0.658,0.642,0.657,1510850.6
2024-08-18 00:00:00+00:00,1723939200000,0.656,0.669,0.646,0.647,1547709.6
2024-08-19 00:00:00+00:00,1724025600000,0.647,0.662,0.644,0.659,2030010.7
2024-08-20 00:00:00+00:00,1724112000000,0.659,0.678,0.65,0.665,2515614.7
2024-08-21 00:00:00+00:00,1724198400000,0.665,0.704,0.659,0.694,2025330.7
2024-08-22 00:00:00+00:00,1724284800000,0.693,0.705,0.684,0.696,1479156.1
2024-08-23 00:00:00+00:00,1724371200000,0.696,0.747,0.693,0.742,2477415.2
2024-08-24 00:00:00+00:00,1724457600000,0.742,0.756,0.732,0.75,1219413.3
2024-08-25 00:00:00+00:00,1724544000000,0.75,0.751,0.721,0.738,2233262.0
2024-08-26 00:00:00+00:00,1724630400000,0.739,0.751,0.704,0.706,3208560.3
2024-08-27 00:00:00+00:00,1724716800000,0.706,0.722,0.658,0.676,3176651.5
2024-08-28 00:00:00+00:00,1724803200000,0.675,0.69,0.648,0.67,2811620.0
2024-08-29 00:00:00+00:00,1724889600000,0.669,0.691,0.662,0.672,1997267.8
2024-08-30 00:00:00+00:00,1724976000000,0.672,0.682,0.65,0.673,1308767.7
2024-08-31 00:00:00+00:00,1725062400000,0.674,0.678,0.654,0.66,644069.8
2024-09-01 00:00:00+00:00,1725148800000,0.659,0.661,0.624,0.63,855203.6
2024-09-02 00:00:00+00:00,1725235200000,0.631,0.661,0.628,0.656,1725733.0
2024-09-03 00:00:00+00:00,1725321600000,0.656,0.665,0.622,0.624,991116.6
2024-09-04 00:00:00+00:00,1725408000000,0.624,0.652,0.598,0.64,1640745.2
2024-09-05 00:00:00+00:00,1725494400000,0.639,0.643,0.611,0.617,1623220.1
2024-09-06 00:00:00+00:00,1725580800000,0.618,0.63,0.577,0.598,2164995.0
2024-09-07 00:00:00+00:00,1725667200000,0.597,0.617,0.593,0.607,973311.5
2024-09-08 00:00:00+00:00,1725753600000,0.607,0.624,0.603,0.618,1404583.7
2024-09-09 00:00:00+00:00,1725840000000,0.619,0.648,0.616,0.643,2004148.9
2024-09-10 00:00:00+00:00,1725926400000,0.643,0.651,0.633,0.645,1529059.1
2024-09-11 00:00:00+00:00,1726012800000,0.645,0.645,0.617,0.631,1283389.7
2024-09-12 00:00:00+00:00,1726099200000,0.632,0.647,0.628,0.645,1178071.8
2024-09-13 00:00:00+00:00,1726185600000,0.645,0.661,0.642,0.657,1481029.6
2024-09-14 00:00:00+00:00,1726272000000,0.657,0.658,0.643,0.65,620193.0
2024-09-15 00:00:00+00:00,1726358400000,0.65,0.655,0.623,0.628,818363.3
2024-09-16 00:00:00+00:00,1726444800000,0.628,0.637,0.618,0.628,2288729.7
2024-09-17 00:00:00+00:00,1726531200000,0.628,0.645,0.622,0.637,2055862.3
2024-09-18 00:00:00+00:00,1726617600000,0.637,0.652,0.617,0.65,1356388.3
2024-09-19 00:00:00+00:00,1726704000000,0.65,0.685,0.65,0.679,1219014.1
2024-09-20 00:00:00+00:00,1726790400000,0.681,0.698,0.673,0.693,1989368.9
2024-09-21 00:00:00+00:00,1726876800000,0.693,0.708,0.691,0.705,1827174.4
2024-09-22 00:00:00+00:00,1726963200000,0.706,0.706,0.673,0.692,756066.1
2024-09-23 00:00:00+00:00,1727049600000,0.693,0.714,0.682,0.698,3925470.4
2024-09-24 00:00:00+00:00,1727136000000,0.698,0.717,0.684,0.711,1783907.8
2024-09-25 00:00:00+00:00,1727222400000,0.71,0.718,0.699,0.707,1920729.1
2024-09-26 00:00:00+00:00,1727308800000,0.707,0.742,0.698,0.74,1934226.8
2024-09-27 00:00:00+00:00,1727395200000,0.739,0.757,0.737,0.756,1674840.4
2024-09-28 00:00:00+00:00,1727481600000,0.755,0.764,0.731,0.742,945045.2
2024-09-29 00:00:00+00:00,1727568000000,0.741,0.758,0.728,0.746,1048982.6
2024-09-30 00:00:00+00:00,1727654400000,0.745,0.747,0.7,0.705,2067270.8
2024-10-01 00:00:00+00:00,1727740800000,0.705,0.719,0.642,0.659,2274859.9
2024-10-02 00:00:00+00:00,1727827200000,0.658,0.68,0.635,0.644,1975561.5
2024-10-03 00:00:00+00:00,1727913600000,0.643,0.651,0.621,0.638,1847580.5
2024-10-04 00:00:00+00:00,1728000000000,0.639,0.661,0.634,0.657,1157902.6
2024-10-05 00:00:00+00:00,1728086400000,0.657,0.668,0.651,0.664,539263.6
2024-10-06 00:00:00+00:00,1728172800000,0.663,0.679,0.661,0.678,699769.4
2024-10-07 00:00:00+00:00,1728259200000,0.678,0.687,0.661,0.662,1612002.3
2024-10-08 00:00:00+00:00,1728345600000,0.663,0.669,0.65,0.655,1623614.0
2024-10-09 00:00:00+00:00,1728432000000,0.655,0.663,0.635,0.65,1592924.7
2024-10-10 00:00:00+00:00,1728518400000,0.65,0.66,0.629,0.65,2534187.3
2024-10-11 00:00:00+00:00,1728604800000,0.651,0.684,0.649,0.683,1709009.0
2024-10-12 00:00:00+00:00,1728691200000,0.684,0.704,0.683,0.693,969279.2
2024-10-13 00:00:00+00:00,1728777600000,0.694,0.697,0.677,0.687,958983.4
2024-10-14 00:00:00+00:00,1728864000000,0.689,0.713,0.683,0.707,1710309.2
2024-10-15 00:00:00+00:00,1728950400000,0.708,0.715,0.68,0.701,2815657.8
2024-10-16 00:00:00+00:00,1729036800000,0.702,0.704,0.686,0.692,1697077.3
2024-10-17 00:00:00+00:00,1729123200000,0.691,0.697,0.67,0.677,2412106.0
2024-10-18 00:00:00+00:00,1729209600000,0.678,0.695,0.674,0.694,1486228.7
2024-10-19 00:00:00+00:00,1729296000000,0.694,0.703,0.686,0.694,796581.6
2024-10-20 00:00:00+00:00,1729382400000,0.694,0.712,0.685,0.711,1320510.1
2024-10-21 00:00:00+00:00,1729468800000,0.711,0.715,0.687,0.694,2477580.9
2024-10-22 00:00:00+00:00,1729555200000,0.695,0.703,0.677,0.684,2067421.1
2024-10-23 00:00:00+00:00,1729641600000,0.685,0.685,0.647,0.662,1906272.6
2024-10-24 00:00:00+00:00,1729728000000,0.662,0.676,0.66,0.669,1989999.2
2024-10-25 00:00:00+00:00,1729814400000,0.669,0.674,0.613,0.626,4456533.0
2024-10-26 00:00:00+00:00,1729900800000,0.626,0.639,0.618,0.631,3376537.2
2024-10-27 00:00:00+00:00,1729987200000,0.63,0.644,0.629,0.639,912921.7
2024-10-28 00:00:00+00:00,1730073600000,0.638,0.655,0.628,0.648,1294000.1
2024-10-29 00:00:00+00:00,1730160000000,0.648,0.68,0.648,0.678,1751167.4
2024-10-30 00:00:00+00:00,1730246400000,0.678,0.68,0.659,0.661,1487320.0
2024-10-31 00:00:00+00:00,1730332800000,0.662,0.665,0.627,0.63,1642232.7
2024-11-01 00:00:00+00:00,1730419200000,0.629,0.642,0.616,0.628,4041403.1
2024-11-02 00:00:00+00:00,1730505600000,0.628,0.636,0.615,0.623,1413445.7
2024-11-03 00:00:00+00:00,1730592000000,0.624,0.625,0.594,0.599,3261291.0
2024-11-04 00:00:00+00:00,1730678400000,0.599,0.607,0.578,0.593,2779926.5
2024-11-05 00:00:00+00:00,1730764800000,0.592,0.617,0.591,0.615,2342181.6
2024-11-06 00:00:00+00:00,1730851200000,0.615,0.659,0.614,0.652,3352588.3
2024-11-07 00:00:00+00:00,1730937600000,0.653,0.664,0.638,0.657,3265429.1
2024-11-08 00:00:00+00:00,1731024000000,0.657,0.673,0.642,0.671,3810593.3
2024-11-09 00:00:00+00:00,1731110400000,0.671,0.689,0.658,0.687,2552292.6
2024-11-10 00:00:00+00:00,1731196800000,0.688,0.744,0.682,0.719,6799687.1
2024-11-11 00:00:00+00:00,1731283200000,0.72,0.755,0.702,0.752,6127619.8
2024-11-12 00:00:00+00:00,1731369600000,0.752,0.771,0.692,0.74,9362018.4
2024-11-13 00:00:00+00:00,1731456000000,0.74,0.752,0.688,0.732,10178766.5
2024-11-14 00:00:00+00:00,1731542400000,0.733,0.756,0.695,0.71,6044012.1
2024-11-15 00:00:00+00:00,1731628800000,0.711,0.751,0.685,0.748,5296598.9
2024-11-16 00:00:00+00:00,1731715200000,0.749,0.887,0.745,0.869,10420615.6
2024-11-17 00:00:00+00:00,1731801600000,0.87,0.882,0.773,0.793,11779010.6
2024-11-18 00:00:00+00:00,1731888000000,0.794,1.4,0.782,1.177,114325860.1
2024-11-19 00:00:00+00:00,1731974400000,1.177,1.244,1.022,1.053,68478236.7
2024-11-20 00:00:00+00:00,1732060800000,1.054,1.174,0.997,1.058,37276990.2
2024-11-21 00:00:00+00:00,1732147200000,1.058,1.116,1.008,1.057,19423550.3
2024-11-22 00:00:00+00:00,1732233600000,1.057,1.152,1.028,1.127,29046790.3
2024-11-23 00:00:00+00:00,1732320000000,1.127,1.226,1.11,1.151,30176095.5
2024-11-24 00:00:00+00:00,1732406400000,1.15,1.62,1.138,1.412,82239199.0
2024-11-25 00:00:00+00:00,1732492800000,1.412,1.414,1.224,1.244,32583509.8
2024-11-26 00:00:00+00:00,1732579200000,1.244,1.289,1.134,1.2,31418682.1
2024-11-27 00:00:00+00:00,1732665600000,1.199,1.313,1.17,1.269,17155277.3
2024-11-28 00:00:00+00:00,1732752000000,1.27,1.292,1.225,1.279,10815804.3
2024-11-29 00:00:00+00:00,1732838400000,1.278,1.396,1.236,1.368,13360810.3
2024-11-30 00:00:00+00:00,1732924800000,1.369,1.865,1.308,1.671,53275880.4
2024-12-01 00:00:00+00:00,1733011200000,1.671,1.801,1.546,1.663,42386338.7
2024-12-02 00:00:00+00:00,1733097600000,1.663,1.751,1.544,1.641,37072237.8
2024-12-03 00:00:00+00:00,1733184000000,1.641,1.748,1.5,1.716,37306006.6
2024-12-04 00:00:00+00:00,1733270400000,1.717,1.855,1.5,1.721,30916653.6
2024-12-05 00:00:00+00:00,1733356800000,1.72,1.745,1.615,1.648,25494548.1
2024-12-06 00:00:00+00:00,1733443200000,1.648,1.787,1.613,1.755,19068809.2
2024-12-07 00:00:00+00:00,1733529600000,1.755,1.909,1.724,1.792,25591278.5
2024-12-08 00:00:00+00:00,1733616000000,1.793,1.846,1.721,1.754,10717263.1
2024-12-09 00:00:00+00:00,1733702400000,1.755,1.755,1.251,1.437,29627243.7
2024-12-10 00:00:00+00:00,1733788800000,1.437,1.48,1.271,1.42,28628923.1
2024-12-11 00:00:00+00:00,1733875200000,1.42,1.515,1.358,1.478,17232716.7
2024-12-12 00:00:00+00:00,1733961600000,1.478,1.554,1.451,1.478,14350819.5
2024-12-13 00:00:00+00:00,1734048000000,1.478,1.497,1.429,1.476,15063558.5
2024-12-14 00:00:00+00:00,1734134400000,1.476,1.494,1.377,1.408,10489253.3
2024-12-15 00:00:00+00:00,1734220800000,1.409,1.557,1.37,1.504,20423024.7
2024-12-16 00:00:00+00:00,1734307200000,1.505,1.539,1.399,1.458,34273138.9
2024-12-17 00:00:00+00:00,1734393600000,1.459,1.554,1.427,1.446,31196654.9
2024-12-18 00:00:00+00:00,1734480000000,1.448,1.508,1.305,1.329,29482883.1
2024-12-19 00:00:00+00:00,1734566400000,1.33,1.355,1.149,1.202,22969268.7
2024-12-20 00:00:00+00:00,1734652800000,1.204,1.278,1.081,1.248,27124555.8
2024-12-21 00:00:00+00:00,1734739200000,1.248,1.457,1.241,1.3,27546118.0
2024-12-22 00:00:00+00:00,1734825600000,1.3,1.3,1.203,1.253,12836306.6
2024-12-23 00:00:00+00:00,1734912000000,1.254,1.365,1.217,1.357,13160933.5
2024-12-24 00:00:00+00:00,1734998400000,1.356,1.462,1.322,1.431,9867335.4
2024-12-25 00:00:00+00:00,1735084800000,1.431,1.448,1.392,1.443,7570007.2
2024-12-26 00:00:00+00:00,1735171200000,1.443,1.461,1.326,1.348,11233404.3
2024-12-27 00:00:00+00:00,1735257600000,1.349,1.401,1.31,1.343,8480285.2
2024-12-28 00:00:00+00:00,1735344000000,1.343,1.47,1.318,1.43,7396092.1
2024-12-29 00:00:00+00:00,1735430400000,1.431,1.442,1.328,1.339,8266632.1
2024-12-30 00:00:00+00:00,1735516800000,1.339,1.412,1.272,1.354,14543389.1
2024-12-31 00:00:00+00:00,1735603200000,1.354,1.369,1.28,1.286,11991230.8
2025-01-01 00:00:00+00:00,1735689600000,1.286,1.387,1.263,1.367,5874930.6
2025-01-02 00:00:00+00:00,1735776000000,1.366,1.465,1.353,1.368,14022188.9
2025-01-03 00:00:00+00:00,1735862400000,1.368,1.444,1.35,1.437,5047141.0
2025-01-04 00:00:00+00:00,1735948800000,1.437,1.466,1.401,1.418,6164365.8
2025-01-05 00:00:00+00:00,1736035200000,1.418,1.453,1.4,1.448,4983240.1
2025-01-06 00:00:00+00:00,1736121600000,1.447,1.491,1.422,1.449,10863799.7
2025-01-07 00:00:00+00:00,1736208000000,1.448,1.472,1.306,1.308,7126354.0
2025-01-08 00:00:00+00:00,1736294400000,1.309,1.344,1.259,1.325,9823675.6
2025-01-09 00:00:00+00:00,1736380800000,1.325,1.579,1.237,1.274,23069625.6
2025-01-10 00:00:00+00:00,1736467200000,1.276,1.295,1.231,1.284,9348240.3
2025-01-11 00:00:00+00:00,1736553600000,1.285,1.31,1.255,1.28,6021822.9
2025-01-12 00:00:00+00:00,1736640000000,1.283,1.304,1.243,1.257,9750717.3
2025-01-13 00:00:00+00:00,1736726400000,1.257,1.288,1.162,1.236,13970490.0
2025-01-14 00:00:00+00:00,1736812800000,1.236,1.278,1.225,1.272,5753933.6
2025-01-15 00:00:00+00:00,1736899200000,1.272,1.354,1.254,1.35,6844790.0
2025-01-16 00:00:00+00:00,1736985600000,1.35,1.403,1.324,1.354,8661713.1
2025-01-17 00:00:00+00:00,1737072000000,1.355,1.427,1.355,1.418,6278919.7
2025-01-18 00:00:00+00:00,1737158400000,1.419,1.428,1.306,1.33,5077790.1
2025-01-19 00:00:00+00:00,1737244800000,1.33,1.359,1.196,1.22,8719599.0
2025-01-20 00:00:00+00:00,1737331200000,1.22,1.333,1.19,1.239,11194157.9
2025-01-21 00:00:00+00:00,1737417600000,1.24,1.249,1.182,1.223,6439283.6
2025-01-22 00:00:00+00:00,1737504000000,1.223,1.228,1.174,1.181,3487357.4
2025-01-23 00:00:00+00:00,1737590400000,1.18,1.199,1.136,1.171,4698392.9
2025-01-24 00:00:00+00:00,1737676800000,1.171,1.199,1.135,1.144,3305797.7
2025-01-25 00:00:00+00:00,1737763200000,1.144,1.175,1.13,1.154,2016459.1
2025-01-26 00:00:00+00:00,1737849600000,1.154,1.176,1.117,1.117,4251411.4
2025-01-27 00:00:00+00:00,1737936000000,1.116,1.124,1.011,1.101,9564885.3
2025-01-28 00:00:00+00:00,1738022400000,1.1,1.112,1.038,1.046,2515718.6
2025-01-29 00:00:00+00:00,1738108800000,1.046,1.092,1.028,1.061,4181570.8
2025-01-30 00:00:00+00:00,1738195200000,1.061,1.121,1.053,1.091,2556724.5
2025-01-31 00:00:00+00:00,1738281600000,1.092,1.136,1.072,1.094,2958278.7
2025-02-01 00:00:00+00:00,1738368000000,1.094,1.104,1.0,1.007,3351739.7
2025-02-02 00:00:00+00:00,1738454400000,1.006,1.026,0.845,0.888,12233231.0
2025-02-03 00:00:00+00:00,1738540800000,0.887,0.951,0.683,0.938,25925535.4
2025-02-04 00:00:00+00:00,1738627200000,0.939,0.949,0.842,0.878,10321241.3
2025-02-05 00:00:00+00:00,1738713600000,0.878,0.912,0.854,0.864,5548375.5
2025-02-06 00:00:00+00:00,1738800000000,0.864,0.884,0.821,0.832,5940747.5
2025-02-07 00:00:00+00:00,1738886400000,0.833,0.88,0.812,0.839,6636570.6
2025-02-08 00:00:00+00:00,1738972800000,0.838,0.879,0.826,0.877,3283930.3
2025-02-09 00:00:00+00:00,1739059200000,0.878,0.922,0.846,0.881,4008210.8
2025-02-10 00:00:00+00:00,1739145600000,0.88,0.901,0.852,0.892,4204324.2
2025-02-11 00:00:00+00:00,1739232000000,0.892,0.93,0.856,0.864,4721200.7
2025-02-12 00:00:00+00:00,1739318400000,0.864,0.924,0.844,0.919,3942823.4
2025-02-13 00:00:00+00:00,1739404800000,0.919,0.925,0.874,0.899,2235761.3
2025-02-14 00:00:00+00:00,1739491200000,0.9,0.929,0.888,0.914,2751755.3
2025-02-15 00:00:00+00:00,1739577600000,0.914,0.926,0.877,0.886,4110108.2
2025-02-16 00:00:00+00:00,1739664000000,0.886,0.91,0.872,0.898,4205582.3
2025-02-17 00:00:00+00:00,1739750400000,0.898,0.923,0.875,0.891,2390164.2
2025-02-18 00:00:00+00:00,1739836800000,0.891,0.896,0.825,0.854,4098484.2
2025-02-19 00:00:00+00:00,1739923200000,0.854,0.877,0.841,0.873,1995647.6
2025-02-20 00:00:00+00:00,1740009600000,0.872,0.899,0.863,0.896,2216816.9
2025-02-21 00:00:00+00:00,1740096000000,0.896,0.919,0.853,0.872,2857220.6
2025-02-22 00:00:00+00:00,1740182400000,0.872,0.899,0.869,0.894,2424580.1
2025-02-23 00:00:00+00:00,1740268800000,0.894,0.896,0.859,0.865,1478810.4
2025-02-24 00:00:00+00:00,1740355200000,0.866,0.867,0.763,0.774,4670652.5
2025-02-25 00:00:00+00:00,1740441600000,0.774,0.793,0.726,0.778,6399800.3
2025-02-26 00:00:00+00:00,1740528000000,0.778,0.79,0.742,0.761,3932466.7
2025-02-27 00:00:00+00:00,1740614400000,0.761,0.787,0.74,0.762,2622994.7
2025-02-28 00:00:00+00:00,1740700800000,0.762,0.774,0.698,0.767,5195989.1
2025-03-01 00:00:00+00:00,1740787200000,0.766,0.773,0.737,0.764,2044671.8
2025-03-02 00:00:00+00:00,1740873600000,0.764,0.862,0.751,0.859,4678743.3
2025-03-03 00:00:00+00:00,1740960000000,0.858,0.87,0.733,0.742,4933782.0
2025-03-04 00:00:00+00:00,1741046400000,0.742,0.747,0.68,0.736,6030905.6
2025-03-05 00:00:00+00:00,1741132800000,0.735,0.778,0.732,0.776,3292614.5
2025-03-06 00:00:00+00:00,1741219200000,0.775,0.799,0.758,0.766,2500034.5
2025-03-07 00:00:00+00:00,1741305600000,0.766,0.799,0.727,0.762,3267823.0
2025-03-08 00:00:00+00:00,1741392000000,0.762,0.766,0.733,0.742,1548182.6
2025-03-09 00:00:00+00:00,1741478400000,0.741,0.746,0.673,0.68,2233941.4
2025-03-10 00:00:00+00:00,1741564800000,0.68,0.727,0.638,0.639,6516413.1
2025-03-11 00:00:00+00:00,1741651200000,0.64,0.691,0.608,0.675,5760513.4
2025-03-12 00:00:00+00:00,1741737600000,0.676,0.707,0.658,0.687,3083673.1
2025-03-13 00:00:00+00:00,1741824000000,0.687,0.701,0.662,0.676,2935825.0
2025-03-14 00:00:00+00:00,1741910400000,0.677,0.715,0.674,0.709,2237080.7
2025-03-15 00:00:00+00:00,1741996800000,0.708,0.717,0.7,0.712,1132831.7
2025-03-16 00:00:00+00:00,1742083200000,0.712,0.718,0.676,0.681,1775717.9
2025-03-17 00:00:00+00:00,1742169600000,0.681,0.718,0.68,0.717,1827546.8
2025-03-18 00:00:00+00:00,1742256000000,0.716,0.718,0.679,0.709,1770966.9
2025-03-19 00:00:00+00:00,1742342400000,0.709,0.73,0.709,0.729,2835947.0
2025-03-20 00:00:00+00:00,1742428800000,0.73,0.733,0.702,0.709,1984752.0
2025-03-21 00:00:00+00:00,1742515200000,0.709,0.713,0.682,0.685,1654950.7
2025-03-22 00:00:00+00:00,1742601600000,0.686,0.711,0.679,0.692,2046207.9
2025-03-23 00:00:00+00:00,1742688000000,0.692,0.702,0.681,0.695,1225322.2
2025-03-24 00:00:00+00:00,1742774400000,0.695,0.731,0.682,0.723,1861547.1
2025-03-25 00:00:00+00:00,1742860800000,0.722,0.732,0.711,0.732,1512953.0
2025-03-26 00:00:00+00:00,1742947200000,0.732,0.749,0.712,0.722,2381581.1
2025-03-27 00:00:00+00:00,1743033600000,0.722,0.739,0.715,0.73,1276924.0
2025-03-28 00:00:00+00:00,1743120000000,0.73,0.733,0.672,0.679,1421378.3
2025-03-29 00:00:00+00:00,1743206400000,0.678,0.685,0.643,0.652,3550797.2
2025-03-30 00:00:00+00:00,1743292800000,0.652,0.664,0.642,0.654,868342.4
2025-03-31 00:00:00+00:00,1743379200000,0.655,0.665,0.632,0.653,2055064.2
2025-04-01 00:00:00+00:00,1743465600000,0.653,0.679,0.649,0.662,1048301.4
2025-04-02 00:00:00+00:00,1743552000000,0.662,0.694,0.637,0.637,3504873.0
2025-04-03 00:00:00+00:00,1743638400000,0.637,0.683,0.621,0.65,5926849.3
2025-04-04 00:00:00+00:00,1743724800000,0.65,0.661,0.63,0.655,2090024.4
2025-04-05 00:00:00+00:00,1743811200000,0.654,0.665,0.649,0.656,688711.0
2025-04-06 00:00:00+00:00,1743897600000,0.656,0.657,0.57,0.582,1972442.3
2025-04-07 00:00:00+00:00,1743984000000,0.582,0.611,0.531,0.595,10970866.8
2025-04-08 00:00:00+00:00,1744070400000,0.594,0.614,0.57,0.575,2382122.7
2025-04-09 00:00:00+00:00,1744156800000,0.576,0.621,0.552,0.605,5698528.1
2025-04-10 00:00:00+00:00,1744243200000,0.605,0.605,0.53,0.543,7853110.7
2025-04-11 00:00:00+00:00,1744329600000,0.543,0.557,0.534,0.543,6478701.6
2025-04-12 00:00:00+00:00,1744416000000,0.542,0.558,0.532,0.558,5249357.6
2025-04-13 00:00:00+00:00,1744502400000,0.557,0.56,0.494,0.504,7424906.9
2025-04-14 00:00:00+00:00,1744588800000,0.503,0.515,0.49,0.494,6680910.6
2025-04-15 00:00:00+00:00,1744675200000,0.495,0.526,0.489,0.494,7050840.3
2025-04-16 00:00:00+00:00,1744761600000,0.494,0.514,0.491,0.492,5498136.8
2025-04-17 00:00:00+00:00,1744848000000,0.492,0.506,0.486,0.498,4324281.1
2025-04-18 00:00:00+00:00,1744934400000,0.499,0.505,0.489,0.5,2094747.5
2025-04-19 00:00:00+00:00,1745020800000,0.5,0.507,0.498,0.505,2463968.0
2025-04-20 00:00:00+00:00,1745107200000,0.505,0.511,0.485,0.495,2973947.0
2025-04-21 00:00:00+00:00,1745193600000,0.495,0.518,0.493,0.501,4873163.3
2025-04-22 00:00:00+00:00,1745280000000,0.501,0.539,0.492,0.534,5519933.9
2025-04-23 00:00:00+00:00,1745366400000,0.535,0.55,0.528,0.541,5343576.1
2025-04-24 00:00:00+00:00,1745452800000,0.542,0.555,0.519,0.553,10510162.2
2025-04-25 00:00:00+00:00,1745539200000,0.552,0.567,0.546,0.566,3906359.7
2025-04-26 00:00:00+00:00,1745625600000,0.566,0.585,0.556,0.572,3253599.7
2025-04-27 00:00:00+00:00,1745712000000,0.572,0.578,0.544,0.55,3621063.2
2025-04-28 00:00:00+00:00,1745798400000,0.551,0.567,0.534,0.555,3842126.3
2025-04-29 00:00:00+00:00,1745884800000,0.554,0.575,0.547,0.555,3471752.6
2025-04-30 00:00:00+00:00,1745971200000,0.555,0.563,0.533,0.552,5692108.0
2025-05-01 00:00:00+00:00,1746057600000,0.552,0.57,0.55,0.565,3852677.6
2025-05-02 00:00:00+00:00,1746144000000,0.565,0.573,0.557,0.571,3090675.8
2025-05-03 00:00:00+00:00,1746230400000,0.571,0.576,0.544,0.557,3273132.0
2025-05-04 00:00:00+00:00,1746316800000,0.556,0.561,0.534,0.536,4020359.4
2025-05-05 00:00:00+00:00,1746403200000,0.536,0.545,0.529,0.54,2803642.9
2025-05-06 00:00:00+00:00,1746489600000,0.54,0.544,0.514,0.536,3445630.7
2025-05-07 00:00:00+00:00,1746576000000,0.536,0.547,0.528,0.541,3390802.9
2025-05-08 00:00:00+00:00,1746662400000,0.541,0.602,0.538,0.597,4472382.2
2025-05-09 00:00:00+00:00,1746748800000,0.597,0.636,0.591,0.631,3951274.6
2025-05-10 00:00:00+00:00,1746835200000,0.631,0.69,0.625,0.69,4461041.8
2025-05-11 00:00:00+00:00,1746921600000,0.69,0.697,0.651,0.667,2927605.4
2025-05-12 00:00:00+00:00,1747008000000,0.667,0.702,0.644,0.683,6258158.3
2025-05-13 00:00:00+00:00,1747094400000,0.683,0.702,0.647,0.694,3450332.0
2025-05-14 00:00:00+00:00,1747180800000,0.693,0.701,0.662,0.671,2943864.9
2025-05-15 00:00:00+00:00,1747267200000,0.671,0.679,0.624,0.639,3923213.3
2025-05-16 00:00:00+00:00,1747353600000,0.64,0.6693,0.6301,0.6354,3712021.1
2025-05-17 00:00:00+00:00,1747440000000,0.6353,0.6377,0.6043,0.6121,3088952.5
2025-05-18 00:00:00+00:00,1747526400000,0.6123,0.6447,0.5992,0.6356,2466942.0
2025-05-19 00:00:00+00:00,1747612800000,0.6364,0.6371,0.5908,0.6154,2876275.3
2025-05-20 00:00:00+00:00,1747699200000,0.6153,0.6331,0.6012,0.6244,2241212.4
2025-05-21 00:00:00+00:00,1747785600000,0.6249,0.6455,0.612,0.6352,2811301.2
2025-05-22 00:00:00+00:00,1747872000000,0.6355,0.6616,0.6344,0.6569,2443365.1
2025-05-23 00:00:00+00:00,1747958400000,0.6574,0.6745,0.6136,0.6166,3130604.5
2025-05-24 00:00:00+00:00,1748044800000,0.6165,0.6349,0.613,0.6157,1501934.0
2025-05-25 00:00:00+00:00,1748131200000,0.6152,0.6194,0.5952,0.6192,1629661.6
2025-05-26 00:00:00+00:00,1748217600000,0.6194,0.6254,0.6047,0.611,1520470.3
2025-05-27 00:00:00+00:00,1748304000000,0.6113,0.6285,0.5966,0.6215,2406258.0
2025-05-28 00:00:00+00:00,1748390400000,0.6214,0.6461,0.614,0.6444,3253605.3
2025-05-29 00:00:00+00:00,1748476800000,0.6444,0.6579,0.6126,0.6164,5072228.6
2025-05-30 00:00:00+00:00,1748563200000,0.6164,0.6213,0.5604,0.5633,4976473.9
2025-05-31 00:00:00+00:00,1748649600000,0.5632,0.575,0.5458,0.571,3231874.7
2025-06-01 00:00:00+00:00,1748736000000,0.5715,0.5756,0.5561,0.5711,1611223.3
2025-06-02 00:00:00+00:00,1748822400000,0.5715,0.5814,0.559,0.5805,2476650.2
2025-06-03 00:00:00+00:00,1748908800000,0.5805,0.5964,0.5798,0.5862,1940382.2
2025-06-04 00:00:00+00:00,1748995200000,0.5862,0.5938,0.5689,0.5757,1369701.5
2025-06-05 00:00:00+00:00,1749081600000,0.5752,0.5828,0.5333,0.5404,2941919.0
2025-06-06 00:00:00+00:00,1749168000000,0.5404,0.5654,0.5387,0.5551,1907143.0
2025-06-07 00:00:00+00:00,1749254400000,0.5553,0.5724,0.5536,0.5705,1092238.6
2025-06-08 00:00:00+00:00,1749340800000,0.5706,0.5816,0.5632,0.5718,2281567.0
2025-06-09 00:00:00+00:00,1749427200000,0.5716,0.5939,0.5569,0.5932,3269308.4
2025-06-10 00:00:00+00:00,1749513600000,0.5934,0.6252,0.5905,0.6225,4138808.2
2025-06-11 00:00:00+00:00,1749600000000,0.6223,0.6378,0.603,0.6129,5385191.5
2025-06-12 00:00:00+00:00,1749686400000,0.6128,0.616,0.587,0.5877,7043754.7
2025-06-13 00:00:00+00:00,1749772800000,0.5877,0.5878,0.5488,0.5714,4422545.5
2025-06-14 00:00:00+00:00,1749859200000,0.5714,0.574,0.5522,0.5597,1690086.8
2025-06-15 00:00:00+00:00,1749945600000,0.5597,0.5638,0.547,0.5613,1162050.7
2025-06-16 00:00:00+00:00,1750032000000,0.5614,0.5826,0.5535,0.5628,2801789.1
2025-06-17 00:00:00+00:00,1750118400000,0.5628,0.5691,0.5324,0.5395,2022150.1
2025-06-18 00:00:00+00:00,1750204800000,0.54,0.546,0.5214,0.537,2432446.9
2025-06-19 00:00:00+00:00,1750291200000,0.5371,0.5428,0.5247,0.5324,1915140.3
2025-06-20 00:00:00+00:00,1750377600000,0.5325,0.5388,0.5049,0.5168,2924613.5
2025-06-21 00:00:00+00:00,1750464000000,0.5168,0.5254,0.491,0.5055,2272705.6
2025-06-22 00:00:00+00:00,1750550400000,0.5057,0.509,0.472,0.4955,4343218.2
2025-06-23 00:00:00+00:00,1750636800000,0.4955,0.5345,0.4884,0.5327,3787964.5
2025-06-24 00:00:00+00:00,1750723200000,0.5328,0.541,0.5276,0.5363,3679133.1
2025-06-25 00:00:00+00:00,1750809600000,0.5364,0.5437,0.523,0.5277,2779918.0
2025-06-26 00:00:00+00:00,1750896000000,0.5277,0.5398,0.5166,0.5233,1852144.5
2025-06-27 00:00:00+00:00,1750982400000,0.5233,0.5369,0.5199,0.528,1925367.4
2025-06-28 00:00:00+00:00,1751068800000,0.5281,0.5365,0.5217,0.5352,876688.4
2025-06-29 00:00:00+00:00,1751155200000,0.5353,0.5504,0.5281,0.5497,1471223.7
2025-06-30 00:00:00+00:00,1751241600000,0.5499,0.5507,0.5301,0.5384,1601872.9
2025-07-01 00:00:00+00:00,1751328000000,0.5385,0.5423,0.5132,0.5163,2161973.3
2025-07-02 00:00:00+00:00,1751414400000,0.5163,0.556,0.5139,0.5504,2682268.4
2025-07-03 00:00:00+00:00,1751500800000,0.5509,0.5602,0.5477,0.5517,2003720.4
2025-07-04 00:00:00+00:00,1751587200000,0.5517,0.555,0.5245,0.5303,1871849.3
2025-07-05 00:00:00+00:00,1751673600000,0.5303,0.5339,0.5176,0.5271,1362649.9
2025-07-06 00:00:00+00:00,1751760000000,0.527,0.5369,0.5179,0.5295,1512457.5
2025-07-07 00:00:00+00:00,1751846400000,0.5296,0.5356,0.5144,0.523,1312670.6
2025-07-08 00:00:00+00:00,1751932800000,0.5229,0.5396,0.5178,0.5356,2418043.1
2025-07-09 00:00:00+00:00,1752019200000,0.5355,0.5633,0.5327,0.5602,2661580.0
2025-07-10 00:00:00+00:00,1752105600000,0.5602,0.5928,0.5558,0.5927,3374165.0
2025-07-11 00:00:00+00:00,1752192000000,0.5927,0.6208,0.5847,0.5993,5205010.9
2025-07-12 00:00:00+00:00,1752278400000,0.5992,0.65,0.591,0.6232,8526328.6
2025-07-13 00:00:00+00:00,1752364800000,0.6231,0.6529,0.6158,0.644,4114967.9
2025-07-14 00:00:00+00:00,1752451200000,0.6441,0.664,0.6275,0.6385,5333622.9
2025-07-15 00:00:00+00:00,1752537600000,0.6385,0.6545,0.6187,0.6513,3435715.5
2025-07-16 00:00:00+00:00,1752624000000,0.6513,0.6723,0.6402,0.6564,3042858.1
2025-07-17 00:00:00+00:00,1752710400000,0.6566,0.6769,0.6384,0.6704,6232345.4
2025-07-18 00:00:00+00:00,1752796800000,0.6705,0.7585,0.6642,0.6966,16676427.0
2025-07-19 00:00:00+00:00,1752883200000,0.6968,1.17,0.6833,1.0343,119452843.6
2025-07-20 00:00:00+00:00,1752969600000,1.0343,1.2294,0.9579,1.0727,140551189.8
2025-07-21 00:00:00+00:00,1753056000000,1.0727,1.0994,0.9905,0.9927,26121946.8
2025-07-22 00:00:00+00:00,1753142400000,0.9928,1.0007,0.9305,0.9675,16655864.0
2025-07-23 00:00:00+00:00,1753228800000,0.9674,1.0232,0.8659,0.879,19889284.9
2025-07-24 00:00:00+00:00,1753315200000,0.8791,1.0272,0.8427,0.8752,24367186.2
2025-07-25 00:00:00+00:00,1753401600000,0.8751,0.9504,0.8375,0.8956,12540643.9
2025-07-26 00:00:00+00:00,1753488000000,0.8955,0.9173,0.8764,0.8991,6749111.8
2025-07-27 00:00:00+00:00,1753574400000,0.8991,0.9065,0.8769,0.9027,4319409.7
2025-07-28 00:00:00+00:00,1753660800000,0.9026,0.9281,0.8551,0.8615,6443483.7
2025-07-29 00:00:00+00:00,1753747200000,0.8617,0.9195,0.8302,0.8513,12378257.2
2025-07-30 00:00:00+00:00,1753833600000,0.8515,0.8623,0.7903,0.8309,5282657.3
2025-07-31 00:00:00+00:00,1753920000000,0.831,0.8401,0.7722,0.7773,3708873.1
2025-08-01 00:00:00+00:00,1754006400000,0.7774,0.7846,0.7332,0.7548,6114469.4
2025-08-02 00:00:00+00:00,1754092800000,0.7548,0.7612,0.719,0.7388,3233461.3
2025-08-03 00:00:00+00:00,1754179200000,0.7388,0.7667,0.7245,0.7606,2444781.1
2025-08-04 00:00:00+00:00,1754265600000,0.7608,0.793,0.7541,0.7882,2439939.5
2025-08-05 00:00:00+00:00,1754352000000,0.7882,0.8298,0.7565,0.7676,8947213.9
2025-08-06 00:00:00+00:00,1754438400000,0.7676,0.792,0.7468,0.7801,2760704.0
2025-08-07 00:00:00+00:00,1754524800000,0.78,0.8097,0.774,0.8081,3365539.3
2025-08-08 00:00:00+00:00,1754611200000,0.808,0.8349,0.7951,0.823,6831286.2
2025-08-09 00:00:00+00:00,1754697600000,0.823,0.9995,0.8216,0.9061,25855220.5
2025-08-10 00:00:00+00:00,1754784000000,0.9061,0.908,0.8602,0.881,7284806.8
2025-08-11 00:00:00+00:00,1754870400000,0.881,0.8973,0.8075,0.8169,7395105.2
2025-08-12 00:00:00+00:00,1754956800000,0.8168,0.9655,0.8056,0.866,22606466.5
2025-08-13 00:00:00+00:00,1755043200000,0.8659,0.8908,0.85,0.8873,7010953.5
2025-08-14 00:00:00+00:00,1755129600000,0.8873,0.9002,0.8233,0.8344,7968079.6
2025-08-15 00:00:00+00:00,1755216000000,0.8343,0.8578,0.8053,0.8331,3266606.5
2025-08-16 00:00:00+00:00,1755302400000,0.833,0.882,0.8278,0.8484,5246332.9
2025-08-17 00:00:00+00:00,1755388800000,0.8484,0.8786,0.845,0.8571,3029635.7
2025-08-18 00:00:00+00:00,1755475200000,0.8571,0.8586,0.806,0.8194,3158642.1
2025-08-19 00:00:00+00:00,1755561600000,0.8195,0.8339,0.7804,0.7817,3907290.3
2025-08-20 00:00:00+00:00,1755648000000,0.7817,0.8237,0.7773,0.8197,2180294.1
2025-08-21 00:00:00+00:00,1755734400000,0.8196,0.8539,0.7966,0.7998,5058572.4
2025-08-22 00:00:00+00:00,1755820800000,0.7997,0.8761,0.7747,0.8679,5344792.8
2025-08-23 00:00:00+00:00,1755907200000,0.8675,0.8789,0.8477,0.8577,2443353.2
2025-08-24 00:00:00+00:00,1755993600000,0.8576,0.8675,0.8189,0.8302,3532651.1
2025-08-25 00:00:00+00:00,1756080000000,0.8302,0.8436,0.7666,0.7811,5005527.2
2025-08-26 00:00:00+00:00,1756166400000,0.7812,0.7998,0.7761,0.7936,2499374.0
2025-08-27 00:00:00+00:00,1756252800000,0.7937,0.8038,0.7823,0.7872,1955799.1
2025-08-28 00:00:00+00:00,1756339200000,0.7871,0.8038,0.7749,0.7842,2473470.4
2025-08-29 00:00:00+00:00,1756425600000,0.7842,0.7845,0.7167,0.7335,6602559.7
2025-08-30 00:00:00+00:00,1756512000000,0.7334,0.7447,0.725,0.7369,2596108.2
2025-08-31 00:00:00+00:00,1756598400000,0.737,0.749,0.7173,0.7199,2479691.4
2025-09-01 00:00:00+00:00,1756684800000,0.7196,0.743,0.6921,0.7064,4540895.3
2025-09-02 00:00:00+00:00,1756771200000,0.7069,0.7291,0.7036,0.7264,2953830.1
2025-09-03 00:00:00+00:00,1756857600000,0.7265,0.739,0.723,0.7267,1606270.6
2025-09-04 00:00:00+00:00,1756944000000,0.7268,0.7301,0.6996,0.706,1889985.2
2025-09-05 00:00:00+00:00,1757030400000,0.7059,0.7311,0.7052,0.7154,2344915.8
2025-09-06 00:00:00+00:00,1757116800000,0.7152,0.7176,0.7037,0.7073,1102152.3
2025-09-07 00:00:00+00:00,1757203200000,0.7074,0.7142,0.7049,0.7098,1684520.1
2025-09-08 00:00:00+00:00,1757289600000,0.7098,0.7302,0.7059,0.7277,2652106.8
2025-09-09 00:00:00+00:00,1757376000000,0.7276,0.7462,0.7143,0.7208,2521075.6
2025-09-10 00:00:00+00:00,1757462400000,0.7208,0.7429,0.7152,0.739,1946357.1
2025-09-11 00:00:00+00:00,1757548800000,0.739,0.7584,0.7259,0.756,2393168.0
2025-09-12 00:00:00+00:00,1757635200000,0.7559,0.8006,0.7539,0.7763,6659855.6
2025-09-13 00:00:00+00:00,1757721600000,0.7765,0.8119,0.7686,0.7971,4740678.6
2025-09-14 00:00:00+00:00,1757808000000,0.7973,0.8022,0.7541,0.7688,2293875.0
2025-09-15 00:00:00+00:00,1757894400000,0.7689,0.7775,0.7485,0.7552,3010367.5
2025-09-16 00:00:00+00:00,1757980800000,0.755,0.7959,0.7507,0.7688,4926711.5
2025-09-17 00:00:00+00:00,1758067200000,0.7688,0.7938,0.7563,0.7885,3211680.3
2025-09-18 00:00:00+00:00,1758153600000,0.7886,0.8058,0.775,0.7918,2570286.3
2025-09-19 00:00:00+00:00,1758240000000,0.7919,0.8314,0.7499,0.7553,5993934.6
2025-09-20 00:00:00+00:00,1758326400000,0.7553,0.7717,0.7496,0.7605,1038493.6
2025-09-21 00:00:00+00:00,1758412800000,0.7604,0.7628,0.7484,0.7493,858919.1
2025-09-22 00:00:00+00:00,1758499200000,0.7492,0.7522,0.6747,0.6986,4313594.2
2025-09-23 00:00:00+00:00,1758585600000,0.6985,0.7091,0.6857,0.6994,2021431.0
2025-09-24 00:00:00+00:00,1758672000000,0.6995,0.7207,0.6945,0.6978,1544704.9
2025-09-25 00:00:00+00:00,1758758400000,0.698,0.7,0.6424,0.6578,2989997.8
2025-09-26 00:00:00+00:00,1758844800000,0.6581,0.6859,0.6548,0.68,2057135.4
2025-09-27 00:00:00+00:00,1758931200000,0.68,0.68,0.6666,0.6704,973965.2
2025-09-28 00:00:00+00:00,1759017600000,0.6705,0.6756,0.6513,0.6741,1329698.8
2025-09-29 00:00:00+00:00,1759104000000,0.6743,0.6773,0.6514,0.6693,1649298.1
2025-09-30 00:00:00+00:00,1759190400000,0.6693,0.6723,0.6488,0.6683,1439678.9
